;FLAVOR:Marlin
;TIME:1174
;Filament used: 0.859719m
;Layer height: 0.28
;MINX:103.2
;MINY:102.7
;MINZ:0.28
;MAXX:131.8
;MAXY:132.3
;MAXZ:24.08
;TARGET_MACHINE.NAME:Creality Ender-3
;POSTPROCESSED
;  [FilamentChange]
;Generated with Cura_SteamEngine 5.10.1
M140 S60
M105
M190 S60
M104 S195
M105
M109 S195
; Ender 3 Custom Start G-code
G92 E0 ; Reset Extruder
G28 ; Home all axes
G1 Z2.0 F3000 ; Move Z Axis up little to prevent scratching of Heat Bed
G1 X0.1 Y20 Z0.3 F5000.0 ; Move to start position
G1 X0.1 Y200.0 Z0.3 F1500.0 E15 ; Draw the first line
G1 X0.4 Y200.0 Z0.3 F5000.0 ; Move to side a little
G1 X0.4 Y20 Z0.3 F1500.0 E30 ; Draw the second line
G92 E0 ; Reset Extruder
G1 Z2.0 F3000 ; Move Z Axis up little to prevent scratching of Heat Bed
G1 X5 Y20 Z0.3 F5000.0 ; Move over to prevent blob squish
M82 ;absolute extrusion mode
G92 E0
G92 E0
G1 F2700 E-5
;LAYER_COUNT:86
;LAYER:0
M107
G0 F6000 X104.719 Y105.723 Z0.28
;TYPE:SKIRT
G1 F2700 E0
G1 F1200 X106.28 Y104.264 E0.09949
G1 X108.303 Y103.057 E0.20918
G1 X110.021 Y102.775 E0.29025
G1 X124.847 Y102.7 E0.98062
G1 X126.75 Y103.167 E1.07186
G1 X128.777 Y104.219 E1.1782
G1 X130.236 Y105.78 E1.2777
G1 X131.443 Y107.803 E1.38739
G1 X131.725 Y109.521 E1.46846
G1 X131.8 Y125.348 E2.20543
G1 X131.333 Y127.25 E2.29663
G1 X130.281 Y129.277 E2.40297
G1 X128.72 Y130.736 E2.50246
G1 X126.697 Y131.943 E2.61216
G1 X124.979 Y132.225 E2.69322
G1 X110.153 Y132.3 E3.38359
G1 X108.25 Y131.833 E3.47483
G1 X106.223 Y130.781 E3.58117
G1 X104.764 Y129.22 E3.68067
G1 X103.557 Y127.197 E3.79036
G1 X103.275 Y125.479 E3.87143
G1 X103.2 Y109.652 E4.60841
G1 X103.667 Y107.75 E4.6996
G1 X104.719 Y105.723 E4.80594
G0 F6000 X105.042 Y105.968
G1 F1200 X106.519 Y104.588 E4.90006
G1 X108.443 Y103.44 E5.00439
G1 X110.086 Y103.17 E5.08192
G1 X124.802 Y103.1 E5.76717
G1 X126.607 Y103.543 E5.85371
G1 X128.532 Y104.542 E5.9547
G1 X129.912 Y106.019 E6.04882
G1 X131.06 Y107.943 E6.15315
G1 X131.33 Y109.586 E6.23068
G1 X131.4 Y125.303 E6.96253
G1 X130.957 Y127.107 E7.04903
G1 X129.958 Y129.032 E7.15002
G1 X128.481 Y130.412 E7.24414
G1 X126.557 Y131.56 E7.34847
G1 X124.914 Y131.83 E7.426
G1 X110.198 Y131.9 E8.11125
G1 X108.393 Y131.457 E8.19779
G1 X106.468 Y130.458 E8.29878
G1 X105.088 Y128.981 E8.3929
G1 X103.94 Y127.057 E8.49723
G1 X103.67 Y125.414 E8.57476
G1 X103.6 Y109.697 E9.30661
G1 X104.043 Y107.893 E9.39311
G1 X105.042 Y105.968 E9.4941
G0 F6000 X105.365 Y106.213
G1 F1200 X106.761 Y104.909 E9.58305
G1 X108.581 Y103.823 E9.68174
G1 X110.151 Y103.565 E9.75582
G1 X124.757 Y103.5 E10.43595
G1 X126.464 Y103.919 E10.51779
G1 X128.287 Y104.865 E10.61343
G1 X129.591 Y106.261 E10.70238
G1 X130.677 Y108.081 E10.80107
G1 X130.935 Y109.651 E10.87515
G1 X131 Y125.258 E11.60189
G1 X130.581 Y126.964 E11.68368
G1 X129.635 Y128.787 E11.77932
G1 X128.239 Y130.091 E11.86827
G1 X126.419 Y131.177 E11.96696
G1 X124.849 Y131.435 E12.04104
G1 X110.243 Y131.5 E12.72117
G1 X108.536 Y131.081 E12.80301
G1 X106.713 Y130.135 E12.89865
G1 X105.409 Y128.739 E12.9876
G1 X104.323 Y126.919 E13.08629
G1 X104.065 Y125.349 E13.16037
G1 X104 Y109.742 E13.88711
G1 X104.419 Y108.036 E13.96891
G1 X105.365 Y106.213 E14.06454
G0 F6000 X105.688 Y106.458
G1 F1200 X107.003 Y105.23 E14.14832
G1 X108.719 Y104.206 E14.24137
G1 X110.216 Y103.96 E14.31201
G1 X124.712 Y103.9 E14.98701
G1 X126.321 Y104.295 E15.06416
G1 X128.042 Y105.188 E15.15444
G1 X129.27 Y106.503 E15.23822
G1 X130.294 Y108.219 E15.33127
G1 X130.54 Y109.716 E15.40191
G1 X130.6 Y125.213 E16.12352
G1 X130.205 Y126.821 E16.20062
G1 X129.312 Y128.542 E16.29091
G1 X127.997 Y129.77 E16.37469
G1 X126.281 Y130.794 E16.46774
G1 X124.784 Y131.04 E16.53838
G1 X110.288 Y131.1 E17.21338
G1 X108.679 Y130.705 E17.29052
G1 X106.958 Y129.812 E17.38081
G1 X105.73 Y128.497 E17.46459
G1 X104.706 Y126.781 E17.55764
G1 X104.46 Y125.284 E17.62828
G1 X104.4 Y109.787 E18.34989
G1 X104.795 Y108.179 E18.42699
G1 X105.688 Y106.458 E18.51727
G0 F6000 X106.011 Y106.703
G1 F1200 X107.245 Y105.551 E18.59588
G1 X108.857 Y104.589 E18.68329
G1 X110.281 Y104.355 E18.75049
G1 X124.667 Y104.3 E19.42036
G1 X126.178 Y104.671 E19.49281
G1 X127.797 Y105.511 E19.57774
G1 X128.949 Y106.745 E19.65635
G1 X129.911 Y108.357 E19.74376
G1 X130.145 Y109.781 E19.81096
G1 X130.2 Y125.168 E20.52745
G1 X129.829 Y126.678 E20.59985
G1 X128.989 Y128.297 E20.68478
G1 X127.755 Y129.449 E20.76339
G1 X126.143 Y130.411 E20.8508
G1 X124.719 Y130.645 E20.918
G1 X110.333 Y130.7 E21.58787
G1 X108.822 Y130.329 E21.66032
G1 X107.203 Y129.489 E21.74525
G1 X106.051 Y128.255 E21.82386
G1 X105.089 Y126.643 E21.91127
G1 X104.855 Y125.219 E21.97847
G1 X104.8 Y109.832 E22.69496
G1 X105.171 Y108.322 E22.76736
G1 X106.011 Y106.703 E22.85229
G0 F6000 X106.334 Y106.948
G1 F1200 X107.487 Y105.872 E22.92572
G1 X108.995 Y104.972 E23.0075
G1 X110.346 Y104.75 E23.07125
G1 X124.621 Y104.7 E23.73596
G1 X126.036 Y105.048 E23.80381
G1 X127.552 Y105.834 E23.88332
G1 X128.628 Y106.987 E23.95676
G1 X129.528 Y108.495 E24.03853
G1 X129.75 Y109.846 E24.10229
G1 X129.8 Y125.121 E24.81356
G1 X129.452 Y126.536 E24.88141
G1 X128.666 Y128.052 E24.96092
G1 X127.513 Y129.128 E25.03436
G1 X126.005 Y130.028 E25.11613
G1 X124.654 Y130.25 E25.17989
G1 X110.379 Y130.3 E25.84459
G1 X108.964 Y129.952 E25.91244
G1 X107.448 Y129.166 E25.99196
G1 X106.372 Y128.013 E26.0654
G1 X105.472 Y126.505 E26.14717
G1 X105.25 Y125.154 E26.21092
G1 X105.2 Y109.879 E26.92219
G1 X105.548 Y108.464 E26.99004
G1 X106.334 Y106.948 E27.06956
G0 F6000 X106.657 Y107.193
G1 F1200 X107.729 Y106.193 E27.13782
G1 X109.133 Y105.355 E27.21396
G1 X110.411 Y105.145 E27.27427
G1 X124.575 Y105.1 E27.9338
G1 X125.893 Y105.424 E27.997
G1 X127.307 Y106.157 E28.07117
G1 X128.307 Y107.229 E28.13943
G1 X129.145 Y108.633 E28.21557
G1 X129.355 Y109.911 E28.27587
G1 X129.4 Y125.075 E28.98198
G1 X129.076 Y126.393 E29.04517
G1 X128.343 Y127.807 E29.11934
G1 X127.271 Y128.807 E29.1876
G1 X125.867 Y129.645 E29.26374
G1 X124.589 Y129.855 E29.32404
G1 X110.425 Y129.9 E29.98358
G1 X109.107 Y129.576 E30.04678
G1 X107.693 Y128.843 E30.12094
G1 X106.693 Y127.771 E30.18921
G1 X105.855 Y126.367 E30.26534
G1 X105.645 Y125.089 E30.32565
G1 X105.6 Y109.925 E31.03175
G1 X105.924 Y108.607 E31.09495
G1 X106.657 Y107.193 E31.16911
G0 F6000 X106.979 Y107.44
G1 F1200 X107.974 Y106.512 E31.23247
G1 X109.271 Y105.738 E31.3028
G1 X110.476 Y105.54 E31.35966
G1 X124.529 Y105.5 E32.01403
G1 X125.75 Y105.8 E32.07258
G1 X127.06 Y106.479 E32.14128
G1 X127.988 Y107.474 E32.20464
G1 X128.762 Y108.771 E32.27497
G1 X128.96 Y109.976 E32.33183
G1 X129 Y125.029 E33.03276
G1 X128.7 Y126.25 E33.09131
G1 X128.021 Y127.56 E33.16001
G1 X127.026 Y128.488 E33.22337
G1 X125.729 Y129.262 E33.2937
G1 X124.524 Y129.46 E33.35056
G1 X110.471 Y129.5 E34.00493
G1 X109.25 Y129.2 E34.06348
G1 X107.94 Y128.521 E34.13218
G1 X107.012 Y127.526 E34.19554
G1 X106.238 Y126.229 E34.26587
G1 X106.04 Y125.024 E34.32273
G1 X106 Y109.971 E35.02366
G1 X106.3 Y108.75 E35.08221
G1 X106.979 Y107.44 E35.15092
G0 F6000 X107.301 Y107.687
G1 F1200 X108.216 Y106.834 E35.20916
G1 X109.411 Y106.121 E35.27396
G1 X110.541 Y105.935 E35.32729
G1 X124.483 Y105.9 E35.97649
G1 X125.607 Y106.176 E36.03038
G1 X126.813 Y106.801 E36.09363
G1 X127.666 Y107.716 E36.15188
G1 X128.379 Y108.911 E36.21667
G1 X128.565 Y110.041 E36.27
G1 X128.6 Y124.983 E36.96576
G1 X128.324 Y126.107 E37.01966
G1 X127.699 Y127.313 E37.0829
G1 X126.784 Y128.166 E37.14115
G1 X125.589 Y128.879 E37.20595
G1 X124.459 Y129.065 E37.25928
G1 X110.517 Y129.1 E37.90848
G1 X109.393 Y128.824 E37.96237
G1 X108.187 Y128.199 E38.02562
G1 X107.334 Y127.284 E38.08387
G1 X106.621 Y126.089 E38.14866
G1 X106.435 Y124.959 E38.20199
G1 X106.4 Y110.017 E38.89775
G1 X106.676 Y108.893 E38.95164
G1 X107.301 Y107.687 E39.01489
G0 F6000 X107.623 Y107.934
G1 F1200 X108.458 Y107.156 E39.06804
G1 X109.551 Y106.504 E39.1273
G1 X110.606 Y106.33 E39.17709
G1 X124.436 Y106.3 E39.82107
G1 X125.465 Y106.553 E39.87041
G1 X126.566 Y107.123 E39.92814
G1 X127.344 Y107.958 E39.98129
G1 X127.996 Y109.051 E40.04055
G1 X128.17 Y110.106 E40.09034
G1 X128.2 Y124.936 E40.78089
G1 X127.947 Y125.965 E40.83023
G1 X127.377 Y127.066 E40.88796
G1 X126.542 Y127.844 E40.9411
G1 X125.449 Y128.496 E41.00036
G1 X124.394 Y128.67 E41.05015
G1 X110.564 Y128.7 E41.69414
G1 X109.535 Y128.447 E41.74348
G1 X108.434 Y127.877 E41.80121
G1 X107.656 Y127.042 E41.85435
G1 X107.004 Y125.949 E41.91361
G1 X106.83 Y124.894 E41.9634
G1 X106.8 Y110.064 E42.65395
G1 X107.053 Y109.035 E42.70329
G1 X107.623 Y107.934 E42.76102
G0 F6000 X107.945 Y108.181
G1 F1200 X108.7 Y107.478 E42.80906
G1 X109.691 Y106.887 E42.86278
G1 X110.671 Y106.725 E42.90904
G1 X124.39 Y106.7 E43.54785
G1 X125.322 Y106.929 E43.59254
G1 X126.319 Y107.445 E43.64481
G1 X127.022 Y108.2 E43.69285
G1 X127.613 Y109.191 E43.74658
G1 X127.775 Y110.171 E43.79283
G1 X127.8 Y124.89 E44.47821
G1 X127.571 Y125.822 E44.5229
G1 X127.055 Y126.819 E44.57517
G1 X126.3 Y127.522 E44.62321
G1 X125.309 Y128.113 E44.67694
G1 X124.329 Y128.275 E44.72319
G1 X110.61 Y128.3 E45.362
G1 X109.678 Y128.071 E45.40669
G1 X108.681 Y127.555 E45.45897
G1 X107.978 Y126.8 E45.507
G1 X107.387 Y125.809 E45.56073
G1 X107.225 Y124.829 E45.60698
G1 X107.2 Y110.11 E46.29236
G1 X107.429 Y109.178 E46.33705
G1 X107.945 Y108.181 E46.38932
G0 F6000 X108.268 Y108.426
G1 F1200 X108.939 Y107.802 E46.43199
G1 X109.831 Y107.27 E46.48035
G1 X110.736 Y107.12 E46.52307
G1 X124.344 Y107.1 E47.15672
G1 X125.179 Y107.305 E47.19675
G1 X126.074 Y107.768 E47.24367
G1 X126.698 Y108.439 E47.28634
G1 X127.23 Y109.331 E47.3347
G1 X127.38 Y110.236 E47.37742
G1 X127.4 Y124.844 E48.05763
G1 X127.195 Y125.679 E48.09766
G1 X126.732 Y126.574 E48.14458
G1 X126.061 Y127.198 E48.18725
G1 X125.169 Y127.73 E48.23561
G1 X124.264 Y127.88 E48.27833
G1 X110.656 Y127.9 E48.91197
G1 X109.821 Y127.695 E48.95201
G1 X108.926 Y127.232 E48.99893
G1 X108.302 Y126.561 E49.0416
G1 X107.77 Y125.669 E49.08996
G1 X107.62 Y124.764 E49.13267
G1 X107.6 Y110.156 E49.81288
G1 X107.805 Y109.321 E49.85292
G1 X108.268 Y108.426 E49.89984
G0 F6000 X108.591 Y108.671
G1 F1200 X109.178 Y108.126 E49.93714
G1 X109.971 Y107.653 E49.98013
G1 X110.802 Y107.515 E50.01936
G1 X124.298 Y107.5 E50.64779
G1 X125.036 Y107.681 E50.68317
G1 X125.829 Y108.091 E50.72474
G1 X126.374 Y108.678 E50.76204
G1 X126.847 Y109.471 E50.80503
G1 X126.985 Y110.302 E50.84426
G1 X127 Y124.798 E51.51925
G1 X126.819 Y125.536 E51.55464
G1 X126.409 Y126.329 E51.59621
G1 X125.822 Y126.874 E51.6335
G1 X125.029 Y127.347 E51.6765
G1 X124.198 Y127.485 E51.71572
G1 X110.702 Y127.5 E52.34415
G1 X109.964 Y127.319 E52.37954
G1 X109.171 Y126.909 E52.42111
G1 X108.626 Y126.322 E52.4584
G1 X108.153 Y125.529 E52.5014
G1 X108.015 Y124.698 E52.54062
G1 X108 Y110.202 E53.21562
G1 X108.181 Y109.464 E53.251
G1 X108.591 Y108.671 E53.29257
G0 F6000 X108.914 Y108.916
G1 F1200 X109.417 Y108.45 E53.3245
G1 X110.111 Y108.036 E53.36213
G1 X110.868 Y107.91 E53.39786
G1 X124.248 Y107.9 E54.02089
G1 X124.897 Y108.059 E54.052
G1 X125.584 Y108.414 E54.08801
G1 X126.05 Y108.917 E54.11994
G1 X126.464 Y109.611 E54.15757
G1 X126.59 Y110.368 E54.1933
G1 X126.6 Y124.748 E54.8629
G1 X126.441 Y125.397 E54.89401
G1 X126.086 Y126.084 E54.93002
G1 X125.583 Y126.55 E54.96195
G1 X124.889 Y126.964 E54.99958
G1 X124.132 Y127.09 E55.03531
G1 X110.752 Y127.1 E55.65834
G1 X110.103 Y126.941 E55.68945
G1 X109.416 Y126.586 E55.72546
G1 X108.95 Y126.083 E55.75739
G1 X108.536 Y125.389 E55.79502
G1 X108.41 Y124.632 E55.83075
G1 X108.4 Y110.252 E56.50034
G1 X108.559 Y109.603 E56.53146
G1 X108.914 Y108.916 E56.56747
G0 F6000 X109.237 Y109.162
G1 F1200 X109.656 Y108.774 E56.59406
G1 X110.251 Y108.419 E56.62632
G1 X110.934 Y108.305 E56.65856
G1 X124.198 Y108.3 E57.27619
G1 X124.758 Y108.437 E57.30304
G1 X125.338 Y108.737 E57.33344
G1 X125.726 Y109.156 E57.36003
G1 X126.081 Y109.751 E57.39229
G1 X126.195 Y110.434 E57.42454
G1 X126.2 Y124.698 E58.08873
G1 X126.063 Y125.258 E58.11557
G1 X125.763 Y125.838 E58.14598
G1 X125.344 Y126.226 E58.17257
G1 X124.749 Y126.581 E58.20483
G1 X124.066 Y126.695 E58.23708
G1 X110.802 Y126.7 E58.8547
G1 X110.242 Y126.563 E58.88155
G1 X109.662 Y126.263 E58.91196
G1 X109.274 Y125.844 E58.93855
G1 X108.919 Y125.249 E58.97081
G1 X108.805 Y124.566 E59.00305
G1 X108.8 Y110.302 E59.66724
G1 X108.937 Y109.742 E59.69409
G1 X109.237 Y109.162 E59.72449
G0 F6000 X109.56 Y109.408
G1 F1200 X109.898 Y109.095 E59.74594
G1 X110.389 Y108.802 E59.77257
G1 X111 Y108.7 E59.80141
G1 X124.148 Y108.7 E60.41364
G1 X124.619 Y108.815 E60.43622
G1 X125.092 Y109.06 E60.46102
G1 X125.405 Y109.398 E60.48247
G1 X125.698 Y109.889 E60.50909
G1 X125.8 Y110.5 E60.53794
G1 X125.8 Y124.648 E61.19673
G1 X125.685 Y125.119 E61.21931
G1 X125.44 Y125.592 E61.24411
G1 X125.102 Y125.905 E61.26556
G1 X124.611 Y126.198 E61.29218
G1 X124 Y126.3 E61.32103
G1 X110.852 Y126.3 E61.93325
G1 X110.381 Y126.185 E61.95583
G1 X109.908 Y125.94 E61.98063
G1 X109.595 Y125.602 E62.00209
G1 X109.302 Y125.111 E62.02871
G1 X109.2 Y124.5 E62.05755
G1 X109.2 Y110.352 E62.71634
G1 X109.315 Y109.881 E62.73892
G1 X109.56 Y109.408 E62.76372
G0 F6000 X109.883 Y109.654
G1 F1200 X110.14 Y109.416 E62.78003
G1 X110.527 Y109.185 E62.80102
G1 X111 Y109.1 E62.8234
G1 X124.098 Y109.1 E63.4333
G1 X124.48 Y109.193 E63.4516
G1 X124.846 Y109.383 E63.47081
G1 X125.084 Y109.64 E63.48712
G1 X125.315 Y110.027 E63.5081
G1 X125.4 Y110.5 E63.53048
G1 X125.4 Y124.598 E64.18694
G1 X125.307 Y124.98 E64.20525
G1 X125.117 Y125.346 E64.22445
G1 X124.86 Y125.584 E64.24076
G1 X124.473 Y125.815 E64.26175
G1 X124 Y125.9 E64.28413
G1 X110.902 Y125.9 E64.89402
G1 X110.52 Y125.807 E64.91233
G1 X110.154 Y125.617 E64.93153
G1 X109.916 Y125.36 E64.94784
G1 X109.685 Y124.973 E64.96883
G1 X109.6 Y124.5 E64.99121
G1 X109.6 Y110.402 E65.64767
G1 X109.693 Y110.02 E65.66598
G1 X109.883 Y109.654 E65.68518
G0 F6000 X110.207 Y109.899
G1 F1200 X110.345 Y109.76 E65.6943
G1 X110.672 Y109.565 E65.71203
G1 X111 Y109.5 E65.7276
G1 X124.049 Y109.5 E66.33521
G1 X124.338 Y109.57 E66.34906
G1 X124.601 Y109.707 E66.36287
G1 X124.74 Y109.845 E66.37199
G1 X124.935 Y110.172 E66.38972
G1 X125 Y110.5 E66.40529
G1 X125 Y124.549 E67.05947
G1 X124.93 Y124.838 E67.07331
G1 X124.793 Y125.101 E67.08712
G1 X124.655 Y125.24 E67.09624
G1 X124.328 Y125.435 E67.11397
G1 X124 Y125.5 E67.12954
G1 X110.951 Y125.5 E67.73716
G1 X110.662 Y125.43 E67.751
G1 X110.399 Y125.293 E67.76481
G1 X110.26 Y125.155 E67.77393
G1 X110.065 Y124.828 E67.79166
G1 X110 Y124.5 E67.80723
G1 X110 Y110.451 E68.46141
G1 X110.07 Y110.162 E68.47526
G1 X110.207 Y109.899 E68.48906
G0 F6000 X110.839 Y110.381
G1 F1200 X111 Y110.3 E68.49746
G1 X124 Y110.3 E69.10279
G1 X124.119 Y110.339 E69.10862
G1 X124.2 Y110.5 E69.11701
G1 X124.2 Y124.5 E69.76891
G1 X124.161 Y124.619 E69.77474
G1 X124 Y124.7 E69.78314
G1 X111 Y124.7 E70.38847
G1 X110.881 Y124.661 E70.3943
G1 X110.8 Y124.5 E70.40269
G1 X110.8 Y110.5 E71.05459
G1 X110.839 Y110.381 E71.06042
G0 F6000 X110.459 Y110.256
G1 F1200 X110.55 Y110.104 E71.06867
G1 X110.82 Y109.943 E71.08331
G1 X111 Y109.9 E71.09193
G1 X124 Y109.9 E71.69726
G1 X124.244 Y109.959 E71.70895
G1 X124.396 Y110.05 E71.7172
G1 X124.557 Y110.32 E71.73184
G1 X124.6 Y110.5 E71.74046
G1 X124.6 Y124.5 E72.39235
G1 X124.541 Y124.744 E72.40404
G1 X124.45 Y124.896 E72.41229
G1 X124.18 Y125.057 E72.42693
G1 X124 Y125.1 E72.43555
G1 X111 Y125.1 E73.04088
G1 X110.756 Y125.041 E73.05257
G1 X110.604 Y124.95 E73.06082
G1 X110.443 Y124.68 E73.07546
G1 X110.4 Y124.5 E73.08408
G1 X110.4 Y110.5 E73.73597
G1 X110.459 Y110.256 E73.74766
G1 F2700 E68.74766
;MESH:megav4.5-pillar2.stl
G0 F6000 X111.424 Y110.924
G0 X117.5 Y123.9
;TYPE:WALL-INNER
G1 F2700 E73.74766
G1 F1200 X123.4 Y123.9 E74.02239
G1 X123.4 Y111.1 E74.61841
G1 X111.6 Y111.1 E75.16787
G1 X111.6 Y123.9 E75.76389
G1 X117.5 Y123.9 E76.03862
G0 F6000 X117.5 Y124.3
;TYPE:WALL-OUTER
G1 F1200 X123.8 Y124.3 E76.33198
G1 X123.8 Y110.7 E76.96525
G1 X111.2 Y110.7 E77.55196
G1 X111.2 Y124.3 E78.18523
G1 X117.5 Y124.3 E78.47859
G0 F6000 X117.5 Y123.54
;TYPE:SKIN
G1 F1200 X111.96 Y123.54 E78.73655
G1 X111.96 Y111.46 E79.29905
G1 X123.04 Y111.46 E79.81498
G1 X123.04 Y123.54 E80.37747
G1 X117.5 Y123.54 E80.63544
G0 F6000 X117.5 Y123.8
G0 X111.772 Y123.728
G0 X111.7 Y122.909
G0 X112.161 Y122.909
G1 F1200 X112.592 Y123.34 E80.66382
G0 F6000 X113.158 Y123.34
G1 F1200 X112.161 Y122.343 E80.72948
G0 F6000 X112.161 Y121.777
G1 F1200 X113.723 Y123.34 E80.83237
G0 F6000 X114.289 Y123.34
G1 F1200 X112.161 Y121.212 E80.9725
G0 F6000 X112.161 Y120.646
G1 F1200 X114.855 Y123.34 E81.14991
G0 F6000 X115.42 Y123.34
G1 F1200 X112.161 Y120.08 E81.36455
G0 F6000 X112.161 Y119.514
G1 F1200 X115.986 Y123.34 E81.61646
G0 F6000 X116.552 Y123.34
G1 F1200 X112.161 Y118.949 E81.90562
G0 F6000 X112.161 Y118.383
G1 F1200 X117.117 Y123.34 E82.23201
G0 F6000 X117.683 Y123.34
G1 F1200 X112.161 Y117.817 E82.59568
G0 F6000 X112.161 Y117.252
G1 F1200 X118.249 Y123.34 E82.99658
G0 F6000 X118.814 Y123.34
G1 F1200 X112.161 Y116.686 E83.43473
G0 F6000 X112.161 Y116.12
G1 F1200 X119.38 Y123.34 E83.91015
G0 F6000 X119.946 Y123.34
G1 F1200 X112.161 Y115.555 E84.4228
G0 F6000 X112.161 Y114.989
G1 F1200 X120.512 Y123.34 E84.97273
G0 F6000 X121.077 Y123.34
G1 F1200 X112.161 Y114.423 E85.5599
G0 F6000 X112.161 Y113.858
G1 F1200 X121.643 Y123.34 E86.1843
G0 F6000 X122.209 Y123.34
G1 F1200 X112.161 Y113.292 E86.84598
G0 F6000 X112.161 Y112.726
G1 F1200 X122.774 Y123.34 E87.5449
G0 F6000 X122.84 Y122.84
G1 F1200 X112.161 Y112.161 E88.24813
G0 F6000 X112.226 Y111.661
G1 F1200 X122.84 Y122.274 E88.94704
G0 F6000 X122.84 Y121.709
G1 F1200 X112.792 Y111.661 E89.60872
G0 F6000 X113.358 Y111.661
G1 F1200 X122.84 Y121.143 E90.23313
G0 F6000 X122.84 Y120.577
G1 F1200 X113.923 Y111.661 E90.82029
G0 F6000 X114.489 Y111.661
G1 F1200 X122.84 Y120.012 E91.37022
G0 F6000 X122.84 Y119.446
G1 F1200 X115.055 Y111.661 E91.88288
G0 F6000 X115.62 Y111.661
G1 F1200 X122.84 Y118.88 E92.35829
G0 F6000 X122.84 Y118.315
G1 F1200 X116.186 Y111.661 E92.79647
G0 F6000 X116.752 Y111.661
G1 F1200 X122.84 Y117.749 E93.19738
G0 F6000 X122.84 Y117.183
G1 F1200 X117.318 Y111.661 E93.56101
G0 F6000 X117.883 Y111.661
G1 F1200 X122.84 Y116.617 E93.8874
G0 F6000 X122.84 Y116.052
G1 F1200 X118.449 Y111.661 E94.17656
G0 F6000 X119.015 Y111.661
G1 F1200 X122.84 Y115.486 E94.42844
G0 F6000 X122.84 Y114.92
G1 F1200 X119.58 Y111.661 E94.64308
G0 F6000 X120.146 Y111.661
G1 F1200 X122.84 Y114.355 E94.82049
G0 F6000 X122.84 Y113.789
G1 F1200 X120.712 Y111.661 E94.96062
G0 F6000 X121.277 Y111.661
G1 F1200 X122.84 Y113.223 E95.06352
G0 F6000 X122.84 Y112.658
G1 F1200 X121.843 Y111.661 E95.12917
G0 F6000 X122.409 Y111.661
G1 F1200 X122.84 Y112.092 E95.15755
;MESH:NONMESH
G0 F300 X122.84 Y112.092 Z0.56
G0 F6000 X123.3 Y112.092
G0 X123.228 Y123.728
G0 X117.5 Y123.9
;TIME_ELAPSED:112.500436
;LAYER:1
M106 S85
;TYPE:WALL-INNER
;MESH:megav4.5-pillar2.stl
G1 F1200 X123.4 Y123.9 E95.43228
G1 X123.4 Y111.1 E96.0283
G1 X111.6 Y111.1 E96.57776
G1 X111.6 Y123.9 E97.17378
G1 X117.5 Y123.9 E97.44851
G0 F7500 X117.5 Y124.3
;TYPE:WALL-OUTER
G1 F1200 X123.8 Y124.3 E97.74186
G1 X123.8 Y110.7 E98.37514
G1 X111.2 Y110.7 E98.96185
G1 X111.2 Y124.3 E99.59512
G1 X117.5 Y124.3 E99.88847
G0 F7500 X117.5 Y123.54
;TYPE:SKIN
G1 F1200 X111.96 Y123.54 E100.14644
G1 X111.96 Y111.46 E100.70893
G1 X123.04 Y111.46 E101.22487
G1 X123.04 Y123.54 E101.78736
G1 X117.5 Y123.54 E102.04533
G0 F7500 X117.5 Y123.8
G0 X122.733 Y123.8
G0 X122.733 Y123.341
G1 F1200 X122.84 Y123.233 E102.05241
G0 F7500 X122.84 Y122.667
G1 F1200 X122.167 Y123.341 E102.09676
G0 F7500 X121.601 Y123.341
G1 F1200 X122.84 Y122.102 E102.17835
G0 F7500 X122.84 Y121.536
G1 F1200 X121.035 Y123.341 E102.29721
G0 F7500 X120.47 Y123.341
G1 F1200 X122.84 Y120.97 E102.45331
G0 F7500 X122.84 Y120.405
G1 F1200 X119.904 Y123.341 E102.64665
G0 F7500 X119.338 Y123.341
G1 F1200 X122.84 Y119.839 E102.87726
G0 F7500 X122.84 Y119.273
G1 F1200 X118.773 Y123.341 E103.14512
G0 F7500 X118.207 Y123.341
G1 F1200 X122.84 Y118.708 E103.45021
G0 F7500 X122.84 Y118.142
G1 F1200 X117.641 Y123.341 E103.79257
G0 F7500 X117.076 Y123.341
G1 F1200 X122.84 Y117.576 E104.17217
G0 F7500 X122.84 Y117.011
G1 F1200 X116.51 Y123.341 E104.58901
G0 F7500 X115.944 Y123.341
G1 F1200 X122.84 Y116.445 E105.04313
G0 F7500 X122.84 Y115.879
G1 F1200 X115.379 Y123.341 E105.53448
G0 F7500 X114.813 Y123.341
G1 F1200 X122.84 Y115.314 E106.06307
G0 F7500 X122.84 Y114.748
G1 F1200 X114.247 Y123.341 E106.62893
G0 F7500 X113.682 Y123.341
G1 F1200 X122.84 Y114.182 E107.23204
G0 F7500 X122.84 Y113.617
G1 F1200 X113.116 Y123.341 E107.87238
G0 F7500 X112.55 Y123.341
G1 F1200 X122.84 Y113.051 E108.54999
G0 F7500 X122.84 Y112.485
G1 F1200 X112.161 Y123.165 E109.25326
G0 F7500 X112.161 Y122.599
G1 F1200 X122.84 Y111.919 E109.95652
G0 F7500 X122.534 Y111.66
G1 F1200 X112.161 Y122.033 E110.6396
G0 F7500 X112.161 Y121.468
G1 F1200 X121.968 Y111.66 E111.28544
G0 F7500 X121.402 Y111.66
G1 F1200 X112.161 Y120.902 E111.89401
G0 F7500 X112.161 Y120.336
G1 F1200 X120.837 Y111.66 E112.46534
G0 F7500 X120.271 Y111.66
G1 F1200 X112.161 Y119.77 E112.9994
G0 F7500 X112.161 Y119.205
G1 F1200 X119.705 Y111.66 E113.49621
G0 F7500 X119.14 Y111.66
G1 F1200 X112.161 Y118.639 E113.95579
G0 F7500 X112.161 Y118.073
G1 F1200 X118.574 Y111.66 E114.3781
G0 F7500 X118.008 Y111.66
G1 F1200 X112.161 Y117.508 E114.76317
G0 F7500 X112.161 Y116.942
G1 F1200 X117.443 Y111.66 E115.111
G0 F7500 X116.877 Y111.66
G1 F1200 X112.161 Y116.376 E115.42155
G0 F7500 X112.161 Y115.811
G1 F1200 X116.311 Y111.66 E115.69487
G0 F7500 X115.746 Y111.66
G1 F1200 X112.161 Y115.245 E115.93095
G0 F7500 X112.161 Y114.679
G1 F1200 X115.18 Y111.66 E116.12976
G0 F7500 X114.614 Y111.66
G1 F1200 X112.161 Y114.114 E116.29132
G0 F7500 X112.161 Y113.548
G1 F1200 X114.049 Y111.66 E116.41565
G0 F7500 X113.483 Y111.66
G1 F1200 X112.161 Y112.982 E116.50271
G0 F7500 X112.161 Y112.417
G1 F1200 X112.917 Y111.66 E116.55252
G0 F7500 X112.351 Y111.66
G1 F1200 X112.161 Y111.851 E116.56507
;MESH:NONMESH
G0 F300 X112.161 Y111.851 Z0.84
G0 F7500 X111.7 Y111.851
G0 X111.772 Y123.728
G0 X117.5 Y123.9
;TIME_ELAPSED:139.510871
;LAYER:2
M106 S170
;TYPE:WALL-INNER
;MESH:megav4.5-pillar2.stl
G1 F1200 X123.4 Y123.9 E116.8398
G1 X123.4 Y111.1 E117.43582
G1 X111.6 Y111.1 E117.98528
G1 X111.6 Y123.9 E118.5813
G1 X117.5 Y123.9 E118.85603
G0 F9000 X117.5 Y124.3
;TYPE:WALL-OUTER
G1 F1200 X123.8 Y124.3 E119.14938
G1 X123.8 Y110.7 E119.78265
G1 X111.2 Y110.7 E120.36936
G1 X111.2 Y124.3 E121.00264
G1 X117.5 Y124.3 E121.29599
G0 F9000 X117.5 Y123.54
;TYPE:SKIN
G1 F1200 X111.96 Y123.54 E121.55396
G1 X111.96 Y111.46 E122.11645
G1 X123.04 Y111.46 E122.63238
G1 X123.04 Y123.54 E123.19488
G1 X117.5 Y123.54 E123.45284
G0 F9000 X117.5 Y123.8
G0 X111.772 Y123.728
G0 X111.7 Y122.909
G0 X112.161 Y122.909
G1 F1200 X112.592 Y123.34 E123.48123
G0 F9000 X113.158 Y123.34
G1 F1200 X112.161 Y122.343 E123.54688
G0 F9000 X112.161 Y121.777
G1 F1200 X113.723 Y123.34 E123.64977
G0 F9000 X114.289 Y123.34
G1 F1200 X112.161 Y121.212 E123.7899
G0 F9000 X112.161 Y120.646
G1 F1200 X114.855 Y123.34 E123.96731
G0 F9000 X115.42 Y123.34
G1 F1200 X112.161 Y120.08 E124.18195
G0 F9000 X112.161 Y119.514
G1 F1200 X115.986 Y123.34 E124.43387
G0 F9000 X116.552 Y123.34
G1 F1200 X112.161 Y118.949 E124.72302
G0 F9000 X112.161 Y118.383
G1 F1200 X117.117 Y123.34 E125.04942
G0 F9000 X117.683 Y123.34
G1 F1200 X112.161 Y117.817 E125.41308
G0 F9000 X112.161 Y117.252
G1 F1200 X118.249 Y123.34 E125.81399
G0 F9000 X118.814 Y123.34
G1 F1200 X112.161 Y116.686 E126.25213
G0 F9000 X112.161 Y116.12
G1 F1200 X119.38 Y123.34 E126.72755
G0 F9000 X119.946 Y123.34
G1 F1200 X112.161 Y115.555 E127.24021
G0 F9000 X112.161 Y114.989
G1 F1200 X120.512 Y123.34 E127.79013
G0 F9000 X121.077 Y123.34
G1 F1200 X112.161 Y114.423 E128.3773
G0 F9000 X112.161 Y113.858
G1 F1200 X121.643 Y123.34 E129.00171
G0 F9000 X122.209 Y123.34
G1 F1200 X112.161 Y113.292 E129.66338
G0 F9000 X112.161 Y112.726
G1 F1200 X122.774 Y123.34 E130.3623
G0 F9000 X122.84 Y122.84
G1 F1200 X112.161 Y112.161 E131.06553
G0 F9000 X112.226 Y111.661
G1 F1200 X122.84 Y122.274 E131.76445
G0 F9000 X122.84 Y121.709
G1 F1200 X112.792 Y111.661 E132.42613
G0 F9000 X113.358 Y111.661
G1 F1200 X122.84 Y121.143 E133.05053
G0 F9000 X122.84 Y120.577
G1 F1200 X113.923 Y111.661 E133.6377
G0 F9000 X114.489 Y111.661
G1 F1200 X122.84 Y120.012 E134.18763
G0 F9000 X122.84 Y119.446
G1 F1200 X115.055 Y111.661 E134.70028
G0 F9000 X115.62 Y111.661
G1 F1200 X122.84 Y118.88 E135.1757
G0 F9000 X122.84 Y118.315
G1 F1200 X116.186 Y111.661 E135.61388
G0 F9000 X116.752 Y111.661
G1 F1200 X122.84 Y117.749 E136.01478
G0 F9000 X122.84 Y117.183
G1 F1200 X117.318 Y111.661 E136.37841
G0 F9000 X117.883 Y111.661
G1 F1200 X122.84 Y116.617 E136.70481
G0 F9000 X122.84 Y116.052
G1 F1200 X118.449 Y111.661 E136.99396
G0 F9000 X119.015 Y111.661
G1 F1200 X122.84 Y115.486 E137.24585
G0 F9000 X122.84 Y114.92
G1 F1200 X119.58 Y111.661 E137.46049
G0 F9000 X120.146 Y111.661
G1 F1200 X122.84 Y114.355 E137.63789
G0 F9000 X122.84 Y113.789
G1 F1200 X120.712 Y111.661 E137.77803
G0 F9000 X121.277 Y111.661
G1 F1200 X122.84 Y113.223 E137.88092
G0 F9000 X122.84 Y112.658
G1 F1200 X121.843 Y111.661 E137.94657
G0 F9000 X122.409 Y111.661
G1 F1200 X122.84 Y112.092 E137.97496
;MESH:NONMESH
G0 F300 X122.84 Y112.092 Z1.12
G0 F9000 X123.3 Y112.092
G0 X123.228 Y123.728
G0 X117.5 Y123.9
;TIME_ELAPSED:166.571595
;LAYER:3
M106 S255
;TYPE:WALL-INNER
;MESH:megav4.5-pillar2.stl
G1 F1200 X123.4 Y123.9 E138.24968
G1 X123.4 Y111.1 E138.84571
G1 X111.6 Y111.1 E139.39516
G1 X111.6 Y123.9 E139.99118
G1 X117.5 Y123.9 E140.26591
G0 F9000 X117.5 Y124.3
;TYPE:WALL-OUTER
G1 F1200 X123.8 Y124.3 E140.55927
G1 X123.8 Y110.7 E141.19254
G1 X111.2 Y110.7 E141.77925
G1 X111.2 Y124.3 E142.41252
G1 X117.5 Y124.3 E142.70588
G0 F9000 X117.5 Y123.54
;TYPE:SKIN
G1 F1200 X111.96 Y123.54 E142.96384
G1 X111.96 Y111.46 E143.52634
G1 X123.04 Y111.46 E144.04227
G1 X123.04 Y123.54 E144.60476
G1 X117.5 Y123.54 E144.86273
G0 F9000 X117.5 Y123.8
G0 X122.733 Y123.8
G0 X122.733 Y123.341
G1 F1200 X122.84 Y123.233 E144.86981
G0 F9000 X122.84 Y122.667
G1 F1200 X122.167 Y123.341 E144.91416
G0 F9000 X121.601 Y123.341
G1 F1200 X122.84 Y122.102 E144.99575
G0 F9000 X122.84 Y121.536
G1 F1200 X121.035 Y123.341 E145.11461
G0 F9000 X120.47 Y123.341
G1 F1200 X122.84 Y120.97 E145.27071
G0 F9000 X122.84 Y120.405
G1 F1200 X119.904 Y123.341 E145.46406
G0 F9000 X119.338 Y123.341
G1 F1200 X122.84 Y119.839 E145.69467
G0 F9000 X122.84 Y119.273
G1 F1200 X118.773 Y123.341 E145.96252
G0 F9000 X118.207 Y123.341
G1 F1200 X122.84 Y118.708 E146.26761
G0 F9000 X122.84 Y118.142
G1 F1200 X117.641 Y123.341 E146.60997
G0 F9000 X117.076 Y123.341
G1 F1200 X122.84 Y117.576 E146.98958
G0 F9000 X122.84 Y117.011
G1 F1200 X116.51 Y123.341 E147.40642
G0 F9000 X115.944 Y123.341
G1 F1200 X122.84 Y116.445 E147.86053
G0 F9000 X122.84 Y115.879
G1 F1200 X115.379 Y123.341 E148.35188
G0 F9000 X114.813 Y123.341
G1 F1200 X122.84 Y115.314 E148.88047
G0 F9000 X122.84 Y114.748
G1 F1200 X114.247 Y123.341 E149.44634
G0 F9000 X113.682 Y123.341
G1 F1200 X122.84 Y114.182 E150.04944
G0 F9000 X122.84 Y113.617
G1 F1200 X113.116 Y123.341 E150.68978
G0 F9000 X112.55 Y123.341
G1 F1200 X122.84 Y113.051 E151.3674
G0 F9000 X122.84 Y112.485
G1 F1200 X112.161 Y123.165 E152.07066
G0 F9000 X112.161 Y122.599
G1 F1200 X122.84 Y111.919 E152.77392
G0 F9000 X122.534 Y111.66
G1 F1200 X112.161 Y122.033 E153.457
G0 F9000 X112.161 Y121.468
G1 F1200 X121.968 Y111.66 E154.10284
G0 F9000 X121.402 Y111.66
G1 F1200 X112.161 Y120.902 E154.71141
G0 F9000 X112.161 Y120.336
G1 F1200 X120.837 Y111.66 E155.28274
G0 F9000 X120.271 Y111.66
G1 F1200 X112.161 Y119.77 E155.8168
G0 F9000 X112.161 Y119.205
G1 F1200 X119.705 Y111.66 E156.31362
G0 F9000 X119.14 Y111.66
G1 F1200 X112.161 Y118.639 E156.7732
G0 F9000 X112.161 Y118.073
G1 F1200 X118.574 Y111.66 E157.1955
G0 F9000 X118.008 Y111.66
G1 F1200 X112.161 Y117.508 E157.58057
G0 F9000 X112.161 Y116.942
G1 F1200 X117.443 Y111.66 E157.9284
G0 F9000 X116.877 Y111.66
G1 F1200 X112.161 Y116.376 E158.23896
G0 F9000 X112.161 Y115.811
G1 F1200 X116.311 Y111.66 E158.51227
G0 F9000 X115.746 Y111.66
G1 F1200 X112.161 Y115.245 E158.74835
G0 F9000 X112.161 Y114.679
G1 F1200 X115.18 Y111.66 E158.94716
G0 F9000 X114.614 Y111.66
G1 F1200 X112.161 Y114.114 E159.10873
G0 F9000 X112.161 Y113.548
G1 F1200 X114.049 Y111.66 E159.23305
G0 F9000 X113.483 Y111.66
G1 F1200 X112.161 Y112.982 E159.32011
G0 F9000 X112.161 Y112.417
G1 F1200 X112.917 Y111.66 E159.36993
G0 F9000 X112.351 Y111.66
G1 F1200 X112.161 Y111.851 E159.38247
;MESH:NONMESH
G0 F300 X112.161 Y111.851 Z1.4
G0 F9000 X111.7 Y111.851
G0 X111.772 Y123.728
G0 X117.5 Y123.9
;TIME_ELAPSED:193.623360
;LAYER:4
;note -- min layer time used
;TYPE:WALL-INNER
;MESH:megav4.5-pillar2.stl
G1 F1073.2 X123.4 Y123.9 E159.6572
G1 X123.4 Y111.1 E160.25322
G1 X111.6 Y111.1 E160.80268
G1 X111.6 Y123.9 E161.3987
G1 X117.5 Y123.9 E161.67343
G0 F9000 X117.5 Y124.3
;TYPE:WALL-OUTER
G1 F1073.2 X123.8 Y124.3 E161.96678
G1 X123.8 Y110.7 E162.60006
G1 X111.2 Y110.7 E163.18677
G1 X111.2 Y124.3 E163.82004
G1 X117.5 Y124.3 E164.11339
G0 F9000 X116.733 Y123.82
;TYPE:FILL
G1 F1073.2 X111.68 Y118.767 E164.44614
G0 F9000 X111.91 Y118.767
G0 X111.91 Y120.083
G0 X111.681 Y120.083
G1 F1073.2 X123.32 Y116.964 E165.00723
G0 F9000 X123.09 Y116.964
G0 X123.09 Y115.14
G0 X123.32 Y115.14
G1 F1073.2 X120.994 Y123.821 E165.42571
G1 X120.913 Y123.82
G1 X123.319 Y123.176 E165.54169
G0 F9000 X123.09 Y123.176
G0 X123.09 Y121.921
G0 X123.32 Y121.921
G1 F1073.2 X112.579 Y111.181 E166.24897
G0 F9000 X111.957 Y111.18
G1 F1073.2 X111.68 Y112.216 E166.2989
G0 F9000 X111.91 Y112.216
G0 X111.91 Y113.871
G0 X111.68 Y113.871
G1 F1073.2 X121.724 Y111.18 E166.78309
G0 F9000 X121.064 Y111.181
G1 F1073.2 X123.32 Y113.436 E166.93161
G0 F9000 X123.09 Y113.436
G0 X118.169 Y111.41
G0 X118.169 Y111.18
G1 F1073.2 X114.782 Y123.821 E167.541
G0 F9000 X114.782 Y123.29
;MESH:NONMESH
G0 F300 X114.782 Y123.29 Z1.68
G0 F9000 X117.5 Y123.59
G0 X117.5 Y123.9
;TIME_ELAPSED:205.009588
;LAYER:5
;note -- min layer time used
;TYPE:WALL-INNER
;MESH:megav4.5-pillar2.stl
G1 F1066.7 X123.4 Y123.9 E167.81572
G1 X123.4 Y111.1 E168.41175
G1 X111.6 Y111.1 E168.9612
G1 X111.6 Y123.9 E169.55722
G1 X117.5 Y123.9 E169.83195
G0 F9000 X117.5 Y124.3
;TYPE:WALL-OUTER
G1 F1066.7 X123.8 Y124.3 E170.12531
G1 X123.8 Y110.7 E170.75858
G1 X111.2 Y110.7 E171.34529
G1 X111.2 Y124.3 E171.97856
G1 X117.5 Y124.3 E172.27192
G0 F9000 X117.013 Y123.82
;TYPE:FILL
G1 F1066.7 X111.68 Y118.487 E172.6231
G0 F9000 X111.91 Y118.487
G0 X111.91 Y120.287
G0 X111.681 Y120.287
G1 F1066.7 X123.32 Y117.169 E173.18417
G0 F9000 X123.09 Y117.169
G0 X123.09 Y114.375
G0 X123.32 Y114.375
G1 F1066.7 X120.789 Y123.82 E173.63949
G0 F9000 X121.678 Y123.82
G1 F1066.7 X123.319 Y123.381 E173.71859
G0 F9000 X123.09 Y123.381
G0 X123.09 Y121.641
G0 X123.32 Y121.641
G1 F1066.7 X112.859 Y111.181 E174.40743
G0 F9000 X112.859 Y111.41
G0 X111.88 Y111.38
G0 X111.752 Y111.18
G1 F1066.7 X111.68 Y111.45 E174.42044
G0 F9000 X111.91 Y111.45
G0 X111.91 Y114.076
G0 X111.68 Y114.076
G1 F1066.7 X122.489 Y111.18 E174.94151
G0 F9000 X122.489 Y111.41
G0 X121.344 Y111.41
G0 X121.344 Y111.181
G1 F1066.7 X123.32 Y113.156 E175.0716
G0 F9000 X123.09 Y113.156
G0 X117.964 Y111.41
G0 X117.964 Y111.18
G1 F1066.7 X114.577 Y123.821 E175.68098
G0 F9000 X114.577 Y123.29
;MESH:NONMESH
G0 F300 X114.577 Y123.29 Z1.96
G0 F9000 X117.5 Y123.59
G0 X117.5 Y123.9
;TIME_ELAPSED:216.703533
;LAYER:6
;note -- min layer time used
;TYPE:WALL-INNER
;MESH:megav4.5-pillar2.stl
G1 F1069.5 X123.4 Y123.9 E175.95571
G1 X123.4 Y111.1 E176.55173
G1 X111.6 Y111.1 E177.10119
G1 X111.6 Y123.9 E177.69721
G1 X117.5 Y123.9 E177.97194
G0 F9000 X117.5 Y124.3
;TYPE:WALL-OUTER
G1 F1069.5 X123.8 Y124.3 E178.26529
G1 X123.8 Y110.7 E178.89856
G1 X111.2 Y110.7 E179.48527
G1 X111.2 Y124.3 E180.11854
G1 X117.5 Y124.3 E180.4119
G0 F9000 X117.293 Y123.82
;TYPE:FILL
G1 F1069.5 X111.68 Y118.207 E180.78152
G0 F9000 X111.91 Y118.207
G0 X111.91 Y120.492
G0 X111.681 Y120.492
G1 F1069.5 X123.32 Y117.374 E181.3426
G0 F9000 X123.09 Y117.374
G0 X123.09 Y113.611
G0 X123.319 Y113.611
G1 F1069.5 X120.584 Y123.82 E181.83473
G0 F9000 X120.584 Y123.59
G0 X122.442 Y123.59
G0 X122.442 Y123.821
G1 F1069.5 X123.319 Y123.586 E181.87701
G0 F9000 X123.09 Y123.586
G0 X123.09 Y121.361
G0 X123.32 Y121.361
G1 F1069.5 X113.139 Y111.181 E182.54741
G0 F9000 X113.139 Y111.41
G0 X111.91 Y114.281
G0 X111.681 Y114.281
G1 F1069.5 X123.254 Y111.18 E183.10531
G0 F9000 X123.12 Y111.38
G0 X121.624 Y111.41
G0 X121.624 Y111.181
G1 F1069.5 X123.32 Y112.876 E183.21696
G0 F9000 X123.09 Y112.876
G0 X117.759 Y111.41
G0 X117.759 Y111.18
G1 F1069.5 X114.372 Y123.821 E183.82634
G0 F9000 X114.372 Y123.29
;MESH:NONMESH
G0 F300 X114.372 Y123.29 Z2.24
G0 F9000 X117.5 Y123.59
G0 X117.5 Y123.9
;TIME_ELAPSED:228.382908
;LAYER:7
;note -- min layer time used
;TYPE:WALL-INNER
;MESH:megav4.5-pillar2.stl
G1 F1070.7 X123.4 Y123.9 E184.10107
G1 X123.4 Y111.1 E184.69709
G1 X111.6 Y111.1 E185.24655
G1 X111.6 Y123.9 E185.84257
G1 X117.5 Y123.9 E186.1173
G0 F9000 X117.5 Y124.3
;TYPE:WALL-OUTER
G1 F1070.7 X123.8 Y124.3 E186.41066
G1 X123.8 Y110.7 E187.04393
G1 X111.2 Y110.7 E187.63064
G1 X111.2 Y124.3 E188.26391
G1 X117.5 Y124.3 E188.55726
G0 F9000 X117.573 Y123.82
;TYPE:FILL
G1 F1070.7 X111.68 Y117.927 E188.94533
G0 F9000 X111.91 Y117.927
G0 X111.91 Y120.697
G0 X111.681 Y120.697
G1 F1070.7 X123.32 Y117.579 E189.5064
G0 F9000 X123.09 Y117.579
G0 X123.09 Y121.081
G0 X123.32 Y121.081
G1 F1070.7 X113.419 Y111.181 E190.15836
G0 F9000 X113.419 Y111.41
G0 X111.91 Y114.486
G0 X111.681 Y114.486
G1 F1070.7 X123.319 Y111.367 E190.7194
G0 F9000 X123.09 Y111.367
G0 X123.09 Y112.596
G0 X123.32 Y112.596
G1 F1070.7 X121.905 Y111.181 E190.81258
G0 F9000 X121.905 Y111.41
G0 X123.09 Y112.846
G0 X123.319 Y112.846
G1 F1070.7 X120.379 Y123.82 E191.3416
G0 F9000 X120.379 Y123.59
G0 X123.12 Y123.62
G0 X123.207 Y123.821
G1 F1070.7 X123.319 Y123.791 E191.347
G0 F9000 X123.12 Y123.62
G0 X114.167 Y123.59
G0 X114.167 Y123.821
G1 F1070.7 X117.554 Y111.18 E191.95638
G0 F9000 X117.554 Y111.71
;MESH:NONMESH
G0 F300 X117.554 Y111.71 Z2.52
G0 F9000 X117.5 Y123.59
G0 X117.5 Y123.9
;TIME_ELAPSED:240.213641
;LAYER:8
;note -- min layer time used
;TYPE:WALL-INNER
;MESH:megav4.5-pillar2.stl
G1 F1075.1 X123.4 Y123.9 E192.23111
G1 X123.4 Y111.1 E192.82713
G1 X111.6 Y111.1 E193.37659
G1 X111.6 Y123.9 E193.97261
G1 X117.5 Y123.9 E194.24734
G0 F9000 X117.5 Y124.3
;TYPE:WALL-OUTER
G1 F1075.1 X123.8 Y124.3 E194.54069
G1 X123.8 Y110.7 E195.17396
G1 X111.2 Y110.7 E195.76067
G1 X111.2 Y124.3 E196.39395
G1 X117.5 Y124.3 E196.6873
G0 F9000 X117.853 Y123.82
;TYPE:FILL
G1 F1075.1 X111.68 Y117.647 E197.0938
G0 F9000 X111.91 Y117.647
G0 X111.91 Y114.691
G0 X111.681 Y114.691
G1 F1075.1 X123.319 Y111.572 E197.65484
G0 F9000 X123.319 Y112.08
G1 F1075.1 X120.174 Y123.82 E198.22078
G0 F9000 X120.174 Y123.59
G0 X123.09 Y120.801
G0 X123.32 Y120.801
G1 F1075.1 X113.699 Y111.181 E198.85431
G0 F9000 X113.699 Y111.41
G0 X117.349 Y111.41
G0 X117.349 Y111.18
G1 F1075.1 X113.962 Y123.821 E199.46369
G0 F9000 X113.962 Y123.59
G0 X111.91 Y120.903
G0 X111.68 Y120.903
G1 F1075.1 X123.32 Y117.784 E200.02481
G0 F9000 X123.09 Y117.784
G0 X123.09 Y112.316
G0 X123.32 Y112.316
G1 F1075.1 X122.185 Y111.181 E200.09956
G0 F9000 X122.185 Y111.71
;MESH:NONMESH
G0 F300 X122.185 Y111.71 Z2.8
G0 F9000 X117.5 Y123.59
G0 X117.5 Y123.9
;TIME_ELAPSED:251.793238
;LAYER:9
;note -- min layer time used
;TYPE:WALL-INNER
;MESH:megav4.5-pillar2.stl
G1 F1073.8 X123.4 Y123.9 E200.37428
G1 X123.4 Y111.1 E200.97031
G1 X111.6 Y111.1 E201.51976
G1 X111.6 Y123.9 E202.11578
G1 X117.5 Y123.9 E202.39051
G0 F9000 X117.5 Y124.3
;TYPE:WALL-OUTER
G1 F1073.8 X123.8 Y124.3 E202.68387
G1 X123.8 Y110.7 E203.31714
G1 X111.2 Y110.7 E203.90385
G1 X111.2 Y124.3 E204.53712
G1 X117.5 Y124.3 E204.83048
G0 F9000 X118.134 Y123.82
;TYPE:FILL
G1 F1073.8 X111.68 Y117.367 E205.25545
G0 F9000 X111.91 Y117.367
G0 X111.91 Y114.896
G0 X111.681 Y114.896
G1 F1073.8 X123.319 Y111.777 E205.81649
G0 F9000 X123.32 Y112.036
G1 F1073.8 X122.465 Y111.181 E205.87279
G0 F9000 X123.319 Y111.315
G1 F1073.8 X119.969 Y123.82 E206.47561
G0 F9000 X119.969 Y123.59
G0 X123.09 Y120.521
G0 X123.32 Y120.521
G1 F1073.8 X113.979 Y111.181 E207.0907
G0 F9000 X113.979 Y111.41
G0 X117.144 Y111.41
G0 X117.144 Y111.18
G1 F1073.8 X113.757 Y123.821 E207.70008
G0 F9000 X113.757 Y123.59
G0 X111.91 Y121.108
G0 X111.68 Y121.108
G1 F1073.8 X123.32 Y117.989 E208.26121
G0 F9000 X122.79 Y117.989
;MESH:NONMESH
G0 F300 X122.79 Y117.989 Z3.08
G0 F9000 X117.5 Y123.59
G0 X117.5 Y123.9
;TIME_ELAPSED:263.144304
;LAYER:10
;note -- min layer time used
;TYPE:WALL-INNER
;MESH:megav4.5-pillar2.stl
G1 F1068.2 X123.4 Y123.9 E208.53593
G1 X123.4 Y111.1 E209.13196
G1 X111.6 Y111.1 E209.68141
G1 X111.6 Y123.9 E210.27744
G1 X117.5 Y123.9 E210.55216
G0 F9000 X117.5 Y124.3
;TYPE:WALL-OUTER
G1 F1068.2 X123.8 Y124.3 E210.84552
G1 X123.8 Y110.7 E211.47879
G1 X111.2 Y110.7 E212.0655
G1 X111.2 Y124.3 E212.69877
G1 X117.5 Y124.3 E212.99213
G0 F9000 X117.5 Y123.59
G0 X118.414 Y123.59
G0 X118.414 Y123.82
;TYPE:FILL
G1 F1068.2 X111.68 Y117.087 E213.43554
G0 F9000 X111.91 Y117.087
G0 X111.91 Y115.101
G0 X111.681 Y115.101
G1 F1068.2 X123.319 Y111.982 E213.99658
G0 F9000 X123.32 Y111.756
G1 F1068.2 X122.745 Y111.181 E214.03444
G0 F9000 X123.151 Y111.179
G1 F1068.2 X119.764 Y123.82 E214.64382
G0 F9000 X119.764 Y123.59
G0 X123.09 Y120.241
G0 X123.32 Y120.241
G1 F1068.2 X114.259 Y111.181 E215.24047
G0 F9000 X114.259 Y111.41
G0 X116.939 Y111.41
G0 X116.939 Y111.179
G1 F1068.2 X113.552 Y123.821 E215.8499
G0 F9000 X113.552 Y123.59
G0 X111.91 Y121.313
G0 X111.68 Y121.313
G1 F1068.2 X123.32 Y118.194 E216.41103
G0 F9000 X122.79 Y118.194
;MESH:NONMESH
G0 F300 X122.79 Y118.194 Z3.36
G0 F9000 X117.5 Y123.59
G0 X117.5 Y123.9
;TIME_ELAPSED:274.553355
;BEGIN FilamentChange plugin
M600 E30.00 U300.00 X0.00 Y0.00 Z50.00
;END FilamentChange plugin
;LAYER:11
;note -- min layer time used
;TYPE:WALL-INNER
;MESH:megav4.5-pillar2.stl
G1 F1065.8 X123.4 Y123.9 E216.68575
G1 X123.4 Y111.1 E217.28178
G1 X111.6 Y111.1 E217.83123
G1 X111.6 Y123.9 E218.42726
G1 X117.5 Y123.9 E218.70198
G0 F9000 X117.5 Y124.3
;TYPE:WALL-OUTER
G1 F1065.8 X123.8 Y124.3 E218.99534
G1 X123.8 Y110.7 E219.62861
G1 X111.2 Y110.7 E220.21532
G1 X111.2 Y124.3 E220.84859
G1 X117.5 Y124.3 E221.14195
G0 F9000 X117.5 Y123.59
G0 X118.694 Y123.59
G0 X118.694 Y123.82
;TYPE:FILL
G1 F1065.8 X111.68 Y116.807 E221.6038
G0 F9000 X111.91 Y116.807
G0 X111.91 Y115.306
G0 X111.681 Y115.306
G1 F1065.8 X123.319 Y112.187 E222.16484
G0 F9000 X123.32 Y111.476
G1 F1065.8 X123.025 Y111.181 E222.18426
G1 X122.946 Y111.179
G1 X119.559 Y123.82 E222.79364
G0 F9000 X119.559 Y123.59
G0 X123.09 Y119.961
G0 X123.32 Y119.961
G1 F1065.8 X114.539 Y111.181 E223.37185
G0 F9000 X114.539 Y111.41
G0 X116.734 Y111.41
G0 X116.734 Y111.179
G1 F1065.8 X113.347 Y123.82 E223.98123
G0 F9000 X113.347 Y123.59
G0 X111.91 Y121.518
G0 X111.68 Y121.518
G1 F1065.8 X123.319 Y118.399 E224.54232
G0 F9000 X122.79 Y118.399
;MESH:NONMESH
G0 F300 X122.79 Y118.399 Z3.64
G0 F9000 X117.5 Y123.59
G0 X117.5 Y123.9
;TIME_ELAPSED:285.923294
;LAYER:12
;note -- min layer time used
;TYPE:WALL-INNER
;MESH:megav4.5-pillar2.stl
G1 F1062.7 X123.4 Y123.9 E224.81705
G1 X123.4 Y111.1 E225.41307
G1 X111.6 Y111.1 E225.96252
G1 X111.6 Y123.9 E226.55855
G1 X117.5 Y123.9 E226.83328
G0 F9000 X117.5 Y124.3
;TYPE:WALL-OUTER
G1 F1062.7 X123.8 Y124.3 E227.12663
G1 X123.8 Y110.7 E227.7599
G1 X111.2 Y110.7 E228.34661
G1 X111.2 Y124.3 E228.97988
G1 X117.5 Y124.3 E229.27324
G0 F9000 X117.5 Y123.59
G0 X118.974 Y123.59
G0 X118.974 Y123.82
;TYPE:FILL
G1 F1062.7 X111.68 Y116.527 E229.75353
G0 F9000 X111.91 Y116.527
G0 X111.91 Y115.511
G0 X111.681 Y115.511
G1 F1062.7 X123.319 Y112.392 E230.31457
G0 F9000 X123.09 Y112.392
G0 X122.741 Y111.41
G0 X122.741 Y111.179
G1 F1062.7 X119.354 Y123.82 E230.92395
G0 F9000 X119.354 Y123.59
G0 X123.09 Y119.681
G0 X123.32 Y119.681
G1 F1062.7 X114.819 Y111.181 E231.48372
G0 F9000 X114.819 Y111.41
G0 X116.529 Y111.41
G0 X116.529 Y111.179
G1 F1062.7 X113.142 Y123.82 E232.0931
G0 F9000 X113.142 Y123.59
G0 X111.91 Y121.723
G0 X111.681 Y121.723
G1 F1062.7 X123.319 Y118.604 E232.65414
G0 F9000 X122.79 Y118.604
;MESH:NONMESH
G0 F300 X122.79 Y118.604 Z3.92
G0 F9000 X117.5 Y123.59
G0 X117.5 Y123.9
;TIME_ELAPSED:297.303155
;LAYER:13
;note -- min layer time used
;TYPE:WALL-INNER
;MESH:megav4.5-pillar2.stl
G1 F1061.9 X123.4 Y123.9 E232.92887
G1 X123.4 Y111.1 E233.52489
G1 X111.6 Y111.1 E234.07435
G1 X111.6 Y123.9 E234.67037
G1 X117.5 Y123.9 E234.9451
G0 F9000 X117.5 Y124.3
;TYPE:WALL-OUTER
G1 F1061.9 X123.8 Y124.3 E235.23845
G1 X123.8 Y110.7 E235.87172
G1 X111.2 Y110.7 E236.45843
G1 X111.2 Y124.3 E237.0917
G1 X117.5 Y124.3 E237.38506
G0 F9000 X117.5 Y123.59
G0 X119.149 Y123.59
G0 X119.149 Y123.82
;TYPE:FILL
G1 F1061.9 X122.536 Y111.179 E237.99444
G0 F9000 X122.536 Y111.41
G0 X123.09 Y112.597
G0 X123.319 Y112.597
G1 F1061.9 X111.681 Y115.716 E238.55548
G0 F9000 X111.68 Y116.247
G1 F1061.9 X119.254 Y123.82 E239.05421
G0 F9000 X119.254 Y123.59
G0 X123.09 Y119.401
G0 X123.32 Y119.401
G1 F1061.9 X115.099 Y111.181 E239.59554
G0 F9000 X115.099 Y111.41
G0 X116.324 Y111.41
G0 X116.324 Y111.179
G1 F1061.9 X112.937 Y123.82 E240.20492
G0 F9000 X112.937 Y123.59
G0 X111.91 Y121.928
G0 X111.681 Y121.928
G1 F1061.9 X123.319 Y118.809 E240.76596
G0 F9000 X122.79 Y118.809
;MESH:NONMESH
G0 F300 X122.79 Y118.809 Z4.2
G0 F9000 X117.5 Y123.59
G0 X117.5 Y123.9
;TIME_ELAPSED:308.607707
;LAYER:14
;note -- min layer time used
;TYPE:WALL-INNER
;MESH:megav4.5-pillar2.stl
G1 F1060.9 X123.4 Y123.9 E241.04069
G1 X123.4 Y111.1 E241.63671
G1 X111.6 Y111.1 E242.18617
G1 X111.6 Y123.9 E242.78219
G1 X117.5 Y123.9 E243.05692
G0 F9000 X117.5 Y124.3
;TYPE:WALL-OUTER
G1 F1060.9 X123.8 Y124.3 E243.35027
G1 X123.8 Y110.7 E243.98354
G1 X111.2 Y110.7 E244.57025
G1 X111.2 Y124.3 E245.20352
G1 X117.5 Y124.3 E245.49688
G0 F9000 X117.5 Y123.59
G0 X118.944 Y123.59
G0 X118.944 Y123.82
;TYPE:FILL
G1 F1060.9 X122.331 Y111.179 E246.10626
G0 F9000 X122.331 Y111.41
G0 X123.09 Y112.802
G0 X123.319 Y112.802
G1 F1060.9 X111.681 Y115.921 E246.6673
G1 X111.68 Y115.967
G1 X119.534 Y123.82 E247.18446
G0 F9000 X119.534 Y123.59
G0 X123.09 Y119.121
G0 X123.32 Y119.121
G1 F1060.9 X115.379 Y111.181 E247.70736
G0 F9000 X116.119 Y111.179
G1 F1060.9 X112.732 Y123.82 E248.31674
G0 F9000 X112.732 Y123.59
G0 X111.91 Y122.132
G0 X111.681 Y122.132
G1 F1060.9 X123.319 Y119.014 E248.87777
G0 F9000 X122.79 Y119.014
;MESH:NONMESH
G0 F300 X122.79 Y119.014 Z4.48
G0 F9000 X117.5 Y123.59
G0 X117.5 Y123.9
;TIME_ELAPSED:319.791626
;LAYER:15
;note -- min layer time used
;TYPE:WALL-INNER
;MESH:megav4.5-pillar2.stl
G1 F1060.2 X123.4 Y123.9 E249.15249
G1 X123.4 Y111.1 E249.74852
G1 X111.6 Y111.1 E250.29797
G1 X111.6 Y123.9 E250.894
G1 X117.5 Y123.9 E251.16872
G0 F9000 X117.5 Y124.3
;TYPE:WALL-OUTER
G1 F1060.2 X123.8 Y124.3 E251.46208
G1 X123.8 Y110.7 E252.09535
G1 X111.2 Y110.7 E252.68206
G1 X111.2 Y124.3 E253.31533
G1 X117.5 Y124.3 E253.60869
G0 F9000 X117.5 Y123.59
G0 X118.739 Y123.59
G0 X118.739 Y123.82
;TYPE:FILL
G1 F1060.2 X122.126 Y111.179 E254.21807
G0 F9000 X122.126 Y111.41
G0 X123.09 Y113.007
G0 X123.319 Y113.007
G1 F1060.2 X111.681 Y116.126 E254.77911
G0 F9000 X111.68 Y115.687
G1 F1060.2 X119.814 Y123.82 E255.31471
G0 F9000 X119.814 Y123.59
G0 X123.09 Y119.219
G0 X123.319 Y119.219
G1 F1060.2 X111.681 Y122.337 E255.87574
G0 F9000 X111.91 Y122.337
G0 X112.527 Y123.59
G0 X112.527 Y123.82
G1 F1060.2 X115.914 Y111.179 E256.48512
G0 F9000 X115.659 Y111.181
G1 F1060.2 X123.32 Y118.841 E256.98957
G0 F9000 X122.79 Y118.841
;MESH:NONMESH
G0 F300 X122.79 Y118.841 Z4.76
G0 F9000 X117.5 Y123.59
G0 X117.5 Y123.9
;TIME_ELAPSED:330.994660
;LAYER:16
;note -- min layer time used
;TYPE:WALL-INNER
;MESH:megav4.5-pillar2.stl
G1 F1060.2 X123.4 Y123.9 E257.2643
G1 X123.4 Y111.1 E257.86032
G1 X111.6 Y111.1 E258.40978
G1 X111.6 Y123.9 E259.0058
G1 X117.5 Y123.9 E259.28053
G0 F9000 X117.5 Y124.3
;TYPE:WALL-OUTER
G1 F1060.2 X123.8 Y124.3 E259.57389
G1 X123.8 Y110.7 E260.20716
G1 X111.2 Y110.7 E260.79387
G1 X111.2 Y124.3 E261.42714
G1 X117.5 Y124.3 E261.7205
G0 F9000 X117.5 Y123.59
G0 X118.534 Y123.59
G0 X118.534 Y123.82
;TYPE:FILL
G1 F1060.2 X121.921 Y111.18 E262.32983
G0 F9000 X121.921 Y111.41
G0 X123.09 Y113.212
G0 X123.319 Y113.212
G1 F1060.2 X111.681 Y116.331 E262.89087
G0 F9000 X111.68 Y115.407
G1 F1060.2 X120.094 Y123.82 E263.44491
G0 F9000 X120.094 Y123.59
G0 X123.09 Y119.424
G0 X123.319 Y119.424
G1 F1060.2 X111.681 Y122.542 E264.00594
G0 F9000 X111.91 Y122.542
G0 X112.322 Y123.59
G0 X112.322 Y123.82
G1 F1060.2 X115.709 Y111.179 E264.61532
G0 F9000 X115.939 Y111.181
G1 F1060.2 X123.32 Y118.561 E265.10134
G0 F9000 X122.79 Y118.561
;MESH:NONMESH
G0 F300 X122.79 Y118.561 Z5.04
G0 F9000 X117.5 Y123.59
G0 X117.5 Y123.9
;TIME_ELAPSED:342.205500
;LAYER:17
;note -- min layer time used
;TYPE:WALL-INNER
;MESH:megav4.5-pillar2.stl
G1 F1062 X123.4 Y123.9 E265.37607
G1 X123.4 Y111.1 E265.97209
G1 X111.6 Y111.1 E266.52154
G1 X111.6 Y123.9 E267.11757
G1 X117.5 Y123.9 E267.3923
G0 F9000 X117.5 Y124.3
;TYPE:WALL-OUTER
G1 F1062 X123.8 Y124.3 E267.68565
G1 X123.8 Y110.7 E268.31892
G1 X111.2 Y110.7 E268.90563
G1 X111.2 Y124.3 E269.5389
G1 X117.5 Y124.3 E269.83226
G0 F9000 X118.329 Y123.82
;TYPE:FILL
G1 F1062 X121.716 Y111.18 E270.44159
G0 F9000 X121.716 Y111.41
G0 X123.09 Y113.417
G0 X123.32 Y113.417
G1 F1062 X111.681 Y116.536 E271.00268
G0 F9000 X111.91 Y116.536
G0 X111.91 Y115.127
G0 X111.68 Y115.127
G1 F1062 X120.374 Y123.82 E271.57516
G0 F9000 X120.374 Y123.59
G0 X123.09 Y119.629
G0 X123.319 Y119.629
G1 F1062 X111.681 Y122.747 E272.13618
G0 F9000 X111.68 Y123.612
G1 F1062 X111.888 Y123.82 E272.14988
G0 F9000 X112.117 Y123.82
G1 F1062 X115.504 Y111.18 E272.75922
G0 F9000 X116.219 Y111.181
G1 F1062 X123.32 Y118.281 E273.2268
G0 F9000 X122.79 Y118.281
;MESH:NONMESH
G0 F300 X122.79 Y118.281 Z5.32
G0 F9000 X117.5 Y123.59
G0 X117.5 Y123.9
;TIME_ELAPSED:353.437207
;LAYER:18
;note -- min layer time used
;TYPE:WALL-INNER
;MESH:megav4.5-pillar2.stl
G1 F1065.1 X123.4 Y123.9 E273.50153
G1 X123.4 Y111.1 E274.09755
G1 X111.6 Y111.1 E274.64701
G1 X111.6 Y123.9 E275.24303
G1 X117.5 Y123.9 E275.51776
G0 F9000 X117.5 Y124.3
;TYPE:WALL-OUTER
G1 F1065.1 X123.8 Y124.3 E275.81111
G1 X123.8 Y110.7 E276.44438
G1 X111.2 Y110.7 E277.03109
G1 X111.2 Y124.3 E277.66436
G1 X117.5 Y124.3 E277.95772
G0 F9000 X118.124 Y123.821
;TYPE:FILL
G1 F1065.1 X121.511 Y111.18 E278.5671
G0 F9000 X121.511 Y111.41
G0 X123.09 Y113.622
G0 X123.32 Y113.622
G1 F1065.1 X111.681 Y116.741 E279.12818
G0 F9000 X111.91 Y116.741
G0 X111.91 Y114.847
G0 X111.68 Y114.847
G1 F1065.1 X120.654 Y123.82 E279.7191
G0 F9000 X120.654 Y123.59
G0 X123.09 Y119.834
G0 X123.319 Y119.834
G1 F1065.1 X111.681 Y122.952 E280.28013
G0 F9000 X111.68 Y123.332
G1 F1065.1 X112.168 Y123.82 E280.31226
G0 F9000 X111.912 Y123.82
G1 F1065.1 X115.299 Y111.18 E280.9216
G0 F9000 X115.299 Y111.41
G0 X116.499 Y111.41
G0 X116.499 Y111.181
G1 F1065.1 X123.32 Y118.001 E281.37074
G0 F9000 X122.79 Y118.001
;MESH:NONMESH
G0 F300 X122.79 Y118.001 Z5.6
G0 F9000 X117.5 Y123.59
G0 X117.5 Y123.9
;TIME_ELAPSED:364.725796
;LAYER:19
;note -- min layer time used
;TYPE:WALL-INNER
;MESH:megav4.5-pillar2.stl
G1 F1069 X123.4 Y123.9 E281.64547
G1 X123.4 Y111.1 E282.24149
G1 X111.6 Y111.1 E282.79095
G1 X111.6 Y123.9 E283.38697
G1 X117.5 Y123.9 E283.6617
G0 F9000 X117.5 Y124.3
;TYPE:WALL-OUTER
G1 F1069 X123.8 Y124.3 E283.95505
G1 X123.8 Y110.7 E284.58833
G1 X111.2 Y110.7 E285.17504
G1 X111.2 Y124.3 E285.80831
G1 X117.5 Y124.3 E286.10166
G0 F9000 X117.919 Y123.821
;TYPE:FILL
G1 F1069 X121.306 Y111.18 E286.71104
G0 F9000 X121.306 Y111.41
G0 X123.09 Y113.827
G0 X123.319 Y113.827
G1 F1069 X111.68 Y116.946 E287.27213
G0 F9000 X111.91 Y116.946
G0 X111.91 Y114.567
G0 X111.68 Y114.567
G1 F1069 X120.934 Y123.82 E287.88148
G0 F9000 X120.934 Y123.59
G0 X123.09 Y120.039
G0 X123.319 Y120.039
G1 F1069 X111.681 Y123.157 E288.44251
G1 X111.68 Y123.052
G1 X112.448 Y123.82 E288.49308
G0 F9000 X111.707 Y123.821
G1 F1069 X115.094 Y111.18 E289.10247
G0 F9000 X115.094 Y111.41
G0 X116.779 Y111.41
G0 X116.779 Y111.181
G1 F1069 X123.32 Y117.721 E289.53317
G0 F9000 X122.79 Y117.721
;MESH:NONMESH
G0 F300 X122.79 Y117.721 Z5.88
G0 F9000 X117.5 Y123.59
G0 X117.5 Y123.9
;TIME_ELAPSED:376.032555
;LAYER:20
;note -- min layer time used
;TYPE:WALL-INNER
;MESH:megav4.5-pillar2.stl
G1 F1076 X123.4 Y123.9 E289.8079
G1 X123.4 Y111.1 E290.40392
G1 X111.6 Y111.1 E290.95338
G1 X111.6 Y123.9 E291.5494
G1 X117.5 Y123.9 E291.82413
G0 F9000 X117.5 Y124.3
;TYPE:WALL-OUTER
G1 F1076 X123.8 Y124.3 E292.11748
G1 X123.8 Y110.7 E292.75075
G1 X111.2 Y110.7 E293.33746
G1 X111.2 Y124.3 E293.97074
G1 X117.5 Y124.3 E294.26409
G0 F9000 X117.714 Y123.821
;TYPE:FILL
G1 F1076 X121.101 Y111.18 E294.87347
G0 F9000 X121.101 Y111.41
G0 X123.09 Y114.032
G0 X123.319 Y114.032
G1 F1076 X111.68 Y117.151 E295.43455
G0 F9000 X111.91 Y117.151
G0 X111.91 Y114.287
G0 X111.68 Y114.287
G1 F1076 X121.214 Y123.82 E296.06235
G0 F9000 X121.214 Y123.59
G0 X123.09 Y120.244
G0 X123.319 Y120.244
G1 F1076 X111.681 Y123.362 E296.62338
G0 F9000 X111.68 Y123.155
G1 F1076 X114.889 Y111.18 E297.20066
G0 F9000 X114.889 Y111.41
G0 X117.059 Y111.41
G0 X117.059 Y111.181
G1 F1076 X123.32 Y117.441 E297.61292
G0 F9000 X123.09 Y117.441
G0 X112.728 Y123.59
G0 X112.728 Y123.82
G1 F1076 X111.68 Y122.772 E297.68193
G0 F9000 X112.21 Y122.772
;MESH:NONMESH
G0 F300 X112.21 Y122.772 Z6.16
G0 F9000 X117.5 Y123.59
G0 X117.5 Y123.9
;TIME_ELAPSED:387.517098
;LAYER:21
;note -- min layer time used
;TYPE:WALL-INNER
;MESH:megav4.5-pillar2.stl
G1 F1065.8 X123.4 Y123.9 E297.95666
G1 X123.4 Y111.1 E298.55268
G1 X111.6 Y111.1 E299.10214
G1 X111.6 Y123.9 E299.69816
G1 X117.5 Y123.9 E299.97289
G0 F9000 X117.5 Y124.3
;TYPE:WALL-OUTER
G1 F1065.8 X123.8 Y124.3 E300.26625
G1 X123.8 Y110.7 E300.89952
G1 X111.2 Y110.7 E301.48623
G1 X111.2 Y124.3 E302.1195
G1 X117.5 Y124.3 E302.41286
G0 F9000 X117.509 Y123.821
;TYPE:FILL
G1 F1065.8 X120.896 Y111.18 E303.02224
G0 F9000 X120.896 Y111.41
G0 X117.339 Y111.41
G0 X117.339 Y111.181
G1 F1065.8 X123.32 Y117.161 E303.41606
G0 F9000 X123.09 Y117.161
G0 X123.09 Y114.237
G0 X123.319 Y114.237
G1 F1065.8 X111.68 Y117.356 E303.97714
G0 F9000 X111.91 Y117.356
G0 X111.91 Y114.007
G0 X111.68 Y114.007
G1 F1065.8 X121.494 Y123.82 E304.62338
G0 F9000 X121.494 Y123.59
G0 X123.09 Y120.449
G0 X123.319 Y120.449
G1 F1065.8 X111.681 Y123.567 E305.18441
G0 F9000 X111.91 Y123.567
G0 X111.91 Y122.492
G0 X111.68 Y122.492
G1 F1065.8 X113.008 Y123.82 E305.27186
G0 F9000 X113.008 Y123.59
G0 X111.91 Y122.39
G0 X111.68 Y122.39
G1 F1065.8 X114.684 Y111.18 E305.81226
G0 F9000 X114.684 Y111.71
;MESH:NONMESH
G0 F300 X114.684 Y111.71 Z6.44
G0 F9000 X117.5 Y123.59
G0 X117.5 Y123.9
;TIME_ELAPSED:399.117432
;LAYER:22
;note -- min layer time used
;TYPE:WALL-INNER
;MESH:megav4.5-pillar2.stl
G1 F1074.9 X123.4 Y123.9 E306.08699
G1 X123.4 Y111.1 E306.68301
G1 X111.6 Y111.1 E307.23247
G1 X111.6 Y123.9 E307.82849
G1 X117.5 Y123.9 E308.10322
G0 F9000 X117.5 Y124.3
;TYPE:WALL-OUTER
G1 F1074.9 X123.8 Y124.3 E308.39657
G1 X123.8 Y110.7 E309.02984
G1 X111.2 Y110.7 E309.61655
G1 X111.2 Y124.3 E310.24983
G1 X117.5 Y124.3 E310.54318
G0 F9000 X117.304 Y123.821
;TYPE:FILL
G1 F1074.9 X120.691 Y111.179 E311.15261
G0 F9000 X120.691 Y111.41
G0 X117.619 Y111.41
G0 X117.619 Y111.181
G1 F1074.9 X123.32 Y116.881 E311.52799
G0 F9000 X123.09 Y116.881
G0 X123.09 Y114.442
G0 X123.319 Y114.442
G1 F1074.9 X111.68 Y117.561 E312.08908
G0 F9000 X111.91 Y117.561
G0 X111.91 Y113.727
G0 X111.68 Y113.727
G1 F1074.9 X121.774 Y123.82 E312.75375
G0 F9000 X121.774 Y123.59
G0 X123.09 Y120.654
G0 X123.319 Y120.654
G1 F1074.9 X111.681 Y123.772 E313.31478
G0 F9000 X111.88 Y123.62
G0 X111.91 Y122.212
G0 X111.68 Y122.212
G1 F1074.9 X113.288 Y123.82 E313.42067
G0 F9000 X113.288 Y123.59
G0 X111.91 Y121.625
G0 X111.68 Y121.625
G1 F1074.9 X114.479 Y111.18 E313.92419
G0 F9000 X114.479 Y111.41
G0 X112.31 Y111.41
G0 X112.31 Y111.18
G1 F1074.9 X111.681 Y111.349 E313.95452
G0 F9000 X112.21 Y111.71
;MESH:NONMESH
G0 F300 X112.21 Y111.71 Z6.72
G0 F9000 X117.5 Y123.59
G0 X117.5 Y123.9
;TIME_ELAPSED:410.858754
;LAYER:23
;note -- min layer time used
;TYPE:WALL-INNER
;MESH:megav4.5-pillar2.stl
G1 F1071.5 X123.4 Y123.9 E314.22925
G1 X123.4 Y111.1 E314.82527
G1 X111.6 Y111.1 E315.37473
G1 X111.6 Y123.9 E315.97075
G1 X117.5 Y123.9 E316.24548
G0 F9000 X117.5 Y124.3
;TYPE:WALL-OUTER
G1 F1071.5 X123.8 Y124.3 E316.53883
G1 X123.8 Y110.7 E317.1721
G1 X111.2 Y110.7 E317.75881
G1 X111.2 Y124.3 E318.39208
G1 X117.5 Y124.3 E318.68544
G0 F9000 X117.099 Y123.821
;TYPE:FILL
G1 F1071.5 X120.486 Y111.179 E319.29486
G0 F9000 X120.486 Y111.41
G0 X117.899 Y111.41
G0 X117.899 Y111.181
G1 F1071.5 X123.32 Y116.601 E319.65181
G0 F9000 X123.09 Y116.601
G0 X123.09 Y114.647
G0 X123.319 Y114.647
G1 F1071.5 X111.68 Y117.766 E320.2129
G0 F9000 X111.91 Y117.766
G0 X111.91 Y120.86
G0 X111.68 Y120.86
G1 F1071.5 X114.274 Y111.18 E320.67954
G0 F9000 X114.274 Y111.41
G0 X113.076 Y111.41
G0 X113.076 Y111.18
G1 F1071.5 X111.681 Y111.554 E320.74679
G0 F9000 X111.91 Y111.554
G0 X111.91 Y113.447
G0 X111.68 Y113.447
G1 F1071.5 X122.054 Y123.82 E321.42991
G0 F9000 X122.054 Y123.59
G0 X123.09 Y120.859
G0 X123.32 Y120.859
G1 F1071.5 X112.267 Y123.82 E321.96273
G0 F9000 X112.267 Y123.59
G0 X113.568 Y123.59
G0 X113.568 Y123.82
G1 F1071.5 X111.68 Y121.932 E322.08706
G0 F9000 X112.21 Y121.932
;MESH:NONMESH
G0 F300 X112.21 Y121.932 Z7
G0 F9000 X117.5 Y123.59
G0 X117.5 Y123.9
;TIME_ELAPSED:422.454218
;LAYER:24
;note -- min layer time used
;TYPE:WALL-INNER
;MESH:megav4.5-pillar2.stl
G1 F1065.1 X123.4 Y123.9 E322.36178
G1 X123.4 Y111.1 E322.95781
G1 X111.6 Y111.1 E323.50726
G1 X111.6 Y123.9 E324.10328
G1 X117.5 Y123.9 E324.37801
G0 F9000 X117.5 Y124.3
;TYPE:WALL-OUTER
G1 F1065.1 X123.8 Y124.3 E324.67137
G1 X123.8 Y110.7 E325.30464
G1 X111.2 Y110.7 E325.89135
G1 X111.2 Y124.3 E326.52462
G1 X117.5 Y124.3 E326.81798
G0 F9000 X116.894 Y123.82
;TYPE:FILL
G1 F1065.1 X120.281 Y111.179 E327.42736
G0 F9000 X120.281 Y111.41
G0 X118.179 Y111.41
G0 X118.179 Y111.181
G1 F1065.1 X123.32 Y116.321 E327.76587
G0 F9000 X123.09 Y116.321
G0 X123.09 Y114.852
G0 X123.319 Y114.852
G1 F1065.1 X111.68 Y117.971 E328.32695
G0 F9000 X111.91 Y117.971
G0 X111.91 Y120.095
G0 X111.68 Y120.095
G1 F1065.1 X114.069 Y111.18 E328.75672
G0 F9000 X113.841 Y111.18
G1 F1065.1 X111.681 Y111.759 E328.86085
G0 F9000 X111.91 Y111.759
G0 X111.91 Y113.167
G0 X111.68 Y113.167
G1 F1065.1 X122.334 Y123.82 E329.5624
G0 F9000 X123.106 Y123.82
G1 F1065.1 X123.32 Y123.02 E329.60096
G0 F9000 X123.09 Y123.02
G0 X123.09 Y121.064
G0 X123.32 Y121.064
G1 F1065.1 X113.032 Y123.82 E330.0969
G0 F9000 X113.848 Y123.82
G1 F1065.1 X111.68 Y121.652 E330.23967
G0 F9000 X112.21 Y121.652
;MESH:NONMESH
G0 F300 X112.21 Y121.652 Z7.28
G0 F9000 X117.5 Y123.59
G0 X117.5 Y123.9
;TIME_ELAPSED:433.976226
;LAYER:25
;note -- min layer time used
;TYPE:WALL-INNER
;MESH:megav4.5-pillar2.stl
G1 F1063.9 X123.4 Y123.9 E330.5144
G1 X123.4 Y111.1 E331.11042
G1 X111.6 Y111.1 E331.65988
G1 X111.6 Y123.9 E332.2559
G1 X117.5 Y123.9 E332.53063
G0 F9000 X117.5 Y124.3
;TYPE:WALL-OUTER
G1 F1063.9 X123.8 Y124.3 E332.82398
G1 X123.8 Y110.7 E333.45725
G1 X111.2 Y110.7 E334.04396
G1 X111.2 Y124.3 E334.67724
G1 X117.5 Y124.3 E334.97059
G0 F9000 X116.689 Y123.82
;TYPE:FILL
G1 F1063.9 X120.076 Y111.179 E335.57997
G0 F9000 X120.076 Y111.41
G0 X118.459 Y111.41
G0 X118.459 Y111.181
G1 F1063.9 X123.32 Y116.041 E335.90004
G0 F9000 X123.319 Y115.057
G1 F1063.9 X111.681 Y118.176 E336.46108
G0 F9000 X111.91 Y118.176
G0 X111.91 Y119.331
G0 X111.68 Y119.331
G1 F1063.9 X113.864 Y111.18 E336.85401
G0 F9000 X114.606 Y111.18
G1 F1063.9 X111.681 Y111.964 E336.99502
G0 F9000 X111.68 Y112.887
G1 F1063.9 X122.614 Y123.82 E337.71501
G0 F9000 X122.901 Y123.82
G1 F1063.9 X123.32 Y122.255 E337.79045
G0 F9000 X123.32 Y121.269
G1 F1063.9 X113.797 Y123.82 E338.24952
G0 F9000 X114.128 Y123.82
G1 F1063.9 X111.68 Y121.372 E338.41072
G0 F9000 X112.21 Y121.372
;MESH:NONMESH
G0 F300 X112.21 Y121.372 Z7.56
G0 F9000 X117.5 Y123.59
G0 X117.5 Y123.9
;TIME_ELAPSED:445.250408
;LAYER:26
;note -- min layer time used
;TYPE:WALL-INNER
;MESH:megav4.5-pillar2.stl
G1 F1068.1 X123.4 Y123.9 E338.68545
G1 X123.4 Y111.1 E339.28147
G1 X111.6 Y111.1 E339.83093
G1 X111.6 Y123.9 E340.42695
G1 X117.5 Y123.9 E340.70168
G0 F9000 X117.5 Y124.3
;TYPE:WALL-OUTER
G1 F1068.1 X123.8 Y124.3 E340.99503
G1 X123.8 Y110.7 E341.62831
G1 X111.2 Y110.7 E342.21502
G1 X111.2 Y124.3 E342.84829
G1 X117.5 Y124.3 E343.14164
G0 F9000 X117.5 Y123.59
G0 X116.484 Y123.59
G0 X116.484 Y123.82
;TYPE:FILL
G1 F1068.1 X119.871 Y111.179 E343.75102
G0 F9000 X119.871 Y111.41
G0 X118.739 Y111.41
G0 X118.739 Y111.181
G1 F1068.1 X123.32 Y115.761 E344.05266
G0 F9000 X123.319 Y115.262
G1 F1068.1 X111.681 Y118.381 E344.6137
G1 X111.68 Y118.566
G1 X113.659 Y111.18 E344.96975
G0 F9000 X113.659 Y111.41
G0 X115.371 Y111.41
G0 X115.371 Y111.18
G1 F1068.1 X111.681 Y112.169 E345.14764
G0 F9000 X111.68 Y112.607
G1 F1068.1 X122.894 Y123.82 E345.88606
G1 X122.696 Y123.82
G1 X123.32 Y121.49 E345.99838
G1 X123.32 Y121.474
G1 X114.562 Y123.82 E346.42057
G1 X114.408 Y123.82
G1 X111.68 Y121.092 E346.60021
G0 F9000 X112.21 Y121.092
;MESH:NONMESH
G0 F300 X112.21 Y121.092 Z7.84
G0 F9000 X117.5 Y123.59
G0 X117.5 Y123.9
;TIME_ELAPSED:456.366267
;LAYER:27
;note -- min layer time used
;TYPE:WALL-INNER
;MESH:megav4.5-pillar2.stl
G1 F1074.9 X123.4 Y123.9 E346.87494
G1 X123.4 Y111.1 E347.47096
G1 X111.6 Y111.1 E348.02042
G1 X111.6 Y123.9 E348.61644
G1 X117.5 Y123.9 E348.89117
G0 F9000 X117.5 Y124.3
;TYPE:WALL-OUTER
G1 F1074.9 X123.8 Y124.3 E349.18452
G1 X123.8 Y110.7 E349.8178
G1 X111.2 Y110.7 E350.40451
G1 X111.2 Y124.3 E351.03778
G1 X117.5 Y124.3 E351.33113
G0 F9000 X117.5 Y123.59
G0 X116.279 Y123.59
G0 X116.279 Y123.82
;TYPE:FILL
G1 F1074.9 X119.666 Y111.179 E351.94051
G0 F9000 X119.02 Y111.181
G1 F1074.9 X123.32 Y115.481 E352.22368
G1 X123.319 Y115.467
G1 X111.681 Y118.586 E352.78471
G0 F9000 X111.68 Y117.801
G1 F1074.9 X113.454 Y111.18 E353.10389
G0 F9000 X113.454 Y111.41
G0 X111.91 Y112.327
G0 X111.68 Y112.327
G1 F1074.9 X123.174 Y123.82 E353.86076
G0 F9000 X122.491 Y123.82
G1 F1074.9 X123.32 Y120.726 E354.00991
G0 F9000 X123.32 Y121.679
G1 F1074.9 X115.327 Y123.82 E354.39522
G0 F9000 X114.688 Y123.82
G1 F1074.9 X111.68 Y120.812 E354.5933
G0 F9000 X111.91 Y120.812
G0 X111.91 Y112.374
G0 X111.681 Y112.374
G1 F1074.9 X116.136 Y111.18 E354.80806
G0 F9000 X116.136 Y111.71
;MESH:NONMESH
G0 F300 X116.136 Y111.71 Z8.12
G0 F9000 X117.5 Y123.59
G0 X117.5 Y123.9
;TIME_ELAPSED:467.857432
;LAYER:28
;note -- min layer time used
;TYPE:WALL-INNER
;MESH:megav4.5-pillar2.stl
G1 F1091 X123.4 Y123.9 E355.08279
G1 X123.4 Y111.1 E355.67881
G1 X111.6 Y111.1 E356.22827
G1 X111.6 Y123.9 E356.82429
G1 X117.5 Y123.9 E357.09902
G0 F9000 X117.5 Y124.3
;TYPE:WALL-OUTER
G1 F1091 X123.8 Y124.3 E357.39238
G1 X123.8 Y110.7 E358.02565
G1 X111.2 Y110.7 E358.61236
G1 X111.2 Y124.3 E359.24563
G1 X117.5 Y124.3 E359.53899
G0 F9000 X117.5 Y123.59
G0 X116.092 Y123.59
G0 X116.092 Y123.82
;TYPE:FILL
G1 F1091 X123.32 Y121.884 E359.88741
G0 F9000 X123.09 Y121.884
G0 X123.09 Y123.686
G0 X123.32 Y123.686
G1 F1091 X111.68 Y112.047 E360.6539
G0 F9000 X111.681 Y112.579
G1 F1091 X116.901 Y111.18 E360.90554
G0 F9000 X116.901 Y111.41
G0 X119.3 Y111.41
G0 X119.3 Y111.181
G1 F1091 X123.32 Y115.201 E361.17026
G0 F9000 X123.319 Y115.672
G1 F1091 X111.681 Y118.791 E361.7313
G0 F9000 X111.91 Y118.791
G0 X111.91 Y120.532
G0 X111.68 Y120.532
G1 F1091 X114.968 Y123.82 E361.94782
G0 F9000 X114.968 Y123.59
G0 X116.074 Y123.59
G0 X116.074 Y123.82
G1 F1091 X119.461 Y111.179 E362.5572
G0 F9000 X119.461 Y111.41
G0 X113.25 Y111.41
G0 X113.25 Y111.179
G1 F1091 X111.68 Y117.036 E362.83956
G0 F9000 X111.91 Y117.036
G0 X123.09 Y119.961
G0 X123.32 Y119.961
G1 F1091 X122.286 Y123.82 E363.02559
G0 F9000 X122.286 Y123.29
;MESH:NONMESH
G0 F300 X122.286 Y123.29 Z8.4
G0 F9000 X117.5 Y123.59
G0 X117.5 Y123.9
;TIME_ELAPSED:479.645143
;LAYER:29
;note -- min layer time used
;TYPE:WALL-INNER
;MESH:megav4.5-pillar2.stl
G1 F1083.6 X123.4 Y123.9 E363.30031
G1 X123.4 Y111.1 E363.89634
G1 X111.6 Y111.1 E364.44579
G1 X111.6 Y123.9 E365.04182
G1 X117.5 Y123.9 E365.31654
G0 F9000 X117.5 Y124.3
;TYPE:WALL-OUTER
G1 F1083.6 X123.8 Y124.3 E365.6099
G1 X123.8 Y110.7 E366.24317
G1 X111.2 Y110.7 E366.82988
G1 X111.2 Y124.3 E367.46315
G1 X117.5 Y124.3 E367.75651
G0 F9000 X116.857 Y123.82
;TYPE:FILL
G1 F1083.6 X123.32 Y122.089 E368.06806
G0 F9000 X123.09 Y122.089
G0 X123.09 Y123.406
G0 X123.32 Y123.406
G1 F1083.6 X111.68 Y111.767 E368.83454
G0 F9000 X111.91 Y111.767
G0 X111.91 Y112.784
G0 X111.68 Y112.784
G1 F1083.6 X117.667 Y111.18 E369.12315
G0 F9000 X117.667 Y111.41
G0 X119.256 Y111.41
G0 X119.256 Y111.179
G1 F1083.6 X115.869 Y123.82 E369.73253
G0 F9000 X115.249 Y123.82
G1 F1083.6 X111.68 Y120.252 E369.96752
G0 F9000 X111.91 Y120.252
G0 X111.91 Y118.996
G0 X111.681 Y118.996
G1 F1083.6 X123.319 Y115.877 E370.52856
G0 F9000 X123.32 Y114.921
G1 F1083.6 X119.58 Y111.181 E370.77485
G0 F9000 X119.58 Y111.41
G0 X113.045 Y111.41
G0 X113.045 Y111.179
G1 F1083.6 X111.68 Y116.271 E371.02032
G0 F9000 X111.91 Y116.271
G0 X123.09 Y119.196
G0 X123.32 Y119.196
G1 F1083.6 X122.081 Y123.82 E371.24323
G0 F9000 X122.081 Y123.29
;MESH:NONMESH
G0 F300 X122.081 Y123.29 Z8.68
G0 F9000 X117.5 Y123.59
G0 X117.5 Y123.9
;TIME_ELAPSED:491.363896
;LAYER:30
;note -- min layer time used
;TYPE:WALL-INNER
;MESH:megav4.5-pillar2.stl
G1 F1076 X123.4 Y123.9 E371.51796
G1 X123.4 Y111.1 E372.11398
G1 X111.6 Y111.1 E372.66344
G1 X111.6 Y123.9 E373.25946
G1 X117.5 Y123.9 E373.53419
G0 F9000 X117.5 Y124.3
;TYPE:WALL-OUTER
G1 F1076 X123.8 Y124.3 E373.82754
G1 X123.8 Y110.7 E374.46082
G1 X111.2 Y110.7 E375.04753
G1 X111.2 Y124.3 E375.6808
G1 X117.5 Y124.3 E375.97415
G0 F9000 X117.622 Y123.82
;TYPE:FILL
G1 F1076 X123.32 Y122.294 E376.24883
G0 F9000 X123.32 Y123.126
G1 F1076 X111.68 Y111.487 E377.01531
G0 F9000 X111.91 Y111.487
G0 X112.84 Y111.41
G0 X112.84 Y111.179
G1 F1076 X111.68 Y115.507 E377.22395
G0 F9000 X111.91 Y115.507
G0 X111.91 Y112.989
G0 X111.68 Y112.989
G1 F1076 X118.432 Y111.18 E377.54944
G0 F9000 X119.051 Y111.179
G1 F1076 X115.664 Y123.82 E378.15882
G1 X115.529 Y123.82
G1 X111.68 Y119.972 E378.41225
G0 F9000 X111.681 Y119.201
G1 F1076 X123.319 Y116.082 E378.97329
G0 F9000 X123.09 Y116.082
G0 X123.09 Y114.641
G0 X123.32 Y114.641
G1 F1076 X119.86 Y111.181 E379.20114
G0 F9000 X119.86 Y111.41
G0 X123.09 Y118.431
G0 X123.32 Y118.431
G1 F1076 X121.876 Y123.82 E379.46092
G0 F9000 X121.876 Y123.29
;MESH:NONMESH
G0 F300 X121.876 Y123.29 Z8.96
G0 F9000 X117.5 Y123.59
G0 X117.5 Y123.9
;TIME_ELAPSED:502.765745
;LAYER:31
;note -- min layer time used
;TYPE:WALL-INNER
;MESH:megav4.5-pillar2.stl
G1 F1075.5 X123.4 Y123.9 E379.73565
G1 X123.4 Y111.1 E380.33167
G1 X111.6 Y111.1 E380.88113
G1 X111.6 Y123.9 E381.47715
G1 X117.5 Y123.9 E381.75188
G0 F9000 X117.5 Y124.3
;TYPE:WALL-OUTER
G1 F1075.5 X123.8 Y124.3 E382.04523
G1 X123.8 Y110.7 E382.67851
G1 X111.2 Y110.7 E383.26522
G1 X111.2 Y124.3 E383.89849
G1 X117.5 Y124.3 E384.19184
G0 F9000 X117.5 Y123.59
G0 X118.386 Y123.59
G0 X118.386 Y123.821
;TYPE:FILL
G1 F1075.5 X123.32 Y122.498 E384.42971
G0 F9000 X123.32 Y122.846
G1 F1075.5 X111.68 Y111.207 E385.19619
G0 F9000 X112.635 Y111.179
G1 F1075.5 X111.68 Y114.742 E385.36795
G0 F9000 X111.91 Y114.742
G0 X111.91 Y113.194
G0 X111.68 Y113.194
G1 F1075.5 X119.197 Y111.18 E385.73032
G0 F9000 X118.846 Y111.179
G1 F1075.5 X115.459 Y123.82 E386.3397
G0 F9000 X115.809 Y123.82
G1 F1075.5 X111.68 Y119.692 E386.61157
G0 F9000 X111.681 Y119.406
G1 F1075.5 X123.319 Y116.287 E387.17261
G0 F9000 X123.09 Y116.287
G0 X123.09 Y117.666
G0 X123.32 Y117.666
G1 F1075.5 X121.671 Y123.82 E387.46927
G0 F9000 X121.671 Y123.59
G0 X123.09 Y114.361
G0 X123.32 Y114.361
G1 F1075.5 X120.14 Y111.181 E387.67868
G0 F9000 X120.14 Y111.71
;MESH:NONMESH
G0 F300 X120.14 Y111.71 Z9.24
G0 F9000 X117.5 Y123.59
G0 X117.5 Y123.9
;TIME_ELAPSED:514.308888
;LAYER:32
;note -- min layer time used
;TYPE:WALL-INNER
;MESH:megav4.5-pillar2.stl
G1 F1082.9 X123.4 Y123.9 E387.95341
G1 X123.4 Y111.1 E388.54943
G1 X111.6 Y111.1 E389.09889
G1 X111.6 Y123.9 E389.69491
G1 X117.5 Y123.9 E389.96964
G0 F9000 X117.5 Y124.3
;TYPE:WALL-OUTER
G1 F1082.9 X123.8 Y124.3 E390.26299
G1 X123.8 Y110.7 E390.89627
G1 X111.2 Y110.7 E391.48298
G1 X111.2 Y124.3 E392.11625
G1 X117.5 Y124.3 E392.4096
G0 F9000 X117.5 Y123.59
G0 X116.089 Y123.59
G0 X116.089 Y123.82
;TYPE:FILL
G1 F1082.9 X111.68 Y119.412 E392.69991
G1 X111.681 Y119.61
G1 X123.319 Y116.492 E393.26094
G0 F9000 X123.32 Y116.902
G1 F1082.9 X121.466 Y123.82 E393.59444
G0 F9000 X121.466 Y123.59
G0 X123.09 Y122.703
G0 X123.32 Y122.703
G1 F1082.9 X119.151 Y123.821 E393.79542
G0 F9000 X119.151 Y123.59
G0 X115.254 Y123.59
G0 X115.254 Y123.82
G1 F1082.9 X118.641 Y111.18 E394.40476
G0 F9000 X118.641 Y111.41
G0 X119.962 Y111.41
G0 X119.962 Y111.18
G1 F1082.9 X111.68 Y113.399 E394.804
G0 F9000 X111.68 Y113.977
G1 F1082.9 X112.43 Y111.179 E394.93889
G0 F9000 X111.934 Y111.181
G1 F1082.9 X123.32 Y122.566 E395.68864
G0 F9000 X123.09 Y122.566
G0 X123.09 Y114.081
G0 X123.32 Y114.081
G1 F1082.9 X120.42 Y111.181 E395.87961
G0 F9000 X120.42 Y111.71
;MESH:NONMESH
G0 F300 X120.42 Y111.71 Z9.52
G0 F9000 X117.5 Y123.59
G0 X117.5 Y123.9
;TIME_ELAPSED:525.933903
;LAYER:33
;note -- min layer time used
;TYPE:WALL-INNER
;MESH:megav4.5-pillar2.stl
G1 F1072.7 X123.4 Y123.9 E396.15434
G1 X123.4 Y111.1 E396.75036
G1 X111.6 Y111.1 E397.29982
G1 X111.6 Y123.9 E397.89584
G1 X117.5 Y123.9 E398.17057
G0 F9000 X117.5 Y124.3
;TYPE:WALL-OUTER
G1 F1072.7 X123.8 Y124.3 E398.46393
G1 X123.8 Y110.7 E399.0972
G1 X111.2 Y110.7 E399.68391
G1 X111.2 Y124.3 E400.31718
G1 X117.5 Y124.3 E400.61053
G0 F9000 X117.5 Y123.59
G0 X116.369 Y123.59
G0 X116.369 Y123.82
;TYPE:FILL
G1 F1072.7 X111.68 Y119.132 E400.91928
G0 F9000 X111.681 Y119.815
G1 F1072.7 X123.319 Y116.697 E401.48031
G0 F9000 X123.32 Y116.137
G1 F1072.7 X121.261 Y123.821 E401.85073
G0 F9000 X121.261 Y123.59
G0 X119.916 Y123.59
G0 X119.916 Y123.82
G1 F1072.7 X123.32 Y122.908 E402.01482
G0 F9000 X123.32 Y122.286
G1 F1072.7 X112.214 Y111.181 E402.74614
G1 X112.224 Y111.18
G1 X111.68 Y113.212 E402.84409
G0 F9000 X111.68 Y113.604
G1 F1072.7 X120.727 Y111.18 E403.28022
G1 X120.7 Y111.181
G1 X123.32 Y113.801 E403.45275
G0 F9000 X123.09 Y113.801
G0 X118.436 Y111.41
G0 X118.436 Y111.18
G1 F1072.7 X115.049 Y123.82 E404.06208
G0 F9000 X115.049 Y123.29
;MESH:NONMESH
G0 F300 X115.049 Y123.29 Z9.8
G0 F9000 X117.5 Y123.59
G0 X117.5 Y123.9
;TIME_ELAPSED:537.091236
;LAYER:34
;note -- min layer time used
;TYPE:WALL-INNER
;MESH:megav4.5-pillar2.stl
G1 F1065.1 X123.4 Y123.9 E404.33681
G1 X123.4 Y111.1 E404.93283
G1 X111.6 Y111.1 E405.48229
G1 X111.6 Y123.9 E406.07831
G1 X117.5 Y123.9 E406.35304
G0 F9000 X117.5 Y124.3
;TYPE:WALL-OUTER
G1 F1065.1 X123.8 Y124.3 E406.64639
G1 X123.8 Y110.7 E407.27967
G1 X111.2 Y110.7 E407.86638
G1 X111.2 Y124.3 E408.49965
G1 X117.5 Y124.3 E408.793
G0 F9000 X116.649 Y123.82
;TYPE:FILL
G1 F1065.1 X111.68 Y118.852 E409.12019
G0 F9000 X111.91 Y118.852
G0 X111.91 Y120.02
G0 X111.681 Y120.02
G1 F1065.1 X123.319 Y116.902 E409.68121
G0 F9000 X123.09 Y116.902
G0 X123.09 Y115.372
G0 X123.32 Y115.372
G1 F1065.1 X121.056 Y123.821 E410.08851
G0 F9000 X120.681 Y123.82
G1 F1065.1 X123.319 Y123.114 E410.21567
G0 F9000 X123.09 Y123.114
G0 X123.09 Y122.006
G0 X123.32 Y122.006
G1 F1065.1 X112.494 Y111.181 E410.92855
G0 F9000 X112.019 Y111.18
G1 F1065.1 X111.68 Y112.446 E410.98958
G0 F9000 X111.91 Y112.446
G0 X111.91 Y113.809
G0 X111.68 Y113.809
G1 F1065.1 X121.492 Y111.18 E411.46258
G0 F9000 X120.98 Y111.181
G1 F1065.1 X123.32 Y113.521 E411.61667
G0 F9000 X123.09 Y113.521
G0 X118.231 Y111.41
G0 X118.231 Y111.18
G1 F1065.1 X114.844 Y123.821 E412.22606
G0 F9000 X114.844 Y123.29
;MESH:NONMESH
G0 F300 X114.844 Y123.29 Z10.08
G0 F9000 X117.5 Y123.59
G0 X117.5 Y123.9
;TIME_ELAPSED:548.539991
;LAYER:35
;note -- min layer time used
;TYPE:WALL-INNER
;MESH:megav4.5-pillar2.stl
G1 F1065.7 X123.4 Y123.9 E412.50078
G1 X123.4 Y111.1 E413.09681
G1 X111.6 Y111.1 E413.64626
G1 X111.6 Y123.9 E414.24228
G1 X117.5 Y123.9 E414.51701
G0 F9000 X117.5 Y124.3
;TYPE:WALL-OUTER
G1 F1065.7 X123.8 Y124.3 E414.81037
G1 X123.8 Y110.7 E415.44364
G1 X111.2 Y110.7 E416.03035
G1 X111.2 Y124.3 E416.66362
G1 X117.5 Y124.3 E416.95698
G0 F9000 X116.929 Y123.82
;TYPE:FILL
G1 F1065.7 X111.68 Y118.572 E417.3026
G0 F9000 X111.91 Y118.572
G0 X111.91 Y120.225
G0 X111.681 Y120.225
G1 F1065.7 X123.32 Y117.107 E417.86367
G0 F9000 X123.09 Y117.107
G0 X123.09 Y114.607
G0 X123.32 Y114.607
G1 F1065.7 X120.851 Y123.821 E418.30785
G0 F9000 X121.446 Y123.82
G1 F1065.7 X123.319 Y123.319 E418.39813
G0 F9000 X123.09 Y123.319
G0 X123.09 Y121.726
G0 X123.32 Y121.726
G1 F1065.7 X112.774 Y111.181 E419.09257
G0 F9000 X111.814 Y111.18
G1 F1065.7 X111.68 Y111.682 E419.11676
G0 F9000 X111.91 Y111.682
G0 X111.91 Y114.014
G0 X111.68 Y114.014
G1 F1065.7 X122.257 Y111.18 E419.62665
G0 F9000 X121.26 Y111.181
G1 F1065.7 X123.32 Y113.241 E419.7623
G0 F9000 X123.09 Y113.241
G0 X118.026 Y111.41
G0 X118.026 Y111.18
G1 F1065.7 X114.639 Y123.821 E420.37168
G0 F9000 X114.639 Y123.29
;MESH:NONMESH
G0 F300 X114.639 Y123.29 Z10.36
G0 F9000 X117.5 Y123.59
G0 X117.5 Y123.9
;TIME_ELAPSED:560.116542
;LAYER:36
;note -- min layer time used
;TYPE:WALL-INNER
;MESH:megav4.5-pillar2.stl
G1 F1068 X123.4 Y123.9 E420.64641
G1 X123.4 Y111.1 E421.24243
G1 X111.6 Y111.1 E421.79189
G1 X111.6 Y123.9 E422.38791
G1 X117.5 Y123.9 E422.66264
G0 F9000 X117.5 Y124.3
;TYPE:WALL-OUTER
G1 F1068 X123.8 Y124.3 E422.95599
G1 X123.8 Y110.7 E423.58927
G1 X111.2 Y110.7 E424.17597
G1 X111.2 Y124.3 E424.80925
G1 X117.5 Y124.3 E425.1026
G0 F9000 X117.209 Y123.82
;TYPE:FILL
G1 F1068 X111.68 Y118.292 E425.46666
G0 F9000 X111.91 Y118.292
G0 X111.91 Y120.43
G0 X111.681 Y120.43
G1 F1068 X123.32 Y117.312 E426.02773
G0 F9000 X123.09 Y117.312
G0 X123.09 Y113.842
G0 X123.32 Y113.842
G1 F1068 X120.646 Y123.821 E426.50879
G0 F9000 X120.646 Y123.59
G0 X122.211 Y123.59
G0 X122.211 Y123.82
G1 F1068 X123.319 Y123.524 E426.56219
G0 F9000 X123.09 Y123.524
G0 X123.09 Y121.446
G0 X123.32 Y121.446
G1 F1068 X113.054 Y111.181 E427.23819
G0 F9000 X113.054 Y111.41
G0 X111.91 Y114.219
G0 X111.68 Y114.219
G1 F1068 X123.022 Y111.18 E427.78495
G0 F9000 X123.022 Y111.41
G0 X121.54 Y111.41
G0 X121.54 Y111.181
G1 F1068 X123.32 Y112.961 E427.90217
G0 F9000 X123.09 Y112.961
G0 X117.821 Y111.41
G0 X117.821 Y111.18
G1 F1068 X114.434 Y123.821 E428.51155
G0 F9000 X114.434 Y123.29
;MESH:NONMESH
G0 F300 X114.434 Y123.29 Z10.64
G0 F9000 X117.5 Y123.59
G0 X117.5 Y123.9
;TIME_ELAPSED:571.780836
;LAYER:37
;note -- min layer time used
;TYPE:WALL-INNER
;MESH:megav4.5-pillar2.stl
G1 F1071.3 X123.4 Y123.9 E428.78628
G1 X123.4 Y111.1 E429.3823
G1 X111.6 Y111.1 E429.93176
G1 X111.6 Y123.9 E430.52778
G1 X117.5 Y123.9 E430.80251
G0 F9000 X117.5 Y124.3
;TYPE:WALL-OUTER
G1 F1071.3 X123.8 Y124.3 E431.09586
G1 X123.8 Y110.7 E431.72914
G1 X111.2 Y110.7 E432.31585
G1 X111.2 Y124.3 E432.94912
G1 X117.5 Y124.3 E433.24247
G0 F9000 X117.489 Y123.82
;TYPE:FILL
G1 F1071.3 X111.68 Y118.012 E433.62497
G0 F9000 X111.91 Y118.012
G0 X111.91 Y120.635
G0 X111.681 Y120.635
G1 F1071.3 X123.32 Y117.517 E434.18604
G0 F9000 X123.09 Y117.517
G0 X123.09 Y121.166
G0 X123.32 Y121.166
G1 F1071.3 X113.334 Y111.181 E434.84361
G0 F9000 X113.334 Y111.41
G0 X111.91 Y114.424
G0 X111.68 Y114.424
G1 F1071.3 X123.319 Y111.305 E435.40469
G0 F9000 X123.12 Y111.38
G0 X123.09 Y112.681
G0 X123.32 Y112.681
G1 F1071.3 X121.82 Y111.181 E435.50347
G0 F9000 X121.82 Y111.41
G0 X123.09 Y113.077
G0 X123.319 Y113.077
G1 F1071.3 X120.441 Y123.82 E436.02134
G0 F9000 X120.441 Y123.59
G0 X122.975 Y123.59
G0 X122.975 Y123.821
G1 F1071.3 X123.319 Y123.729 E436.03793
G0 F9000 X123.12 Y123.62
G0 X114.229 Y123.59
G0 X114.229 Y123.821
G1 F1071.3 X117.616 Y111.18 E436.64731
G0 F9000 X117.616 Y111.71
;MESH:NONMESH
G0 F300 X117.616 Y111.71 Z10.92
G0 F9000 X117.5 Y123.59
G0 X117.5 Y123.9
;TIME_ELAPSED:583.612657
;LAYER:38
;note -- min layer time used
;TYPE:WALL-INNER
;MESH:megav4.5-pillar2.stl
G1 F1074.6 X123.4 Y123.9 E436.92203
G1 X123.4 Y111.1 E437.51806
G1 X111.6 Y111.1 E438.06751
G1 X111.6 Y123.9 E438.66354
G1 X117.5 Y123.9 E438.93826
G0 F9000 X117.5 Y124.3
;TYPE:WALL-OUTER
G1 F1074.6 X123.8 Y124.3 E439.23162
G1 X123.8 Y110.7 E439.86489
G1 X111.2 Y110.7 E440.4516
G1 X111.2 Y124.3 E441.08487
G1 X117.5 Y124.3 E441.37823
G0 F9000 X117.769 Y123.82
;TYPE:FILL
G1 F1074.6 X111.68 Y117.732 E441.77917
G0 F9000 X111.91 Y117.732
G0 X111.91 Y114.629
G0 X111.681 Y114.629
G1 F1074.6 X123.319 Y111.51 E442.3402
G0 F9000 X123.319 Y112.312
G1 F1074.6 X120.236 Y123.82 E442.89496
G0 F9000 X120.236 Y123.59
G0 X123.09 Y120.886
G0 X123.32 Y120.886
G1 F1074.6 X113.614 Y111.181 E443.53408
G0 F9000 X113.614 Y111.41
G0 X117.411 Y111.41
G0 X117.411 Y111.18
G1 F1074.6 X114.024 Y123.821 E444.14346
G0 F9000 X114.024 Y123.59
G0 X111.91 Y120.84
G0 X111.681 Y120.84
G1 F1074.6 X123.32 Y117.722 E444.70454
G0 F9000 X123.09 Y117.722
G0 X123.09 Y112.401
G0 X123.32 Y112.401
G1 F1074.6 X122.1 Y111.181 E444.78487
G0 F9000 X122.1 Y111.71
;MESH:NONMESH
G0 F300 X122.1 Y111.71 Z11.2
G0 F9000 X117.5 Y123.59
G0 X117.5 Y123.9
;TIME_ELAPSED:595.206140
;LAYER:39
;note -- min layer time used
;TYPE:WALL-INNER
;MESH:megav4.5-pillar2.stl
G1 F1077.9 X123.4 Y123.9 E445.0596
G1 X123.4 Y111.1 E445.65563
G1 X111.6 Y111.1 E446.20508
G1 X111.6 Y123.9 E446.8011
G1 X117.5 Y123.9 E447.07583
G0 F9000 X117.5 Y124.3
;TYPE:WALL-OUTER
G1 F1077.9 X123.8 Y124.3 E447.36919
G1 X123.8 Y110.7 E448.00246
G1 X111.2 Y110.7 E448.58917
G1 X111.2 Y124.3 E449.22244
G1 X117.5 Y124.3 E449.5158
G0 F9000 X118.049 Y123.82
;TYPE:FILL
G1 F1077.9 X111.68 Y117.452 E449.93517
G0 F9000 X111.91 Y117.452
G0 X111.91 Y114.834
G0 X111.681 Y114.834
G1 F1077.9 X123.319 Y111.715 E450.49621
G1 X123.319 Y111.547
G1 X120.031 Y123.82 E451.08785
G0 F9000 X120.031 Y123.59
G0 X123.09 Y120.606
G0 X123.32 Y120.606
G1 F1077.9 X113.894 Y111.181 E451.70853
G0 F9000 X113.894 Y111.41
G0 X117.206 Y111.41
G0 X117.206 Y111.18
G1 F1077.9 X113.819 Y123.821 E452.31791
G0 F9000 X113.819 Y123.59
G0 X111.91 Y121.045
G0 X111.681 Y121.045
G1 F1077.9 X123.32 Y117.927 E452.87898
G0 F9000 X123.09 Y117.927
G0 X123.09 Y112.121
G0 X123.32 Y112.121
G1 F1077.9 X122.38 Y111.181 E452.94088
G0 F9000 X122.38 Y111.71
;MESH:NONMESH
G0 F300 X122.38 Y111.71 Z11.48
G0 F9000 X117.5 Y123.59
G0 X117.5 Y123.9
;TIME_ELAPSED:606.740635
;LAYER:40
;note -- min layer time used
;TYPE:WALL-INNER
;MESH:megav4.5-pillar2.stl
G1 F1072.7 X123.4 Y123.9 E453.21561
G1 X123.4 Y111.1 E453.81163
G1 X111.6 Y111.1 E454.36109
G1 X111.6 Y123.9 E454.95711
G1 X117.5 Y123.9 E455.23184
G0 F9000 X117.5 Y124.3
;TYPE:WALL-OUTER
G1 F1072.7 X123.8 Y124.3 E455.5252
G1 X123.8 Y110.7 E456.15847
G1 X111.2 Y110.7 E456.74518
G1 X111.2 Y124.3 E457.37845
G1 X117.5 Y124.3 E457.67181
G0 F9000 X118.329 Y123.82
;TYPE:FILL
G1 F1072.7 X111.68 Y117.172 E458.10962
G0 F9000 X111.91 Y117.172
G0 X111.91 Y115.039
G0 X111.681 Y115.039
G1 F1072.7 X123.319 Y111.92 E458.67066
G1 X123.32 Y111.841
G1 X122.66 Y111.181 E458.71412
G0 F9000 X123.213 Y111.179
G1 F1072.7 X119.826 Y123.82 E459.3235
G0 F9000 X119.826 Y123.59
G0 X123.09 Y120.326
G0 X123.32 Y120.326
G1 F1072.7 X114.174 Y111.181 E459.92575
G0 F9000 X114.174 Y111.41
G0 X117.001 Y111.41
G0 X117.001 Y111.18
G1 F1072.7 X113.614 Y123.821 E460.53513
G0 F9000 X113.614 Y123.59
G0 X111.91 Y121.251
G0 X111.68 Y121.251
G1 F1072.7 X123.32 Y118.132 E461.09626
G0 F9000 X122.79 Y118.132
;MESH:NONMESH
G0 F300 X122.79 Y118.132 Z11.76
G0 F9000 X117.5 Y123.59
G0 X117.5 Y123.9
;TIME_ELAPSED:618.028346
;LAYER:41
;note -- min layer time used
;TYPE:WALL-INNER
;MESH:megav4.5-pillar2.stl
G1 F1066.5 X123.4 Y123.9 E461.37098
G1 X123.4 Y111.1 E461.96701
G1 X111.6 Y111.1 E462.51646
G1 X111.6 Y123.9 E463.11249
G1 X117.5 Y123.9 E463.38721
G0 F9000 X117.5 Y124.3
;TYPE:WALL-OUTER
G1 F1066.5 X123.8 Y124.3 E463.68057
G1 X123.8 Y110.7 E464.31384
G1 X111.2 Y110.7 E464.90055
G1 X111.2 Y124.3 E465.53382
G1 X117.5 Y124.3 E465.82718
G0 F9000 X117.5 Y123.59
G0 X118.609 Y123.59
G0 X118.609 Y123.82
;TYPE:FILL
G1 F1066.5 X111.68 Y116.892 E466.28343
G0 F9000 X111.91 Y116.892
G0 X111.91 Y115.244
G0 X111.681 Y115.244
G1 F1066.5 X123.319 Y112.125 E466.84447
G0 F9000 X123.32 Y111.561
G1 F1066.5 X122.94 Y111.181 E466.86949
G1 X123.008 Y111.179
G1 X119.621 Y123.82 E467.47887
G0 F9000 X119.621 Y123.59
G0 X123.09 Y120.046
G0 X123.32 Y120.046
G1 F1066.5 X114.454 Y111.181 E468.06268
G0 F9000 X114.454 Y111.41
G0 X116.796 Y111.41
G0 X116.796 Y111.179
G1 F1066.5 X113.409 Y123.821 E468.67211
G0 F9000 X113.409 Y123.59
G0 X111.91 Y121.455
G0 X111.68 Y121.455
G1 F1066.5 X123.32 Y118.337 E469.23322
G0 F9000 X122.79 Y118.337
;MESH:NONMESH
G0 F300 X122.79 Y118.337 Z12.04
G0 F9000 X117.5 Y123.59
G0 X117.5 Y123.9
;TIME_ELAPSED:629.408670
;LAYER:42
;note -- min layer time used
;TYPE:WALL-INNER
;MESH:megav4.5-pillar2.stl
G1 F1064 X123.4 Y123.9 E469.50795
G1 X123.4 Y111.1 E470.10397
G1 X111.6 Y111.1 E470.65343
G1 X111.6 Y123.9 E471.24945
G1 X117.5 Y123.9 E471.52418
G0 F9000 X117.5 Y124.3
;TYPE:WALL-OUTER
G1 F1064 X123.8 Y124.3 E471.81754
G1 X123.8 Y110.7 E472.45081
G1 X111.2 Y110.7 E473.03752
G1 X111.2 Y124.3 E473.67079
G1 X117.5 Y124.3 E473.96414
G0 F9000 X117.5 Y123.59
G0 X118.889 Y123.59
G0 X118.889 Y123.82
;TYPE:FILL
G1 F1064 X111.68 Y116.612 E474.43884
G0 F9000 X111.91 Y116.612
G0 X111.91 Y115.449
G0 X111.681 Y115.449
G1 F1064 X123.319 Y112.33 E474.99987
G0 F9000 X123.09 Y112.33
G0 X123.12 Y111.38
G0 X123.32 Y111.281
G1 F1064 X123.22 Y111.181 E475.00646
G0 F9000 X122.803 Y111.179
G1 F1064 X119.416 Y123.82 E475.61584
G0 F9000 X119.416 Y123.59
G0 X123.09 Y119.766
G0 X123.32 Y119.766
G1 F1064 X114.734 Y111.181 E476.18121
G0 F9000 X114.734 Y111.41
G0 X116.591 Y111.41
G0 X116.591 Y111.179
G1 F1064 X113.204 Y123.82 E476.79059
G0 F9000 X113.204 Y123.59
G0 X111.91 Y121.66
G0 X111.68 Y121.66
G1 F1064 X123.319 Y118.542 E477.35166
G0 F9000 X122.79 Y118.542
;MESH:NONMESH
G0 F300 X122.79 Y118.542 Z12.32
G0 F9000 X117.5 Y123.59
G0 X117.5 Y123.9
;TIME_ELAPSED:640.855005
;LAYER:43
;note -- min layer time used
;TYPE:WALL-INNER
;MESH:megav4.5-pillar2.stl
G1 F1062.1 X123.4 Y123.9 E477.62639
G1 X123.4 Y111.1 E478.22241
G1 X111.6 Y111.1 E478.77187
G1 X111.6 Y123.9 E479.36789
G1 X117.5 Y123.9 E479.64262
G0 F9000 X117.5 Y124.3
;TYPE:WALL-OUTER
G1 F1062.1 X123.8 Y124.3 E479.93597
G1 X123.8 Y110.7 E480.56925
G1 X111.2 Y110.7 E481.15596
G1 X111.2 Y124.3 E481.78923
G1 X117.5 Y124.3 E482.08258
G0 F9000 X117.5 Y123.59
G0 X119.169 Y123.59
G0 X119.169 Y123.82
;TYPE:FILL
G1 F1062.1 X111.68 Y116.332 E482.57571
G0 F9000 X111.681 Y115.654
G1 F1062.1 X123.319 Y112.535 E483.13675
G0 F9000 X123.09 Y112.535
G0 X122.598 Y111.41
G0 X122.598 Y111.179
G1 F1062.1 X119.211 Y123.82 E483.74613
G0 F9000 X119.211 Y123.59
G0 X123.09 Y119.486
G0 X123.32 Y119.486
G1 F1062.1 X115.014 Y111.181 E484.29306
G0 F9000 X115.014 Y111.41
G0 X116.386 Y111.41
G0 X116.386 Y111.179
G1 F1062.1 X112.999 Y123.82 E484.90244
G0 F9000 X112.999 Y123.59
G0 X111.91 Y121.865
G0 X111.681 Y121.865
G1 F1062.1 X123.319 Y118.747 E485.46347
G0 F9000 X122.79 Y118.747
;MESH:NONMESH
G0 F300 X122.79 Y118.747 Z12.6
G0 F9000 X117.5 Y123.59
G0 X117.5 Y123.9
;TIME_ELAPSED:652.173989
;LAYER:44
;note -- min layer time used
;TYPE:WALL-INNER
;MESH:megav4.5-pillar2.stl
G1 F1062 X123.4 Y123.9 E485.7382
G1 X123.4 Y111.1 E486.33422
G1 X111.6 Y111.1 E486.88368
G1 X111.6 Y123.9 E487.4797
G1 X117.5 Y123.9 E487.75443
G0 F9000 X117.5 Y124.3
;TYPE:WALL-OUTER
G1 F1062 X123.8 Y124.3 E488.04778
G1 X123.8 Y110.7 E488.68105
G1 X111.2 Y110.7 E489.26776
G1 X111.2 Y124.3 E489.90104
G1 X117.5 Y124.3 E490.19439
G0 F9000 X117.5 Y123.59
G0 X119.006 Y123.59
G0 X119.006 Y123.82
;TYPE:FILL
G1 F1062 X122.393 Y111.179 E490.80377
G0 F9000 X122.393 Y111.41
G0 X123.09 Y112.74
G0 X123.319 Y112.74
G1 F1062 X111.681 Y115.859 E491.36481
G1 X111.68 Y116.052
G1 X119.449 Y123.82 E491.87638
G0 F9000 X119.449 Y123.59
G0 X123.09 Y119.206
G0 X123.32 Y119.206
G1 F1062 X115.294 Y111.181 E492.40487
G0 F9000 X116.181 Y111.179
G1 F1062 X112.794 Y123.82 E493.01425
G0 F9000 X112.794 Y123.59
G0 X111.91 Y122.07
G0 X111.681 Y122.07
G1 F1062 X123.319 Y118.952 E493.57528
G0 F9000 X122.79 Y118.952
;MESH:NONMESH
G0 F300 X122.79 Y118.952 Z12.88
G0 F9000 X117.5 Y123.59
G0 X117.5 Y123.9
;TIME_ELAPSED:663.368045
;LAYER:45
;note -- min layer time used
;TYPE:WALL-INNER
;MESH:megav4.5-pillar2.stl
G1 F1060.3 X123.4 Y123.9 E493.85001
G1 X123.4 Y111.1 E494.44603
G1 X111.6 Y111.1 E494.99549
G1 X111.6 Y123.9 E495.59151
G1 X117.5 Y123.9 E495.86624
G0 F9000 X117.5 Y124.3
;TYPE:WALL-OUTER
G1 F1060.3 X123.8 Y124.3 E496.15959
G1 X123.8 Y110.7 E496.79286
G1 X111.2 Y110.7 E497.37957
G1 X111.2 Y124.3 E498.01284
G1 X117.5 Y124.3 E498.3062
G0 F9000 X117.5 Y123.59
G0 X118.801 Y123.59
G0 X118.801 Y123.82
;TYPE:FILL
G1 F1060.3 X122.188 Y111.179 E498.91558
G0 F9000 X122.188 Y111.41
G0 X123.09 Y112.945
G0 X123.319 Y112.945
G1 F1060.3 X111.681 Y116.064 E499.47662
G0 F9000 X111.68 Y115.772
G1 F1060.3 X119.729 Y123.82 E500.00662
G0 F9000 X119.729 Y123.59
G0 X123.09 Y119.157
G0 X123.319 Y119.157
G1 F1060.3 X111.681 Y122.275 E500.56765
G0 F9000 X111.91 Y122.275
G0 X112.589 Y123.59
G0 X112.589 Y123.82
G1 F1060.3 X115.976 Y111.179 E501.17703
G0 F9000 X115.574 Y111.181
G1 F1060.3 X123.32 Y118.926 E501.68709
G0 F9000 X122.79 Y118.926
;MESH:NONMESH
G0 F300 X122.79 Y118.926 Z13.16
G0 F9000 X117.5 Y123.59
G0 X117.5 Y123.9
;TIME_ELAPSED:674.573978
;LAYER:46
;note -- min layer time used
;TYPE:WALL-INNER
;MESH:megav4.5-pillar2.stl
G1 F1060.5 X123.4 Y123.9 E501.96181
G1 X123.4 Y111.1 E502.55784
G1 X111.6 Y111.1 E503.10729
G1 X111.6 Y123.9 E503.70331
G1 X117.5 Y123.9 E503.97804
G0 F9000 X117.5 Y124.3
;TYPE:WALL-OUTER
G1 F1060.5 X123.8 Y124.3 E504.2714
G1 X123.8 Y110.7 E504.90467
G1 X111.2 Y110.7 E505.49138
G1 X111.2 Y124.3 E506.12465
G1 X117.5 Y124.3 E506.41801
G0 F9000 X117.5 Y123.59
G0 X118.596 Y123.59
G0 X118.596 Y123.82
;TYPE:FILL
G1 F1060.5 X121.983 Y111.179 E507.02739
G0 F9000 X121.983 Y111.41
G0 X123.09 Y113.15
G0 X123.319 Y113.15
G1 F1060.5 X111.681 Y116.269 E507.58843
G0 F9000 X111.68 Y115.492
G1 F1060.5 X120.009 Y123.82 E508.13687
G0 F9000 X120.009 Y123.59
G0 X123.09 Y119.362
G0 X123.319 Y119.362
G1 F1060.5 X111.681 Y122.48 E508.6979
G0 F9000 X111.91 Y122.48
G0 X112.384 Y123.59
G0 X112.384 Y123.82
G1 F1060.5 X115.772 Y111.179 E509.30729
G1 X115.854 Y111.181
G1 X123.32 Y118.646 E509.79891
G0 F9000 X122.79 Y118.646
;MESH:NONMESH
G0 F300 X122.79 Y118.646 Z13.44
G0 F9000 X117.5 Y123.59
G0 X117.5 Y123.9
;TIME_ELAPSED:685.747449
;LAYER:47
;note -- min layer time used
;TYPE:WALL-INNER
;MESH:megav4.5-pillar2.stl
G1 F1062.2 X123.4 Y123.9 E510.07363
G1 X123.4 Y111.1 E510.66966
G1 X111.6 Y111.1 E511.21911
G1 X111.6 Y123.9 E511.81514
G1 X117.5 Y123.9 E512.08986
G0 F9000 X117.5 Y124.3
;TYPE:WALL-OUTER
G1 F1062.2 X123.8 Y124.3 E512.38322
G1 X123.8 Y110.7 E513.01649
G1 X111.2 Y110.7 E513.6032
G1 X111.2 Y124.3 E514.23647
G1 X117.5 Y124.3 E514.52983
G0 F9000 X117.5 Y123.59
G0 X118.391 Y123.59
G0 X118.391 Y123.82
;TYPE:FILL
G1 F1062.2 X121.778 Y111.18 E515.13916
G0 F9000 X121.778 Y111.41
G0 X123.09 Y113.355
G0 X123.319 Y113.355
G1 F1062.2 X111.681 Y116.474 E515.7002
G0 F9000 X111.91 Y116.474
G0 X111.91 Y115.212
G0 X111.68 Y115.212
G1 F1062.2 X120.289 Y123.82 E516.26709
G0 F9000 X120.289 Y123.59
G0 X123.09 Y119.567
G0 X123.319 Y119.567
G1 F1062.2 X111.681 Y122.685 E516.82811
G0 F9000 X111.91 Y122.685
G0 X111.88 Y123.62
G0 X111.68 Y123.697
G1 F1062.2 X111.803 Y123.82 E516.83621
G0 F9000 X112.179 Y123.82
G1 F1062.2 X115.567 Y111.179 E517.4456
G0 F9000 X116.135 Y111.181
G1 F1062.2 X123.32 Y118.366 E517.91875
G0 F9000 X122.79 Y118.366
;MESH:NONMESH
G0 F300 X122.79 Y118.366 Z13.72
G0 F9000 X117.5 Y123.59
G0 X117.5 Y123.9
;TIME_ELAPSED:697.085549
;LAYER:48
;note -- min layer time used
;TYPE:WALL-INNER
;MESH:megav4.5-pillar2.stl
G1 F1064.8 X123.4 Y123.9 E518.19348
G1 X123.4 Y111.1 E518.7895
G1 X111.6 Y111.1 E519.33896
G1 X111.6 Y123.9 E519.93498
G1 X117.5 Y123.9 E520.20971
G0 F9000 X117.5 Y124.3
;TYPE:WALL-OUTER
G1 F1064.8 X123.8 Y124.3 E520.50306
G1 X123.8 Y110.7 E521.13633
G1 X111.2 Y110.7 E521.72304
G1 X111.2 Y124.3 E522.35632
G1 X117.5 Y124.3 E522.64967
G0 F9000 X118.186 Y123.82
;TYPE:FILL
G1 F1064.8 X121.573 Y111.18 E523.259
G0 F9000 X121.573 Y111.41
G0 X123.09 Y113.56
G0 X123.32 Y113.56
G1 F1064.8 X111.681 Y116.679 E523.82009
G0 F9000 X111.91 Y116.679
G0 X111.91 Y114.932
G0 X111.68 Y114.932
G1 F1064.8 X120.569 Y123.82 E524.40541
G0 F9000 X120.569 Y123.59
G0 X123.09 Y119.772
G0 X123.319 Y119.772
G1 F1064.8 X111.681 Y122.89 E524.96644
G0 F9000 X111.68 Y123.417
G1 F1064.8 X112.083 Y123.82 E524.99297
G1 X111.974 Y123.82
G1 X115.361 Y111.18 E525.60231
G0 F9000 X115.361 Y111.41
G0 X116.415 Y111.41
G0 X116.415 Y111.181
G1 F1064.8 X123.32 Y118.086 E526.05702
G0 F9000 X122.79 Y118.086
;MESH:NONMESH
G0 F300 X122.79 Y118.086 Z14
G0 F9000 X117.5 Y123.59
G0 X117.5 Y123.9
;TIME_ELAPSED:708.349038
;LAYER:49
;note -- min layer time used
;TYPE:WALL-INNER
;MESH:megav4.5-pillar2.stl
G1 F1067.5 X123.4 Y123.9 E526.33175
G1 X123.4 Y111.1 E526.92777
G1 X111.6 Y111.1 E527.47722
G1 X111.6 Y123.9 E528.07325
G1 X117.5 Y123.9 E528.34797
G0 F9000 X117.5 Y124.3
;TYPE:WALL-OUTER
G1 F1067.5 X123.8 Y124.3 E528.64133
G1 X123.8 Y110.7 E529.2746
G1 X111.2 Y110.7 E529.86131
G1 X111.2 Y124.3 E530.49458
G1 X117.5 Y124.3 E530.78794
G0 F9000 X117.981 Y123.821
;TYPE:FILL
G1 F1067.5 X121.368 Y111.18 E531.39732
G0 F9000 X121.368 Y111.41
G0 X123.09 Y113.765
G0 X123.32 Y113.765
G1 F1067.5 X111.681 Y116.884 E531.9584
G0 F9000 X111.91 Y116.884
G0 X111.91 Y114.652
G0 X111.68 Y114.652
G1 F1067.5 X120.849 Y123.82 E532.56216
G0 F9000 X120.849 Y123.59
G0 X123.09 Y119.977
G0 X123.319 Y119.977
G1 F1067.5 X111.681 Y123.095 E533.12319
G1 X111.68 Y123.137
G1 X112.364 Y123.82 E533.1682
G0 F9000 X111.769 Y123.82
G1 F1067.5 X115.156 Y111.18 E533.77753
G0 F9000 X115.156 Y111.41
G0 X116.695 Y111.41
G0 X116.695 Y111.181
G1 F1067.5 X123.32 Y117.806 E534.2138
G0 F9000 X122.79 Y117.806
;MESH:NONMESH
G0 F300 X122.79 Y117.806 Z14.28
G0 F9000 X117.5 Y123.59
G0 X117.5 Y123.9
;TIME_ELAPSED:719.628369
;LAYER:50
;note -- min layer time used
;TYPE:WALL-INNER
;MESH:megav4.5-pillar2.stl
G1 F1077 X123.4 Y123.9 E534.48853
G1 X123.4 Y111.1 E535.08455
G1 X111.6 Y111.1 E535.63401
G1 X111.6 Y123.9 E536.23003
G1 X117.5 Y123.9 E536.50476
G0 F9000 X117.5 Y124.3
;TYPE:WALL-OUTER
G1 F1077 X123.8 Y124.3 E536.79811
G1 X123.8 Y110.7 E537.43139
G1 X111.2 Y110.7 E538.0181
G1 X111.2 Y124.3 E538.65137
G1 X117.5 Y124.3 E538.94472
G0 F9000 X117.776 Y123.821
;TYPE:FILL
G1 F1077 X121.163 Y111.18 E539.5541
G0 F9000 X121.163 Y111.41
G0 X123.09 Y113.97
G0 X123.32 Y113.97
G1 F1077 X111.68 Y117.089 E540.11523
G0 F9000 X111.91 Y117.089
G0 X111.91 Y114.372
G0 X111.68 Y114.372
G1 F1077 X121.129 Y123.82 E540.73743
G0 F9000 X121.129 Y123.59
G0 X123.09 Y120.182
G0 X123.319 Y120.182
G1 F1077 X111.681 Y123.3 E541.29846
G1 X111.68 Y123.387
G1 X114.951 Y111.18 E541.88692
G0 F9000 X114.951 Y111.41
G0 X116.975 Y111.41
G0 X116.975 Y111.181
G1 F1077 X123.32 Y117.526 E542.30475
G0 F9000 X123.09 Y117.526
G0 X112.644 Y123.59
G0 X112.644 Y123.82
G1 F1077 X111.68 Y122.857 E542.3682
G0 F9000 X112.21 Y122.857
;MESH:NONMESH
G0 F300 X112.21 Y122.857 Z14.56
G0 F9000 X117.5 Y123.59
G0 X117.5 Y123.9
;TIME_ELAPSED:731.084829
;LAYER:51
;note -- min layer time used
;TYPE:WALL-INNER
;MESH:megav4.5-pillar2.stl
G1 F1073.5 X123.4 Y123.9 E542.64292
G1 X123.4 Y111.1 E543.23895
G1 X111.6 Y111.1 E543.7884
G1 X111.6 Y123.9 E544.38443
G1 X117.5 Y123.9 E544.65915
G0 F9000 X117.5 Y124.3
;TYPE:WALL-OUTER
G1 F1073.5 X123.8 Y124.3 E544.95251
G1 X123.8 Y110.7 E545.58578
G1 X111.2 Y110.7 E546.17249
G1 X111.2 Y124.3 E546.80576
G1 X117.5 Y124.3 E547.09912
G0 F9000 X117.571 Y123.821
;TYPE:FILL
G1 F1073.5 X120.958 Y111.18 E547.7085
G0 F9000 X120.958 Y111.41
G0 X117.255 Y111.41
G0 X117.255 Y111.181
G1 F1073.5 X123.32 Y117.246 E548.10789
G0 F9000 X123.09 Y117.246
G0 X123.09 Y114.175
G0 X123.319 Y114.175
G1 F1073.5 X111.68 Y117.294 E548.66897
G0 F9000 X111.91 Y117.294
G0 X111.91 Y114.092
G0 X111.68 Y114.092
G1 F1073.5 X121.409 Y123.82 E549.30961
G0 F9000 X121.409 Y123.59
G0 X123.09 Y120.387
G0 X123.319 Y120.387
G1 F1073.5 X111.681 Y123.505 E549.87064
G0 F9000 X111.68 Y122.622
G1 F1073.5 X114.746 Y111.18 E550.42222
G0 F9000 X114.746 Y111.41
G0 X111.91 Y122.577
G0 X111.68 Y122.577
G1 F1073.5 X112.924 Y123.82 E550.50411
G0 F9000 X112.924 Y123.29
;MESH:NONMESH
G0 F300 X112.924 Y123.29 Z14.84
G0 F9000 X117.5 Y123.59
G0 X117.5 Y123.9
;TIME_ELAPSED:742.661462
;LAYER:52
;note -- min layer time used
;TYPE:WALL-INNER
;MESH:megav4.5-pillar2.stl
G1 F1068.4 X123.4 Y123.9 E550.77884
G1 X123.4 Y111.1 E551.37486
G1 X111.6 Y111.1 E551.92431
G1 X111.6 Y123.9 E552.52034
G1 X117.5 Y123.9 E552.79506
G0 F9000 X117.5 Y124.3
;TYPE:WALL-OUTER
G1 F1068.4 X123.8 Y124.3 E553.08842
G1 X123.8 Y110.7 E553.72169
G1 X111.2 Y110.7 E554.3084
G1 X111.2 Y124.3 E554.94167
G1 X117.5 Y124.3 E555.23503
G0 F9000 X117.366 Y123.821
;TYPE:FILL
G1 F1068.4 X120.753 Y111.18 E555.84441
G0 F9000 X120.753 Y111.41
G0 X117.535 Y111.41
G0 X117.535 Y111.181
G1 F1068.4 X123.32 Y116.966 E556.22536
G0 F9000 X123.09 Y116.966
G0 X123.09 Y114.38
G0 X123.319 Y114.38
G1 F1068.4 X111.68 Y117.499 E556.78644
G0 F9000 X111.91 Y117.499
G0 X111.91 Y113.812
G0 X111.68 Y113.812
G1 F1068.4 X121.689 Y123.82 E557.44552
G0 F9000 X121.689 Y123.59
G0 X123.09 Y120.592
G0 X123.319 Y120.592
G1 F1068.4 X111.681 Y123.71 E558.00655
G0 F9000 X111.88 Y123.62
G0 X111.91 Y122.297
G0 X111.68 Y122.297
G1 F1068.4 X113.204 Y123.82 E558.10687
G0 F9000 X113.204 Y123.59
G0 X111.91 Y121.857
G0 X111.68 Y121.857
G1 F1068.4 X114.541 Y111.18 E558.62158
G0 F9000 X114.541 Y111.41
G0 X112.079 Y111.41
G0 X112.079 Y111.18
G1 F1068.4 X111.681 Y111.287 E558.64077
G0 F9000 X112.21 Y111.592
;MESH:NONMESH
G0 F300 X112.21 Y111.592 Z15.12
G0 F9000 X117.5 Y123.59
G0 X117.5 Y123.9
;TIME_ELAPSED:754.456544
;LAYER:53
;note -- min layer time used
;TYPE:WALL-INNER
;MESH:megav4.5-pillar2.stl
G1 F1073.2 X123.4 Y123.9 E558.9155
G1 X123.4 Y111.1 E559.51152
G1 X111.6 Y111.1 E560.06097
G1 X111.6 Y123.9 E560.657
G1 X117.5 Y123.9 E560.93173
G0 F9000 X117.5 Y124.3
;TYPE:WALL-OUTER
G1 F1073.2 X123.8 Y124.3 E561.22508
G1 X123.8 Y110.7 E561.85835
G1 X111.2 Y110.7 E562.44506
G1 X111.2 Y124.3 E563.07833
G1 X117.5 Y124.3 E563.37169
G0 F9000 X117.161 Y123.821
;TYPE:FILL
G1 F1073.2 X120.548 Y111.18 E563.98107
G0 F9000 X120.548 Y111.41
G0 X117.815 Y111.41
G0 X117.815 Y111.181
G1 F1073.2 X123.32 Y116.686 E564.34358
G0 F9000 X123.09 Y116.686
G0 X123.09 Y114.585
G0 X123.319 Y114.585
G1 F1073.2 X111.68 Y117.704 E564.90467
G0 F9000 X111.91 Y117.704
G0 X111.91 Y121.092
G0 X111.68 Y121.092
G1 F1073.2 X114.336 Y111.18 E565.38249
G0 F9000 X114.336 Y111.41
G0 X112.844 Y111.41
G0 X112.844 Y111.18
G1 F1073.2 X111.681 Y111.492 E565.43856
G0 F9000 X111.91 Y111.492
G0 X111.91 Y113.532
G0 X111.68 Y113.532
G1 F1073.2 X121.969 Y123.82 E566.11608
G0 F9000 X121.969 Y123.59
G0 X123.09 Y120.797
G0 X123.319 Y120.797
G1 F1073.2 X112.036 Y123.82 E566.65999
G0 F9000 X112.036 Y123.59
G0 X113.484 Y123.59
G0 X113.484 Y123.82
G1 F1073.2 X111.68 Y122.017 E566.77875
G0 F9000 X112.21 Y122.017
;MESH:NONMESH
G0 F300 X112.21 Y122.017 Z15.4
G0 F9000 X117.5 Y123.59
G0 X117.5 Y123.9
;TIME_ELAPSED:766.079818
;LAYER:54
;note -- min layer time used
;TYPE:WALL-INNER
;MESH:megav4.5-pillar2.stl
G1 F1065.4 X123.4 Y123.9 E567.05348
G1 X123.4 Y111.1 E567.6495
G1 X111.6 Y111.1 E568.19896
G1 X111.6 Y123.9 E568.79498
G1 X117.5 Y123.9 E569.06971
G0 F9000 X117.5 Y124.3
;TYPE:WALL-OUTER
G1 F1065.4 X123.8 Y124.3 E569.36307
G1 X123.8 Y110.7 E569.99634
G1 X111.2 Y110.7 E570.58305
G1 X111.2 Y124.3 E571.21632
G1 X117.5 Y124.3 E571.50968
G0 F9000 X116.956 Y123.821
;TYPE:FILL
G1 F1065.4 X120.343 Y111.179 E572.1191
G0 F9000 X120.343 Y111.41
G0 X118.095 Y111.41
G0 X118.095 Y111.181
G1 F1065.4 X123.32 Y116.406 E572.46318
G0 F9000 X123.09 Y116.406
G0 X123.09 Y114.79
G0 X123.319 Y114.79
G1 F1065.4 X111.68 Y117.909 E573.02426
G0 F9000 X111.91 Y117.909
G0 X111.91 Y120.327
G0 X111.68 Y120.327
G1 F1065.4 X114.131 Y111.18 E573.46521
G0 F9000 X113.609 Y111.18
G1 F1065.4 X111.681 Y111.697 E573.55816
G0 F9000 X111.91 Y111.697
G0 X111.91 Y113.252
G0 X111.68 Y113.252
G1 F1065.4 X122.249 Y123.82 E574.25411
G0 F9000 X123.168 Y123.82
G1 F1065.4 X123.32 Y123.252 E574.28149
G0 F9000 X123.09 Y123.252
G0 X123.09 Y121.002
G0 X123.32 Y121.002
G1 F1065.4 X112.801 Y123.82 E574.78857
G0 F9000 X113.764 Y123.82
G1 F1065.4 X111.68 Y121.737 E574.92577
G0 F9000 X112.21 Y121.737
;MESH:NONMESH
G0 F300 X112.21 Y121.737 Z15.68
G0 F9000 X117.5 Y123.59
G0 X117.5 Y123.9
;TIME_ELAPSED:777.653880
;LAYER:55
;note -- min layer time used
;TYPE:WALL-INNER
;MESH:megav4.5-pillar2.stl
G1 F1064.9 X123.4 Y123.9 E575.2005
G1 X123.4 Y111.1 E575.79652
G1 X111.6 Y111.1 E576.34598
G1 X111.6 Y123.9 E576.942
G1 X117.5 Y123.9 E577.21673
G0 F9000 X117.5 Y124.3
;TYPE:WALL-OUTER
G1 F1064.9 X123.8 Y124.3 E577.51008
G1 X123.8 Y110.7 E578.14336
G1 X111.2 Y110.7 E578.73007
G1 X111.2 Y124.3 E579.36334
G1 X117.5 Y124.3 E579.65669
G0 F9000 X116.751 Y123.82
;TYPE:FILL
G1 F1064.9 X120.138 Y111.179 E580.26607
G0 F9000 X120.138 Y111.41
G0 X118.375 Y111.41
G0 X118.375 Y111.181
G1 F1064.9 X123.32 Y116.126 E580.59171
G0 F9000 X123.09 Y116.126
G0 X123.09 Y114.995
G0 X123.319 Y114.995
G1 F1064.9 X111.68 Y118.114 E581.15279
G0 F9000 X111.91 Y118.114
G0 X111.91 Y119.563
G0 X111.68 Y119.563
G1 F1064.9 X113.927 Y111.18 E581.55692
G0 F9000 X114.374 Y111.18
G1 F1064.9 X111.681 Y111.902 E581.68675
G0 F9000 X111.91 Y111.902
G0 X111.91 Y112.972
G0 X111.68 Y112.972
G1 F1064.9 X122.529 Y123.82 E582.40114
G0 F9000 X122.963 Y123.82
G1 F1064.9 X123.32 Y122.487 E582.4654
G0 F9000 X123.09 Y122.487
G0 X123.09 Y121.207
G0 X123.32 Y121.207
G1 F1064.9 X113.565 Y123.82 E582.93564
G0 F9000 X114.044 Y123.82
G1 F1064.9 X111.68 Y121.457 E583.09128
G0 F9000 X112.21 Y121.457
;MESH:NONMESH
G0 F300 X112.21 Y121.457 Z15.96
G0 F9000 X117.5 Y123.59
G0 X117.5 Y123.9
;TIME_ELAPSED:789.097340
;LAYER:56
;note -- min layer time used
;TYPE:WALL-INNER
;MESH:megav4.5-pillar2.stl
G1 F1065 X123.4 Y123.9 E583.36601
G1 X123.4 Y111.1 E583.96203
G1 X111.6 Y111.1 E584.51149
G1 X111.6 Y123.9 E585.10751
G1 X117.5 Y123.9 E585.38224
G0 F9000 X117.5 Y124.3
;TYPE:WALL-OUTER
G1 F1065 X123.8 Y124.3 E585.6756
G1 X123.8 Y110.7 E586.30887
G1 X111.2 Y110.7 E586.89558
G1 X111.2 Y124.3 E587.52885
G1 X117.5 Y124.3 E587.8222
G0 F9000 X117.5 Y123.59
G0 X116.546 Y123.59
G0 X116.546 Y123.82
;TYPE:FILL
G1 F1065 X119.933 Y111.179 E588.43158
G0 F9000 X119.933 Y111.41
G0 X118.655 Y111.41
G0 X118.655 Y111.181
G1 F1065 X123.32 Y115.846 E588.73878
G0 F9000 X123.319 Y115.2
G1 F1065 X111.681 Y118.319 E589.29982
G0 F9000 X111.68 Y118.798
G1 F1065 X113.722 Y111.18 E589.66707
G0 F9000 X113.722 Y111.41
G0 X115.139 Y111.41
G0 X115.139 Y111.18
G1 F1065 X111.681 Y112.107 E589.83377
G0 F9000 X111.68 Y112.692
G1 F1065 X122.809 Y123.82 E590.5666
G1 X122.758 Y123.82
G1 X123.32 Y121.722 E590.66774
G0 F9000 X123.32 Y121.412
G1 F1065 X114.33 Y123.82 E591.10111
G1 X114.324 Y123.82
G1 X111.68 Y121.177 E591.27519
G0 F9000 X112.21 Y121.177
;MESH:NONMESH
G0 F300 X112.21 Y121.177 Z16.24
G0 F9000 X117.5 Y123.59
G0 X117.5 Y123.9
;TIME_ELAPSED:800.285689
;LAYER:57
;note -- min layer time used
;TYPE:WALL-INNER
;MESH:megav4.5-pillar2.stl
G1 F1071.3 X123.4 Y123.9 E591.54992
G1 X123.4 Y111.1 E592.14594
G1 X111.6 Y111.1 E592.6954
G1 X111.6 Y123.9 E593.29142
G1 X117.5 Y123.9 E593.56615
G0 F9000 X117.5 Y124.3
;TYPE:WALL-OUTER
G1 F1071.3 X123.8 Y124.3 E593.8595
G1 X123.8 Y110.7 E594.49277
G1 X111.2 Y110.7 E595.07948
G1 X111.2 Y124.3 E595.71276
G1 X117.5 Y124.3 E596.00611
G0 F9000 X117.5 Y123.59
G0 X116.341 Y123.59
G0 X116.341 Y123.82
;TYPE:FILL
G1 F1071.3 X119.728 Y111.179 E596.61549
G0 F9000 X118.935 Y111.181
G1 F1071.3 X123.32 Y115.566 E596.90425
G1 X123.319 Y115.405
G1 X111.681 Y118.524 E597.46529
G0 F9000 X111.68 Y118.033
G1 F1071.3 X113.517 Y111.18 E597.79566
G0 F9000 X113.517 Y111.41
G0 X111.91 Y112.312
G0 X111.681 Y112.312
G1 F1071.3 X115.904 Y111.18 E597.99924
G0 F9000 X115.904 Y111.41
G0 X111.91 Y112.412
G0 X111.68 Y112.412
G1 F1071.3 X123.089 Y123.82 E598.75051
G0 F9000 X122.553 Y123.82
G1 F1071.3 X123.32 Y120.958 E598.88848
G0 F9000 X123.32 Y121.616
G1 F1071.3 X115.095 Y123.82 E599.28498
G0 F9000 X114.604 Y123.82
G1 F1071.3 X111.68 Y120.897 E599.4775
G0 F9000 X112.21 Y120.897
;MESH:NONMESH
G0 F300 X112.21 Y120.897 Z16.52
G0 F9000 X117.5 Y123.59
G0 X117.5 Y123.9
;TIME_ELAPSED:811.608910
;LAYER:58
;note -- min layer time used
;TYPE:WALL-INNER
;MESH:megav4.5-pillar2.stl
G1 F1077.9 X123.4 Y123.9 E599.75223
G1 X123.4 Y111.1 E600.34825
G1 X111.6 Y111.1 E600.89771
G1 X111.6 Y123.9 E601.49373
G1 X117.5 Y123.9 E601.76846
G0 F9000 X117.5 Y124.3
;TYPE:WALL-OUTER
G1 F1077.9 X123.8 Y124.3 E602.06181
G1 X123.8 Y110.7 E602.69508
G1 X111.2 Y110.7 E603.28179
G1 X111.2 Y124.3 E603.91507
G1 X117.5 Y124.3 E604.20842
G0 F9000 X117.5 Y123.59
G0 X116.136 Y123.59
G0 X116.136 Y123.82
;TYPE:FILL
G1 F1077.9 X119.523 Y111.179 E604.8178
G0 F9000 X119.215 Y111.181
G1 F1077.9 X123.32 Y115.286 E605.08812
G0 F9000 X123.319 Y115.61
G1 F1077.9 X111.681 Y118.729 E605.64916
G0 F9000 X111.91 Y118.729
G0 X111.91 Y117.268
G0 X111.68 Y117.268
G1 F1077.9 X113.312 Y111.18 E605.94265
G0 F9000 X113.312 Y111.41
G0 X111.91 Y112.132
G0 X111.68 Y112.132
G1 F1077.9 X123.32 Y123.771 E606.70913
G0 F9000 X122.348 Y123.82
G1 F1077.9 X123.32 Y120.193 E606.88398
G0 F9000 X123.09 Y120.193
G0 X123.09 Y121.821
G0 X123.32 Y121.821
G1 F1077.9 X115.86 Y123.82 E607.2436
G0 F9000 X114.884 Y123.82
G1 F1077.9 X111.68 Y120.617 E607.45456
G0 F9000 X111.91 Y120.617
G0 X111.91 Y112.517
G0 X111.681 Y112.517
G1 F1077.9 X116.669 Y111.18 E607.69502
G0 F9000 X116.669 Y111.71
;MESH:NONMESH
G0 F300 X116.669 Y111.71 Z16.8
G0 F9000 X117.5 Y123.59
G0 X117.5 Y123.9
;TIME_ELAPSED:823.268945
;LAYER:59
;note -- min layer time used
;TYPE:WALL-INNER
;MESH:megav4.5-pillar2.stl
G1 F1089.1 X123.4 Y123.9 E607.96975
G1 X123.4 Y111.1 E608.56577
G1 X111.6 Y111.1 E609.11523
G1 X111.6 Y123.9 E609.71125
G1 X117.5 Y123.9 E609.98598
G0 F9000 X117.5 Y124.3
;TYPE:WALL-OUTER
G1 F1089.1 X123.8 Y124.3 E610.27933
G1 X123.8 Y110.7 E610.91261
G1 X111.2 Y110.7 E611.49932
G1 X111.2 Y124.3 E612.13259
G1 X117.5 Y124.3 E612.42594
G0 F9000 X116.625 Y123.82
;TYPE:FILL
G1 F1089.1 X123.32 Y122.026 E612.74869
G0 F9000 X123.09 Y122.026
G0 X123.09 Y123.491
G0 X123.32 Y123.491
G1 F1089.1 X111.68 Y111.852 E613.51517
G0 F9000 X111.681 Y112.722
G1 F1089.1 X117.435 Y111.18 E613.79255
G0 F9000 X117.435 Y111.41
G0 X119.318 Y111.41
G0 X119.318 Y111.179
G1 F1089.1 X115.931 Y123.82 E614.40193
G0 F9000 X115.164 Y123.82
G1 F1089.1 X111.68 Y120.337 E614.63133
G0 F9000 X111.91 Y120.337
G0 X111.91 Y118.933
G0 X111.681 Y118.933
G1 F1089.1 X123.319 Y115.815 E615.19236
G0 F9000 X123.32 Y115.006
G1 F1089.1 X119.495 Y111.181 E615.44424
G0 F9000 X119.495 Y111.41
G0 X113.107 Y111.41
G0 X113.107 Y111.18
G1 F1089.1 X111.68 Y116.503 E615.70085
G0 F9000 X111.91 Y116.503
G0 X123.09 Y119.428
G0 X123.32 Y119.428
G1 F1089.1 X122.143 Y123.82 E615.91258
G0 F9000 X122.143 Y123.29
;MESH:NONMESH
G0 F300 X122.143 Y123.29 Z17.08
G0 F9000 X117.5 Y123.59
G0 X117.5 Y123.9
;TIME_ELAPSED:834.917834
;LAYER:60
;note -- min layer time used
;TYPE:WALL-INNER
;MESH:megav4.5-pillar2.stl
G1 F1076.2 X123.4 Y123.9 E616.18731
G1 X123.4 Y111.1 E616.78333
G1 X111.6 Y111.1 E617.33279
G1 X111.6 Y123.9 E617.92881
G1 X117.5 Y123.9 E618.20354
G0 F9000 X117.5 Y124.3
;TYPE:WALL-OUTER
G1 F1076.2 X123.8 Y124.3 E618.49689
G1 X123.8 Y110.7 E619.13016
G1 X111.2 Y110.7 E619.71687
G1 X111.2 Y124.3 E620.35014
G1 X117.5 Y124.3 E620.6435
G0 F9000 X117.39 Y123.82
;TYPE:FILL
G1 F1076.2 X123.32 Y122.231 E620.92937
G0 F9000 X123.32 Y123.211
G1 F1076.2 X111.68 Y111.572 E621.69585
G0 F9000 X111.91 Y111.572
G0 X112.902 Y111.41
G0 X112.902 Y111.179
G1 F1076.2 X111.68 Y115.739 E621.91567
G0 F9000 X111.91 Y115.739
G0 X111.91 Y112.927
G0 X111.681 Y112.927
G1 F1076.2 X118.2 Y111.18 E622.22993
G0 F9000 X119.113 Y111.179
G1 F1076.2 X115.726 Y123.82 E622.83932
G0 F9000 X115.444 Y123.82
G1 F1076.2 X111.68 Y120.057 E623.08715
G0 F9000 X111.681 Y119.138
G1 F1076.2 X123.319 Y116.02 E623.64817
G0 F9000 X123.09 Y116.02
G0 X123.09 Y114.726
G0 X123.32 Y114.726
G1 F1076.2 X119.775 Y111.181 E623.88162
G0 F9000 X119.775 Y111.41
G0 X123.09 Y118.663
G0 X123.32 Y118.663
G1 F1076.2 X121.938 Y123.82 E624.13022
G0 F9000 X121.938 Y123.29
;MESH:NONMESH
G0 F300 X121.938 Y123.29 Z17.36
G0 F9000 X117.5 Y123.59
G0 X117.5 Y123.9
;TIME_ELAPSED:846.388729
;LAYER:61
;note -- min layer time used
;TYPE:WALL-INNER
;MESH:megav4.5-pillar2.stl
G1 F1075.6 X123.4 Y123.9 E624.40495
G1 X123.4 Y111.1 E625.00097
G1 X111.6 Y111.1 E625.55043
G1 X111.6 Y123.9 E626.14645
G1 X117.5 Y123.9 E626.42118
G0 F9000 X117.5 Y124.3
;TYPE:WALL-OUTER
G1 F1075.6 X123.8 Y124.3 E626.71454
G1 X123.8 Y110.7 E627.34781
G1 X111.2 Y110.7 E627.93452
G1 X111.2 Y124.3 E628.56779
G1 X117.5 Y124.3 E628.86114
G0 F9000 X118.154 Y123.821
;TYPE:FILL
G1 F1075.6 X123.32 Y122.436 E629.11019
G0 F9000 X123.32 Y122.931
G1 F1075.6 X111.68 Y111.292 E629.87667
G0 F9000 X111.88 Y111.38
G0 X112.697 Y111.41
G0 X112.697 Y111.179
G1 F1075.6 X111.68 Y114.974 E630.05962
G0 F9000 X111.91 Y114.974
G0 X111.91 Y113.132
G0 X111.68 Y113.132
G1 F1075.6 X118.965 Y111.18 E630.4108
G1 X118.908 Y111.179
G1 X115.521 Y123.82 E631.02018
G0 F9000 X115.724 Y123.82
G1 F1075.6 X111.68 Y119.777 E631.28646
G0 F9000 X111.681 Y119.343
G1 F1075.6 X123.319 Y116.225 E631.84748
G0 F9000 X123.09 Y116.225
G0 X123.09 Y117.898
G0 X123.32 Y117.898
G1 F1075.6 X121.733 Y123.82 E632.13296
G0 F9000 X121.733 Y123.59
G0 X123.09 Y114.446
G0 X123.32 Y114.446
G1 F1075.6 X120.055 Y111.181 E632.34797
G0 F9000 X120.055 Y111.71
;MESH:NONMESH
G0 F300 X120.055 Y111.71 Z17.64
G0 F9000 X117.5 Y123.59
G0 X117.5 Y123.9
;TIME_ELAPSED:857.867582
;LAYER:62
;note -- min layer time used
;TYPE:WALL-INNER
;MESH:megav4.5-pillar2.stl
G1 F1078.6 X123.4 Y123.9 E632.6227
G1 X123.4 Y111.1 E633.21872
G1 X111.6 Y111.1 E633.76818
G1 X111.6 Y123.9 E634.3642
G1 X117.5 Y123.9 E634.63893
G0 F9000 X117.5 Y124.3
;TYPE:WALL-OUTER
G1 F1078.6 X123.8 Y124.3 E634.93228
G1 X123.8 Y110.7 E635.56556
G1 X111.2 Y110.7 E636.15227
G1 X111.2 Y124.3 E636.78554
G1 X117.5 Y124.3 E637.07889
G0 F9000 X117.5 Y123.59
G0 X118.919 Y123.59
G0 X118.919 Y123.821
;TYPE:FILL
G1 F1078.6 X123.32 Y122.641 E637.29106
G1 X123.32 Y122.651
G1 X111.849 Y111.181 E638.04641
G0 F9000 X112.492 Y111.179
G1 F1078.6 X111.68 Y114.208 E638.19243
G0 F9000 X111.68 Y113.337
G1 F1078.6 X119.73 Y111.18 E638.5805
G0 F9000 X120.335 Y111.181
G1 F1078.6 X123.32 Y114.166 E638.77707
G0 F9000 X123.09 Y114.166
G0 X123.09 Y116.43
G0 X123.319 Y116.43
G1 F1078.6 X111.681 Y119.548 E639.33809
G1 X111.68 Y119.497
G1 X116.004 Y123.82 E639.6228
G0 F9000 X115.316 Y123.82
G1 F1078.6 X118.703 Y111.179 E640.23218
G0 F9000 X118.703 Y111.41
G0 X123.09 Y117.134
G0 X123.32 Y117.134
G1 F1078.6 X121.528 Y123.82 E640.5545
G0 F9000 X121.528 Y123.29
;MESH:NONMESH
G0 F300 X121.528 Y123.29 Z17.92
G0 F9000 X117.5 Y123.59
G0 X117.5 Y123.9
;TIME_ELAPSED:869.150651
;LAYER:63
;note -- min layer time used
;TYPE:WALL-INNER
;MESH:megav4.5-pillar2.stl
G1 F1068.9 X123.4 Y123.9 E640.82923
G1 X123.4 Y111.1 E641.42525
G1 X111.6 Y111.1 E641.97471
G1 X111.6 Y123.9 E642.57073
G1 X117.5 Y123.9 E642.84546
G0 F9000 X117.5 Y124.3
;TYPE:WALL-OUTER
G1 F1068.9 X123.8 Y124.3 E643.13881
G1 X123.8 Y110.7 E643.77208
G1 X111.2 Y110.7 E644.35879
G1 X111.2 Y124.3 E644.99207
G1 X117.5 Y124.3 E645.28542
G0 F9000 X117.5 Y123.59
G0 X116.284 Y123.59
G0 X116.284 Y123.82
;TYPE:FILL
G1 F1068.9 X111.68 Y119.217 E645.58857
G0 F9000 X111.681 Y119.753
G1 F1068.9 X123.319 Y116.635 E646.1496
G0 F9000 X123.32 Y116.369
G1 F1068.9 X121.323 Y123.82 E646.50879
G0 F9000 X121.323 Y123.59
G0 X119.684 Y123.59
G0 X119.684 Y123.821
G1 F1068.9 X123.32 Y122.846 E646.68408
G0 F9000 X123.32 Y122.371
G1 F1068.9 X112.129 Y111.181 E647.42099
G1 X112.287 Y111.179
G1 X111.68 Y113.443 E647.53014
G1 X111.68 Y113.542
G1 X120.495 Y111.18 E647.95508
G1 X120.615 Y111.181
G1 X123.32 Y113.886 E648.13321
G0 F9000 X123.09 Y113.886
G0 X118.498 Y111.41
G0 X118.498 Y111.18
G1 F1068.9 X115.111 Y123.82 E648.74254
G0 F9000 X115.111 Y123.29
;MESH:NONMESH
G0 F300 X115.111 Y123.29 Z18.2
G0 F9000 X117.5 Y123.59
G0 X117.5 Y123.9
;TIME_ELAPSED:880.291323
;LAYER:64
;note -- min layer time used
;TYPE:WALL-INNER
;MESH:megav4.5-pillar2.stl
G1 F1065.5 X123.4 Y123.9 E649.01727
G1 X123.4 Y111.1 E649.6133
G1 X111.6 Y111.1 E650.16275
G1 X111.6 Y123.9 E650.75877
G1 X117.5 Y123.9 E651.0335
G0 F9000 X117.5 Y124.3
;TYPE:WALL-OUTER
G1 F1065.5 X123.8 Y124.3 E651.32686
G1 X123.8 Y110.7 E651.96013
G1 X111.2 Y110.7 E652.54684
G1 X111.2 Y124.3 E653.18011
G1 X117.5 Y124.3 E653.47347
G0 F9000 X117.5 Y123.59
G0 X116.564 Y123.59
G0 X116.564 Y123.82
;TYPE:FILL
G1 F1065.5 X111.68 Y118.937 E653.79505
G0 F9000 X111.91 Y118.937
G0 X111.91 Y119.958
G0 X111.681 Y119.958
G1 F1065.5 X123.319 Y116.84 E654.35608
G0 F9000 X123.09 Y116.84
G0 X123.09 Y115.604
G0 X123.32 Y115.604
G1 F1065.5 X121.118 Y123.821 E654.7522
G0 F9000 X120.449 Y123.821
G1 F1065.5 X123.32 Y123.051 E654.89061
G0 F9000 X123.32 Y122.091
G1 F1065.5 X112.409 Y111.181 E655.60908
G0 F9000 X112.082 Y111.18
G1 F1065.5 X111.68 Y112.678 E655.6813
G0 F9000 X111.91 Y112.678
G0 X111.91 Y113.747
G0 X111.68 Y113.747
G1 F1065.5 X121.26 Y111.18 E656.14313
G0 F9000 X120.895 Y111.181
G1 F1065.5 X123.32 Y113.606 E656.30282
G0 F9000 X123.09 Y113.606
G0 X118.293 Y111.41
G0 X118.293 Y111.18
G1 F1065.5 X114.906 Y123.82 E656.91215
G0 F9000 X114.906 Y123.29
;MESH:NONMESH
G0 F300 X114.906 Y123.29 Z18.48
G0 F9000 X117.5 Y123.59
G0 X117.5 Y123.9
;TIME_ELAPSED:891.727498
;LAYER:65
;note -- min layer time used
;TYPE:WALL-INNER
;MESH:megav4.5-pillar2.stl
G1 F1065.4 X123.4 Y123.9 E657.18688
G1 X123.4 Y111.1 E657.7829
G1 X111.6 Y111.1 E658.33236
G1 X111.6 Y123.9 E658.92838
G1 X117.5 Y123.9 E659.20311
G0 F9000 X117.5 Y124.3
;TYPE:WALL-OUTER
G1 F1065.4 X123.8 Y124.3 E659.49646
G1 X123.8 Y110.7 E660.12974
G1 X111.2 Y110.7 E660.71645
G1 X111.2 Y124.3 E661.34972
G1 X117.5 Y124.3 E661.64307
G0 F9000 X116.844 Y123.82
;TYPE:FILL
G1 F1065.4 X111.68 Y118.657 E661.9831
G0 F9000 X111.91 Y118.657
G0 X111.91 Y120.163
G0 X111.681 Y120.163
G1 F1065.4 X123.319 Y117.045 E662.54412
G0 F9000 X123.09 Y117.045
G0 X123.09 Y114.838
G0 X123.32 Y114.838
G1 F1065.4 X120.913 Y123.821 E662.97717
G0 F9000 X121.214 Y123.82
G1 F1065.4 X123.32 Y123.256 E663.07869
G0 F9000 X123.09 Y123.256
G0 X123.09 Y121.811
G0 X123.32 Y121.811
G1 F1065.4 X112.689 Y111.181 E663.77872
G0 F9000 X111.877 Y111.18
G1 F1065.4 X111.68 Y111.913 E663.81407
G0 F9000 X111.91 Y111.913
G0 X111.91 Y113.952
G0 X111.68 Y113.952
G1 F1065.4 X122.025 Y111.18 E664.31277
G0 F9000 X121.175 Y111.181
G1 F1065.4 X123.32 Y113.326 E664.45402
G0 F9000 X123.09 Y113.326
G0 X118.088 Y111.41
G0 X118.088 Y111.18
G1 F1065.4 X114.701 Y123.821 E665.0634
G0 F9000 X114.701 Y123.29
;MESH:NONMESH
G0 F300 X114.701 Y123.29 Z18.76
G0 F9000 X117.5 Y123.59
G0 X117.5 Y123.9
;TIME_ELAPSED:903.256200
;LAYER:66
;note -- min layer time used
;TYPE:WALL-INNER
;MESH:megav4.5-pillar2.stl
G1 F1066.4 X123.4 Y123.9 E665.33813
G1 X123.4 Y111.1 E665.93415
G1 X111.6 Y111.1 E666.48361
G1 X111.6 Y123.9 E667.07963
G1 X117.5 Y123.9 E667.35436
G0 F9000 X117.5 Y124.3
;TYPE:WALL-OUTER
G1 F1066.4 X123.8 Y124.3 E667.64771
G1 X123.8 Y110.7 E668.28098
G1 X111.2 Y110.7 E668.86769
G1 X111.2 Y124.3 E669.50097
G1 X117.5 Y124.3 E669.79432
G0 F9000 X117.124 Y123.82
;TYPE:FILL
G1 F1066.4 X111.68 Y118.377 E670.15278
G0 F9000 X111.91 Y118.377
G0 X111.91 Y120.368
G0 X111.681 Y120.368
G1 F1066.4 X123.319 Y117.25 E670.71381
G0 F9000 X123.09 Y117.25
G0 X123.09 Y114.073
G0 X123.32 Y114.073
G1 F1066.4 X120.708 Y123.821 E671.18373
G0 F9000 X120.708 Y123.59
G0 X121.979 Y123.59
G0 X121.979 Y123.82
G1 F1066.4 X123.319 Y123.461 E671.24833
G0 F9000 X123.09 Y123.461
G0 X123.09 Y121.531
G0 X123.32 Y121.531
G1 F1066.4 X112.97 Y111.181 E671.92989
G0 F9000 X112.97 Y111.41
G0 X111.91 Y114.157
G0 X111.68 Y114.157
G1 F1066.4 X122.79 Y111.18 E672.46547
G0 F9000 X122.79 Y111.41
G0 X121.455 Y111.41
G0 X121.455 Y111.181
G1 F1066.4 X123.32 Y113.046 E672.58828
G0 F9000 X123.09 Y113.046
G0 X117.883 Y111.41
G0 X117.883 Y111.18
G1 F1066.4 X114.496 Y123.821 E673.19766
G0 F9000 X114.496 Y123.29
;MESH:NONMESH
G0 F300 X114.496 Y123.29 Z19.04
G0 F9000 X117.5 Y123.59
G0 X117.5 Y123.9
;TIME_ELAPSED:914.893710
;LAYER:67
;note -- min layer time used
;TYPE:WALL-INNER
;MESH:megav4.5-pillar2.stl
G1 F1071.9 X123.4 Y123.9 E673.47239
G1 X123.4 Y111.1 E674.06841
G1 X111.6 Y111.1 E674.61787
G1 X111.6 Y123.9 E675.21389
G1 X117.5 Y123.9 E675.48862
G0 F9000 X117.5 Y124.3
;TYPE:WALL-OUTER
G1 F1071.9 X123.8 Y124.3 E675.78198
G1 X123.8 Y110.7 E676.41525
G1 X111.2 Y110.7 E677.00196
G1 X111.2 Y124.3 E677.63523
G1 X117.5 Y124.3 E677.92858
G0 F9000 X117.404 Y123.82
;TYPE:FILL
G1 F1071.9 X111.68 Y118.097 E678.30549
G0 F9000 X111.91 Y118.097
G0 X111.91 Y120.573
G0 X111.681 Y120.573
G1 F1071.9 X123.32 Y117.455 E678.86656
G0 F9000 X123.09 Y117.455
G0 X123.09 Y121.251
G0 X123.32 Y121.251
G1 F1071.9 X113.25 Y111.181 E679.52968
G0 F9000 X113.25 Y111.41
G0 X111.91 Y114.362
G0 X111.68 Y114.362
G1 F1071.9 X123.319 Y111.243 E680.09077
G0 F9000 X123.12 Y111.38
G0 X123.09 Y112.766
G0 X123.32 Y112.766
G1 F1071.9 X121.735 Y111.181 E680.19514
G0 F9000 X121.735 Y111.41
G0 X123.09 Y113.308
G0 X123.32 Y113.308
G1 F1071.9 X120.503 Y123.821 E680.70194
G0 F9000 X120.503 Y123.59
G0 X122.745 Y123.59
G0 X122.745 Y123.82
G1 F1071.9 X123.319 Y123.666 E680.72961
G0 F9000 X123.09 Y123.666
G0 X114.291 Y123.59
G0 X114.291 Y123.821
G1 F1071.9 X117.678 Y111.18 E681.33899
G0 F9000 X117.678 Y111.71
;MESH:NONMESH
G0 F300 X117.678 Y111.71 Z19.32
G0 F9000 X117.5 Y123.59
G0 X117.5 Y123.9
;TIME_ELAPSED:926.724802
;LAYER:68
;note -- min layer time used
;TYPE:WALL-INNER
;MESH:megav4.5-pillar2.stl
G1 F1072.9 X123.4 Y123.9 E681.61372
G1 X123.4 Y111.1 E682.20975
G1 X111.6 Y111.1 E682.7592
G1 X111.6 Y123.9 E683.35522
G1 X117.5 Y123.9 E683.62995
G0 F9000 X117.5 Y124.3
;TYPE:WALL-OUTER
G1 F1072.9 X123.8 Y124.3 E683.92331
G1 X123.8 Y110.7 E684.55658
G1 X111.2 Y110.7 E685.14329
G1 X111.2 Y124.3 E685.77656
G1 X117.5 Y124.3 E686.06992
G0 F9000 X117.684 Y123.82
;TYPE:FILL
G1 F1072.9 X111.68 Y117.817 E686.46526
G0 F9000 X111.91 Y117.817
G0 X111.91 Y120.778
G0 X111.681 Y120.778
G1 F1072.9 X123.32 Y117.66 E687.02633
G0 F9000 X123.09 Y117.66
G0 X123.09 Y120.971
G0 X123.32 Y120.971
G1 F1072.9 X113.53 Y111.181 E687.67102
G0 F9000 X113.53 Y111.41
G0 X111.91 Y114.567
G0 X111.68 Y114.567
G1 F1072.9 X123.319 Y111.448 E688.2321
G0 F9000 X123.09 Y111.448
G0 X123.09 Y112.486
G0 X123.32 Y112.486
G1 F1072.9 X122.015 Y111.181 E688.31804
G0 F9000 X122.015 Y111.41
G0 X123.09 Y112.544
G0 X123.319 Y112.544
G1 F1072.9 X120.298 Y123.82 E688.86161
G0 F9000 X120.298 Y123.59
G0 X114.086 Y123.59
G0 X114.086 Y123.821
G1 F1072.9 X117.473 Y111.18 E689.47099
G0 F9000 X117.473 Y111.71
;MESH:NONMESH
G0 F300 X117.473 Y111.71 Z19.6
G0 F9000 X117.5 Y123.59
G0 X117.5 Y123.9
;TIME_ELAPSED:938.314135
;LAYER:69
;note -- min layer time used
;TYPE:WALL-INNER
;MESH:megav4.5-pillar2.stl
G1 F1076.4 X123.4 Y123.9 E689.74572
G1 X123.4 Y111.1 E690.34174
G1 X111.6 Y111.1 E690.8912
G1 X111.6 Y123.9 E691.48722
G1 X117.5 Y123.9 E691.76195
G0 F9000 X117.5 Y124.3
;TYPE:WALL-OUTER
G1 F1076.4 X123.8 Y124.3 E692.0553
G1 X123.8 Y110.7 E692.68858
G1 X111.2 Y110.7 E693.27529
G1 X111.2 Y124.3 E693.90856
G1 X117.5 Y124.3 E694.20191
G0 F9000 X117.964 Y123.82
;TYPE:FILL
G1 F1076.4 X111.68 Y117.537 E694.61569
G0 F9000 X111.91 Y117.537
G0 X111.91 Y114.772
G0 X111.681 Y114.772
G1 F1076.4 X123.319 Y111.653 E695.17673
G1 X123.319 Y111.779
G1 X120.093 Y123.82 E695.75718
G0 F9000 X120.093 Y123.59
G0 X123.09 Y120.691
G0 X123.32 Y120.691
G1 F1076.4 X113.81 Y111.181 E696.38343
G0 F9000 X113.81 Y111.41
G0 X117.268 Y111.41
G0 X117.268 Y111.18
G1 F1076.4 X113.881 Y123.821 E696.99281
G0 F9000 X113.881 Y123.59
G0 X111.91 Y120.983
G0 X111.681 Y120.983
G1 F1076.4 X123.32 Y117.865 E697.55388
G0 F9000 X123.09 Y117.865
G0 X123.09 Y112.206
G0 X123.32 Y112.206
G1 F1076.4 X122.295 Y111.181 E697.62138
G0 F9000 X122.295 Y111.71
;MESH:NONMESH
G0 F300 X122.295 Y111.71 Z19.88
G0 F9000 X117.5 Y123.59
G0 X117.5 Y123.9
;TIME_ELAPSED:949.845085
;LAYER:70
;note -- min layer time used
;TYPE:WALL-INNER
;MESH:megav4.5-pillar2.stl
G1 F1073.6 X123.4 Y123.9 E697.89611
G1 X123.4 Y111.1 E698.49213
G1 X111.6 Y111.1 E699.04159
G1 X111.6 Y123.9 E699.63761
G1 X117.5 Y123.9 E699.91234
G0 F9000 X117.5 Y124.3
;TYPE:WALL-OUTER
G1 F1073.6 X123.8 Y124.3 E700.2057
G1 X123.8 Y110.7 E700.83897
G1 X111.2 Y110.7 E701.42568
G1 X111.2 Y124.3 E702.05895
G1 X117.5 Y124.3 E702.3523
G0 F9000 X118.244 Y123.82
;TYPE:FILL
G1 F1073.6 X111.68 Y117.257 E702.78452
G0 F9000 X111.91 Y117.257
G0 X111.91 Y114.977
G0 X111.681 Y114.977
G1 F1073.6 X123.319 Y111.858 E703.34556
G1 X123.32 Y111.926
G1 X122.575 Y111.181 E703.39462
G0 F9000 X123.275 Y111.179
G1 F1073.6 X119.888 Y123.82 E704.004
G0 F9000 X119.888 Y123.59
G0 X123.09 Y120.411
G0 X123.32 Y120.411
G1 F1073.6 X114.09 Y111.181 E704.61181
G0 F9000 X114.09 Y111.41
G0 X117.063 Y111.41
G0 X117.063 Y111.18
G1 F1073.6 X113.676 Y123.821 E705.22119
G0 F9000 X113.676 Y123.59
G0 X111.91 Y121.188
G0 X111.681 Y121.188
G1 F1073.6 X123.32 Y118.07 E705.78226
G0 F9000 X122.79 Y118.07
;MESH:NONMESH
G0 F300 X122.79 Y118.07 Z20.16
G0 F9000 X117.5 Y123.59
G0 X117.5 Y123.9
;TIME_ELAPSED:961.156175
;LAYER:71
;note -- min layer time used
;TYPE:WALL-INNER
;MESH:megav4.5-pillar2.stl
G1 F1067 X123.4 Y123.9 E706.05699
G1 X123.4 Y111.1 E706.65301
G1 X111.6 Y111.1 E707.20247
G1 X111.6 Y123.9 E707.79849
G1 X117.5 Y123.9 E708.07322
G0 F9000 X117.5 Y124.3
;TYPE:WALL-OUTER
G1 F1067 X123.8 Y124.3 E708.36657
G1 X123.8 Y110.7 E708.99985
G1 X111.2 Y110.7 E709.58656
G1 X111.2 Y124.3 E710.21983
G1 X117.5 Y124.3 E710.51318
G0 F9000 X117.5 Y123.59
G0 X118.524 Y123.59
G0 X118.524 Y123.82
;TYPE:FILL
G1 F1067 X111.68 Y116.977 E710.96384
G0 F9000 X111.91 Y116.977
G0 X111.91 Y115.182
G0 X111.681 Y115.182
G1 F1067 X123.319 Y112.063 E711.52488
G0 F9000 X123.32 Y111.646
G1 F1067 X122.855 Y111.181 E711.5555
G0 F9000 X123.07 Y111.179
G1 F1067 X119.683 Y123.82 E712.16488
G0 F9000 X119.683 Y123.59
G0 X123.09 Y120.131
G0 X123.32 Y120.131
G1 F1067 X114.37 Y111.181 E712.75425
G0 F9000 X114.37 Y111.41
G0 X116.858 Y111.41
G0 X116.858 Y111.18
G1 F1067 X113.471 Y123.821 E713.36363
G0 F9000 X113.471 Y123.59
G0 X111.91 Y121.393
G0 X111.68 Y121.393
G1 F1067 X123.32 Y118.275 E713.92475
G0 F9000 X122.79 Y118.275
;MESH:NONMESH
G0 F300 X122.79 Y118.275 Z20.44
G0 F9000 X117.5 Y123.59
G0 X117.5 Y123.9
;TIME_ELAPSED:972.558639
;LAYER:72
;note -- min layer time used
;TYPE:WALL-INNER
;MESH:megav4.5-pillar2.stl
G1 F1064.4 X123.4 Y123.9 E714.19948
G1 X123.4 Y111.1 E714.7955
G1 X111.6 Y111.1 E715.34496
G1 X111.6 Y123.9 E715.94098
G1 X117.5 Y123.9 E716.21571
G0 F9000 X117.5 Y124.3
;TYPE:WALL-OUTER
G1 F1064.4 X123.8 Y124.3 E716.50906
G1 X123.8 Y110.7 E717.14233
G1 X111.2 Y110.7 E717.72904
G1 X111.2 Y124.3 E718.36232
G1 X117.5 Y124.3 E718.65567
G0 F9000 X117.5 Y123.59
G0 X118.804 Y123.59
G0 X118.804 Y123.82
;TYPE:FILL
G1 F1064.4 X111.68 Y116.697 E719.12476
G0 F9000 X111.91 Y116.697
G0 X111.91 Y115.387
G0 X111.681 Y115.387
G1 F1064.4 X123.319 Y112.268 E719.6858
G0 F9000 X123.32 Y111.366
G1 F1064.4 X123.135 Y111.181 E719.69799
G0 F9000 X122.865 Y111.179
G1 F1064.4 X119.478 Y123.82 E720.30737
G0 F9000 X119.478 Y123.59
G0 X123.09 Y119.851
G0 X123.32 Y119.851
G1 F1064.4 X114.65 Y111.181 E720.8783
G0 F9000 X114.65 Y111.41
G0 X116.654 Y111.41
G0 X116.654 Y111.179
G1 F1064.4 X113.266 Y123.821 E721.48774
G0 F9000 X113.266 Y123.59
G0 X111.91 Y121.598
G0 X111.68 Y121.598
G1 F1064.4 X123.32 Y118.48 E722.04885
G0 F9000 X122.79 Y118.48
;MESH:NONMESH
G0 F300 X122.79 Y118.48 Z20.72
G0 F9000 X117.5 Y123.59
G0 X117.5 Y123.9
;TIME_ELAPSED:983.963909
;LAYER:73
;note -- min layer time used
;TYPE:WALL-INNER
;MESH:megav4.5-pillar2.stl
G1 F1195.4 X123.4 Y123.9 E722.32358
G1 X123.4 Y111.1 E722.9196
G1 X111.6 Y111.1 E723.46906
G1 X111.6 Y123.9 E724.06508
G1 X117.5 Y123.9 E724.33981
G0 F9000 X117.5 Y124.3
;TYPE:WALL-OUTER
G1 F1195.4 X123.8 Y124.3 E724.63317
G1 X123.8 Y110.7 E725.26644
G1 X111.2 Y110.7 E725.85315
G1 X111.2 Y124.3 E726.48642
G1 X117.5 Y124.3 E726.77977
G0 F9000 X117.5 Y123.59
G0 X119.084 Y123.59
G0 X119.084 Y123.82
;TYPE:FILL
G1 F1195.4 X111.68 Y116.417 E727.26731
G0 F9000 X111.681 Y115.592
G1 F1195.4 X122.4 Y112.718 E727.78406
G0 F9000 X122.8 Y112.611
G1 F1195.4 X122.4 Y112.718 E727.80334
G1 X122.4 Y118.649 E728.07951
G1 X123.32 Y119.571 E728.14016
G0 F9000 X122.8 Y119.052
G1 F1195.4 X122.8 Y123.7 E728.35659
G0 F9000 X122.4 Y123.7
G1 F1195.4 X122.4 Y118.93 E728.5787
G0 F9000 X122.4 Y118.649
G1 F1195.4 X114.93 Y111.181 E729.07055
G0 F9000 X114.93 Y111.41
G0 X116.449 Y111.41
G0 X116.449 Y111.179
G1 F1195.4 X113.061 Y123.821 E729.67999
G0 F9000 X113.061 Y123.59
G0 X111.91 Y121.803
G0 X111.68 Y121.803
G1 F1195.4 X122.8 Y118.824 E730.21604
G1 X122.8 Y112.611 E730.50534
G1 X123.319 Y112.473 E730.53035
G0 F9000 X123.09 Y112.473
G0 X122.66 Y111.41
G0 X122.66 Y111.179
G1 F1195.4 X119.273 Y123.82 E731.13973
G0 F9000 X119.273 Y123.59
G0 X122.8 Y118.824
G1 F1195.4 X123.32 Y118.685 E731.16479
G0 F9000 X122.79 Y118.685
;MESH:NONMESH
G0 F300 X122.79 Y118.685 Z21
G0 F9000 X117.5 Y123.59
G0 X117.5 Y123.9
;TIME_ELAPSED:995.634413
;LAYER:74
;note -- min layer time used
;TYPE:WALL-INNER
;MESH:megav4.5-pillar2.stl
G1 F1200 X123.4 Y123.9 E731.43952
G1 X123.4 Y111.1 E732.03554
G1 X111.6 Y111.1 E732.585
G1 X111.6 Y123.9 E733.18102
G1 X117.5 Y123.9 E733.45575
G0 F9000 X117.5 Y124.3
;TYPE:WALL-OUTER
G1 F1200 X123.8 Y124.3 E733.74911
G1 X123.8 Y110.7 E734.38238
G1 X111.2 Y110.7 E734.96909
G1 X111.2 Y124.3 E735.60236
G1 X117.5 Y124.3 E735.89571
G0 F9000 X117.5 Y123.59
G0 X119.068 Y123.59
G0 X119.068 Y123.821
;TYPE:FILL
G1 F2386.3 X120.8 Y117.355 E736.20741
G1 X120.8 Y119.566 E736.31037
G1 X111.68 Y122.008 E736.74999
G0 F9000 X111.91 Y122.008
G0 X112.856 Y123.59
G0 X112.856 Y123.82
G1 F2386.3 X116.243 Y111.18 E737.35933
G0 F9000 X116.243 Y111.41
G0 X115.209 Y111.41
G0 X115.209 Y111.18
G1 F2386.3 X121.909 Y117.88 E737.80053
G0 F9000 X121.688 Y117.88
G0 X120.8 Y117.355
G1 F2386.3 X121.908 Y113.221 E737.99982
G1 X121.908 Y113.056
G1 X111.681 Y115.797 E738.49284
G0 F9000 X111.68 Y116.137
G1 F2386.3 X119.364 Y123.82 E738.99881
G0 F9000 X119.364 Y123.59
G0 X120.8 Y123.59
G0 X120.8 Y123.7
G1 F2386.3 X120.8 Y119.565 E739.19136
G1 X120.8 Y119.566
G1 X121.909 Y119.268 E739.24483
G0 F9000 X121.2 Y119.457
G1 F2386.3 X121.2 Y123.7 E739.4424
G0 F9000 X121.2 Y123.59
G0 X120.8 Y116.716
G1 F2386.3 X120.8 Y113.352 E739.59904
G1 X120.619 Y113.402
G1 X120.369 Y111.301 E739.69756
G0 F9000 X120.772 Y111.301
G1 F2386.3 X121.009 Y113.297 E739.79116
G0 F9000 X121.399 Y113.192
G1 F2386.3 X121.175 Y111.301 E739.87983
G0 F9000 X121.175 Y111.41
G0 X121.688 Y123.54
G0 X121.948 Y123.54
;TYPE:SKIN
G1 F1200 X121.948 Y111.46 E740.44232
G1 X123.04 Y111.46 E740.49317
G1 X123.04 Y123.54 E741.05567
G1 X121.948 Y123.54 E741.10651
G0 F9000 X122.321 Y123.167
G1 F1387.3 X122.321 Y111.833 E741.56303
G1 X122.667 Y111.833 E741.57696
G1 X122.667 Y123.167 E742.03347
G1 X122.321 Y123.167 E742.04741
G0 F9000 X121.388 Y123.167
;MESH:NONMESH
G0 F300 X121.388 Y123.167 Z21.28
G0 F9000 X117.5 Y123.59
G0 X117.5 Y123.9
;TIME_ELAPSED:1008.148242
;LAYER:75
;TYPE:WALL-INNER
;MESH:megav4.5-pillar2.stl
G1 F1200 X123.4 Y123.9 E742.32214
G1 X123.4 Y111.1 E742.91816
G1 X111.6 Y111.1 E743.46762
G1 X111.6 Y123.9 E744.06364
G1 X117.5 Y123.9 E744.33837
G0 F9000 X117.5 Y124.3
;TYPE:WALL-OUTER
G1 F1200 X123.8 Y124.3 E744.63172
G1 X123.8 Y110.7 E745.26499
G1 X111.2 Y110.7 E745.8517
G1 X111.2 Y124.3 E746.48498
G1 X117.5 Y124.3 E746.77833
G0 F9000 X117.5 Y123.59
G0 X118.863 Y123.59
G0 X118.863 Y123.821
;TYPE:FILL
G1 F2400 X119.2 Y122.565 E746.83888
G0 F9000 X119.029 Y123.2
G1 F2400 X120.201 Y123.2 E746.89346
G0 F9000 X119.644 Y123.82
G1 F2400 X111.68 Y115.857 E747.41787
G1 X111.681 Y116.002
G1 X120.32 Y113.687 E747.83433
G0 F9000 X120.072 Y113.754
G1 F2400 X119.879 Y111.3 E747.94895
G0 F9000 X119.076 Y111.301
G1 F2400 X119.286 Y113.964 E748.07334
G0 F9000 X119.2 Y114.891
G1 F2400 X120.321 Y116.011 E748.14712
G0 F9000 X120.1 Y116.011
G0 X120.1 Y118.382
G0 X120.32 Y118.382
G1 F2400 X119.2 Y122.565 E748.34876
G1 X119.2 Y120.197 E748.45903
G1 X120.32 Y119.898 E748.513
G0 F9000 X120.1 Y119.898
G0 X119.2 Y120.197
G0 X112.651 Y123.59
G0 X112.651 Y123.82
G1 F2400 X116.038 Y111.18 E749.12234
G0 F9000 X115.489 Y111.18
G1 F2400 X119.2 Y114.891 E749.36671
G1 X119.2 Y120.198 E749.61383
G1 X111.681 Y122.213 E749.9763
G0 F9000 X111.91 Y122.213
G0 X120.1 Y123.54
G0 X120.36 Y123.54
;TYPE:SKIN
G1 F1200 X120.36 Y111.46 E750.5388
G1 X123.04 Y111.46 E750.66359
G1 X123.04 Y123.54 E751.22608
G1 X120.36 Y123.54 E751.35088
G0 F9000 X120.1 Y123.54
G0 X122.733 Y123.8
G0 X122.733 Y123.341
G1 F1200 X122.84 Y123.233 E751.35795
G0 F9000 X122.84 Y122.667
G1 F1200 X122.167 Y123.341 E751.40231
G0 F9000 X121.601 Y123.341
G1 F1200 X122.84 Y122.102 E751.4839
G0 F9000 X122.84 Y121.536
G1 F1200 X121.035 Y123.341 E751.60276
G0 F9000 X120.56 Y123.251
G1 F1200 X122.84 Y120.97 E751.75293
G0 F9000 X122.84 Y120.405
G1 F1200 X120.56 Y122.685 E751.90308
G0 F9000 X120.56 Y122.119
G1 F1200 X122.84 Y119.839 E752.05322
G0 F9000 X122.84 Y119.273
G1 F1200 X120.56 Y121.554 E752.20339
G0 F9000 X120.56 Y120.988
G1 F1200 X122.84 Y118.708 E752.35353
G0 F9000 X122.84 Y118.142
G1 F1200 X120.56 Y120.422 E752.50368
G0 F9000 X120.56 Y119.857
G1 F1200 X122.84 Y117.576 E752.65385
G0 F9000 X122.84 Y117.011
G1 F1200 X120.56 Y119.291 E752.80399
G0 F9000 X120.56 Y118.725
G1 F1200 X122.84 Y116.445 E752.95413
G0 F9000 X122.84 Y115.879
G1 F1200 X120.56 Y118.16 E753.10431
G0 F9000 X120.56 Y117.594
G1 F1200 X122.84 Y115.314 E753.25445
G0 F9000 X122.84 Y114.748
G1 F1200 X120.56 Y117.028 E753.40459
G0 F9000 X120.56 Y116.463
G1 F1200 X122.84 Y114.182 E753.55477
G0 F9000 X122.84 Y113.617
G1 F1200 X120.56 Y115.897 E753.70491
G0 F9000 X120.56 Y115.331
G1 F1200 X122.84 Y113.051 E753.85505
G0 F9000 X122.84 Y112.485
G1 F1200 X120.56 Y114.766 E754.00523
G0 F9000 X120.56 Y114.2
G1 F1200 X122.84 Y111.919 E754.1554
G0 F9000 X122.534 Y111.66
G1 F1200 X120.56 Y113.634 E754.28539
G0 F9000 X120.56 Y113.068
G1 F1200 X121.968 Y111.66 E754.37811
G0 F9000 X121.402 Y111.66
G1 F1200 X120.56 Y112.503 E754.43359
G0 F9000 X120.56 Y111.937
G1 F1200 X120.837 Y111.66 E754.45183
G0 F9000 X119.8 Y111.71
;MESH:NONMESH
G0 F300 X119.8 Y111.71 Z21.56
G0 F9000 X117.5 Y123.59
G0 X117.5 Y123.9
;TIME_ELAPSED:1024.350307
;LAYER:76
;TYPE:WALL-INNER
;MESH:megav4.5-pillar2.stl
G1 F1200 X123.4 Y123.9 E754.72656
G1 X123.4 Y111.1 E755.32258
G1 X111.6 Y111.1 E755.87204
G1 X111.6 Y123.9 E756.46806
G1 X117.5 Y123.9 E756.74279
G0 F9000 X117.5 Y124.3
;TYPE:WALL-OUTER
G1 F1200 X123.8 Y124.3 E757.03615
G1 X123.8 Y110.7 E757.66942
G1 X111.2 Y110.7 E758.25613
G1 X111.2 Y124.3 E758.8894
G1 X117.5 Y124.3 E759.18275
G0 F9000 X117.6 Y123.7
;TYPE:FILL
G1 F2400 X117.6 Y121.498 E759.28529
G1 X117.6 Y121.495
G1 X118.735 Y122.631 E759.36006
G0 F9000 X118.4 Y122.298
G1 F2400 X118.4 Y123.7 E759.42535
G0 F9000 X118.658 Y123.82
G1 F2400 X118.734 Y123.538 E759.43895
G0 F9000 X118 Y123.7
G1 F2400 X118 Y121.898 E759.52285
G0 F9000 X117.6 Y120.833
G1 F2400 X118.733 Y120.529 E759.57748
G0 F9000 X118.513 Y120.529
G0 X117.6 Y120.831
G1 F2400 X117.6 Y114.62 E759.86669
G1 X118.733 Y114.317 E759.9213
G1 X118.734 Y114.145
G1 X117.6 Y113.012 E759.99594
G1 X117.48 Y112.889
G1 X117.249 Y111.301 E760.07066
G0 F9000 X117.653 Y111.301
G1 F2400 X117.953 Y113.363 E760.16769
G0 F9000 X118.513 Y112.343
G0 X118.613 Y112.344
G1 F2400 X118.461 Y111.301 E760.21677
G0 F9000 X118.461 Y111.41
G0 X115.834 Y111.41
G0 X115.834 Y111.179
G1 F2400 X112.446 Y123.82 E760.82616
G0 F9000 X112.446 Y123.59
G0 X111.91 Y122.418
G0 X111.681 Y122.418
G1 F2400 X117.6 Y120.831 E761.11151
G1 X117.6 Y121.495 E761.14243
G1 X111.68 Y115.577 E761.53221
G0 F9000 X111.681 Y116.206
G1 F2400 X117.6 Y114.62 E761.81754
G1 X117.6 Y113.012 E761.89242
G1 X115.769 Y111.18 E762.01302
G0 F9000 X115.769 Y111.41
G0 X117.6 Y114.62
G0 X118.513 Y123.54
G0 X118.772 Y123.54
;TYPE:SKIN
G1 F1200 X118.772 Y111.46 E762.57552
G1 X123.04 Y111.46 E762.77426
G1 X123.04 Y123.54 E763.33675
G1 X118.772 Y123.54 E763.53549
G0 F9000 X119.38 Y123.34
G1 F1200 X118.971 Y122.931 E763.56242
G0 F9000 X118.971 Y122.366
G1 F1200 X119.946 Y123.34 E763.62659
G0 F9000 X120.512 Y123.34
G1 F1200 X118.971 Y121.8 E763.72804
G0 F9000 X118.971 Y121.234
G1 F1200 X121.077 Y123.34 E763.86672
G0 F9000 X121.643 Y123.34
G1 F1200 X118.971 Y120.668 E764.04268
G0 F9000 X118.971 Y120.103
G1 F1200 X122.209 Y123.34 E764.25587
G0 F9000 X122.774 Y123.34
G1 F1200 X118.971 Y119.537 E764.50631
G0 F9000 X118.971 Y118.971
G1 F1200 X122.84 Y122.84 E764.76109
G0 F9000 X122.84 Y122.274
G1 F1200 X118.971 Y118.406 E765.01583
G0 F9000 X118.971 Y117.84
G1 F1200 X122.84 Y121.709 E765.27061
G0 F9000 X122.84 Y121.143
G1 F1200 X118.971 Y117.274 E765.52539
G0 F9000 X118.971 Y116.709
G1 F1200 X122.84 Y120.577 E765.78014
G0 F9000 X122.84 Y120.012
G1 F1200 X118.971 Y116.143 E766.03492
G0 F9000 X118.971 Y115.577
G1 F1200 X122.84 Y119.446 E766.2897
G0 F9000 X122.84 Y118.88
G1 F1200 X118.971 Y115.012 E766.54445
G0 F9000 X118.971 Y114.446
G1 F1200 X122.84 Y118.315 E766.79923
G0 F9000 X122.84 Y117.749
G1 F1200 X118.971 Y113.88 E767.05401
G0 F9000 X118.971 Y113.315
G1 F1200 X122.84 Y117.183 E767.30876
G0 F9000 X122.84 Y116.617
G1 F1200 X118.971 Y112.749 E767.5635
G0 F9000 X118.971 Y112.183
G1 F1200 X122.84 Y116.052 E767.81828
G0 F9000 X122.84 Y115.486
G1 F1200 X119.015 Y111.661 E768.07017
G0 F9000 X119.58 Y111.661
G1 F1200 X122.84 Y114.92 E768.28481
G0 F9000 X122.84 Y114.355
G1 F1200 X120.146 Y111.661 E768.46222
G0 F9000 X120.712 Y111.661
G1 F1200 X122.84 Y113.789 E768.60235
G0 F9000 X122.84 Y113.223
G1 F1200 X121.277 Y111.661 E768.70524
G0 F9000 X121.843 Y111.661
G1 F1200 X122.84 Y112.658 E768.7709
G0 F9000 X122.84 Y112.092
G1 F1200 X122.409 Y111.661 E768.79928
;MESH:NONMESH
G0 F300 X122.409 Y111.661 Z21.84
G0 F9000 X122.409 Y111.2
G0 X118.585 Y111.272
G0 X117.5 Y123.59
G0 X117.5 Y123.9
;TIME_ELAPSED:1043.165222
;LAYER:77
;TYPE:WALL-INNER
;MESH:megav4.5-pillar2.stl
G1 F1200 X123.4 Y123.9 E769.07401
G1 X123.4 Y111.1 E769.67003
G1 X111.6 Y111.1 E770.21949
G1 X111.6 Y123.9 E770.81551
G1 X117.5 Y123.9 E771.09024
G0 F9000 X117.5 Y124.3
;TYPE:WALL-OUTER
G1 F1200 X123.8 Y124.3 E771.38359
G1 X123.8 Y110.7 E772.01686
G1 X111.2 Y110.7 E772.60357
G1 X111.2 Y124.3 E773.23684
G1 X117.5 Y124.3 E773.5302
G0 F9000 X116.956 Y123.62
G0 X116.553 Y123.59
G0 X116.553 Y123.7
;TYPE:FILL
G1 F2400 X115.671 Y121.554 E773.63824
G0 F9000 X116 Y121.466
G1 F2400 X117.145 Y121.159 E773.69344
G0 F9000 X117.146 Y120.763
G1 F2400 X116 Y119.616 E773.76893
G1 X116 Y115.253 E773.97209
G1 X116.4 Y115.146 E773.99137
G0 F9000 X116 Y115.253
G1 F2400 X111.681 Y116.411 E774.19959
G0 F9000 X111.91 Y116.411
G0 X111.91 Y115.297
G0 X111.68 Y115.297
G1 F2400 X116 Y119.618 E774.4841
G1 X116 Y121.466 E774.57015
G1 X111.681 Y122.623 E774.77835
G0 F9000 X111.91 Y122.623
G0 X112.241 Y123.59
G0 X112.241 Y123.82
G1 F2400 X115.629 Y111.179 E775.38775
G0 F9000 X116 Y111.3
G1 F2400 X116 Y115.254 E775.57186
G0 F9000 X116.925 Y114.947
G0 X117.145 Y114.947
G1 F2400 X116.4 Y115.146 E775.60777
G1 X116.4 Y111.532 E775.77605
G1 X117.146 Y112.277 E775.82514
G0 F9000 X116.925 Y112.277
G0 X116.4 Y111.532
G1 F2400 X116.049 Y111.18 E775.84829
G0 F9000 X116.049 Y111.41
G0 X116 Y119.616
G0 X115.282 Y121.659
G1 F2400 X116.12 Y123.699 E775.95098
G0 F9000 X116.12 Y123.59
G0 X116.925 Y123.54
G0 X117.5 Y123.54
;TYPE:SKIN
G1 F1200 X117.184 Y123.54 E775.9657
G1 X117.184 Y111.46 E776.52819
G1 X123.04 Y111.46 E776.80087
G1 X123.04 Y123.54 E777.36337
G1 X117.5 Y123.54 E777.62133
G0 F9000 X116.925 Y123.54
G0 X122.733 Y123.8
G0 X122.733 Y123.341
G1 F1200 X122.84 Y123.233 E777.62841
G0 F9000 X122.84 Y122.667
G1 F1200 X122.167 Y123.341 E777.67276
G0 F9000 X121.601 Y123.341
G1 F1200 X122.84 Y122.102 E777.75435
G0 F9000 X122.84 Y121.536
G1 F1200 X121.035 Y123.341 E777.87322
G0 F9000 X120.47 Y123.341
G1 F1200 X122.84 Y120.97 E778.02932
G0 F9000 X122.84 Y120.405
G1 F1200 X119.904 Y123.341 E778.22266
G0 F9000 X119.338 Y123.341
G1 F1200 X122.84 Y119.839 E778.45327
G0 F9000 X122.84 Y119.273
G1 F1200 X118.773 Y123.341 E778.72112
G0 F9000 X118.207 Y123.341
G1 F1200 X122.84 Y118.708 E779.02621
G0 F9000 X122.84 Y118.142
G1 F1200 X117.641 Y123.341 E779.36858
G0 F9000 X117.384 Y123.032
G1 F1200 X122.84 Y117.576 E779.72786
G0 F9000 X122.84 Y117.011
G1 F1200 X117.384 Y122.467 E780.08715
G0 F9000 X117.384 Y121.901
G1 F1200 X122.84 Y116.445 E780.44644
G0 F9000 X122.84 Y115.879
G1 F1200 X117.384 Y121.335 E780.80572
G0 F9000 X117.384 Y120.77
G1 F1200 X122.84 Y115.314 E781.16501
G0 F9000 X122.84 Y114.748
G1 F1200 X117.384 Y120.204 E781.5243
G0 F9000 X117.384 Y119.638
G1 F1200 X122.84 Y114.182 E781.88359
G0 F9000 X122.84 Y113.617
G1 F1200 X117.384 Y119.073 E782.24287
G0 F9000 X117.384 Y118.507
G1 F1200 X122.84 Y113.051 E782.60216
G0 F9000 X122.84 Y112.485
G1 F1200 X117.384 Y117.941 E782.96145
G0 F9000 X117.384 Y117.375
G1 F1200 X122.84 Y111.919 E783.32073
G0 F9000 X122.533 Y111.661
G1 F1200 X117.384 Y116.81 E783.6598
G0 F9000 X117.384 Y116.244
G1 F1200 X121.967 Y111.661 E783.9616
G0 F9000 X121.402 Y111.661
G1 F1200 X117.384 Y115.678 E784.22616
G0 F9000 X117.384 Y115.113
G1 F1200 X120.836 Y111.661 E784.45348
G0 F9000 X120.27 Y111.661
G1 F1200 X117.384 Y114.547 E784.64353
G0 F9000 X117.384 Y113.981
G1 F1200 X119.705 Y111.661 E784.79634
G0 F9000 X119.139 Y111.661
G1 F1200 X117.384 Y113.416 E784.91191
G0 F9000 X117.384 Y112.85
G1 F1200 X118.573 Y111.661 E784.99021
G0 F9000 X118.008 Y111.661
G1 F1200 X117.384 Y112.284 E785.03126
G0 F9000 X117.384 Y111.719
G1 F1200 X117.442 Y111.661 E785.03508
G0 F9000 X116.625 Y111.71
;MESH:NONMESH
G0 F300 X116.625 Y111.71 Z22.12
G0 F9000 X116.956 Y123.62
G0 X117.5 Y123.9
;TIME_ELAPSED:1064.326055
;LAYER:78
;TYPE:WALL-INNER
;MESH:megav4.5-pillar2.stl
G1 F1200 X121.988 Y123.9 E785.24406
G1 X121.988 Y111.1 E785.84009
G1 X111.6 Y111.1 E786.32379
G1 X111.6 Y123.9 E786.91982
G1 X117.5 Y123.9 E787.19454
G0 F9000 X117.5 Y124.3
;TYPE:WALL-OUTER
G1 F1200 X122.388 Y124.3 E787.42215
G1 X122.388 Y110.7 E788.05542
G1 X111.2 Y110.7 E788.57638
G1 X111.2 Y124.3 E789.20966
G1 X117.5 Y124.3 E789.50301
G0 F9000 X117.5 Y123.99
G0 X115.808 Y123.778
G0 X114.8 Y123.59
G0 X114.8 Y123.7
;TYPE:FILL
G1 F2400 X114.8 Y121.992 E789.58254
G0 F9000 X114.4 Y122.099
G1 F2400 X114.4 Y123.7 E789.65709
G0 F9000 X114.4 Y123.59
G0 X114.4 Y122.1
G1 F2400 X115.558 Y121.789 E789.71292
G0 F9000 X115.338 Y121.789
G0 X115.338 Y118.896
G0 X115.56 Y118.896
G1 F2400 X114.4 Y117.735 E789.78934
G1 X114.4 Y115.888 E789.87535
G1 X115.557 Y115.578 E789.93112
G0 F9000 X115.338 Y115.578
G0 X114.4 Y115.888
G1 F2400 X111.681 Y116.616 E790.06219
G0 F9000 X111.91 Y116.616
G0 X111.91 Y115.017
G0 X111.68 Y115.017
G1 F2400 X114.4 Y117.738 E790.24134
G1 X114.4 Y122.1 E790.44445
G1 X111.681 Y122.828 E790.57552
G0 F9000 X111.68 Y123.502
G1 F2400 X111.999 Y123.82 E790.5965
G1 X112.037 Y123.82
G1 X115.424 Y111.179 E791.20588
G0 F9000 X114.8 Y111.3
G1 F2400 X114.8 Y113.507 E791.30864
G0 F9000 X114.4 Y115.001
G1 F2400 X114.4 Y111.3 E791.48098
G0 F9000 X114.4 Y111.41
G0 X114.4 Y117.735
G0 X115.411 Y123.728
G0 X117.5 Y123.8
G0 X117.5 Y123.54
;TYPE:SKIN
G1 F1200 X115.596 Y123.54 E791.56963
G1 X115.596 Y111.46 E792.13213
G1 X121.628 Y111.46 E792.41301
G1 X121.628 Y123.54 E792.9755
G1 X117.5 Y123.54 E793.16772
G0 F9000 X117.5 Y123.8
G0 X115.411 Y123.728
G0 X115.338 Y123.34
G0 X115.986 Y123.34
G1 F1200 X115.797 Y123.15 E793.1802
G0 F9000 X115.797 Y122.585
G1 F1200 X116.552 Y123.34 E793.22991
G0 F9000 X117.117 Y123.34
G1 F1200 X115.797 Y122.019 E793.31687
G0 F9000 X115.797 Y121.453
G1 F1200 X117.683 Y123.34 E793.4411
G0 F9000 X118.249 Y123.34
G1 F1200 X115.797 Y120.888 E793.60257
G0 F9000 X115.797 Y120.322
G1 F1200 X118.814 Y123.34 E793.80128
G0 F9000 X119.38 Y123.34
G1 F1200 X115.797 Y119.756 E794.03726
G0 F9000 X115.797 Y119.191
G1 F1200 X119.946 Y123.34 E794.31048
G0 F9000 X120.512 Y123.34
G1 F1200 X115.797 Y118.625 E794.62097
G0 F9000 X115.797 Y118.059
G1 F1200 X121.077 Y123.34 E794.9687
G0 F9000 X121.428 Y123.125
G1 F1200 X115.797 Y117.494 E795.33951
G0 F9000 X115.797 Y116.928
G1 F1200 X121.428 Y122.559 E795.71032
G0 F9000 X121.428 Y121.994
G1 F1200 X115.797 Y116.362 E796.08116
G0 F9000 X115.797 Y115.797
G1 F1200 X121.428 Y121.428 E796.45197
G0 F9000 X121.428 Y120.862
G1 F1200 X115.797 Y115.231 E796.82278
G0 F9000 X115.797 Y114.665
G1 F1200 X121.428 Y120.297 E797.19363
G0 F9000 X121.428 Y119.731
G1 F1200 X115.797 Y114.099 E797.56447
G0 F9000 X115.797 Y113.534
G1 F1200 X121.428 Y119.165 E797.93528
G0 F9000 X121.428 Y118.599
G1 F1200 X115.797 Y112.968 E798.30609
G0 F9000 X115.797 Y112.402
G1 F1200 X121.428 Y118.034 E798.67694
G0 F9000 X121.428 Y117.468
G1 F1200 X115.797 Y111.837 E799.04775
G0 F9000 X116.185 Y111.66
G1 F1200 X121.428 Y116.902 E799.39298
G0 F9000 X121.428 Y116.337
G1 F1200 X116.751 Y111.66 E799.70096
G0 F9000 X117.317 Y111.66
G1 F1200 X121.428 Y115.771 E799.97168
G0 F9000 X121.428 Y115.205
G1 F1200 X117.882 Y111.66 E800.20516
G0 F9000 X118.448 Y111.66
G1 F1200 X121.428 Y114.64 E800.4014
G0 F9000 X121.428 Y114.074
G1 F1200 X119.014 Y111.66 E800.56036
G0 F9000 X119.58 Y111.66
G1 F1200 X121.428 Y113.508 E800.68206
G0 F9000 X121.428 Y112.943
G1 F1200 X120.145 Y111.66 E800.76654
G0 F9000 X120.711 Y111.66
G1 F1200 X121.428 Y112.377 E800.81376
G0 F9000 X121.428 Y111.811
G1 F1200 X121.277 Y111.66 E800.8237
;MESH:NONMESH
G0 F300 X121.277 Y111.66 Z22.4
G0 F9000 X121.277 Y111.2
G0 X121.816 Y111.272
G0 X121.816 Y123.728
G0 X117.5 Y123.9
;TIME_ELAPSED:1085.556356
;LAYER:79
;TYPE:WALL-INNER
;MESH:megav4.5-pillar2.stl
G1 F1200 X120.4 Y123.9 E800.95874
G1 X120.4 Y111.1 E801.55476
G1 X111.6 Y111.1 E801.96453
G1 X111.6 Y123.9 E802.56055
G1 X117.5 Y123.9 E802.83528
G0 F9000 X117.5 Y124.3
;TYPE:WALL-OUTER
G1 F1200 X120.8 Y124.3 E802.98894
G1 X120.8 Y110.7 E803.62221
G1 X111.2 Y110.7 E804.06923
G1 X111.2 Y124.3 E804.7025
G1 X117.5 Y124.3 E804.99585
G0 F9000 X117.5 Y123.99
G0 X113.823 Y123.728
G0 X113.75 Y123.422
G0 X113.851 Y123.422
;TYPE:FILL
G1 F2400 X112.052 Y123.003 E805.08187
G0 F9000 X111.681 Y123.033
G1 F2400 X112.8 Y122.734 E805.1358
G1 X112.8 Y120.205 E805.25356
G1 X111.832 Y123.82 E805.42782
G0 F9000 X112.279 Y123.82
G1 F2400 X111.68 Y123.222 E805.46723
G0 F9000 X111.91 Y123.222
G0 X112.8 Y122.734
G1 F2400 X113.971 Y122.419 E805.5237
G0 F9000 X113.75 Y122.419
G0 X112.8 Y120.205
G1 F2400 X112.906 Y119.813 E805.54261
G0 F9000 X113.75 Y117.027
G0 X113.971 Y117.027
G1 F2400 X112.8 Y115.858 E805.61965
G1 X112.8 Y116.522 E805.65057
G1 X112.903 Y116.493 E805.65555
G1 X112.8 Y116.522
G1 X111.681 Y116.821 E805.70949
G0 F9000 X111.91 Y116.821
G0 X112.8 Y115.858
G1 F2400 X111.68 Y114.737 E805.78327
G0 F9000 X111.91 Y114.737
G0 X112.8 Y115.856
G1 F2400 X112.8 Y111.3 E805.99542
G0 F9000 X113.6 Y111.3
G1 F2400 X113.6 Y116.307 E806.22857
G0 F9000 X113.97 Y116.208
G1 F2400 X112.903 Y116.493 E806.27999
G1 X112.906 Y119.813 E806.43459
G1 X113.97 Y115.838 E806.62619
G0 F9000 X113.75 Y115.838
G0 X113.823 Y123.728
G0 X117.5 Y123.8
G0 X117.5 Y123.54
;TYPE:SKIN
G1 F1200 X114.008 Y123.54 E806.7888
G1 X114.008 Y111.46 E807.35129
G1 X120.04 Y111.46 E807.63217
G1 X120.04 Y123.54 E808.19466
G1 X117.5 Y123.54 E808.31294
G0 F9000 X117.5 Y123.8
G0 X119.339 Y123.8
G0 X119.339 Y123.34
G1 F1200 X119.84 Y122.839 E808.34593
G0 F9000 X119.84 Y122.274
G1 F1200 X118.773 Y123.34 E808.41616
G0 F9000 X118.208 Y123.34
G1 F1200 X119.84 Y121.708 E808.52363
G0 F9000 X119.84 Y121.142
G1 F1200 X117.642 Y123.34 E808.66837
G0 F9000 X117.076 Y123.34
G1 F1200 X119.84 Y120.577 E808.85035
G0 F9000 X119.84 Y120.011
G1 F1200 X116.511 Y123.34 E809.06957
G0 F9000 X115.945 Y123.34
G1 F1200 X119.84 Y119.445 E809.32606
G0 F9000 X119.84 Y118.879
G1 F1200 X115.379 Y123.34 E809.61983
G0 F9000 X114.814 Y123.34
G1 F1200 X119.84 Y118.314 E809.9508
G0 F9000 X119.84 Y117.748
G1 F1200 X114.248 Y123.34 E810.31904
G0 F9000 X114.208 Y122.814
G1 F1200 X119.84 Y117.182 E810.68992
G0 F9000 X119.84 Y116.617
G1 F1200 X114.208 Y122.248 E811.06076
G0 F9000 X114.208 Y121.682
G1 F1200 X119.84 Y116.051 E811.43161
G0 F9000 X119.84 Y115.485
G1 F1200 X114.208 Y121.117 E811.80248
G0 F9000 X114.208 Y120.551
G1 F1200 X119.84 Y114.92 E812.17333
G0 F9000 X119.84 Y114.354
G1 F1200 X114.208 Y119.985 E812.54417
G0 F9000 X114.208 Y119.42
G1 F1200 X119.84 Y113.788 E812.91505
G0 F9000 X119.84 Y113.223
G1 F1200 X114.208 Y118.854 E813.28589
G0 F9000 X114.208 Y118.288
G1 F1200 X119.84 Y112.657 E813.65674
G0 F9000 X119.84 Y112.091
G1 F1200 X114.208 Y117.723 E814.02761
G0 F9000 X114.208 Y117.157
G1 F1200 X119.705 Y111.66 E814.3896
G0 F9000 X119.14 Y111.66
G1 F1200 X114.208 Y116.591 E814.71435
G0 F9000 X114.208 Y116.026
G1 F1200 X118.574 Y111.66 E815.00186
G0 F9000 X118.008 Y111.66
G1 F1200 X114.208 Y115.46 E815.25209
G0 F9000 X114.208 Y114.894
G1 F1200 X117.443 Y111.66 E815.46509
G0 F9000 X116.877 Y111.66
G1 F1200 X114.208 Y114.329 E815.64085
G0 F9000 X114.208 Y113.763
G1 F1200 X116.311 Y111.66 E815.77933
G0 F9000 X115.746 Y111.66
G1 F1200 X114.208 Y113.197 E815.88058
G0 F9000 X114.208 Y112.632
G1 F1200 X115.18 Y111.66 E815.94459
G0 F9000 X114.614 Y111.66
G1 F1200 X114.208 Y112.066 E815.97133
G0 F9000 X113.45 Y112.066
;MESH:NONMESH
G0 F300 X113.45 Y112.066 Z22.68
G0 F9000 X113.823 Y123.728
G0 X117.5 Y123.9
;TIME_ELAPSED:1106.317253
;LAYER:80
;TYPE:WALL-INNER
;MESH:megav4.5-pillar2.stl
G1 F1200 X118.812 Y123.9 E816.03242
G1 X118.812 Y111.1 E816.62844
G1 X111.6 Y111.1 E816.96426
G1 X111.6 Y123.9 E817.56028
G1 X117.5 Y123.9 E817.83501
G0 F9000 X117.5 Y124.3
;TYPE:WALL-OUTER
G1 F1200 X119.212 Y124.3 E817.91473
G1 X119.212 Y110.7 E818.548
G1 X111.2 Y110.7 E818.92107
G1 X111.2 Y124.3 E819.55435
G1 X117.5 Y124.3 E819.8477
G0 F9000 X117.5 Y123.99
G0 X112.236 Y123.728
G0 X112.384 Y123.645
;TYPE:FILL
G1 F2400 X111.68 Y122.942 E819.89403
G0 F9000 X111.681 Y123.238
G1 F2400 X112.384 Y123.05 E819.92791
G0 F9000 X111.681 Y123.618
G1 F2400 X112.384 Y120.994 E820.05441
G0 F9000 X112.163 Y120.994
G0 X111.91 Y117.026
G0 X111.681 Y117.026
G1 F2400 X112.383 Y116.838 E820.08825
G0 F9000 X112.163 Y116.838
G0 X112.163 Y115.16
G0 X112.384 Y115.16
G1 F2400 X111.68 Y114.457 E820.13457
G0 F9000 X111.91 Y114.457
G0 X112.236 Y123.728
G0 X117.5 Y123.8
G0 X117.5 Y123.54
;TYPE:SKIN
G1 F1200 X112.424 Y123.54 E820.37093
G1 X112.421 Y111.46 E820.93343
G1 X118.452 Y111.46 E821.21426
G1 X118.452 Y123.54 E821.77675
G1 X117.5 Y123.54 E821.82108
G0 F9000 X117.5 Y123.8
G0 X112.236 Y123.728
G0 X112.163 Y122.806
G0 X112.624 Y122.806
G1 F1200 X113.158 Y123.34 E821.85625
G0 F9000 X113.723 Y123.34
G1 F1200 X112.624 Y122.24 E821.92865
G0 F9000 X112.624 Y121.675
G1 F1200 X114.289 Y123.34 E822.03829
G0 F9000 X114.855 Y123.34
G1 F1200 X112.624 Y121.109 E822.18521
G0 F9000 X112.624 Y120.543
G1 F1200 X115.42 Y123.34 E822.36936
G0 F9000 X115.986 Y123.34
G1 F1200 X112.623 Y119.977 E822.59082
G0 F9000 X112.623 Y119.411
G1 F1200 X116.552 Y123.34 E822.84955
G0 F9000 X117.117 Y123.34
G1 F1200 X112.623 Y118.846 E823.14549
G0 F9000 X112.623 Y118.28
G1 F1200 X117.683 Y123.34 E823.4787
G0 F9000 X118.249 Y123.34
G1 F1200 X112.623 Y117.714 E823.84918
G0 F9000 X112.622 Y117.148
G1 F1200 X118.252 Y122.777 E824.21989
G0 F9000 X118.252 Y122.211
G1 F1200 X112.622 Y116.582 E824.59061
G0 F9000 X112.622 Y116.016
G1 F1200 X118.252 Y121.646 E824.96135
G0 F9000 X118.252 Y121.08
G1 F1200 X112.622 Y115.451 E825.33206
G0 F9000 X112.622 Y114.885
G1 F1200 X118.252 Y120.514 E825.70278
G0 F9000 X118.252 Y119.949
G1 F1200 X112.622 Y114.319 E826.07352
G0 F9000 X112.622 Y113.753
G1 F1200 X118.252 Y119.383 E826.44427
G0 F9000 X118.252 Y118.817
G1 F1200 X112.622 Y113.187 E826.81501
G0 F9000 X112.622 Y112.622
G1 F1200 X118.252 Y118.252 E827.18576
G0 F9000 X118.252 Y117.686
G1 F1200 X112.622 Y112.056 E827.5565
G0 F9000 X112.791 Y111.66
G1 F1200 X118.252 Y117.12 E827.91608
G0 F9000 X118.252 Y116.555
G1 F1200 X113.357 Y111.66 E828.23843
G0 F9000 X113.923 Y111.66
G1 F1200 X118.252 Y115.989 E828.5235
G0 F9000 X118.252 Y115.423
G1 F1200 X114.488 Y111.66 E828.77133
G0 F9000 X115.054 Y111.66
G1 F1200 X118.252 Y114.857 E828.98189
G0 F9000 X118.252 Y114.292
G1 F1200 X115.62 Y111.66 E829.15522
G0 F9000 X116.185 Y111.66
G1 F1200 X118.252 Y113.726 E829.2913
G0 F9000 X118.252 Y113.16
G1 F1200 X116.751 Y111.66 E829.39011
G0 F9000 X117.317 Y111.66
G1 F1200 X118.252 Y112.595 E829.45168
G0 F9000 X118.252 Y112.029
G1 F1200 X117.882 Y111.66 E829.47601
;MESH:NONMESH
G0 F300 X117.882 Y111.66 Z22.96
G0 F9000 X117.882 Y111.2
G0 X118.64 Y111.272
G0 X118.64 Y123.728
G0 X117.224 Y123.9
;TIME_ELAPSED:1125.360396
;LAYER:81
;TYPE:WALL-INNER
;MESH:megav4.5-pillar2.stl
G1 F1200 X117.224 Y111.1 E830.07203
G1 X111.6 Y111.1 E830.33391
G1 X111.6 Y123.9 E830.92993
G1 X117.224 Y123.9 E831.19181
G0 F9000 X117.5 Y124.3
;TYPE:WALL-OUTER
G1 F1200 X117.624 Y124.3 E831.19758
G1 X117.624 Y110.7 E831.83086
G1 X111.2 Y110.7 E832.12999
G1 X111.2 Y124.3 E832.76326
G1 X117.5 Y124.3 E833.05661
G0 F9000 X116.864 Y123.54
;TYPE:SKIN
G1 F1200 X111.96 Y123.54 E833.28496
G1 X111.96 Y111.46 E833.84746
G1 X116.864 Y111.46 E834.07581
G1 X116.864 Y123.54 E834.6383
G0 F9000 X116.511 Y123.34
G1 F1200 X116.663 Y123.187 E834.64835
G0 F9000 X116.663 Y122.622
G1 F1200 X115.945 Y123.34 E834.69563
G0 F9000 X115.379 Y123.34
G1 F1200 X116.663 Y122.056 E834.78018
G0 F9000 X116.663 Y121.49
G1 F1200 X114.814 Y123.34 E834.90198
G0 F9000 X114.248 Y123.34
G1 F1200 X116.663 Y120.924 E835.06104
G0 F9000 X116.663 Y120.359
G1 F1200 X113.682 Y123.34 E835.25734
G0 F9000 X113.117 Y123.34
G1 F1200 X116.663 Y119.793 E835.49089
G0 F9000 X116.663 Y119.227
G1 F1200 X112.551 Y123.34 E835.7617
G0 F9000 X112.161 Y123.165
G1 F1200 X116.663 Y118.662 E836.0582
G0 F9000 X116.663 Y118.096
G1 F1200 X112.161 Y122.599 E836.3547
G0 F9000 X112.161 Y122.033
G1 F1200 X116.663 Y117.53 E836.65119
G0 F9000 X116.663 Y116.965
G1 F1200 X112.161 Y121.468 E836.94769
G0 F9000 X112.161 Y120.902
G1 F1200 X116.663 Y116.399 E837.24419
G0 F9000 X116.663 Y115.833
G1 F1200 X112.161 Y120.336 E837.54069
G0 F9000 X112.161 Y119.77
G1 F1200 X116.663 Y115.268 E837.83715
G0 F9000 X116.663 Y114.702
G1 F1200 X112.161 Y119.205 E838.13365
G0 F9000 X112.161 Y118.639
G1 F1200 X116.663 Y114.136 E838.43015
G0 F9000 X116.663 Y113.571
G1 F1200 X112.161 Y118.073 E838.72661
G0 F9000 X112.161 Y117.508
G1 F1200 X116.663 Y113.005 E839.02311
G0 F9000 X116.663 Y112.439
G1 F1200 X112.161 Y116.942 E839.3196
G0 F9000 X112.161 Y116.376
G1 F1200 X116.663 Y111.873 E839.6161
G0 F9000 X116.311 Y111.66
G1 F1200 X112.161 Y115.811 E839.88942
G0 F9000 X112.161 Y115.245
G1 F1200 X115.746 Y111.66 E840.1255
G0 F9000 X115.18 Y111.66
G1 F1200 X112.161 Y114.679 E840.3243
G0 F9000 X112.161 Y114.114
G1 F1200 X114.614 Y111.66 E840.48587
G0 F9000 X114.049 Y111.66
G1 F1200 X112.161 Y113.548 E840.6102
G0 F9000 X112.161 Y112.982
G1 F1200 X113.483 Y111.66 E840.69725
G0 F9000 X112.917 Y111.66
G1 F1200 X112.161 Y112.417 E840.74707
G0 F9000 X112.161 Y111.851
G1 F1200 X112.351 Y111.66 E840.75962
;MESH:NONMESH
G0 F300 X112.351 Y111.66 Z23.24
G0 F9000 X112.351 Y111.2
G0 X111.772 Y111.272
G0 X111.772 Y123.728
G0 X115.636 Y123.9
;TIME_ELAPSED:1140.513647
;LAYER:82
;note -- min layer time used
;TYPE:WALL-INNER
;MESH:megav4.5-pillar2.stl
G1 F1143.5 X115.636 Y111.1 E841.35564
G1 X111.6 Y111.1 E841.54357
G1 X111.6 Y123.9 E842.13959
G1 X115.636 Y123.9 E842.32753
G0 F9000 X116.036 Y124.3
;TYPE:WALL-OUTER
G1 F1143.5 X116.036 Y110.7 E842.9608
G1 X111.2 Y110.7 E843.18598
G1 X111.2 Y124.3 E843.81926
G1 X116.036 Y124.3 E844.04444
G0 F9000 X115.759 Y124.02
G0 X115.536 Y123.54
G0 X115.276 Y123.54
;TYPE:SKIN
G1 F1143.5 X111.96 Y123.54 E844.19885
G1 X111.96 Y111.46 E844.76134
G1 X115.276 Y111.46 E844.91575
G1 X115.276 Y123.54 E845.47825
G0 F9000 X115.536 Y123.54
G0 X111.772 Y123.728
G0 X111.7 Y122.909
G0 X112.161 Y122.909
G1 F1143.5 X112.592 Y123.34 E845.50663
G0 F9000 X113.158 Y123.34
G1 F1143.5 X112.161 Y122.343 E845.57228
G0 F9000 X112.161 Y121.777
G1 F1143.5 X113.723 Y123.34 E845.67517
G0 F9000 X114.289 Y123.34
G1 F1143.5 X112.161 Y121.212 E845.81531
G0 F9000 X112.161 Y120.646
G1 F1143.5 X114.855 Y123.34 E845.99271
G0 F9000 X115.076 Y122.996
G1 F1143.5 X112.161 Y120.08 E846.1847
G0 F9000 X112.161 Y119.514
G1 F1143.5 X115.076 Y122.43 E846.37669
G0 F9000 X115.076 Y121.864
G1 F1143.5 X112.161 Y118.949 E846.56865
G0 F9000 X112.161 Y118.383
G1 F1143.5 X115.076 Y121.299 E846.76064
G0 F9000 X115.076 Y120.733
G1 F1143.5 X112.161 Y117.817 E846.95263
G0 F9000 X112.161 Y117.252
G1 F1143.5 X115.076 Y120.167 E847.14459
G0 F9000 X115.076 Y119.601
G1 F1143.5 X112.161 Y116.686 E847.33655
G0 F9000 X112.161 Y116.12
G1 F1143.5 X115.076 Y119.036 E847.52854
G0 F9000 X115.076 Y118.47
G1 F1143.5 X112.161 Y115.555 E847.7205
G0 F9000 X112.161 Y114.989
G1 F1143.5 X115.076 Y117.904 E847.91245
G0 F9000 X115.076 Y117.339
G1 F1143.5 X112.161 Y114.423 E848.10444
G0 F9000 X112.161 Y113.858
G1 F1143.5 X115.076 Y116.773 E848.2964
G0 F9000 X115.076 Y116.207
G1 F1143.5 X112.161 Y113.292 E848.48836
G0 F9000 X112.161 Y112.726
G1 F1143.5 X115.076 Y115.642 E848.68035
G0 F9000 X115.076 Y115.076
G1 F1143.5 X112.161 Y112.161 E848.87231
G0 F9000 X112.226 Y111.661
G1 F1143.5 X115.076 Y114.51 E849.05995
G0 F9000 X115.076 Y113.945
G1 F1143.5 X112.792 Y111.661 E849.21036
G0 F9000 X113.358 Y111.661
G1 F1143.5 X115.076 Y113.379 E849.32349
G0 F9000 X115.076 Y112.813
G1 F1143.5 X113.923 Y111.661 E849.39938
G0 F9000 X114.489 Y111.661
G1 F1143.5 X115.076 Y112.248 E849.43804
;MESH:NONMESH
G0 F300 X115.076 Y112.248 Z23.52
G0 F9000 X115.536 Y112.248
G0 X115.464 Y123.728
G0 X114.048 Y123.9
;TIME_ELAPSED:1153.128021
;LAYER:83
;note -- min layer time used
;TYPE:WALL-INNER
;MESH:megav4.5-pillar2.stl
G1 F798.1 X114.048 Y111.1 E850.03406
G1 X111.6 Y111.1 E850.14805
G1 X111.6 Y123.9 E850.74407
G1 X114.048 Y123.9 E850.85806
G0 F9000 X114.448 Y124.3
;TYPE:WALL-OUTER
G1 F798.1 X114.448 Y110.7 E851.49133
G1 X111.2 Y110.7 E851.64257
G1 X111.2 Y124.3 E852.27585
G1 X114.448 Y124.3 E852.42709
G0 F9000 X114.171 Y124.02
G0 X113.948 Y123.54
G0 X113.688 Y123.54
;TYPE:SKIN
G1 F798.1 X111.96 Y123.54 E852.50755
G1 X111.96 Y111.46 E853.07005
G1 X113.688 Y111.46 E853.15051
G1 X113.688 Y123.54 E853.713
G0 F9000 X113.117 Y123.34
G1 F798.1 X113.489 Y122.968 E853.7375
G0 F9000 X113.489 Y122.402
G1 F798.1 X112.551 Y123.34 E853.79927
G0 F9000 X112.161 Y123.165
G1 F798.1 X113.489 Y121.837 E853.88672
G0 F9000 X113.489 Y121.271
G1 F798.1 X112.161 Y122.599 E853.97417
G0 F9000 X112.161 Y122.033
G1 F798.1 X113.489 Y120.705 E854.06162
G0 F9000 X113.489 Y120.14
G1 F798.1 X112.161 Y121.468 E854.14908
G0 F9000 X112.161 Y120.902
G1 F798.1 X113.489 Y119.574 E854.23653
G0 F9000 X113.489 Y119.008
G1 F798.1 X112.161 Y120.336 E854.32398
G0 F9000 X112.161 Y119.77
G1 F798.1 X113.489 Y118.443 E854.4114
G0 F9000 X113.489 Y117.877
G1 F798.1 X112.161 Y119.205 E854.49885
G0 F9000 X112.161 Y118.639
G1 F798.1 X113.489 Y117.311 E854.5863
G0 F9000 X113.489 Y116.745
G1 F798.1 X112.161 Y118.073 E854.67375
G0 F9000 X112.161 Y117.508
G1 F798.1 X113.489 Y116.18 E854.7612
G0 F9000 X113.489 Y115.614
G1 F798.1 X112.161 Y116.942 E854.84865
G0 F9000 X112.161 Y116.376
G1 F798.1 X113.489 Y115.048 E854.9361
G0 F9000 X113.489 Y114.483
G1 F798.1 X112.161 Y115.811 E855.02355
G0 F9000 X112.161 Y115.245
G1 F798.1 X113.489 Y113.917 E855.111
G0 F9000 X113.489 Y113.351
G1 F798.1 X112.161 Y114.679 E855.19845
G0 F9000 X112.161 Y114.114
G1 F798.1 X113.489 Y112.786 E855.28591
G0 F9000 X113.489 Y112.22
G1 F798.1 X112.161 Y113.548 E855.37336
G0 F9000 X112.161 Y112.982
G1 F798.1 X113.483 Y111.66 E855.46041
G0 F9000 X112.917 Y111.66
G1 F798.1 X112.161 Y112.417 E855.51023
G0 F9000 X112.161 Y111.851
G1 F798.1 X112.351 Y111.66 E855.52277
;MESH:NONMESH
G0 F300 X112.351 Y111.66 Z23.8
G0 F9000 X112.351 Y111.2
G0 X111.772 Y111.272
G0 X111.772 Y123.728
G0 X112.464 Y123.9
;TIME_ELAPSED:1165.158708
;LAYER:84
;note -- min layer time used
;TYPE:WALL-INNER
;MESH:megav4.5-pillar2.stl
G1 F600 X112.46 Y111.1 E856.1188
G1 X111.6 Y111.1 E856.15884
G1 X111.6 Y123.9 E856.75486
G1 X112.464 Y123.9 E856.79509
G0 F9000 X112.864 Y124.3
;TYPE:WALL-OUTER
G1 F600 X112.86 Y110.7 E857.42837
G1 X111.2 Y110.7 E857.50566
G1 X111.2 Y124.3 E858.13894
G1 X112.864 Y124.3 E858.21642
G0 F9000 X112.584 Y124.02
G0 X112.288 Y111.272
G0 X112.03 Y111.2
G0 X112.03 Y111.53
;TYPE:SKIN
G1 F442 X112.032 Y123.468 E858.97103
;MESH:NONMESH
G0 F300 X112.032 Y123.468 Z24.08
G0 F9000 X111.7 Y123.468
G0 X111.48 Y124.02
G0 X111.238 Y124.262
;TIME_ELAPSED:1173.203390
;LAYER:85
;note -- min layer time used
;TYPE:WALL-OUTER
;MESH:megav4.5-pillar2.stl
G1 F505.3 X111.236 Y110.736 E859.71895
;TIME_ELAPSED:1174.819314
G1 F2700 E854.71895
M140 S0
M107
G91 ;Relative positioning
G1 E-2 F2700 ;Retract a bit
G1 E-2 Z0.2 F2400 ;Retract and raise Z
G1 X5 Y5 F3000 ;Wipe out
G1 Z10 ;Raise Z more
G90 ;Absolute positioning

G1 X0 Y235 ;Present print
M106 S0 ;Turn-off fan
M104 S0 ;Turn-off hotend
M140 S0 ;Turn-off bed

M84 X Y E ;Disable all steppers but Z

M82 ;absolute extrusion mode
M104 S0
;End of Gcode
;SETTING_3 {"global_quality": "[general]\\nversion = 4\\nname = LowBrim\\ndefini
;SETTING_3 tion = creality_ender3\\n\\n[metadata]\\ntype = quality_changes\\nqua
;SETTING_3 lity_type = low\\nsetting_version = 25\\n\\n[values]\\nadhesion_type 
;SETTING_3 = brim\\nmaterial_bed_temperature = 60\\n\\n", "extruder_quality": ["
;SETTING_3 [general]\\nversion = 4\\nname = LowBrim\\ndefinition = creality_ende
;SETTING_3 r3\\n\\n[metadata]\\ntype = quality_changes\\nquality_type = low\\nin
;SETTING_3 tent_category = default\\nposition = 0\\nsetting_version = 25\\n\\n[v
;SETTING_3 alues]\\nmaterial_print_temperature = 195\\nspeed_print = 40\\n\\n"]}
