;FLAVOR:Marlin
;TIME:706
;Filament used: 0.351204m
;Layer height: 0.2
;MINX:99.448
;MINY:105.93
;MINZ:0.2
;MAXX:135.549
;MAXY:135.562
;MAXZ:5
;TARGET_MACHINE.NAME:Creality Ender-3
;POSTPROCESSED
;  [FilamentChange]
;Generated with Cura_SteamEngine 5.10.1
M140 S50
M105
M190 S50
M104 S200
M105
M109 S200
; Ender 3 Custom Start G-code
G92 E0 ; Reset Extruder
G28 ; Home all axes
G1 Z2.0 F3000 ; Move Z Axis up little to prevent scratching of Heat Bed
G1 X0.1 Y20 Z0.3 F5000.0 ; Move to start position
G1 X0.1 Y200.0 Z0.3 F1500.0 E15 ; Draw the first line
G1 X0.4 Y200.0 Z0.3 F5000.0 ; Move to side a little
G1 X0.4 Y20 Z0.3 F1500.0 E30 ; Draw the second line
G92 E0 ; Reset Extruder
G1 Z2.0 F3000 ; Move Z Axis up little to prevent scratching of Heat Bed
G1 X5 Y20 Z0.3 F5000.0 ; Move over to prevent blob squish
M82 ;absolute extrusion mode
G92 E0
G92 E0
G1 F2700 E-5
;LAYER_COUNT:25
;LAYER:0
M107
G0 F6000 X102.983 Y112.914 Z0.2
;TYPE:SKIRT
G1 F2700 E0
G1 F1200 X104.52 Y111.962 E0.06013
G1 X106.3 Y111.351 E0.12273
G1 X107.579 Y111.096 E0.1661
G1 X109.276 Y111.093 E0.22255
G1 X110.89 Y111.401 E0.2772
G1 X112.012 Y110.334 E0.32869
G1 X113.543 Y109.386 E0.38859
G1 X115.323 Y108.775 E0.45118
G1 X116.602 Y108.52 E0.49456
G1 X118.302 Y108.517 E0.5511
G1 X119.897 Y108.821 E0.60511
G1 X121.039 Y107.745 E0.65729
G1 X122.563 Y106.799 E0.71695
G1 X124.343 Y106.188 E0.77955
G1 X125.622 Y105.933 E0.82292
G1 X127.309 Y105.93 E0.87903
G1 X129.007 Y106.247 E0.93648
G1 X130.531 Y106.835 E0.99081
G1 X132.025 Y107.759 E1.04924
G1 X133.276 Y108.982 E1.10743
G1 X134.161 Y110.112 E1.15517
G1 X134.966 Y111.736 E1.21545
G1 X135.393 Y113.488 E1.27543
G1 X135.549 Y114.978 E1.32526
G1 X135.299 Y116.846 E1.38794
G1 X134.925 Y118.207 E1.43489
G1 X134.052 Y119.811 E1.49563
G1 X133.198 Y120.927 E1.54237
G1 X132.007 Y122.077 E1.59743
G1 X130.474 Y123.031 E1.65749
G1 X128.893 Y123.584 E1.7132
G1 X128.58 Y123.652 E1.72385
G1 X128.783 Y124.245 E1.7447
G1 X129.068 Y125.644 E1.79218
G1 X129.068 Y127.448 E1.85218
G1 X128.655 Y129.258 E1.91393
G1 X128.189 Y130.501 E1.95808
G1 X127.235 Y132.047 E2.01851
G1 X126.017 Y133.291 E2.07641
G1 X124.884 Y134.179 E2.12429
G1 X123.259 Y134.983 E2.18459
G1 X121.503 Y135.408 E2.24468
G1 X120.019 Y135.562 E2.29431
G1 X118.155 Y135.313 E2.35685
G1 X116.793 Y134.939 E2.40383
G1 X115.187 Y134.063 E2.46468
G1 X113.933 Y133.086 E2.51755
G1 X112.926 Y132.028 E2.56613
G1 X111.971 Y130.489 E2.62637
G1 X111.407 Y128.875 E2.68324
G1 X111.341 Y128.574 E2.69349
G1 X110.766 Y128.771 E2.7137
G1 X109.367 Y129.056 E2.76119
G1 X107.563 Y129.056 E2.82119
G1 X105.753 Y128.643 E2.88294
G1 X104.51 Y128.177 E2.92709
G1 X102.964 Y127.223 E2.98751
G1 X101.72 Y126.005 E3.04542
G1 X100.835 Y124.875 E3.09316
G1 X100.03 Y123.25 E3.15347
G1 X99.604 Y121.501 E3.21334
G1 X99.448 Y120.011 E3.26317
G1 X99.698 Y118.143 E3.32586
G1 X100.072 Y116.781 E3.37283
G1 X100.948 Y115.175 E3.43368
G1 X101.925 Y113.921 E3.48655
G1 X102.983 Y112.914 E3.53513
G0 F6000 X103.23 Y113.232
G1 F1200 X104.693 Y112.326 E3.59237
G1 X106.378 Y111.743 E3.65167
G1 X107.617 Y111.496 E3.69369
G1 X109.238 Y111.493 E3.74761
G1 X110.821 Y111.795 E3.80121
G1 X111.034 Y111.868 E3.80869
G1 X111.23 Y111.63 E3.81895
G1 X112.259 Y110.652 E3.86617
G1 X113.716 Y109.75 E3.92316
G1 X115.401 Y109.167 E3.98246
G1 X116.64 Y108.92 E4.02448
G1 X118.264 Y108.917 E4.0785
G1 X119.848 Y109.219 E4.13213
G1 X120.052 Y109.289 E4.1393
G1 X120.292 Y108.998 E4.15185
G1 X121.282 Y108.065 E4.1971
G1 X122.736 Y107.163 E4.25401
G1 X124.421 Y106.58 E4.31331
G1 X125.66 Y106.333 E4.35533
G1 X127.274 Y106.33 E4.40901
G1 X128.897 Y106.633 E4.46393
G1 X130.351 Y107.194 E4.51576
G1 X131.776 Y108.076 E4.5715
G1 X132.961 Y109.229 E4.62649
G1 X133.822 Y110.328 E4.67293
G1 X134.589 Y111.875 E4.73036
G1 X134.995 Y113.53 E4.78703
G1 X135.146 Y114.971 E4.83522
G1 X134.913 Y116.74 E4.89457
G1 X134.551 Y118.058 E4.94003
G1 X133.734 Y119.568 E4.99713
G1 X132.88 Y120.684 E5.04387
G1 X131.762 Y121.758 E5.09544
G1 X130.301 Y122.667 E5.15267
G1 X128.761 Y123.206 E5.20693
G1 X128.051 Y123.353 E5.23105
G1 X128.391 Y124.325 E5.2653
G1 X128.668 Y125.685 E5.31146
G1 X128.668 Y127.404 E5.36864
G1 X128.28 Y129.118 E5.42709
G1 X127.827 Y130.327 E5.47003
G1 X126.92 Y131.797 E5.52748
G1 X125.731 Y133.011 E5.58399
G1 X124.672 Y133.837 E5.62866
G1 X123.122 Y134.604 E5.68618
G1 X121.462 Y135.01 E5.74302
G1 X120.026 Y135.159 E5.79104
G1 X118.261 Y134.927 E5.85025
G1 X116.943 Y134.565 E5.89571
G1 X115.432 Y133.747 E5.95286
G1 X114.223 Y132.81 E6.00373
G1 X113.244 Y131.781 E6.05097
G1 X112.335 Y130.316 E6.10832
G1 X111.785 Y128.743 E6.16374
G1 X111.641 Y128.045 E6.18745
G1 X110.686 Y128.379 E6.2211
G1 X109.326 Y128.656 E6.26726
G1 X107.607 Y128.656 E6.32443
G1 X105.893 Y128.268 E6.38288
G1 X104.684 Y127.815 E6.42582
G1 X103.214 Y126.908 E6.48327
G1 X102 Y125.719 E6.53979
G1 X101.174 Y124.66 E6.58446
G1 X100.408 Y123.113 E6.64188
G1 X100.002 Y121.459 E6.69852
G1 X99.851 Y120.018 E6.74671
G1 X100.084 Y118.249 E6.80606
G1 X100.446 Y116.931 E6.85152
G1 X101.264 Y115.42 E6.90867
G1 X102.201 Y114.211 E6.95954
G1 X103.23 Y113.232 E7.00678
G0 F6000 X103.477 Y113.55
G1 F1200 X104.866 Y112.689 E7.06113
G1 X106.509 Y112.121 E7.11895
G1 X107.654 Y111.896 E7.15777
G1 X109.2 Y111.893 E7.20919
G1 X110.746 Y112.188 E7.26153
G1 X111.166 Y112.345 E7.27645
G1 X111.505 Y111.92 E7.29453
G1 X112.503 Y110.972 E7.34031
G1 X113.889 Y110.113 E7.39454
G1 X115.532 Y109.545 E7.45236
G1 X116.677 Y109.32 E7.49118
G1 X118.226 Y109.317 E7.5427
G1 X119.773 Y109.612 E7.59508
G1 X120.182 Y109.765 E7.6096
G1 X120.566 Y109.289 E7.62994
G1 X121.525 Y108.385 E7.67378
G1 X122.909 Y107.526 E7.72795
G1 X124.552 Y106.958 E7.78577
G1 X125.697 Y106.733 E7.82458
G1 X127.239 Y106.73 E7.87587
G1 X128.787 Y107.019 E7.92825
G1 X130.171 Y107.553 E7.97759
G1 X131.528 Y108.393 E8.03067
G1 X132.682 Y109.516 E8.08423
G1 X133.482 Y110.542 E8.1275
G1 X134.211 Y112.014 E8.18213
G1 X134.597 Y113.572 E8.23552
G1 X134.743 Y114.965 E8.2821
G1 X134.527 Y116.634 E8.33808
G1 X134.176 Y117.911 E8.38213
G1 X133.416 Y119.325 E8.43552
G1 X132.562 Y120.441 E8.48226
G1 X131.517 Y121.439 E8.53032
G1 X130.126 Y122.305 E8.58482
G1 X128.68 Y122.814 E8.6358
G1 X127.522 Y123.053 E8.67513
G1 X128.013 Y124.457 E8.7246
G1 X128.268 Y125.725 E8.76762
G1 X128.268 Y127.36 E8.822
G1 X127.905 Y128.978 E8.87715
G1 X127.465 Y130.153 E8.91888
G1 X126.603 Y131.55 E8.97348
G1 X125.485 Y132.696 E9.02673
G1 X124.459 Y133.496 E9.07
G1 X122.987 Y134.225 E9.12464
G1 X121.367 Y134.621 E9.1801
G1 X120.033 Y134.756 E9.2247
G1 X118.367 Y134.541 E9.28057
G1 X117.09 Y134.19 E9.32462
G1 X115.676 Y133.43 E9.37801
G1 X114.513 Y132.534 E9.42684
G1 X113.562 Y131.534 E9.47274
G1 X112.699 Y130.143 E9.52719
G1 X112.163 Y128.611 E9.58117
G1 X111.942 Y127.515 E9.61836
G1 X110.554 Y128.001 E9.66727
G1 X109.286 Y128.256 E9.71029
G1 X107.651 Y128.256 E9.76467
G1 X106.033 Y127.893 E9.81982
G1 X104.858 Y127.453 E9.86155
G1 X103.461 Y126.591 E9.91615
G1 X102.315 Y125.473 E9.9694
G1 X101.515 Y124.447 E10.01267
G1 X100.786 Y122.975 E10.06731
G1 X100.4 Y121.417 E10.12069
G1 X100.254 Y120.024 E10.16728
G1 X100.47 Y118.355 E10.22325
G1 X100.821 Y117.078 E10.2673
G1 X101.581 Y115.664 E10.32069
G1 X102.477 Y114.501 E10.36952
G1 X103.477 Y113.55 E10.41542
G0 F6000 X103.724 Y113.868
G1 F1200 X105.038 Y113.053 E10.46685
G1 X106.586 Y112.514 E10.52137
G1 X107.696 Y112.296 E10.55899
G1 X109.162 Y112.293 E10.60775
G1 X110.671 Y112.581 E10.65885
G1 X111.296 Y112.825 E10.68116
G1 X111.78 Y112.21 E10.70719
G1 X112.747 Y111.292 E10.75154
G1 X114.061 Y110.477 E10.80297
G1 X115.609 Y109.938 E10.85749
G1 X116.719 Y109.72 E10.89511
G1 X118.188 Y109.717 E10.94397
G1 X119.698 Y110.005 E10.9951
G1 X120.311 Y110.245 E11.01699
G1 X120.84 Y109.58 E11.04525
G1 X121.768 Y108.705 E11.08768
G1 X123.081 Y107.89 E11.13908
G1 X124.629 Y107.351 E11.19359
G1 X125.739 Y107.133 E11.23122
G1 X127.204 Y107.13 E11.27994
G1 X128.677 Y107.405 E11.32978
G1 X129.991 Y107.912 E11.37663
G1 X131.283 Y108.712 E11.42717
G1 X132.366 Y109.762 E11.47734
G1 X133.143 Y110.759 E11.51938
G1 X133.833 Y112.152 E11.57109
G1 X134.199 Y113.614 E11.62121
G1 X134.34 Y114.96 E11.66623
G1 X134.141 Y116.528 E11.7188
G1 X133.802 Y117.763 E11.76139
G1 X133.098 Y119.082 E11.81112
G1 X132.244 Y120.198 E11.85786
G1 X131.273 Y121.12 E11.9024
G1 X129.952 Y121.942 E11.95414
G1 X128.599 Y122.422 E12.00189
G1 X127.288 Y122.693 E12.04642
G1 X126.862 Y122.693 E12.06059
G1 X127.113 Y123.098 E12.07643
G1 X127.635 Y124.589 E12.12898
G1 X127.868 Y125.763 E12.16879
G1 X127.868 Y127.318 E12.22051
G1 X127.53 Y128.838 E12.2723
G1 X127.103 Y129.979 E12.31282
G1 X126.288 Y131.3 E12.36444
G1 X125.239 Y132.38 E12.41452
G1 X124.242 Y133.157 E12.45656
G1 X122.849 Y133.847 E12.50826
G1 X121.327 Y134.223 E12.56041
G1 X120.039 Y134.353 E12.60346
G1 X118.473 Y134.155 E12.65596
G1 X117.238 Y133.816 E12.69856
G1 X115.919 Y133.112 E12.74829
G1 X114.803 Y132.258 E12.79503
G1 X113.88 Y131.287 E12.83958
G1 X113.063 Y129.97 E12.89113
G1 X112.541 Y128.479 E12.94367
G1 X112.315 Y127.34 E12.9823
G1 X112.308 Y126.856 E12.9984
G1 X111.913 Y127.101 E13.01386
G1 X110.422 Y127.623 E13.0664
G1 X109.248 Y127.856 E13.10621
G1 X107.693 Y127.856 E13.15793
G1 X106.173 Y127.518 E13.20972
G1 X105.032 Y127.091 E13.25024
G1 X103.711 Y126.276 E13.30186
G1 X102.631 Y125.227 E13.35194
G1 X101.854 Y124.23 E13.39398
G1 X101.164 Y122.837 E13.44568
G1 X100.798 Y121.375 E13.49581
G1 X100.657 Y120.029 E13.54082
G1 X100.856 Y118.461 E13.59339
G1 X101.195 Y117.226 E13.63599
G1 X101.899 Y115.907 E13.68572
G1 X102.753 Y114.791 E13.73246
G1 X103.724 Y113.868 E13.77701
G0 F6000 X103.968 Y114.188
G1 F1200 X105.214 Y113.415 E13.82578
G1 X106.663 Y112.907 E13.87685
G1 X107.738 Y112.696 E13.91329
G1 X109.126 Y112.693 E13.95946
G1 X110.525 Y112.954 E14.00679
G1 X111.426 Y113.306 E14.03896
G1 X112.094 Y112.458 E14.07487
G1 X112.991 Y111.612 E14.11588
G1 X114.237 Y110.839 E14.16465
G1 X115.686 Y110.331 E14.21572
G1 X116.761 Y110.12 E14.25215
G1 X118.15 Y110.117 E14.29835
G1 X119.584 Y110.391 E14.34691
G1 X120.441 Y110.726 E14.37751
G1 X121.114 Y109.871 E14.4137
G1 X122.011 Y109.025 E14.45472
G1 X123.257 Y108.252 E14.50348
G1 X124.706 Y107.744 E14.55455
G1 X125.781 Y107.533 E14.59099
G1 X127.169 Y107.53 E14.63716
G1 X128.567 Y107.791 E14.68446
G1 X129.813 Y108.272 E14.72888
G1 X131.033 Y109.027 E14.7766
G1 X132.05 Y110.008 E14.8236
G1 X132.804 Y110.976 E14.86441
G1 X133.455 Y112.289 E14.91315
G1 X133.801 Y113.656 E14.96005
G1 X133.937 Y114.956 E15.00353
G1 X133.755 Y116.422 E15.05266
G1 X133.428 Y117.614 E15.09377
G1 X132.78 Y118.839 E15.13986
G1 X131.926 Y119.955 E15.1866
G1 X131.029 Y120.801 E15.22761
G1 X129.779 Y121.579 E15.27658
G1 X128.518 Y122.03 E15.32113
G1 X127.246 Y122.293 E15.36433
G1 X126.143 Y122.293 E15.40101
G1 X126.749 Y123.271 E15.43928
G1 X127.257 Y124.721 E15.49038
G1 X127.468 Y125.804 E15.52708
G1 X127.468 Y127.272 E15.57591
G1 X127.155 Y128.698 E15.62446
G1 X126.741 Y129.805 E15.66377
G1 X125.972 Y131.05 E15.71244
G1 X124.993 Y132.064 E15.75932
G1 X124.025 Y132.818 E15.80013
G1 X122.711 Y133.469 E15.84891
G1 X121.287 Y133.825 E15.89773
G1 X120.044 Y133.95 E15.93928
G1 X118.579 Y133.769 E15.98837
G1 X117.387 Y133.442 E16.02949
G1 X116.162 Y132.794 E16.07558
G1 X115.046 Y131.94 E16.12232
G1 X114.2 Y131.043 E16.16333
G1 X113.427 Y129.797 E16.2121
G1 X112.919 Y128.347 E16.2632
G1 X112.708 Y127.264 E16.2999
G1 X112.708 Y126.137 E16.33738
G1 X111.74 Y126.737 E16.37526
G1 X110.29 Y127.245 E16.42636
G1 X109.207 Y127.456 E16.46306
G1 X107.739 Y127.456 E16.51189
G1 X106.313 Y127.143 E16.56044
G1 X105.206 Y126.729 E16.59975
G1 X103.961 Y125.96 E16.64842
G1 X102.947 Y124.981 E16.6953
G1 X102.193 Y124.013 E16.73611
G1 X101.542 Y122.7 E16.78486
G1 X101.196 Y121.333 E16.83176
G1 X101.06 Y120.033 E16.87523
G1 X101.242 Y118.567 E16.92437
G1 X101.569 Y117.375 E16.96548
G1 X102.217 Y116.15 E17.01157
G1 X103.071 Y115.034 E17.05831
G1 X103.968 Y114.188 E17.09932
G0 F6000 X104.214 Y114.506
G1 F1200 X105.389 Y113.777 E17.14531
G1 X106.74 Y113.3 E17.19296
G1 X107.78 Y113.096 E17.22821
G1 X109.091 Y113.093 E17.27182
G1 X110.415 Y113.34 E17.31661
G1 X111.557 Y113.787 E17.3574
G1 X112.369 Y112.749 E17.40123
G1 X113.237 Y111.93 E17.44093
G1 X114.412 Y111.201 E17.48692
G1 X115.763 Y110.724 E17.53457
G1 X116.803 Y110.52 E17.56982
G1 X118.114 Y110.517 E17.61343
G1 X119.438 Y110.764 E17.65822
G1 X120.597 Y111.217 E17.69961
G1 X120.69 Y111.056 E17.70579
G1 X121.389 Y110.162 E17.74354
G1 X122.257 Y109.343 E17.78323
G1 X123.432 Y108.614 E17.82922
G1 X124.783 Y108.137 E17.87688
G1 X125.823 Y107.933 E17.91212
G1 X127.134 Y107.93 E17.95573
G1 X128.457 Y108.177 E18.00049
G1 X129.633 Y108.631 E18.04242
G1 X130.785 Y109.344 E18.08748
G1 X131.734 Y110.254 E18.13121
G1 X132.465 Y111.193 E18.17079
G1 X133.077 Y112.427 E18.2166
G1 X133.413 Y113.754 E18.26213
G1 X133.534 Y114.953 E18.30221
G1 X133.369 Y116.316 E18.34788
G1 X133.053 Y117.467 E18.38758
G1 X132.461 Y118.597 E18.43001
G1 X131.651 Y119.664 E18.47456
G1 X130.783 Y120.483 E18.51426
G1 X129.605 Y121.216 E18.5604
G1 X128.383 Y121.653 E18.60357
G1 X127.205 Y121.893 E18.64355
G1 X125.826 Y121.893 E18.68942
G1 X125.169 Y121.753 E18.71176
G1 X125.658 Y122.271 E18.73545
G1 X126.387 Y123.446 E18.78144
G1 X126.864 Y124.797 E18.8291
G1 X127.068 Y125.844 E18.86458
G1 X127.068 Y127.228 E18.91061
G1 X126.78 Y128.558 E18.95587
G1 X126.379 Y129.631 E18.99397
G1 X125.656 Y130.801 E19.03971
G1 X124.747 Y131.748 E19.08337
G1 X123.808 Y132.479 E19.12295
G1 X122.574 Y133.091 E19.16876
G1 X121.247 Y133.427 E19.21429
G1 X120.048 Y133.548 E19.25437
G1 X118.685 Y133.383 E19.30004
G1 X117.534 Y133.067 E19.33974
G1 X116.404 Y132.475 E19.38217
G1 X115.337 Y131.665 E19.42672
G1 X114.518 Y130.797 E19.46642
G1 X113.789 Y129.622 E19.51241
G1 X113.312 Y128.271 E19.56006
G1 X113.108 Y127.224 E19.59554
G1 X113.108 Y125.84 E19.64157
G1 X113.253 Y125.162 E19.66463
G1 X112.74 Y125.646 E19.68809
G1 X111.565 Y126.375 E19.73408
G1 X110.214 Y126.852 E19.78173
G1 X109.167 Y127.056 E19.81721
G1 X107.783 Y127.056 E19.86324
G1 X106.453 Y126.768 E19.9085
G1 X105.38 Y126.367 E19.9466
G1 X104.21 Y125.644 E19.99235
G1 X103.263 Y124.735 E20.03601
G1 X102.532 Y123.796 E20.07559
G1 X101.92 Y122.562 E20.1214
G1 X101.584 Y121.235 E20.16693
G1 X101.463 Y120.036 E20.20701
G1 X101.628 Y118.673 E20.25268
G1 X101.944 Y117.522 E20.29237
G1 X102.536 Y116.392 E20.3348
G1 X103.346 Y115.325 E20.37936
G1 X104.214 Y114.506 E20.41905
G0 F6000 X104.46 Y114.824
G1 F1200 X105.563 Y114.14 E20.46222
G1 X106.817 Y113.693 E20.5065
G1 X107.822 Y113.496 E20.54056
G1 X109.056 Y113.493 E20.5816
G1 X110.304 Y113.726 E20.62383
G1 X111.374 Y114.139 E20.66198
G1 X111.734 Y114.353 E20.67591
G1 X111.986 Y113.888 E20.6935
G1 X112.644 Y113.04 E20.7292
G1 X113.483 Y112.248 E20.76757
G1 X114.586 Y111.564 E20.81074
G1 X115.84 Y111.117 E20.85502
G1 X116.845 Y110.92 E20.88908
G1 X118.079 Y110.917 E20.93012
G1 X119.327 Y111.15 E20.97235
G1 X120.397 Y111.563 E21.0105
G1 X120.749 Y111.773 E21.02413
G1 X121.006 Y111.301 E21.042
G1 X121.664 Y110.453 E21.0777
G1 X122.503 Y109.661 E21.11608
G1 X123.606 Y108.977 E21.15925
G1 X124.86 Y108.53 E21.20352
G1 X125.865 Y108.333 E21.23759
G1 X127.099 Y108.33 E21.27863
G1 X128.347 Y108.563 E21.32086
G1 X129.453 Y108.99 E21.36029
G1 X130.538 Y109.662 E21.40274
G1 X131.457 Y110.543 E21.44508
G1 X132.125 Y111.407 E21.4814
G1 X132.701 Y112.568 E21.52451
G1 X133.015 Y113.794 E21.5666
G1 X133.132 Y114.95 E21.60525
G1 X132.983 Y116.21 E21.64745
G1 X132.678 Y117.321 E21.68577
G1 X132.107 Y118.411 E21.72669
G1 X131.376 Y119.373 E21.76688
G1 X130.537 Y120.165 E21.80525
G1 X129.429 Y120.854 E21.84865
G1 X128.303 Y121.261 E21.88847
G1 X127.164 Y121.493 E21.92713
G1 X125.868 Y121.493 E21.97024
G1 X124.636 Y121.23 E22.01214
G1 X123.631 Y120.855 E22.04782
G1 X123.274 Y120.643 E22.06163
G1 X123.215 Y120.756 E22.06587
G1 X123.7 Y121.02 E22.08423
G1 X124.548 Y121.678 E22.11993
G1 X125.34 Y122.517 E22.15831
G1 X126.024 Y123.62 E22.20147
G1 X126.471 Y124.874 E22.24575
G1 X126.668 Y125.885 E22.28001
G1 X126.668 Y127.186 E22.32328
G1 X126.405 Y128.418 E22.36518
G1 X126.017 Y129.457 E22.40207
G1 X125.34 Y130.552 E22.44489
G1 X124.458 Y131.471 E22.48725
G1 X123.594 Y132.139 E22.52358
G1 X122.433 Y132.715 E22.56668
G1 X121.207 Y133.029 E22.60878
G1 X120.051 Y133.146 E22.64742
G1 X118.791 Y132.997 E22.68962
G1 X117.68 Y132.692 E22.72794
G1 X116.59 Y132.121 E22.76887
G1 X115.628 Y131.39 E22.80905
G1 X114.836 Y130.551 E22.84743
G1 X114.152 Y129.448 E22.8906
G1 X113.705 Y128.194 E22.93487
G1 X113.508 Y127.183 E22.96913
G1 X113.508 Y125.882 E23.0124
G1 X113.771 Y124.65 E23.0543
G1 X114.146 Y123.645 E23.08998
G1 X114.356 Y123.293 E23.10361
G1 X114.243 Y123.223 E23.10804
G1 X113.991 Y123.688 E23.12563
G1 X113.333 Y124.536 E23.16133
G1 X112.494 Y125.328 E23.1997
G1 X111.391 Y126.012 E23.24287
G1 X110.137 Y126.459 E23.28715
G1 X109.126 Y126.656 E23.3214
G1 X107.825 Y126.656 E23.36468
G1 X106.593 Y126.393 E23.40658
G1 X105.554 Y126.005 E23.44346
G1 X104.459 Y125.328 E23.48628
G1 X103.54 Y124.446 E23.52865
G1 X102.872 Y123.582 E23.56497
G1 X102.296 Y122.421 E23.60808
G1 X101.982 Y121.195 E23.65017
G1 X101.865 Y120.039 E23.68882
G1 X102.014 Y118.779 E23.73102
G1 X102.319 Y117.668 E23.76934
G1 X102.89 Y116.578 E23.81026
G1 X103.621 Y115.616 E23.85045
G1 X104.46 Y114.824 E23.88882
G0 F6000 X104.706 Y115.142
G1 F1200 X105.74 Y114.501 E23.92929
G1 X106.894 Y114.086 E23.97007
G1 X107.864 Y113.896 E24.00295
G1 X109.021 Y113.893 E24.04143
G1 X110.194 Y114.112 E24.08112
G1 X111.23 Y114.512 E24.11806
G1 X111.886 Y114.918 E24.14372
G1 X112.303 Y114.132 E24.17331
G1 X112.919 Y113.331 E24.20692
G1 X113.729 Y112.566 E24.24398
G1 X114.763 Y111.925 E24.28444
G1 X115.917 Y111.51 E24.32523
G1 X116.887 Y111.32 E24.3581
G1 X118.044 Y111.317 E24.39658
G1 X119.217 Y111.536 E24.43627
G1 X120.253 Y111.936 E24.47321
G1 X120.902 Y112.338 E24.4986
G1 X121.323 Y111.545 E24.52846
G1 X121.939 Y110.744 E24.56207
G1 X122.749 Y109.979 E24.59913
G1 X123.783 Y109.338 E24.63959
G1 X124.937 Y108.923 E24.68038
G1 X125.907 Y108.733 E24.71326
G1 X127.064 Y108.73 E24.75174
G1 X128.237 Y108.949 E24.79143
G1 X129.273 Y109.349 E24.82836
G1 X130.294 Y109.981 E24.8683
G1 X131.14 Y110.788 E24.90719
G1 X131.786 Y111.624 E24.94233
G1 X132.324 Y112.707 E24.98255
G1 X132.617 Y113.834 E25.02128
G1 X132.73 Y114.948 E25.05852
G1 X132.597 Y116.104 E25.09722
G1 X132.303 Y117.175 E25.13416
G1 X131.753 Y118.225 E25.17359
G1 X131.101 Y119.082 E25.2094
G1 X130.291 Y119.847 E25.24646
G1 X129.254 Y120.492 E25.28708
G1 X128.223 Y120.869 E25.32359
G1 X127.123 Y121.093 E25.36092
G1 X125.913 Y121.093 E25.40117
G1 X124.776 Y120.855 E25.43981
G1 X123.771 Y120.48 E25.47548
G1 X123.119 Y120.077 E25.50098
G1 X122.676 Y120.923 E25.53274
G1 X123.456 Y121.337 E25.56211
G1 X124.257 Y121.953 E25.59572
G1 X125.022 Y122.763 E25.63278
G1 X125.663 Y123.797 E25.67324
G1 X126.078 Y124.951 E25.71403
G1 X126.268 Y125.926 E25.74707
G1 X126.268 Y127.141 E25.78748
G1 X126.03 Y128.278 E25.82611
G1 X125.655 Y129.283 E25.86179
G1 X125.022 Y130.306 E25.9018
G1 X124.213 Y131.154 E25.94078
G1 X123.377 Y131.8 E25.97592
G1 X122.294 Y132.338 E26.01614
G1 X121.167 Y132.631 E26.05487
G1 X120.053 Y132.744 E26.09212
G1 X118.897 Y132.611 E26.13082
G1 X117.826 Y132.317 E26.16776
G1 X116.776 Y131.767 E26.20718
G1 X115.919 Y131.115 E26.243
G1 X115.154 Y130.305 E26.28005
G1 X114.513 Y129.271 E26.32052
G1 X114.098 Y128.117 E26.36131
G1 X113.908 Y127.142 E26.39434
G1 X113.908 Y125.927 E26.43476
G1 X114.146 Y124.79 E26.47339
G1 X114.521 Y123.785 E26.50907
G1 X114.925 Y123.132 E26.53461
G1 X114.715 Y123.045 E26.54217
G1 X114.091 Y122.658 E26.56659
G1 X113.674 Y123.444 E26.59618
G1 X113.058 Y124.245 E26.62979
G1 X112.248 Y125.01 E26.66685
G1 X111.214 Y125.651 E26.70731
G1 X110.06 Y126.066 E26.7481
G1 X109.085 Y126.256 E26.78114
G1 X107.87 Y126.256 E26.82155
G1 X106.733 Y126.018 E26.86019
G1 X105.728 Y125.643 E26.89587
G1 X104.705 Y125.01 E26.93588
G1 X103.857 Y124.201 E26.97486
G1 X103.211 Y123.365 E27.01
G1 X102.673 Y122.282 E27.05022
G1 X102.38 Y121.155 E27.08895
G1 X102.267 Y120.041 E27.12619
G1 X102.4 Y118.885 E27.16489
G1 X102.694 Y117.814 E27.20183
G1 X103.244 Y116.764 E27.24126
G1 X103.896 Y115.907 E27.27707
G1 X104.706 Y115.142 E27.31413
G0 F6000 X104.952 Y115.46
G1 F1200 X105.915 Y114.863 E27.35181
G1 X106.971 Y114.479 E27.38919
G1 X107.906 Y114.296 E27.42087
G1 X108.986 Y114.293 E27.4568
G1 X110.084 Y114.498 E27.49395
G1 X111.05 Y114.871 E27.52839
G1 X112.04 Y115.484 E27.56712
G1 X112.621 Y114.374 E27.60879
G1 X113.194 Y113.622 E27.64023
G1 X113.975 Y112.884 E27.67597
G1 X114.938 Y112.287 E27.71366
G1 X115.994 Y111.903 E27.75103
G1 X116.929 Y111.72 E27.78272
G1 X118.009 Y111.717 E27.81864
G1 X119.107 Y111.922 E27.85579
G1 X120.073 Y112.295 E27.89023
G1 X121.08 Y112.919 E27.92963
G1 X121.133 Y112.758 E27.93527
G1 X121.641 Y111.787 E27.97172
G1 X122.214 Y111.035 E28.00316
G1 X122.995 Y110.297 E28.0389
G1 X123.958 Y109.7 E28.07659
G1 X125.014 Y109.316 E28.11396
G1 X125.949 Y109.133 E28.14565
G1 X127.029 Y109.13 E28.18157
G1 X128.127 Y109.335 E28.21872
G1 X129.093 Y109.708 E28.25316
G1 X130.047 Y110.299 E28.29049
G1 X130.824 Y111.033 E28.32604
G1 X131.446 Y111.837 E28.35985
G1 X131.947 Y112.846 E28.39732
G1 X132.219 Y113.874 E28.43268
G1 X132.327 Y114.943 E28.46842
G1 X132.211 Y115.998 E28.50372
G1 X131.928 Y117.029 E28.53928
G1 X131.399 Y118.039 E28.5772
G1 X130.826 Y118.791 E28.60865
G1 X130.045 Y119.529 E28.64439
G1 X129.079 Y120.129 E28.68221
G1 X128.085 Y120.493 E28.71742
G1 X127.084 Y120.693 E28.75137
G1 X125.955 Y120.693 E28.78892
G1 X124.916 Y120.48 E28.82419
G1 X123.947 Y120.119 E28.85859
G1 X122.962 Y119.509 E28.89712
G1 X122.415 Y120.569 E28.93679
G1 X122.037 Y121.08 E28.95793
G1 X122.243 Y121.147 E28.96514
G1 X123.214 Y121.655 E29.00159
G1 X123.966 Y122.228 E29.03303
G1 X124.704 Y123.009 E29.06877
G1 X125.301 Y123.972 E29.10646
G1 X125.685 Y125.028 E29.14383
G1 X125.868 Y125.967 E29.17565
G1 X125.868 Y127.099 E29.2133
G1 X125.655 Y128.138 E29.24858
G1 X125.294 Y129.107 E29.28297
G1 X124.704 Y130.059 E29.32022
G1 X123.968 Y130.838 E29.35586
G1 X123.164 Y131.46 E29.38967
G1 X122.155 Y131.961 E29.42714
G1 X121.127 Y132.233 E29.46251
G1 X120.058 Y132.341 E29.49825
G1 X119.003 Y132.225 E29.53355
G1 X117.972 Y131.942 E29.56911
G1 X116.962 Y131.413 E29.60703
G1 X116.21 Y130.84 E29.63847
G1 X115.472 Y130.059 E29.67421
G1 X114.875 Y129.096 E29.7119
G1 X114.491 Y128.04 E29.74927
G1 X114.308 Y127.101 E29.78109
G1 X114.308 Y125.969 E29.81874
G1 X114.521 Y124.93 E29.85402
G1 X114.882 Y123.961 E29.88841
G1 X115.521 Y122.93 E29.92875
G1 X114.926 Y122.705 E29.94991
G1 X113.937 Y122.092 E29.98861
G1 X113.356 Y123.202 E30.03028
G1 X112.783 Y123.954 E30.06173
G1 X112.002 Y124.692 E30.09746
G1 X111.039 Y125.289 E30.13515
G1 X109.983 Y125.673 E30.17252
G1 X109.044 Y125.856 E30.20434
G1 X107.912 Y125.856 E30.24199
G1 X106.873 Y125.643 E30.27727
G1 X105.904 Y125.282 E30.31166
G1 X104.952 Y124.692 E30.34891
G1 X104.173 Y123.956 E30.38456
G1 X103.551 Y123.152 E30.41837
G1 X103.05 Y122.143 E30.45583
G1 X102.778 Y121.115 E30.4912
G1 X102.67 Y120.046 E30.52694
G1 X102.786 Y118.991 E30.56224
G1 X103.069 Y117.96 E30.5978
G1 X103.598 Y116.95 E30.63572
G1 X104.171 Y116.198 E30.66717
G1 X104.952 Y115.46 E30.7029
G0 F6000 X105.198 Y115.778
G1 F1200 X106.093 Y115.223 E30.73793
G1 X107.048 Y114.872 E30.77177
G1 X107.948 Y114.696 E30.80227
G1 X108.951 Y114.693 E30.83563
G1 X109.974 Y114.884 E30.87025
G1 X110.87 Y115.23 E30.90219
G1 X111.758 Y115.78 E30.93693
G1 X112.263 Y116.258 E30.96006
G1 X112.468 Y115.529 E30.98525
G1 X112.94 Y114.615 E31.01946
G1 X113.469 Y113.913 E31.0487
G1 X114.221 Y113.202 E31.08312
G1 X115.116 Y112.647 E31.11815
G1 X116.071 Y112.296 E31.15199
G1 X116.971 Y112.12 E31.18249
G1 X117.974 Y112.117 E31.21585
G1 X118.997 Y112.308 E31.25046
G1 X119.893 Y112.654 E31.28241
G1 X120.781 Y113.204 E31.31715
G1 X121.282 Y113.677 E31.34006
G1 X121.488 Y112.942 E31.36545
G1 X121.96 Y112.028 E31.39967
G1 X122.489 Y111.326 E31.4289
G1 X123.241 Y110.615 E31.46332
G1 X124.136 Y110.06 E31.49835
G1 X125.091 Y109.709 E31.53219
G1 X125.991 Y109.533 E31.56269
G1 X126.994 Y109.53 E31.59605
G1 X128.017 Y109.721 E31.63067
G1 X128.913 Y110.067 E31.66261
G1 X129.801 Y110.617 E31.69735
G1 X130.549 Y111.324 E31.73159
G1 X131.106 Y112.052 E31.76207
G1 X131.57 Y112.986 E31.79676
G1 X131.832 Y113.976 E31.83082
G1 X131.925 Y114.939 E31.863
G1 X131.825 Y115.892 E31.89487
G1 X131.553 Y116.883 E31.92905
G1 X131.08 Y117.798 E31.96331
G1 X130.551 Y118.5 E31.99254
G1 X129.799 Y119.211 E32.02697
G1 X128.904 Y119.766 E32.06199
G1 X127.947 Y120.117 E32.0959
G1 X127.043 Y120.293 E32.12653
G1 X125.996 Y120.293 E32.16135
G1 X124.996 Y120.088 E32.1953
G1 X124.126 Y119.759 E32.22624
G1 X123.241 Y119.211 E32.26086
G1 X122.738 Y118.736 E32.28387
G1 X122.532 Y119.471 E32.30926
G1 X122.06 Y120.385 E32.34347
G1 X121.531 Y121.087 E32.37271
G1 X121.313 Y121.293 E32.38268
G1 X122.059 Y121.502 E32.40845
G1 X122.973 Y121.974 E32.44267
G1 X123.675 Y122.503 E32.4719
G1 X124.386 Y123.255 E32.50632
G1 X124.941 Y124.15 E32.54135
G1 X125.292 Y125.105 E32.57519
G1 X125.468 Y126.008 E32.60579
G1 X125.468 Y127.058 E32.64071
G1 X125.263 Y128.058 E32.67466
G1 X124.934 Y128.928 E32.7056
G1 X124.386 Y129.813 E32.74022
G1 X123.677 Y130.563 E32.77455
G1 X122.949 Y131.12 E32.80504
G1 X122.015 Y131.584 E32.83972
G1 X121.025 Y131.846 E32.87379
G1 X120.062 Y131.939 E32.90596
G1 X119.109 Y131.839 E32.93783
G1 X118.118 Y131.567 E32.97201
G1 X117.203 Y131.094 E33.00627
G1 X116.501 Y130.565 E33.03551
G1 X115.79 Y129.813 E33.06993
G1 X115.235 Y128.918 E33.10496
G1 X114.884 Y127.963 E33.1388
G1 X114.708 Y127.06 E33.1694
G1 X114.708 Y126.01 E33.20432
G1 X114.913 Y125.01 E33.23827
G1 X115.242 Y124.14 E33.26921
G1 X115.79 Y123.255 E33.30383
G1 X116.276 Y122.74 E33.32738
G1 X115.976 Y122.675 E33.33759
G1 X115.106 Y122.346 E33.36853
G1 X114.221 Y121.798 E33.40315
G1 X113.714 Y121.318 E33.42637
G1 X113.509 Y122.047 E33.45156
G1 X113.037 Y122.961 E33.48577
G1 X112.508 Y123.663 E33.51501
G1 X111.756 Y124.374 E33.54943
G1 X110.861 Y124.929 E33.58445
G1 X109.906 Y125.28 E33.61829
G1 X109.003 Y125.456 E33.64889
G1 X107.953 Y125.456 E33.68382
G1 X106.953 Y125.251 E33.71777
G1 X106.083 Y124.922 E33.74871
G1 X105.198 Y124.374 E33.78333
G1 X104.448 Y123.665 E33.81765
G1 X103.891 Y122.937 E33.84814
G1 X103.427 Y122.003 E33.88283
G1 X103.165 Y121.013 E33.91689
G1 X103.072 Y120.05 E33.94907
G1 X103.172 Y119.097 E33.98094
G1 X103.444 Y118.106 E34.01512
G1 X103.917 Y117.191 E34.04938
G1 X104.446 Y116.489 E34.07861
G1 X105.198 Y115.778 E34.11303
G0 F6000 X105.444 Y116.096
G1 F1200 X106.269 Y115.585 E34.14531
G1 X107.125 Y115.265 E34.17571
G1 X107.99 Y115.096 E34.20502
G1 X108.916 Y115.093 E34.23582
G1 X109.864 Y115.27 E34.26789
G1 X110.692 Y115.59 E34.29742
G1 X111.51 Y116.096 E34.32941
G1 X112.231 Y116.778 E34.36242
G1 X112.527 Y117.17 E34.37876
G1 X112.593 Y116.563 E34.39907
G1 X112.842 Y115.676 E34.42971
G1 X113.261 Y114.854 E34.46039
G1 X113.744 Y114.204 E34.48733
G1 X114.467 Y113.52 E34.52043
G1 X115.292 Y113.009 E34.55271
G1 X116.148 Y112.689 E34.5831
G1 X117.013 Y112.52 E34.61242
G1 X117.939 Y112.517 E34.64322
G1 X118.887 Y112.694 E34.67529
G1 X119.715 Y113.014 E34.70482
G1 X120.533 Y113.52 E34.73681
G1 X121.254 Y114.202 E34.76982
G1 X121.547 Y114.589 E34.78596
G1 X121.613 Y113.976 E34.80647
G1 X121.862 Y113.089 E34.83711
G1 X122.281 Y112.267 E34.8678
G1 X122.764 Y111.617 E34.89473
G1 X123.487 Y110.933 E34.92783
G1 X124.312 Y110.422 E34.96011
G1 X125.168 Y110.102 E34.99051
G1 X126.033 Y109.933 E35.01982
G1 X126.959 Y109.93 E35.05062
G1 X127.907 Y110.107 E35.08269
G1 X128.735 Y110.427 E35.11222
G1 X129.553 Y110.933 E35.14421
G1 X130.274 Y111.615 E35.17722
G1 X130.765 Y112.264 E35.20429
G1 X131.193 Y113.127 E35.23633
G1 X131.434 Y114.014 E35.2669
G1 X131.523 Y114.935 E35.29767
G1 X131.427 Y115.85 E35.32827
G1 X131.178 Y116.737 E35.35892
G1 X130.759 Y117.559 E35.3896
G1 X130.276 Y118.209 E35.41654
G1 X129.553 Y118.893 E35.44964
G1 X128.728 Y119.404 E35.48192
G1 X127.871 Y119.724 E35.51234
G1 X127.003 Y119.893 E35.54175
G1 X126.035 Y119.893 E35.57395
G1 X125.137 Y119.714 E35.60441
G1 X124.306 Y119.4 E35.63395
G1 X123.487 Y118.893 E35.66599
G1 X122.766 Y118.211 E35.699
G1 X122.473 Y117.824 E35.71514
G1 X122.407 Y118.437 E35.73565
G1 X122.158 Y119.324 E35.76629
G1 X121.739 Y120.146 E35.79698
G1 X121.256 Y120.796 E35.82391
G1 X120.562 Y121.452 E35.85567
G1 X120.403 Y121.56 E35.86207
G1 X121.025 Y121.627 E35.88288
G1 X121.912 Y121.876 E35.91352
G1 X122.734 Y122.295 E35.9442
G1 X123.384 Y122.778 E35.97114
G1 X124.068 Y123.501 E36.00424
G1 X124.579 Y124.326 E36.03652
G1 X124.899 Y125.182 E36.06691
G1 X125.068 Y126.049 E36.09629
G1 X125.068 Y127.019 E36.12856
G1 X124.889 Y127.917 E36.15901
G1 X124.575 Y128.748 E36.18856
G1 X124.068 Y129.567 E36.22059
G1 X123.386 Y130.288 E36.2536
G1 X122.737 Y130.779 E36.28067
G1 X121.874 Y131.207 E36.31271
G1 X120.987 Y131.448 E36.34328
G1 X120.066 Y131.537 E36.37406
G1 X119.151 Y131.441 E36.40466
G1 X118.264 Y131.192 E36.4353
G1 X117.442 Y130.773 E36.46599
G1 X116.792 Y130.29 E36.49292
G1 X116.108 Y129.567 E36.52602
G1 X115.597 Y128.742 E36.5583
G1 X115.277 Y127.886 E36.5887
G1 X115.108 Y127.019 E36.61807
G1 X115.108 Y126.049 E36.65034
G1 X115.287 Y125.151 E36.68079
G1 X115.601 Y124.32 E36.71034
G1 X116.108 Y123.501 E36.74238
G1 X116.79 Y122.78 E36.77538
G1 X117.187 Y122.48 E36.79193
G1 X116.98 Y122.473 E36.79882
G1 X116.117 Y122.301 E36.82809
G1 X115.286 Y121.987 E36.85764
G1 X114.467 Y121.48 E36.88968
G1 X113.746 Y120.798 E36.92268
G1 X113.45 Y120.406 E36.93902
G1 X113.384 Y121.013 E36.95933
G1 X113.135 Y121.9 E36.98997
G1 X112.716 Y122.722 E37.02066
G1 X112.233 Y123.372 E37.04759
G1 X111.51 Y124.056 E37.0807
G1 X110.685 Y124.567 E37.11297
G1 X109.829 Y124.887 E37.14337
G1 X108.962 Y125.056 E37.17275
G1 X107.992 Y125.056 E37.20501
G1 X107.094 Y124.877 E37.23546
G1 X106.263 Y124.563 E37.26501
G1 X105.444 Y124.056 E37.29705
G1 X104.723 Y123.374 E37.33006
G1 X104.232 Y122.725 E37.35713
G1 X103.804 Y121.862 E37.38916
G1 X103.563 Y120.975 E37.41974
G1 X103.474 Y120.054 E37.45051
G1 X103.57 Y119.139 E37.48111
G1 X103.819 Y118.252 E37.51175
G1 X104.238 Y117.43 E37.54244
G1 X104.721 Y116.78 E37.56937
G1 X105.444 Y116.096 E37.60248
G0 F6000 X105.931 Y116.736
G1 F1200 X106.622 Y116.308 E37.62951
G1 X107.345 Y116.032 E37.65525
G1 X108.071 Y115.896 E37.67982
G1 X108.846 Y115.893 E37.7056
G1 X109.644 Y116.042 E37.7326
G1 X110.332 Y116.308 E37.75713
G1 X111.023 Y116.736 E37.78416
G1 X111.593 Y117.26 E37.80992
G1 X112.038 Y117.849 E37.83447
G1 X112.399 Y118.576 E37.86147
G1 X112.608 Y119.323 E37.88726
G1 X112.676 Y120.094 E37.91301
G1 X112.601 Y120.866 E37.93881
G1 X112.386 Y121.61 E37.96456
G1 X112.038 Y122.303 E37.99036
G1 X111.593 Y122.892 E38.01491
G1 X111.023 Y123.416 E38.04066
G1 X110.332 Y123.844 E38.06769
G1 X109.609 Y124.12 E38.09343
G1 X108.883 Y124.256 E38.118
G1 X108.071 Y124.256 E38.14501
G1 X107.31 Y124.11 E38.17078
G1 X106.622 Y123.844 E38.19532
G1 X105.931 Y123.416 E38.22235
G1 X105.361 Y122.892 E38.2481
G1 X104.916 Y122.303 E38.27265
G1 X104.555 Y121.576 E38.29965
G1 X104.346 Y120.829 E38.32545
G1 X104.278 Y120.058 E38.35119
G1 X104.353 Y119.286 E38.37699
G1 X104.568 Y118.542 E38.40275
G1 X104.916 Y117.849 E38.42854
G1 X105.361 Y117.26 E38.45309
G1 X105.931 Y116.736 E38.47885
G1 F2700 E33.47885
G0 F6000 X105.684 Y116.339
G0 X106.397 Y115.898
G0 X107.2 Y115.587
G0 X108.047 Y115.429
G0 X108.907 Y115.429
G0 X109.754 Y115.587
G0 X110.557 Y115.898
G0 X112.838 Y117.44
G0 X113.301 Y117.482
G1 F2700 E38.47885
G1 F1200 X113.376 Y116.71 E38.50464
G1 X113.591 Y115.966 E38.5304
G1 X113.939 Y115.273 E38.55619
G1 X114.384 Y114.684 E38.58075
G1 X114.954 Y114.16 E38.6065
G1 X115.645 Y113.732 E38.63353
G1 X116.368 Y113.456 E38.65927
G1 X117.094 Y113.32 E38.68384
G1 X117.869 Y113.317 E38.70962
G1 X118.667 Y113.466 E38.73662
G1 X119.355 Y113.732 E38.76115
G1 X120.046 Y114.16 E38.78819
G1 X120.616 Y114.684 E38.81394
G1 X121.061 Y115.273 E38.83849
G1 X121.422 Y116 E38.86549
G1 X121.631 Y116.747 E38.89129
G1 X121.699 Y117.518 E38.91703
G1 X121.624 Y118.29 E38.94283
G1 X121.409 Y119.034 E38.96859
G1 X121.061 Y119.727 E38.99438
G1 X120.616 Y120.316 E39.01893
G1 X120.046 Y120.84 E39.04468
G1 X119.355 Y121.268 E39.07172
G1 X118.632 Y121.544 E39.09746
G1 X117.906 Y121.68 E39.12202
G1 X117.094 Y121.68 E39.14903
G1 X116.333 Y121.534 E39.1748
G1 X115.645 Y121.268 E39.19934
G1 X114.954 Y120.84 E39.22637
G1 X114.384 Y120.316 E39.25212
G1 X113.939 Y119.727 E39.27668
G1 X113.578 Y119 E39.30367
G1 X113.369 Y118.253 E39.32947
G1 X113.301 Y117.482 E39.35522
G0 F6000 X112.38 Y117.638
G1 F1200 X111.912 Y117.019 E39.38103
G1 X111.266 Y116.416 E39.41042
G1 X110.512 Y115.949 E39.43992
G1 X109.754 Y115.656 E39.46694
G1 X108.881 Y115.493 E39.49648
G1 X108.032 Y115.496 E39.52472
G1 X107.202 Y115.658 E39.55285
G1 X106.445 Y115.947 E39.5798
G1 X105.688 Y116.416 E39.60942
G1 X105.042 Y117.019 E39.63881
G1 X104.559 Y117.669 E39.66574
G1 X104.194 Y118.396 E39.6928
G1 X103.955 Y119.247 E39.7222
G1 X103.876 Y120.056 E39.74923
G1 X103.961 Y120.937 E39.77867
G1 X104.18 Y121.72 E39.80571
G1 X104.574 Y122.514 E39.8352
G1 X105.042 Y123.133 E39.86101
G1 X105.688 Y123.736 E39.8904
G1 X106.443 Y124.204 E39.91994
G1 X107.235 Y124.503 E39.9481
G1 X108.032 Y124.656 E39.97509
G1 X108.921 Y124.656 E40.00466
G1 X109.752 Y124.494 E40.03282
G1 X110.509 Y124.205 E40.05977
G1 X111.266 Y123.736 E40.08939
G1 X111.912 Y123.133 E40.11878
G1 X112.395 Y122.483 E40.14571
G1 X112.76 Y121.756 E40.17277
G1 X112.999 Y120.905 E40.20217
G1 X113.078 Y120.096 E40.22921
G1 X112.993 Y119.215 E40.25864
G1 X112.774 Y118.432 E40.28569
G1 X112.38 Y117.638 E40.31517
G1 F2700 E35.31517
G0 F6000 X112.446 Y117.619
G0 X113.531 Y119.957
G0 X114.051 Y120.644
G0 X114.687 Y121.224
G0 X115.281 Y121.592
G0 X117.581 Y122.604
G0 X117.861 Y122.973
G1 F2700 E40.31517
G1 F1200 X118.588 Y122.612 E40.34216
G1 X119.335 Y122.403 E40.36796
G1 X120.106 Y122.335 E40.39371
G1 X120.878 Y122.41 E40.4195
G1 X121.622 Y122.625 E40.44526
G1 X122.315 Y122.973 E40.47105
G1 X122.904 Y123.418 E40.49561
G1 X123.428 Y123.988 E40.52136
G1 X123.856 Y124.679 E40.54839
G1 X124.132 Y125.402 E40.57413
G1 X124.268 Y126.128 E40.5987
G1 X124.268 Y126.94 E40.62571
G1 X124.122 Y127.701 E40.65148
G1 X123.856 Y128.389 E40.67601
G1 X123.428 Y129.08 E40.70305
G1 X122.904 Y129.65 E40.7288
G1 X122.315 Y130.095 E40.75335
G1 X121.588 Y130.456 E40.78035
G1 X120.841 Y130.665 E40.80615
G1 X120.07 Y130.733 E40.83189
G1 X119.298 Y130.658 E40.85769
G1 X118.554 Y130.443 E40.88345
G1 X117.861 Y130.095 E40.90924
G1 X117.272 Y129.65 E40.93379
G1 X116.748 Y129.08 E40.95955
G1 X116.32 Y128.389 E40.98658
G1 X116.044 Y127.666 E41.01232
G1 X115.908 Y126.94 E41.03689
G1 X115.908 Y126.128 E41.06389
G1 X116.054 Y125.367 E41.08967
G1 X116.32 Y124.679 E41.1142
G1 X116.748 Y123.988 E41.14123
G1 X117.272 Y123.418 E41.16699
G1 X117.861 Y122.973 E41.19154
G0 F6000 X117.65 Y122.631
G1 F1200 X118.444 Y122.237 E41.22102
G1 X119.227 Y122.018 E41.24806
G1 X120.108 Y121.933 E41.2775
G1 X120.917 Y122.012 E41.30454
G1 X121.768 Y122.251 E41.33394
G1 X122.495 Y122.616 E41.36099
G1 X123.145 Y123.099 E41.38793
G1 X123.748 Y123.745 E41.41732
G1 X124.217 Y124.502 E41.44694
G1 X124.506 Y125.259 E41.47389
G1 X124.668 Y126.09 E41.50205
G1 X124.668 Y126.979 E41.53161
G1 X124.515 Y127.776 E41.55861
G1 X124.216 Y128.568 E41.58676
G1 X123.748 Y129.323 E41.61631
G1 X123.145 Y129.969 E41.6457
G1 X122.526 Y130.437 E41.67151
G1 X121.732 Y130.831 E41.70099
G1 X120.949 Y131.05 E41.72803
G1 X120.068 Y131.135 E41.75747
G1 X119.259 Y131.056 E41.78451
G1 X118.408 Y130.817 E41.81391
G1 X117.681 Y130.452 E41.84096
G1 X117.031 Y129.969 E41.8679
G1 X116.428 Y129.323 E41.89729
G1 X115.959 Y128.566 E41.92691
G1 X115.67 Y127.809 E41.95386
G1 X115.508 Y126.978 E41.98202
G1 X115.508 Y126.089 E42.01159
G1 X115.661 Y125.292 E42.03858
G1 X115.96 Y124.5 E42.06674
G1 X116.428 Y123.745 E42.09628
G1 X117.031 Y123.099 E42.12567
G1 X117.65 Y122.631 E42.15148
G1 F2700 E37.15148
G0 F6000 X117.631 Y122.565
G0 X119.58 Y121.678
G0 X120.313 Y121.224
G0 X120.828 Y120.754
G0 X123.035 Y118.009
G0 X123.404 Y117.729
G1 F2700 E42.15148
G1 F1200 X122.959 Y117.14 E42.17603
G1 X122.598 Y116.413 E42.20303
G1 X122.389 Y115.666 E42.22883
G1 X122.321 Y114.895 E42.25457
G1 X122.396 Y114.123 E42.28037
G1 X122.611 Y113.379 E42.30613
G1 X122.959 Y112.686 E42.33192
G1 X123.404 Y112.097 E42.35647
G1 X123.974 Y111.573 E42.38223
G1 X124.665 Y111.145 E42.40926
G1 X125.388 Y110.869 E42.435
G1 X126.114 Y110.733 E42.45957
G1 X126.889 Y110.73 E42.48534
G1 X127.687 Y110.879 E42.51234
G1 X128.375 Y111.145 E42.53688
G1 X129.066 Y111.573 E42.56391
G1 X129.636 Y112.097 E42.58966
G1 X130.081 Y112.686 E42.61422
G1 X130.442 Y113.413 E42.64121
G1 X130.651 Y114.16 E42.66701
G1 X130.719 Y114.931 E42.69276
G1 X130.644 Y115.703 E42.71855
G1 X130.429 Y116.447 E42.74431
G1 X130.081 Y117.14 E42.7701
G1 X129.636 Y117.729 E42.79466
G1 X129.066 Y118.253 E42.82041
G1 X128.375 Y118.681 E42.84744
G1 X127.652 Y118.957 E42.87318
G1 X126.926 Y119.093 E42.89775
G1 X126.114 Y119.093 E42.92476
G1 X125.353 Y118.947 E42.95053
G1 X124.665 Y118.681 E42.97506
G1 X123.974 Y118.253 E43.0021
G1 X123.404 Y117.729 E43.02785
G0 F6000 X123.085 Y117.97
G1 F1200 X122.617 Y117.351 E43.05366
G1 X122.223 Y116.557 E43.08314
G1 X122.004 Y115.774 E43.11018
G1 X121.919 Y114.893 E43.13962
G1 X121.998 Y114.084 E43.16666
G1 X122.237 Y113.233 E43.19606
G1 X122.602 Y112.506 E43.22311
G1 X123.085 Y111.856 E43.25005
G1 X123.731 Y111.253 E43.27944
G1 X124.488 Y110.784 E43.30906
G1 X125.245 Y110.495 E43.33601
G1 X126.075 Y110.333 E43.36414
G1 X126.924 Y110.33 E43.39237
G1 X127.797 Y110.493 E43.42191
G1 X128.555 Y110.786 E43.44894
G1 X129.309 Y111.253 E43.47844
G1 X129.955 Y111.856 E43.50783
G1 X130.423 Y112.475 E43.53364
G1 X130.817 Y113.269 E43.56312
G1 X131.036 Y114.052 E43.59016
G1 X131.121 Y114.933 E43.6196
G1 X131.042 Y115.742 E43.64664
G1 X130.803 Y116.593 E43.67604
G1 X130.438 Y117.32 E43.70309
G1 X129.955 Y117.97 E43.73003
G1 X129.309 Y118.573 E43.75942
G1 X128.552 Y119.042 E43.78904
G1 X127.795 Y119.331 E43.81599
G1 X126.963 Y119.493 E43.84418
G1 X126.075 Y119.493 E43.87372
G1 X125.278 Y119.34 E43.90071
G1 X124.486 Y119.041 E43.92887
G1 X123.731 Y118.573 E43.95841
G1 X123.085 Y117.97 E43.9878
G0 F6000 X122.101 Y117.52
G1 F1200 X122.022 Y118.329 E44.01484
G1 X121.783 Y119.18 E44.04424
G1 X121.418 Y119.907 E44.07129
G1 X120.935 Y120.557 E44.09823
G1 X120.289 Y121.16 E44.12762
G1 X119.532 Y121.629 E44.15724
G1 X118.775 Y121.918 E44.18419
G1 X117.944 Y122.08 E44.21235
G1 X117.055 Y122.08 E44.24192
G1 X116.258 Y121.927 E44.26891
G1 X115.466 Y121.628 E44.29707
G1 X114.711 Y121.16 E44.32661
G1 X114.065 Y120.557 E44.356
G1 X113.597 Y119.938 E44.38181
G1 X113.203 Y119.144 E44.41129
G1 X112.984 Y118.361 E44.43833
G1 X112.899 Y117.48 E44.46777
G1 X112.978 Y116.671 E44.49481
G1 X113.217 Y115.82 E44.52421
G1 X113.582 Y115.093 E44.55126
G1 X114.065 Y114.443 E44.5782
G1 X114.711 Y113.84 E44.60759
G1 X115.468 Y113.371 E44.63721
G1 X116.225 Y113.082 E44.66416
G1 X117.055 Y112.92 E44.69229
G1 X117.904 Y112.917 E44.72052
G1 X118.777 Y113.08 E44.75006
G1 X119.535 Y113.373 E44.77709
G1 X120.289 Y113.84 E44.80659
G1 X120.935 Y114.443 E44.83598
G1 X121.403 Y115.062 E44.86179
G1 X121.797 Y115.856 E44.89127
G1 X122.016 Y116.639 E44.91832
G1 X122.101 Y117.52 E44.94775
G1 F2700 E39.94775
;MESH:megav4.5-pcbfoot.stl(1)
G0 F6000 X110.209 Y120.495
G0 X108.602 Y121.667
;TYPE:WALL-INNER
G1 F2700 E44.94775
G1 F1200 X108.247 Y121.659 E44.95956
G1 X107.904 Y121.569 E44.97136
G1 X107.563 Y121.396 E44.98408
G1 X107.288 Y121.149 E44.99637
G1 X107.05 Y120.804 E45.01031
G1 X106.93 Y120.481 E45.02177
G1 X106.87 Y120.076 E45.03539
G1 X106.93 Y119.667 E45.04914
G1 X107.054 Y119.341 E45.06074
G1 X107.264 Y119.021 E45.07347
G1 X107.533 Y118.782 E45.08544
G1 X107.895 Y118.577 E45.09927
G1 X108.28 Y118.481 E45.11247
G1 X108.673 Y118.481 E45.12554
G1 X109.046 Y118.578 E45.13836
G1 X109.358 Y118.738 E45.15002
G1 X109.673 Y119.004 E45.16374
G1 X109.898 Y119.34 E45.17719
G1 X110.037 Y119.7 E45.19002
G1 X110.077 Y120.072 E45.20246
G1 X110.022 Y120.481 E45.21619
G1 X109.899 Y120.808 E45.22781
G1 X109.678 Y121.136 E45.24097
G1 X109.391 Y121.391 E45.25373
G1 X109.05 Y121.568 E45.26651
G1 X108.672 Y121.668 E45.27952
G1 X108.602 Y121.667 E45.28185
G1 F2700 E40.28185
G0 F6000 X108.952 Y123.224
G0 X108.742 Y123.456
G1 F2700 E45.28185
G1 F1200 X108.793 Y123.456 E45.28354
G1 X109.404 Y123.344 E45.3042
G1 X109.991 Y123.116 E45.32515
G1 X110.523 Y122.787 E45.34595
G1 X110.982 Y122.366 E45.36667
G1 X111.363 Y121.862 E45.38768
G1 X111.642 Y121.302 E45.40849
G1 X111.815 Y120.693 E45.42955
G1 X111.873 Y120.076 E45.45016
G1 X111.815 Y119.456 E45.47087
G1 X111.642 Y118.846 E45.49196
G1 X111.363 Y118.286 E45.51277
G1 X110.983 Y117.783 E45.53374
G1 X110.524 Y117.365 E45.55439
G1 X109.991 Y117.032 E45.57529
G1 X109.403 Y116.808 E45.59622
G1 X108.791 Y116.693 E45.61693
G1 X108.161 Y116.692 E45.63788
G1 X107.548 Y116.808 E45.65863
G1 X106.957 Y117.032 E45.67965
G1 X106.429 Y117.364 E45.7004
G1 X105.968 Y117.784 E45.72114
G1 X105.584 Y118.287 E45.74219
G1 X105.307 Y118.846 E45.76294
G1 X105.134 Y119.454 E45.78396
G1 X105.079 Y120.076 E45.80473
G1 X105.134 Y120.694 E45.82537
G1 X105.306 Y121.302 E45.84638
G1 X105.585 Y121.861 E45.86716
G1 X105.969 Y122.365 E45.88824
G1 X106.429 Y122.787 E45.909
G1 X106.957 Y123.116 E45.92969
G1 X107.548 Y123.343 E45.95075
G1 X108.159 Y123.456 E45.97141
G1 X108.742 Y123.456 E45.9908
G0 F6000 X108.774 Y123.856
;TYPE:WALL-OUTER
G1 F1200 X108.829 Y123.856 E45.99263
G1 X109.513 Y123.73 E46.01577
G1 X110.17 Y123.476 E46.03919
G1 X110.766 Y123.107 E46.06251
G1 X111.279 Y122.636 E46.08567
G1 X111.705 Y122.074 E46.10913
G1 X112.016 Y121.447 E46.13241
G1 X112.21 Y120.767 E46.15593
G1 X112.275 Y120.076 E46.17901
G1 X112.21 Y119.382 E46.20219
G1 X112.016 Y118.701 E46.22574
G1 X111.705 Y118.074 E46.24902
G1 X111.279 Y117.512 E46.27248
G1 X110.766 Y117.045 E46.29555
G1 X110.17 Y116.672 E46.31894
G1 X109.513 Y116.422 E46.34232
G1 X108.829 Y116.293 E46.36547
G1 X108.123 Y116.292 E46.38895
G1 X107.439 Y116.422 E46.41211
G1 X106.778 Y116.672 E46.43561
G1 X106.186 Y117.044 E46.45887
G1 X105.672 Y117.512 E46.48199
G1 X105.243 Y118.075 E46.50553
G1 X104.932 Y118.701 E46.52878
G1 X104.738 Y119.381 E46.5523
G1 X104.677 Y120.076 E46.5755
G1 X104.738 Y120.767 E46.59857
G1 X104.932 Y121.447 E46.62209
G1 X105.243 Y122.073 E46.64534
G1 X105.673 Y122.636 E46.66891
G1 X106.186 Y123.107 E46.69207
G1 X106.778 Y123.476 E46.71527
G1 X107.439 Y123.73 E46.73882
G1 X108.123 Y123.856 E46.76196
G1 X108.774 Y123.856 E46.78361
G1 F2700 E41.78361
G0 F6000 X108.774 Y123.549
G0 X108.571 Y123.256
G0 X108.571 Y121.846
G0 X108.571 Y121.268
G1 F2700 E46.78361
G1 F1200 X108.34 Y121.268 E46.79129
G1 X108.029 Y121.187 E46.80198
G1 X107.783 Y121.057 E46.81123
G1 X107.581 Y120.877 E46.82023
G1 X107.408 Y120.626 E46.83037
G1 X107.315 Y120.371 E46.8394
G1 X107.276 Y120.058 E46.84989
G1 X107.315 Y119.777 E46.85933
G1 X107.412 Y119.519 E46.86849
G1 X107.577 Y119.275 E46.87829
G1 X107.801 Y119.082 E46.88812
G1 X108.049 Y118.953 E46.89742
G1 X108.341 Y118.88 E46.90743
G1 X108.611 Y118.88 E46.91641
G1 X108.904 Y118.952 E46.92645
G1 X109.174 Y119.098 E46.93666
G1 X109.371 Y119.275 E46.94547
G1 X109.54 Y119.518 E46.95531
G1 X109.641 Y119.781 E46.96468
G1 X109.677 Y120.07 E46.97437
G1 X109.637 Y120.371 E46.98447
G1 X109.54 Y120.63 E46.99367
G1 X109.384 Y120.857 E47.00283
G1 X109.15 Y121.067 E47.01328
G1 X108.905 Y121.195 E47.02248
G1 X108.612 Y121.268 E47.03252
G1 X108.571 Y121.268 E47.03388
G1 F2700 E42.03388
G0 F6000 X108.571 Y121.579
G0 X108.701 Y121.847
G0 X108.952 Y123.224
G0 X108.714 Y123.096
;TYPE:SKIN
G1 F2700 E47.03388
G1 F1200 X108.187 Y123.096 E47.05141
G1 X107.647 Y122.994 E47.06969
G1 X107.118 Y122.792 E47.08852
G1 X106.647 Y122.496 E47.10703
G1 X106.233 Y122.12 E47.12563
G1 X105.895 Y121.67 E47.14435
G1 X105.644 Y121.17 E47.16295
G1 X105.486 Y120.619 E47.18202
G1 X105.437 Y120.068 E47.20042
G1 X105.486 Y119.525 E47.21855
G1 X105.644 Y118.973 E47.23765
G1 X105.891 Y118.475 E47.25614
G1 X106.233 Y118.028 E47.27486
G1 X106.642 Y117.652 E47.29334
G1 X107.121 Y117.352 E47.31213
G1 X107.639 Y117.158 E47.33053
G1 X108.191 Y117.052 E47.34923
G1 X108.761 Y117.052 E47.36818
G1 X109.301 Y117.154 E47.38646
G1 X109.826 Y117.352 E47.40513
G1 X110.306 Y117.656 E47.42402
G1 X110.711 Y118.024 E47.44222
G1 X111.053 Y118.474 E47.46102
G1 X111.3 Y118.973 E47.47954
G1 X111.458 Y119.53 E47.4988
G1 X111.511 Y120.076 E47.51704
G1 X111.458 Y120.618 E47.53516
G1 X111.3 Y121.171 E47.55428
G1 X111.052 Y121.67 E47.57282
G1 X110.715 Y122.12 E47.59152
G1 X110.298 Y122.499 E47.61026
G1 X109.834 Y122.788 E47.62844
G1 X109.297 Y122.995 E47.64758
G1 X108.761 Y123.096 E47.66572
G1 X108.714 Y123.096 E47.66729
G0 F6000 X108.714 Y123.356
G0 X108.63 Y121.846
G0 X108.63 Y122.021
G1 F1200 X108.734 Y122.021 E47.67075
G1 X109.181 Y121.903 E47.68612
G1 X109.586 Y121.694 E47.70128
G1 X109.942 Y121.382 E47.71702
G1 X110.22 Y120.97 E47.73356
G1 X110.376 Y120.564 E47.74802
G1 X110.436 Y120.088 E47.76398
G1 X110.385 Y119.609 E47.78
G1 X110.209 Y119.163 E47.79595
G1 X109.972 Y118.799 E47.81039
G1 X109.587 Y118.45 E47.82768
G1 X109.171 Y118.24 E47.84318
G1 X108.729 Y118.123 E47.85838
G1 X108.214 Y118.123 E47.87551
G1 X107.769 Y118.236 E47.89078
G1 X107.361 Y118.454 E47.90617
G1 X106.989 Y118.778 E47.92258
G1 X106.728 Y119.183 E47.9386
G1 X106.567 Y119.601 E47.9535
G1 X106.516 Y120.054 E47.96866
G1 X106.567 Y120.54 E47.98492
G1 X106.737 Y120.995 E48.00107
G1 X107.015 Y121.391 E48.01716
G1 X107.357 Y121.694 E48.03236
G1 X107.796 Y121.91 E48.04863
G1 X108.215 Y122.021 E48.06305
G1 X108.63 Y122.021 E48.07685
G1 F2700 E43.07685
G0 F6000 X108.63 Y121.766
G0 X106.9 Y120.916
G0 X105.649 Y121.542
G0 X105.838 Y121.111
G1 F2700 E48.07685
G1 F1200 X107.418 Y122.692 E48.1512
G0 F6000 X108.184 Y122.892
G1 F1200 X105.664 Y120.372 E48.26973
G0 F6000 X105.662 Y119.804
G1 F1200 X106.365 Y120.507 E48.3028
G0 F6000 X106.333 Y119.909
G1 F1200 X105.751 Y119.327 E48.33017
G0 F6000 X105.899 Y118.91
G1 F1200 X106.42 Y119.43 E48.35465
G0 F6000 X106.589 Y119.034
G1 F1200 X106.093 Y118.538 E48.37798
G0 F6000 X106.339 Y118.218
G1 F1200 X106.813 Y118.693 E48.4003
G0 F6000 X107.099 Y118.413
G1 F1200 X106.626 Y117.94 E48.42255
G0 F6000 X106.948 Y117.697
G1 F1200 X107.438 Y118.186 E48.44558
G0 F6000 X107.832 Y118.014
G1 F1200 X107.312 Y117.494 E48.47004
G0 F6000 X107.728 Y117.344
G1 F1200 X108.308 Y117.925 E48.49734
G0 F6000 X108.913 Y117.964
G1 F1200 X108.203 Y117.254 E48.53074
G0 F6000 X108.772 Y117.257
G1 F1200 X111.281 Y119.766 E48.64875
G0 F6000 X111.285 Y120.336
G1 F1200 X110.588 Y119.639 E48.68154
G0 F6000 X110.618 Y120.235
G1 F1200 X111.195 Y120.812 E48.70868
G0 F6000 X111.048 Y121.231
G1 F1200 X110.531 Y120.713 E48.73302
G0 F6000 X110.364 Y121.112
G1 F1200 X110.854 Y121.602 E48.75607
G0 F6000 X110.611 Y121.925
G1 F1200 X110.139 Y121.453 E48.77827
G0 F6000 X109.849 Y121.728
G1 F1200 X110.325 Y122.204 E48.80066
G0 F6000 X110.002 Y122.448
G1 F1200 X109.512 Y121.957 E48.82373
G0 F6000 X109.116 Y122.127
G1 F1200 X109.638 Y122.648 E48.84826
G0 F6000 X109.227 Y122.804
G1 F1200 X108.648 Y122.224 E48.87552
G0 F6000 X108.04 Y122.182
G1 F1200 X108.752 Y122.894 E48.90901
G0 F6000 X108.833 Y123.347
G0 X109.919 Y122.971
G0 X110.426 Y122.658
G0 X110.862 Y122.257
G0 X111.226 Y121.777
G0 X111.491 Y121.243
G0 X111.657 Y120.663
G0 X111.712 Y120.076
G0 X111.514 Y118.816
G0 X111.101 Y119.02
G1 F1200 X109.539 Y117.458 E48.98248
G1 F2700 E43.98248
;MESH:megav4.5-pcbfoot.stl
G0 F6000 X109.703 Y117.03
G0 X111.115 Y117.672
G0 X115.762 Y117.912
G0 X117.5 Y119.091
;TYPE:WALL-INNER
G1 F2700 E48.98248
G1 F1200 X117.298 Y119.091 E48.9892
G1 X116.928 Y118.993 E49.00193
G1 X116.587 Y118.82 E49.01465
G1 X116.309 Y118.571 E49.02706
G1 X116.078 Y118.236 E49.04059
G1 X115.95 Y117.901 E49.05252
G1 X115.894 Y117.503 E49.06589
G1 X115.95 Y117.091 E49.07972
G1 X116.086 Y116.733 E49.09246
G1 X116.308 Y116.426 E49.10506
G1 X116.577 Y116.184 E49.11709
G1 X116.925 Y116 E49.13018
G1 X117.299 Y115.905 E49.14302
G1 X117.697 Y115.905 E49.15626
G1 X118.07 Y116.002 E49.16907
G1 X118.384 Y116.167 E49.18087
G1 X118.694 Y116.43 E49.19439
G1 X118.922 Y116.768 E49.20795
G1 X119.059 Y117.128 E49.22077
G1 X119.097 Y117.5 E49.2332
G1 X119.046 Y117.905 E49.24678
G1 X118.923 Y118.232 E49.2584
G1 X118.687 Y118.571 E49.27214
G1 X118.413 Y118.816 E49.28436
G1 X118.074 Y118.992 E49.29707
G1 X117.699 Y119.091 E49.30997
G1 X117.5 Y119.091 E49.31659
G1 F2700 E44.31659
G0 F6000 X117.5 Y120.68
G0 X117.5 Y120.88
G1 F2700 E49.31659
G1 F1200 X117.817 Y120.88 E49.32713
G1 X118.428 Y120.768 E49.34779
G1 X119.014 Y120.54 E49.3687
G1 X119.544 Y120.211 E49.38945
G1 X120.006 Y119.789 E49.41026
G1 X120.387 Y119.286 E49.43125
G1 X120.666 Y118.726 E49.45206
G1 X120.839 Y118.117 E49.47312
G1 X120.897 Y117.5 E49.49373
G1 X120.839 Y116.879 E49.51447
G1 X120.666 Y116.27 E49.53553
G1 X120.387 Y115.71 E49.55634
G1 X120.007 Y115.208 E49.57728
G1 X119.544 Y114.789 E49.59805
G1 X119.014 Y114.456 E49.61887
G1 X118.427 Y114.232 E49.63976
G1 X117.815 Y114.117 E49.66048
G1 X117.185 Y114.116 E49.68143
G1 X116.572 Y114.232 E49.70218
G1 X115.981 Y114.457 E49.72321
G1 X115.452 Y114.789 E49.74399
G1 X114.989 Y115.208 E49.76476
G1 X114.609 Y115.71 E49.7857
G1 X114.33 Y116.27 E49.80651
G1 X114.157 Y116.879 E49.82756
G1 X114.099 Y117.5 E49.84831
G1 X114.157 Y118.116 E49.86889
G1 X114.33 Y118.726 E49.88997
G1 X114.609 Y119.286 E49.91078
G1 X114.99 Y119.789 E49.93177
G1 X115.452 Y120.211 E49.95258
G1 X115.981 Y120.54 E49.9733
G1 X116.572 Y120.767 E49.99436
G1 X117.183 Y120.88 E50.01503
G1 X117.5 Y120.88 E50.02557
G0 F6000 X117.5 Y121.28
;TYPE:WALL-OUTER
G1 F1200 X117.853 Y121.28 E50.03731
G1 X118.537 Y121.154 E50.06044
G1 X119.194 Y120.9 E50.08387
G1 X119.786 Y120.531 E50.10707
G1 X120.303 Y120.06 E50.13033
G1 X120.729 Y119.498 E50.15379
G1 X121.04 Y118.871 E50.17707
G1 X121.234 Y118.191 E50.20059
G1 X121.299 Y117.5 E50.22367
G1 X121.234 Y116.805 E50.24689
G1 X121.04 Y116.125 E50.27041
G1 X120.729 Y115.498 E50.29369
G1 X120.303 Y114.936 E50.31714
G1 X119.786 Y114.469 E50.34031
G1 X119.194 Y114.096 E50.36359
G1 X118.537 Y113.846 E50.38697
G1 X117.853 Y113.717 E50.41012
G1 X117.147 Y113.716 E50.4336
G1 X116.463 Y113.846 E50.45676
G1 X115.802 Y114.097 E50.48027
G1 X115.21 Y114.469 E50.50353
G1 X114.693 Y114.936 E50.5267
G1 X114.267 Y115.498 E50.55015
G1 X113.956 Y116.125 E50.57343
G1 X113.762 Y116.805 E50.59695
G1 X113.697 Y117.5 E50.62017
G1 X113.762 Y118.19 E50.64322
G1 X113.956 Y118.871 E50.66677
G1 X114.267 Y119.498 E50.69005
G1 X114.693 Y120.06 E50.71351
G1 X115.21 Y120.531 E50.73677
G1 X115.802 Y120.9 E50.75997
G1 X116.463 Y121.154 E50.78352
G1 X117.147 Y121.28 E50.80665
G1 X117.5 Y121.28 E50.81839
G1 F2700 E45.81839
G0 F6000 X117.5 Y120.973
G0 X117.5 Y120.68
G0 X117.5 Y119.27
G0 X117.5 Y118.692
G1 F2700 E50.81839
G1 F1200 X117.361 Y118.692 E50.82302
G1 X117.053 Y118.611 E50.83361
G1 X116.798 Y118.474 E50.84324
G1 X116.601 Y118.297 E50.85205
G1 X116.436 Y118.058 E50.86171
G1 X116.335 Y117.791 E50.8712
G1 X116.3 Y117.485 E50.88144
G1 X116.335 Y117.201 E50.89096
G1 X116.432 Y116.943 E50.90013
G1 X116.588 Y116.715 E50.90932
G1 X116.821 Y116.506 E50.91973
G1 X117.093 Y116.37 E50.92984
G1 X117.361 Y116.304 E50.93902
G1 X117.635 Y116.304 E50.94814
G1 X117.928 Y116.376 E50.95817
G1 X118.171 Y116.506 E50.96734
G1 X118.379 Y116.687 E50.97651
G1 X118.564 Y116.946 E50.98709
G1 X118.661 Y117.201 E50.99617
G1 X118.697 Y117.5 E51.00619
G1 X118.661 Y117.795 E51.01607
G1 X118.564 Y118.054 E51.02527
G1 X118.395 Y118.297 E51.03511
G1 X118.193 Y118.477 E51.04411
G1 X117.929 Y118.619 E51.05408
G1 X117.636 Y118.692 E51.06413
G1 X117.5 Y118.692 E51.06865
G1 F2700 E46.06865
G0 F6000 X117.5 Y119.003
G0 X117.5 Y119.27
G0 X117.5 Y120.68
G0 X117.5 Y120.52
;TYPE:SKIN
G1 F2700 E51.06865
G1 F1200 X117.211 Y120.52 E51.07826
G1 X116.671 Y120.418 E51.09654
G1 X116.138 Y120.216 E51.1155
G1 X115.67 Y119.919 E51.13393
G1 X115.257 Y119.548 E51.1524
G1 X114.915 Y119.094 E51.1713
G1 X114.664 Y118.591 E51.19
G1 X114.51 Y118.043 E51.20893
G1 X114.458 Y117.496 E51.22721
G1 X114.51 Y116.954 E51.24532
G1 X114.668 Y116.397 E51.26457
G1 X114.915 Y115.902 E51.28297
G1 X115.257 Y115.448 E51.30188
G1 X115.666 Y115.08 E51.32018
G1 X116.146 Y114.776 E51.33908
G1 X116.671 Y114.578 E51.35774
G1 X117.215 Y114.476 E51.37615
G1 X117.785 Y114.476 E51.39511
G1 X118.325 Y114.578 E51.41338
G1 X118.845 Y114.776 E51.43189
G1 X119.326 Y115.081 E51.45083
G1 X119.74 Y115.452 E51.46932
G1 X120.077 Y115.898 E51.48792
G1 X120.324 Y116.397 E51.50643
G1 X120.482 Y116.954 E51.52569
G1 X120.535 Y117.496 E51.5438
G1 X120.482 Y118.042 E51.56205
G1 X120.324 Y118.595 E51.58118
G1 X120.077 Y119.094 E51.5997
G1 X119.735 Y119.544 E51.6185
G1 X119.322 Y119.919 E51.63705
G1 X118.854 Y120.212 E51.65541
G1 X118.321 Y120.419 E51.67443
G1 X117.785 Y120.52 E51.69257
G1 X117.5 Y120.52 E51.70205
G0 F6000 X117.5 Y120.78
G0 X117.5 Y119.27
G0 X117.5 Y119.445
G1 F1200 X117.758 Y119.445 E51.71063
G1 X118.205 Y119.327 E51.72601
G1 X118.607 Y119.118 E51.74108
G1 X118.98 Y118.789 E51.75762
G1 X119.248 Y118.39 E51.77361
G1 X119.405 Y117.963 E51.78874
G1 X119.456 Y117.496 E51.80437
G1 X119.409 Y117.041 E51.81958
G1 X119.244 Y116.602 E51.83518
G1 X118.964 Y116.188 E51.8518
G1 X118.607 Y115.874 E51.86761
G1 X118.196 Y115.664 E51.88297
G1 X117.753 Y115.547 E51.8982
G1 X117.235 Y115.547 E51.91543
G1 X116.792 Y115.661 E51.93065
G1 X116.38 Y115.879 E51.94615
G1 X116.054 Y116.166 E51.9606
G1 X115.765 Y116.566 E51.97701
G1 X115.603 Y116.985 E51.99195
G1 X115.532 Y117.472 E52.00832
G1 X115.587 Y117.963 E52.02475
G1 X115.745 Y118.373 E52.03937
G1 X115.987 Y118.757 E52.05446
G1 X116.389 Y119.122 E52.07252
G1 X116.816 Y119.334 E52.08838
G1 X117.239 Y119.445 E52.10293
G1 X117.5 Y119.445 E52.11161
G1 F2700 E47.11161
G0 F6000 X117.5 Y119.19
G0 X116.144 Y118.663
G0 X115.026 Y119.506
G0 X115.263 Y119.222
G1 F2700 E52.11161
G1 F1200 X115.813 Y119.773 E52.1375
G0 F6000 X116.651 Y119.48
G1 F1200 X117.491 Y120.32 E52.17701
G0 F6000 X118.01 Y120.273
G1 F1200 X117.382 Y119.645 E52.20655
G0 F6000 X117.914 Y119.611
G1 F1200 X118.455 Y120.152 E52.232
G0 F6000 X118.848 Y119.979
G1 F1200 X118.349 Y119.481 E52.25545
G0 F6000 X118.718 Y119.284
G1 F1200 X119.196 Y119.761 E52.27791
G0 F6000 X119.493 Y119.493
G1 F1200 X119.023 Y119.023 E52.30001
G0 F6000 X119.275 Y118.709
G1 F1200 X119.754 Y119.189 E52.32257
G0 F6000 X119.978 Y118.846
G1 F1200 X119.477 Y118.346 E52.34611
G0 F6000 X119.609 Y117.912
G1 F1200 X120.156 Y118.459 E52.37184
G0 F6000 X120.281 Y118.018
G1 F1200 X119.643 Y117.38 E52.40185
G0 F6000 X120.333 Y117.505
G1 F1200 X119.473 Y116.644 E52.44232
G0 F6000 X120.246 Y116.852
G1 F1200 X118.141 Y114.747 E52.54134
G0 F6000 X117.504 Y114.676
G1 F1200 X118.342 Y115.514 E52.58075
G0 F6000 X117.608 Y115.345
G1 F1200 X116.985 Y114.722 E52.61006
G0 F6000 X116.538 Y114.841
G1 F1200 X117.077 Y115.38 E52.63541
G0 F6000 X116.642 Y115.511
G1 F1200 X116.145 Y115.014 E52.65879
G0 F6000 X115.799 Y115.233
G1 F1200 X116.275 Y115.709 E52.68118
G0 F6000 X115.972 Y115.972
G1 F1200 X115.5 Y115.5 E52.70338
G0 F6000 X115.239 Y115.804
G1 F1200 X115.72 Y116.286 E52.72603
G0 F6000 X115.519 Y116.65
G1 F1200 X115.016 Y116.147 E52.74969
G0 F6000 X114.836 Y116.533
G1 F1200 X115.385 Y117.082 E52.77551
G0 F6000 X115.344 Y117.607
G1 F1200 X114.711 Y116.974 E52.80528
G0 F6000 X114.659 Y117.488
G1 F1200 X115.524 Y118.352 E52.84595
G0 F6000 X114.744 Y118.138
G1 F1200 X116.856 Y120.25 E52.94529
G0 F6000 X116.772 Y120.702
G0 X117.802 Y120.719
G0 X118.383 Y120.613
G0 X118.942 Y120.396
G0 X119.447 Y120.082
G0 X119.887 Y119.68
G0 X120.25 Y119.201
G0 X120.515 Y118.667
G0 X120.681 Y118.087
G0 X120.736 Y117.5
G0 X120.681 Y116.909
G0 X120.587 Y116.58
G0 X120.095 Y115.49
G0 X119.727 Y115.768
G1 F1200 X119.193 Y115.234 E52.97041
G1 F2700 E47.97041
;MESH:megav4.5-pcbfoot.stl(2)
G0 F6000 X119.44 Y114.843
G0 X120.829 Y116.213
G0 X125.504 Y116.382
G0 X126.401 Y116.503
;TYPE:WALL-INNER
G1 F2700 E52.97041
G1 F1200 X126.318 Y116.503 E52.97317
G1 X125.948 Y116.405 E52.9859
G1 X125.607 Y116.232 E52.99862
G1 X125.332 Y115.985 E53.01091
G1 X125.106 Y115.674 E53.0237
G1 X124.97 Y115.321 E53.03628
G1 X124.914 Y114.913 E53.04998
G1 X124.971 Y114.502 E53.06378
G1 X125.093 Y114.182 E53.07517
G1 X125.328 Y113.838 E53.08902
G1 X125.602 Y113.593 E53.10125
G1 X125.948 Y113.416 E53.11418
G1 X126.319 Y113.321 E53.12691
G1 X126.725 Y113.321 E53.14042
G1 X127.093 Y113.416 E53.15306
G1 X127.401 Y113.578 E53.16463
G1 X127.718 Y113.841 E53.17833
G1 X127.939 Y114.177 E53.19171
G1 X128.066 Y114.506 E53.20344
G1 X128.121 Y114.908 E53.21693
G1 X128.077 Y115.292 E53.22979
G1 X127.943 Y115.644 E53.24232
G1 X127.708 Y115.986 E53.25612
G1 X127.428 Y116.238 E53.26865
G1 X127.094 Y116.404 E53.28105
G1 X126.722 Y116.502 E53.29385
G1 X126.401 Y116.503 E53.30452
G1 F2700 E48.30452
G0 F6000 X126.025 Y118.078
G0 X126.266 Y118.296
G1 F2700 E53.30452
G1 F1200 X126.835 Y118.296 E53.32345
G1 X127.446 Y118.18 E53.34413
G1 X128.034 Y117.952 E53.36511
G1 X128.564 Y117.623 E53.38586
G1 X129.026 Y117.201 E53.40667
G1 X129.407 Y116.698 E53.42766
G1 X129.686 Y116.138 E53.44846
G1 X129.859 Y115.529 E53.46952
G1 X129.917 Y114.912 E53.49013
G1 X129.859 Y114.292 E53.51084
G1 X129.686 Y113.686 E53.53181
G1 X129.407 Y113.121 E53.55276
G1 X129.027 Y112.619 E53.5737
G1 X128.565 Y112.202 E53.5944
G1 X128.034 Y111.872 E53.6152
G1 X127.446 Y111.644 E53.63617
G1 X126.835 Y111.529 E53.65685
G1 X126.205 Y111.528 E53.67781
G1 X125.593 Y111.644 E53.69852
G1 X125.001 Y111.872 E53.71962
G1 X124.471 Y112.201 E53.74037
G1 X124.009 Y112.62 E53.76112
G1 X123.63 Y113.122 E53.78204
G1 X123.35 Y113.686 E53.80298
G1 X123.177 Y114.292 E53.82394
G1 X123.119 Y114.912 E53.84465
G1 X123.176 Y115.529 E53.86526
G1 X123.35 Y116.138 E53.88633
G1 X123.629 Y116.698 E53.90714
G1 X124.01 Y117.201 E53.92812
G1 X124.472 Y117.623 E53.94894
G1 X125.001 Y117.952 E53.96966
G1 X125.593 Y118.18 E53.99076
G1 X126.205 Y118.296 E54.01147
G1 X126.266 Y118.296 E54.0135
G0 F6000 X126.236 Y118.696
;TYPE:WALL-OUTER
G1 F1200 X126.873 Y118.696 E54.03469
G1 X127.556 Y118.566 E54.05781
G1 X128.214 Y118.312 E54.08127
G1 X128.806 Y117.943 E54.10447
G1 X129.323 Y117.472 E54.12774
G1 X129.749 Y116.91 E54.15119
G1 X130.06 Y116.283 E54.17447
G1 X130.254 Y115.603 E54.19799
G1 X130.319 Y114.912 E54.22107
G1 X130.254 Y114.218 E54.24426
G1 X130.06 Y113.541 E54.26768
G1 X129.749 Y112.91 E54.29108
G1 X129.323 Y112.348 E54.31453
G1 X128.807 Y111.881 E54.33768
G1 X128.214 Y111.512 E54.36091
G1 X127.556 Y111.258 E54.38437
G1 X126.873 Y111.129 E54.40749
G1 X126.167 Y111.128 E54.43097
G1 X125.483 Y111.258 E54.45413
G1 X124.822 Y111.512 E54.47768
G1 X124.229 Y111.881 E54.50091
G1 X123.713 Y112.348 E54.52406
G1 X123.288 Y112.91 E54.54749
G1 X122.976 Y113.541 E54.5709
G1 X122.782 Y114.218 E54.59433
G1 X122.717 Y114.912 E54.61751
G1 X122.782 Y115.603 E54.6406
G1 X122.976 Y116.283 E54.66411
G1 X123.287 Y116.91 E54.68739
G1 X123.713 Y117.472 E54.71085
G1 X124.23 Y117.943 E54.73411
G1 X124.822 Y118.312 E54.75731
G1 X125.483 Y118.566 E54.78086
G1 X126.167 Y118.696 E54.80402
G1 X126.236 Y118.696 E54.80632
G1 F2700 E49.80632
G0 F6000 X126.236 Y118.386
G0 X126.431 Y118.096
G0 X126.431 Y116.682
G0 X126.431 Y116.104
G1 F2700 E54.80632
G1 F1200 X126.381 Y116.104 E54.80798
G1 X126.073 Y116.023 E54.81857
G1 X125.827 Y115.893 E54.82783
G1 X125.625 Y115.713 E54.83682
G1 X125.452 Y115.466 E54.84685
G1 X125.355 Y115.211 E54.85593
G1 X125.32 Y114.893 E54.86657
G1 X125.355 Y114.612 E54.87599
G1 X125.452 Y114.359 E54.885
G1 X125.608 Y114.127 E54.8943
G1 X125.822 Y113.931 E54.90395
G1 X126.092 Y113.789 E54.9141
G1 X126.381 Y113.72 E54.92398
G1 X126.655 Y113.72 E54.93309
G1 X126.949 Y113.789 E54.94314
G1 X127.19 Y113.918 E54.95223
G1 X127.428 Y114.127 E54.96276
G1 X127.58 Y114.355 E54.97188
G1 X127.681 Y114.616 E54.98119
G1 X127.721 Y114.906 E54.99092
G1 X127.681 Y115.211 E55.00115
G1 X127.584 Y115.466 E55.01023
G1 X127.415 Y115.713 E55.02018
G1 X127.213 Y115.893 E55.02918
G1 X126.949 Y116.031 E55.03909
G1 X126.655 Y116.104 E55.04916
G1 X126.431 Y116.104 E55.05661
G1 F2700 E50.05661
G0 F6000 X126.431 Y116.416
G0 X126.293 Y116.682
G0 X126.027 Y118.078
G0 X126.293 Y117.936
;TYPE:SKIN
G1 F2700 E55.05661
G1 F1200 X126.237 Y117.936 E55.05848
G1 X125.692 Y117.831 E55.07694
G1 X125.162 Y117.627 E55.09583
G1 X124.689 Y117.331 E55.11438
G1 X124.277 Y116.96 E55.13282
G1 X123.935 Y116.506 E55.15173
G1 X123.684 Y116.003 E55.17043
G1 X123.53 Y115.455 E55.18936
G1 X123.478 Y114.912 E55.2075
G1 X123.53 Y114.366 E55.22574
G1 X123.688 Y113.809 E55.245
G1 X123.935 Y113.314 E55.2634
G1 X124.277 Y112.86 E55.28231
G1 X124.689 Y112.489 E55.30075
G1 X125.162 Y112.192 E55.31932
G1 X125.691 Y111.989 E55.33817
G1 X126.235 Y111.888 E55.35657
G1 X126.805 Y111.888 E55.37553
G1 X127.341 Y111.99 E55.39368
G1 X127.87 Y112.192 E55.41251
G1 X128.346 Y112.493 E55.43124
G1 X128.76 Y112.864 E55.44973
G1 X129.096 Y113.31 E55.4683
G1 X129.344 Y113.813 E55.48696
G1 X129.502 Y114.366 E55.50609
G1 X129.555 Y114.912 E55.52433
G1 X129.502 Y115.454 E55.54244
G1 X129.344 Y116.007 E55.56157
G1 X129.097 Y116.506 E55.58009
G1 X128.755 Y116.956 E55.59889
G1 X128.342 Y117.331 E55.61744
G1 X127.874 Y117.624 E55.63581
G1 X127.34 Y117.831 E55.65486
G1 X126.8 Y117.936 E55.67315
G1 X126.293 Y117.936 E55.69002
G0 F6000 X126.293 Y118.196
G0 X126.374 Y116.682
G0 X126.374 Y116.857
G1 F1200 X126.775 Y116.857 E55.70335
G1 X127.221 Y116.739 E55.7187
G1 X127.631 Y116.531 E55.73399
G1 X127.983 Y116.225 E55.7495
G1 X128.264 Y115.801 E55.76642
G1 X128.43 Y115.375 E55.78163
G1 X128.484 Y114.89 E55.79786
G1 X128.418 Y114.428 E55.81338
G1 X128.264 Y114.019 E55.82792
G1 X127.979 Y113.59 E55.84505
G1 X127.627 Y113.29 E55.86043
G1 X127.26 Y113.088 E55.87436
G1 X126.781 Y112.963 E55.89083
G1 X126.255 Y112.963 E55.90832
G1 X125.841 Y113.07 E55.92255
G1 X125.401 Y113.29 E55.93891
G1 X125.044 Y113.604 E55.95472
G1 X124.773 Y114.006 E55.97085
G1 X124.607 Y114.433 E55.98608
G1 X124.552 Y114.893 E56.00149
G1 X124.607 Y115.383 E56.01789
G1 X124.777 Y115.825 E56.03364
G1 X125.066 Y116.229 E56.05016
G1 X125.409 Y116.534 E56.06543
G1 X125.836 Y116.746 E56.08129
G1 X126.254 Y116.857 E56.09567
G1 X126.374 Y116.857 E56.09966
G1 F2700 E51.09966
G0 F6000 X126.374 Y116.602
G0 X124.948 Y115.765
G0 X123.698 Y116.389
G0 X123.892 Y115.973
G1 F2700 E56.09966
G1 F1200 X125.438 Y117.518 E56.17236
G0 F6000 X126.212 Y117.727
G1 F1200 X123.708 Y115.222 E56.29016
G0 F6000 X123.703 Y114.652
G1 F1200 X124.405 Y115.354 E56.32318
G0 F6000 X124.371 Y114.754
G1 F1200 X123.792 Y114.175 E56.35042
G0 F6000 X123.938 Y113.756
G1 F1200 X124.456 Y114.273 E56.37476
G0 F6000 X124.618 Y113.87
G1 F1200 X124.132 Y113.384 E56.39762
G0 F6000 X124.375 Y113.061
G1 F1200 X124.852 Y113.538 E56.42005
G0 F6000 X125.137 Y113.258
G1 F1200 X124.662 Y112.783 E56.4424
G0 F6000 X124.985 Y112.54
G1 F1200 X125.475 Y113.03 E56.46544
G0 F6000 X125.869 Y112.858
G1 F1200 X125.347 Y112.336 E56.49
G0 F6000 X125.757 Y112.18
G1 F1200 X126.341 Y112.764 E56.51747
G0 F6000 X126.941 Y112.798
G1 F1200 X126.234 Y112.092 E56.5507
G0 F6000 X126.798 Y112.091
G1 F1200 X129.326 Y114.618 E56.66958
G0 F6000 X129.328 Y115.186
G1 F1200 X128.629 Y114.487 E56.70246
G0 F6000 X128.662 Y115.086
G1 F1200 X129.236 Y115.659 E56.72944
G0 F6000 X129.087 Y116.077
G1 F1200 X128.572 Y115.561 E56.75369
G0 F6000 X128.401 Y115.956
G1 F1200 X128.891 Y116.446 E56.77673
G0 F6000 X128.647 Y116.768
G1 F1200 X128.177 Y116.298 E56.79884
G0 F6000 X127.887 Y116.573
G1 F1200 X128.358 Y117.045 E56.82102
G0 F6000 X128.034 Y117.286
G1 F1200 X127.547 Y116.798 E56.84395
G0 F6000 X127.148 Y116.965
G1 F1200 X127.67 Y117.488 E56.86853
G0 F6000 X127.259 Y117.643
G1 F1200 X126.672 Y117.055 E56.89616
G0 F6000 X126.064 Y117.013
G1 F1200 X126.786 Y117.735 E56.93012
G0 F6000 X126.786 Y118.196
G0 X127.962 Y117.808
G0 X128.466 Y117.494
G0 X128.907 Y117.092
G0 X129.27 Y116.613
G0 X129.535 Y116.079
G0 X129.701 Y115.499
G0 X129.756 Y114.912
G0 X129.571 Y113.679
G0 X129.157 Y113.883
G1 F1200 X127.563 Y112.289 E57.0051
G1 F2700 E52.0051
;MESH:megav4.5-pcbfoot.stl(3)
G0 F6000 X127.729 Y111.861
G0 X126.82 Y111.69
G0 X126.22 Y111.689
G0 X125.638 Y111.799
G0 X125.073 Y112.017
G0 X124.568 Y112.331
G0 X124.129 Y112.729
G0 X123.767 Y113.206
G0 X123.501 Y113.744
G0 X123.335 Y114.322
G0 X123.28 Y114.912
G0 X123.335 Y115.499
G0 X123.5 Y116.08
G0 X123.716 Y116.512
G0 X124.932 Y118.11
G0 X120.9 Y124.947
G0 X120.05 Y128.133
;TYPE:WALL-INNER
G1 F2700 E57.0051
G1 F1200 X119.679 Y128.078 E57.01757
G1 X119.353 Y127.954 E57.02917
G1 X119.033 Y127.744 E57.0419
G1 X118.794 Y127.475 E57.05387
G1 X118.589 Y127.113 E57.06771
G1 X118.493 Y126.728 E57.08091
G1 X118.493 Y126.327 E57.09424
G1 X118.591 Y125.962 E57.10681
G1 X118.765 Y125.621 E57.11955
G1 X119.014 Y125.345 E57.13191
G1 X119.322 Y125.122 E57.14456
G1 X119.712 Y124.971 E57.15847
G1 X120.084 Y124.931 E57.17091
G1 X120.463 Y124.975 E57.1836
G1 X120.82 Y125.109 E57.19628
G1 X121.148 Y125.33 E57.20944
G1 X121.403 Y125.617 E57.22221
G1 X121.58 Y125.958 E57.23499
G1 X121.679 Y126.333 E57.24789
G1 X121.679 Y126.729 E57.26106
G1 X121.584 Y127.107 E57.27402
G1 X121.407 Y127.447 E57.28677
G1 X121.161 Y127.72 E57.29899
G1 X120.816 Y127.958 E57.31293
G1 X120.493 Y128.077 E57.32438
G1 X120.093 Y128.139 E57.33784
G1 X120.05 Y128.133 E57.33929
G1 F2700 E52.33929
G0 F6000 X119.961 Y129.736
G0 X120.007 Y129.922
G1 F2700 E57.33929
G1 F1200 X120.088 Y129.929 E57.34199
G1 X120.706 Y129.875 E57.36263
G1 X121.314 Y129.701 E57.38366
G1 X121.873 Y129.424 E57.40441
G1 X122.377 Y129.039 E57.4255
G1 X122.8 Y128.579 E57.44629
G1 X123.128 Y128.051 E57.46696
G1 X123.355 Y127.46 E57.48802
G1 X123.468 Y126.849 E57.50869
G1 X123.468 Y126.215 E57.52977
G1 X123.355 Y125.604 E57.55044
G1 X123.128 Y125.017 E57.57137
G1 X122.799 Y124.484 E57.59221
G1 X122.378 Y124.026 E57.6129
G1 X121.874 Y123.645 E57.63391
G1 X121.314 Y123.366 E57.65472
G1 X120.705 Y123.193 E57.67578
G1 X120.088 Y123.135 E57.69639
G1 X119.467 Y123.192 E57.71713
G1 X118.858 Y123.367 E57.73821
G1 X118.298 Y123.645 E57.759
G1 X117.795 Y124.025 E57.77997
G1 X117.376 Y124.484 E57.80064
G1 X117.044 Y125.017 E57.82152
G1 X116.82 Y125.605 E57.84245
G1 X116.704 Y126.217 E57.86317
G1 X116.704 Y126.847 E57.88412
G1 X116.82 Y127.46 E57.90487
G1 X117.044 Y128.051 E57.92589
G1 X117.376 Y128.579 E57.94664
G1 X117.796 Y129.04 E57.96738
G1 X118.299 Y129.424 E57.98843
G1 X118.858 Y129.701 E58.00918
G1 X119.466 Y129.874 E58.0302
G1 X120.007 Y129.922 E58.04827
G0 F6000 X119.998 Y130.323
;TYPE:WALL-OUTER
G1 F1203 X120.088 Y130.331 E58.05127
G1 F1200 X120.779 Y130.27 E58.07434
G1 X121.459 Y130.076 E58.09786
G1 X122.085 Y129.765 E58.12111
G1 X122.648 Y129.335 E58.14467
G1 X123.12 Y128.822 E58.16785
G1 X123.488 Y128.23 E58.19104
G1 X123.742 Y127.569 E58.21459
G1 X123.868 Y126.885 E58.23772
G1 X123.868 Y126.179 E58.2612
G1 X123.742 Y125.495 E58.28434
G1 X123.488 Y124.838 E58.30777
G1 X123.119 Y124.242 E58.33108
G1 X122.648 Y123.729 E58.35424
G1 X122.086 Y123.303 E58.3777
G1 X121.459 Y122.992 E58.40098
G1 X120.779 Y122.798 E58.4245
G1 X120.088 Y122.733 E58.44758
G1 X119.393 Y122.798 E58.4708
G1 X118.713 Y122.992 E58.49432
G1 X118.086 Y123.303 E58.5176
G1 X117.524 Y123.729 E58.54105
G1 X117.056 Y124.242 E58.56415
G1 X116.684 Y124.838 E58.58751
G1 X116.434 Y125.495 E58.61089
G1 X116.304 Y126.179 E58.63405
G1 X116.304 Y126.885 E58.65753
G1 X116.434 Y127.569 E58.68069
G1 X116.684 Y128.23 E58.7042
G1 X117.056 Y128.822 E58.72745
G1 X117.524 Y129.336 E58.75057
G1 X118.087 Y129.765 E58.77411
G1 X118.713 Y130.076 E58.79736
G1 X119.393 Y130.27 E58.82088
G1 F1203 X119.998 Y130.323 E58.84103
G1 F2700 E53.84103
G0 F6000 X120.027 Y130.017
G0 X119.87 Y129.728
G0 X120.028 Y128.307
G0 X120.059 Y127.731
G1 F2700 E58.84103
G1 F1200 X119.789 Y127.693 E58.8501
G1 X119.531 Y127.596 E58.85927
G1 X119.287 Y127.431 E58.86906
G1 X119.094 Y127.207 E58.8789
G1 X118.965 Y126.959 E58.88819
G1 X118.892 Y126.667 E58.89821
G1 X118.892 Y126.397 E58.90719
G1 X118.965 Y126.104 E58.91723
G1 X119.11 Y125.834 E58.92742
G1 X119.287 Y125.637 E58.93623
G1 X119.53 Y125.468 E58.94608
G1 X119.793 Y125.367 E58.95545
G1 X120.082 Y125.331 E58.96513
G1 X120.357 Y125.365 E58.97435
G1 X120.642 Y125.468 E58.98443
G1 X120.869 Y125.624 E58.99359
G1 X121.079 Y125.858 E59.00405
G1 X121.207 Y126.103 E59.01324
G1 X121.28 Y126.396 E59.02328
G1 X121.28 Y126.668 E59.03233
G1 X121.199 Y126.979 E59.04302
G1 X121.069 Y127.225 E59.05227
G1 X120.889 Y127.427 E59.06127
G1 X120.638 Y127.6 E59.07141
G1 X120.383 Y127.693 E59.08044
G1 X120.07 Y127.732 E59.09093
G1 X120.059 Y127.731 E59.0913
G1 F2700 E54.0913
G0 F6000 X120.021 Y128.039
G0 X120.088 Y128.312
G0 X119.961 Y129.736
G0 X120.016 Y129.561
;TYPE:SKIN
G1 F2700 E59.0913
G1 F1200 X119.537 Y129.518 E59.10729
G1 X118.985 Y129.36 E59.12639
G1 X118.487 Y129.113 E59.14488
G1 X118.04 Y128.771 E59.1636
G1 X117.664 Y128.362 E59.18208
G1 X117.364 Y127.883 E59.20087
G1 X117.17 Y127.365 E59.21927
G1 X117.064 Y126.813 E59.23797
G1 X117.064 Y126.247 E59.25679
G1 X117.166 Y125.703 E59.2752
G1 X117.369 Y125.174 E59.29405
G1 X117.664 Y124.702 E59.31256
G1 X118.036 Y124.293 E59.33095
G1 X118.486 Y123.951 E59.34975
G1 X118.985 Y123.704 E59.36827
G1 X119.542 Y123.546 E59.38752
G1 X120.084 Y123.493 E59.40564
G1 X120.63 Y123.546 E59.42388
G1 X121.183 Y123.704 E59.44301
G1 X121.682 Y123.951 E59.46153
G1 X122.132 Y124.293 E59.48033
G1 X122.512 Y124.706 E59.49899
G1 X122.804 Y125.174 E59.51734
G1 X123.007 Y125.707 E59.53631
G1 X123.108 Y126.243 E59.55445
G1 X123.108 Y126.817 E59.57354
G1 X123.006 Y127.357 E59.59182
G1 X122.803 Y127.89 E59.61079
G1 X122.512 Y128.358 E59.62912
G1 X122.132 Y128.771 E59.64779
G1 X121.681 Y129.113 E59.66661
G1 X121.186 Y129.361 E59.68503
G1 X120.631 Y129.522 E59.70425
G1 X120.089 Y129.567 E59.72234
G1 X120.016 Y129.561 E59.72477
G0 F6000 X119.993 Y129.82
G0 X120.088 Y128.312
G0 X120.041 Y128.487
G1 F1200 X120.089 Y128.493 E59.72638
G1 X120.545 Y128.441 E59.74165
G1 X120.958 Y128.288 E59.7563
G1 X121.382 Y128.008 E59.7732
G1 X121.707 Y127.647 E59.78935
G1 X121.92 Y127.232 E59.80487
G1 X122.033 Y126.785 E59.8202
G1 X122.033 Y126.27 E59.83733
G1 X121.915 Y125.824 E59.85267
G1 X121.71 Y125.43 E59.86745
G1 X121.377 Y125.048 E59.8843
G1 X120.977 Y124.784 E59.90024
G1 X120.551 Y124.623 E59.91539
G1 X120.084 Y124.568 E59.93103
G1 X119.621 Y124.619 E59.94652
G1 X119.141 Y124.803 E59.96362
G1 X118.756 Y125.092 E59.97963
G1 X118.462 Y125.417 E59.99421
G1 X118.246 Y125.852 E60.01036
G1 X118.135 Y126.271 E60.02478
G1 X118.135 Y126.79 E60.04204
G1 X118.248 Y127.235 E60.05731
G1 X118.466 Y127.643 E60.0727
G1 X118.79 Y128.015 E60.0891
G1 X119.191 Y128.276 E60.10502
G1 X119.613 Y128.437 E60.12004
G1 X120.041 Y128.487 E60.13437
G0 F6000 X120.069 Y128.23
G0 X119.273 Y128.116
G0 X118.639 Y129.39
G0 X118.923 Y129.106
G1 F1200 X117.503 Y127.685 E60.20119
G0 F6000 X117.995 Y127.046
G1 F1200 X117.264 Y126.315 E60.23557
G0 F6000 X117.346 Y125.831
G1 F1200 X117.934 Y126.419 E60.26323
G0 F6000 X118.019 Y125.939
G1 F1200 X117.492 Y125.412 E60.28802
G0 F6000 X117.687 Y125.041
G1 F1200 X118.18 Y125.534 E60.31121
G0 F6000 X118.401 Y125.19
G1 F1200 X117.924 Y124.712 E60.33367
G0 F6000 X118.199 Y124.421
G1 F1200 X118.677 Y124.9 E60.35617
G0 F6000 X119 Y124.657
G1 F1200 X118.52 Y124.177 E60.37875
G0 F6000 X118.886 Y123.977
G1 F1200 X119.399 Y124.49 E60.40288
G0 F6000 X119.867 Y124.392
G1 F1200 X119.298 Y123.824 E60.42962
G0 F6000 X119.766 Y123.725
G1 F1200 X120.452 Y124.412 E60.46191
G0 F6000 X120.323 Y123.718
G1 F1200 X121.489 Y124.884 E60.51676
G1 X121.61 Y125.004
G1 X122.909 Y126.303 E60.57786
G0 F6000 X122.898 Y126.858
G1 F1200 X122.212 Y126.172 E60.61013
G0 F6000 X122.235 Y126.761
G1 F1200 X122.803 Y127.329 E60.63684
G0 F6000 X122.648 Y127.739
G1 F1200 X122.128 Y127.219 E60.6613
G0 F6000 X121.951 Y127.608
G1 F1200 X122.439 Y128.096 E60.68426
G0 F6000 X122.19 Y128.413
G1 F1200 X121.714 Y127.937 E60.70665
G0 F6000 X121.426 Y128.215
G1 F1200 X121.904 Y128.692 E60.72911
G0 F6000 X121.582 Y128.936
G1 F1200 X121.089 Y128.443 E60.7523
G0 F6000 X120.683 Y128.602
G1 F1200 X121.207 Y129.126 E60.77694
G0 F6000 X120.784 Y129.269
G1 F1200 X120.195 Y128.681 E60.80462
G0 F6000 X119.581 Y128.632
G1 F1200 X120.297 Y129.348 E60.8383
G0 F6000 X119.715 Y129.332
G1 F1200 X117.284 Y126.901 E60.95265
G0 F6000 X116.832 Y126.986
G0 X116.865 Y126.232
G0 X116.975 Y125.649
G0 X117.189 Y125.089
G0 X117.505 Y124.581
G0 X117.904 Y124.145
G0 X118.383 Y123.782
G0 X118.917 Y123.517
G0 X119.497 Y123.351
G0 X119.976 Y123.306
G0 X121.169 Y123.43
G0 X121.043 Y123.872
G1 F1200 X122.741 Y125.569 E61.03249
G1 F2700 E56.03249
;MESH:NONMESH
G0 F300 X122.741 Y125.569 Z0.4
G0 F6000 X123.17 Y125.404
G0 X122.67 Y124.582
G0 X122.269 Y124.146
G0 X121.789 Y123.782
G0 X121.255 Y123.517
G0 X120.675 Y123.352
G0 X120.088 Y123.296
G0 X119.497 Y123.351
G0 X119.027 Y123.485
G0 X117.242 Y124.381
G0 X109.491 Y121.543
G0 X108.602 Y121.667
;TIME_ELAPSED:120.237288
;LAYER:1
M106 S85
;TYPE:WALL-INNER
;MESH:megav4.5-pcbfoot.stl(1)
G1 F2700 E61.03249
G1 F1350 X108.247 Y121.659 E61.04431
G1 X107.904 Y121.569 E61.0561
G1 X107.562 Y121.391 E61.06892
G1 X107.265 Y121.129 E61.0821
G1 X107.054 Y120.808 E61.09487
G1 X106.93 Y120.481 E61.1065
G1 X106.87 Y120.076 E61.12012
G1 X106.93 Y119.667 E61.13387
G1 X107.054 Y119.341 E61.14547
G1 X107.264 Y119.021 E61.1582
G1 X107.533 Y118.782 E61.17017
G1 X107.895 Y118.577 E61.18401
G1 X108.28 Y118.481 E61.1972
G1 X108.673 Y118.481 E61.21027
G1 X109.046 Y118.578 E61.22309
G1 X109.362 Y118.742 E61.23493
G1 X109.673 Y119.004 E61.24846
G1 X109.898 Y119.34 E61.26191
G1 X110.032 Y119.697 E61.27459
G1 X110.077 Y120.076 E61.28729
G1 X110.022 Y120.481 E61.30088
G1 X109.899 Y120.808 E61.3125
G1 X109.678 Y121.136 E61.32566
G1 X109.391 Y121.391 E61.33842
G1 X109.05 Y121.568 E61.3512
G1 X108.672 Y121.668 E61.36421
G1 X108.602 Y121.667 E61.36654
G1 F2700 E56.36654
G0 F7500 X108.952 Y123.224
G0 X108.742 Y123.456
G1 F2700 E61.36654
G1 F1350 X108.793 Y123.456 E61.36823
G1 X109.404 Y123.344 E61.38889
G1 X109.991 Y123.116 E61.40984
G1 X110.523 Y122.787 E61.43064
G1 X110.982 Y122.366 E61.45136
G1 X111.363 Y121.862 E61.47237
G1 X111.642 Y121.302 E61.49318
G1 X111.815 Y120.693 E61.51424
G1 X111.873 Y120.076 E61.53485
G1 X111.815 Y119.455 E61.55559
G1 X111.642 Y118.846 E61.57665
G1 X111.363 Y118.286 E61.59746
G1 X110.983 Y117.783 E61.61843
G1 X110.524 Y117.365 E61.63908
G1 X109.991 Y117.032 E61.65998
G1 X109.403 Y116.808 E61.68091
G1 X108.791 Y116.693 E61.70162
G1 X108.161 Y116.692 E61.72257
G1 X107.548 Y116.808 E61.74332
G1 X106.957 Y117.032 E61.76434
G1 X106.429 Y117.364 E61.78509
G1 X105.968 Y117.784 E61.80583
G1 X105.584 Y118.287 E61.82688
G1 X105.307 Y118.846 E61.84763
G1 X105.134 Y119.454 E61.86865
G1 X105.079 Y120.076 E61.88942
G1 X105.134 Y120.694 E61.91006
G1 X105.307 Y121.302 E61.93108
G1 X105.584 Y121.861 E61.95183
G1 X105.969 Y122.365 E61.97293
G1 X106.429 Y122.788 E61.99371
G1 X106.957 Y123.115 E62.01437
G1 X107.548 Y123.343 E62.03544
G1 X108.159 Y123.456 E62.0561
G1 X108.742 Y123.456 E62.07549
G0 F7500 X108.774 Y123.856
;TYPE:WALL-OUTER
G1 F1350 X108.829 Y123.856 E62.07732
G1 X109.513 Y123.73 E62.10046
G1 X110.17 Y123.476 E62.12388
G1 X110.766 Y123.107 E62.1472
G1 X111.279 Y122.636 E62.17036
G1 X111.705 Y122.074 E62.19382
G1 X112.016 Y121.447 E62.2171
G1 X112.21 Y120.767 E62.24062
G1 X112.275 Y120.076 E62.2637
G1 X112.21 Y119.381 E62.28692
G1 X112.016 Y118.701 E62.31044
G1 X111.705 Y118.074 E62.33371
G1 X111.279 Y117.512 E62.35717
G1 X110.766 Y117.045 E62.38024
G1 X110.17 Y116.672 E62.40363
G1 X109.513 Y116.422 E62.42701
G1 X108.829 Y116.293 E62.45016
G1 X108.123 Y116.292 E62.47364
G1 X107.439 Y116.422 E62.4968
G1 X106.778 Y116.672 E62.5203
G1 X106.186 Y117.044 E62.54356
G1 X105.672 Y117.512 E62.56668
G1 X105.243 Y118.075 E62.59022
G1 X104.932 Y118.701 E62.61347
G1 X104.738 Y119.381 E62.63699
G1 X104.677 Y120.076 E62.66019
G1 X104.738 Y120.767 E62.68327
G1 X104.932 Y121.447 E62.70679
G1 X105.243 Y122.073 E62.73003
G1 X105.673 Y122.636 E62.7536
G1 X106.186 Y123.108 E62.77678
G1 X106.778 Y123.475 E62.79995
G1 X107.439 Y123.73 E62.82351
G1 X108.123 Y123.856 E62.84665
G1 X108.774 Y123.856 E62.8683
G1 F2700 E57.8683
G0 F7500 X108.774 Y123.549
G0 X108.571 Y123.256
G0 X108.571 Y121.846
G0 X108.571 Y121.268
G1 F2700 E62.8683
G1 F1350 X108.34 Y121.268 E62.87598
G1 X108.048 Y121.195 E62.88599
G1 X107.802 Y121.066 E62.89523
G1 X107.565 Y120.858 E62.90572
G1 X107.412 Y120.63 E62.91485
G1 X107.315 Y120.371 E62.92405
G1 X107.276 Y120.058 E62.93454
G1 X107.315 Y119.777 E62.94398
G1 X107.412 Y119.519 E62.95314
G1 X107.577 Y119.275 E62.96294
G1 X107.801 Y119.082 E62.97277
G1 X108.049 Y118.953 E62.98207
G1 X108.341 Y118.88 E62.99208
G1 X108.611 Y118.88 E63.00106
G1 X108.904 Y118.952 E63.0111
G1 X109.15 Y119.082 E63.02035
G1 X109.371 Y119.275 E63.03011
G1 X109.54 Y119.518 E63.03996
G1 X109.637 Y119.777 E63.04916
G1 X109.677 Y120.076 E63.05919
G1 X109.637 Y120.371 E63.06909
G1 X109.54 Y120.63 E63.07829
G1 X109.384 Y120.857 E63.08745
G1 X109.15 Y121.067 E63.09791
G1 X108.905 Y121.195 E63.1071
G1 X108.612 Y121.268 E63.11714
G1 X108.571 Y121.268 E63.11851
G1 F2700 E58.11851
G0 F7500 X108.571 Y121.579
G0 X108.701 Y121.847
G0 X108.952 Y123.224
G0 X108.714 Y123.096
;TYPE:SKIN
G1 F2700 E63.11851
G1 F1350 X108.187 Y123.096 E63.13604
G1 X107.647 Y122.994 E63.15431
G1 X107.115 Y122.788 E63.17329
G1 X106.655 Y122.5 E63.19134
G1 X106.232 Y122.116 E63.21034
G1 X105.891 Y121.67 E63.22901
G1 X105.644 Y121.171 E63.24753
G1 X105.486 Y120.619 E63.26663
G1 X105.437 Y120.076 E63.28476
G1 X105.486 Y119.525 E63.30316
G1 X105.644 Y118.973 E63.32226
G1 X105.891 Y118.475 E63.34075
G1 X106.233 Y118.028 E63.35947
G1 X106.642 Y117.652 E63.37795
G1 X107.121 Y117.352 E63.39674
G1 X107.639 Y117.158 E63.41514
G1 X108.191 Y117.052 E63.43384
G1 X108.761 Y117.052 E63.45279
G1 X109.301 Y117.154 E63.47107
G1 X109.826 Y117.353 E63.48975
G1 X110.306 Y117.652 E63.50856
G1 X110.711 Y118.024 E63.52685
G1 X111.053 Y118.474 E63.54565
G1 X111.3 Y118.973 E63.56416
G1 X111.458 Y119.526 E63.58329
G1 X111.511 Y120.076 E63.60167
G1 X111.458 Y120.618 E63.61978
G1 X111.3 Y121.171 E63.63891
G1 X111.052 Y121.67 E63.65745
G1 X110.715 Y122.12 E63.67614
G1 X110.298 Y122.499 E63.69489
G1 X109.834 Y122.788 E63.71307
G1 X109.297 Y122.995 E63.73221
G1 X108.761 Y123.096 E63.75035
G1 X108.714 Y123.096 E63.75191
G0 F7500 X108.672 Y122.559
G1 F793 X108.172 Y122.556 E63.78023
G1 F790.6 X107.798 Y122.469 E63.80203
G1 F788.3 X107.358 Y122.299 E63.8289
G1 F801.2 X107.029 Y122.114 E63.85006
G1 F813.3 X106.612 Y121.741 E63.88095
G1 F800 X106.352 Y121.383 E63.90578
G1 F788.3 X106.152 Y120.976 E63.93161
G1 F789.5 X106.027 Y120.598 E63.95425
G1 F795.3 X105.975 Y120.076 E63.98387
G1 X106.027 Y119.536 E64.0145
G1 F788.3 X106.152 Y119.164 E64.03685
G1 F787.2 X106.354 Y118.762 E64.06251
G1 F800 X106.626 Y118.385 E64.08861
G1 F804.8 X107.01 Y118.041 E64.11737
G1 F794.1 X107.36 Y117.84 E64.14019
G1 F801.2 X107.687 Y117.698 E64.16017
G1 F806 X108.178 Y117.588 E64.1882
G1 F801.2 X108.755 Y117.586 E64.22054
G1 F796.5 X109.25 Y117.699 E64.24916
G1 F791.8 X109.581 Y117.84 E64.26957
G1 F802.4 X109.92 Y118.029 E64.29129
G1 F806 X110.349 Y118.415 E64.32344
G1 F796.5 X110.639 Y118.827 E64.35184
G1 F791.8 X110.789 Y119.163 E64.37271
G1 X110.915 Y119.542 E64.39536
G1 F796.5 X110.969 Y120.076 E64.42561
G1 F798.8 X110.915 Y120.604 E64.45545
G1 F796.5 X110.794 Y120.972 E64.47729
G1 X110.65 Y121.299 E64.49743
G1 F807.2 X110.331 Y121.745 E64.52793
G1 F806 X109.922 Y122.11 E64.55847
G1 F789.5 X109.59 Y122.3 E64.58023
G1 F788.3 X109.146 Y122.47 E64.60731
G1 F793 X108.754 Y122.56 E64.63008
G1 F795.3 X108.672 Y122.559 E64.63471
G0 F7500 X108.63 Y122.021
G1 F1350 X108.734 Y122.021 E64.63817
G1 X109.181 Y121.903 E64.65355
G1 X109.586 Y121.694 E64.66871
G1 X109.942 Y121.382 E64.68445
G1 X110.22 Y120.97 E64.70098
G1 X110.381 Y120.539 E64.71628
G1 X110.436 Y120.076 E64.73179
G1 X110.381 Y119.608 E64.74747
G1 X110.22 Y119.178 E64.76274
G1 X109.95 Y118.774 E64.7789
G1 X109.583 Y118.449 E64.7952
G1 X109.175 Y118.24 E64.81045
G1 X108.729 Y118.123 E64.82579
G1 X108.214 Y118.123 E64.84291
G1 X107.769 Y118.236 E64.85819
G1 X107.361 Y118.454 E64.87357
G1 X106.989 Y118.778 E64.88998
G1 X106.728 Y119.183 E64.906
G1 X106.567 Y119.601 E64.9209
G1 X106.516 Y120.058 E64.9362
G1 X106.567 Y120.54 E64.95232
G1 X106.728 Y120.97 E64.96759
G1 X106.981 Y121.354 E64.98288
G1 X107.361 Y121.69 E64.99975
G1 X107.775 Y121.903 E65.01524
G1 X108.215 Y122.021 E65.03039
G1 X108.63 Y122.021 E65.04419
G1 F2700 E60.04419
;MESH:megav4.5-pcbfoot.stl
G0 F7500 X108.63 Y121.766
G0 X110.061 Y120.888
G0 X115.347 Y120.346
G0 X117.5 Y120.88
;TYPE:WALL-INNER
G1 F2700 E65.04419
G1 F1350 X117.817 Y120.88 E65.05474
G1 X118.428 Y120.768 E65.0754
G1 X119.014 Y120.54 E65.09631
G1 X119.544 Y120.211 E65.11706
G1 X120.006 Y119.789 E65.13787
G1 X120.387 Y119.286 E65.15886
G1 X120.666 Y118.726 E65.17967
G1 X120.839 Y118.117 E65.20073
G1 X120.897 Y117.5 E65.22134
G1 X120.839 Y116.879 E65.24208
G1 X120.666 Y116.27 E65.26314
G1 X120.387 Y115.71 E65.28395
G1 X120.007 Y115.207 E65.30492
G1 X119.544 Y114.789 E65.32566
G1 X119.014 Y114.456 E65.34648
G1 X118.427 Y114.232 E65.36738
G1 X117.815 Y114.117 E65.38809
G1 X117.185 Y114.116 E65.40904
G1 X116.572 Y114.232 E65.42979
G1 X115.981 Y114.457 E65.45083
G1 X115.452 Y114.789 E65.4716
G1 X114.989 Y115.208 E65.49237
G1 X114.609 Y115.71 E65.51331
G1 X114.33 Y116.27 E65.53412
G1 X114.157 Y116.879 E65.55518
G1 X114.099 Y117.5 E65.57592
G1 X114.157 Y118.117 E65.59653
G1 X114.33 Y118.726 E65.61759
G1 X114.609 Y119.286 E65.6384
G1 X114.99 Y119.789 E65.65938
G1 X115.452 Y120.211 E65.6802
G1 X115.981 Y120.54 E65.70092
G1 X116.572 Y120.767 E65.72197
G1 X117.183 Y120.88 E65.74264
G1 X117.5 Y120.88 E65.75318
G1 F2700 E60.75318
G0 F7500 X117.5 Y119.27
G0 X117.5 Y119.091
G1 F2700 E65.75318
G1 F1350 X117.298 Y119.091 E65.7599
G1 X116.928 Y118.993 E65.77263
G1 X116.582 Y118.815 E65.78557
G1 X116.309 Y118.571 E65.79775
G1 X116.085 Y118.261 E65.81047
G1 X115.95 Y117.905 E65.82314
G1 X115.894 Y117.501 E65.8367
G1 X115.95 Y117.091 E65.85046
G1 X116.086 Y116.733 E65.8632
G1 X116.308 Y116.426 E65.8758
G1 X116.577 Y116.184 E65.88784
G1 X116.925 Y116 E65.90093
G1 X117.299 Y115.905 E65.91377
G1 X117.697 Y115.905 E65.927
G1 X118.07 Y116.002 E65.93982
G1 X118.387 Y116.167 E65.95171
G1 X118.698 Y116.43 E65.96525
G1 X118.922 Y116.764 E65.97863
G1 X119.059 Y117.128 E65.99157
G1 X119.097 Y117.5 E66.004
G1 X119.046 Y117.905 E66.01758
G1 X118.923 Y118.232 E66.0292
G1 X118.687 Y118.571 E66.04294
G1 X118.413 Y118.816 E66.05516
G1 X118.074 Y118.992 E66.06787
G1 X117.699 Y119.091 E66.08077
G1 X117.5 Y119.091 E66.08739
G0 F7500 X117.5 Y118.692
;TYPE:WALL-OUTER
G1 F1350 X117.361 Y118.692 E66.09201
G1 X117.051 Y118.61 E66.10267
G1 X116.803 Y118.477 E66.11203
G1 X116.601 Y118.297 E66.12103
G1 X116.432 Y118.054 E66.13088
G1 X116.335 Y117.795 E66.14008
G1 X116.3 Y117.481 E66.15059
G1 X116.335 Y117.201 E66.15997
G1 X116.432 Y116.943 E66.16914
G1 X116.588 Y116.715 E66.17833
G1 X116.821 Y116.506 E66.18874
G1 X117.093 Y116.37 E66.19885
G1 X117.361 Y116.304 E66.20803
G1 X117.635 Y116.304 E66.21714
G1 X117.928 Y116.376 E66.22718
G1 X118.175 Y116.506 E66.23646
G1 X118.395 Y116.699 E66.2462
G1 X118.564 Y116.942 E66.25604
G1 X118.661 Y117.201 E66.26524
G1 X118.697 Y117.5 E66.27526
G1 X118.661 Y117.795 E66.28514
G1 X118.564 Y118.054 E66.29434
G1 X118.395 Y118.297 E66.30419
G1 X118.193 Y118.477 E66.31318
G1 X117.929 Y118.619 E66.32315
G1 X117.636 Y118.692 E66.3332
G1 X117.5 Y118.692 E66.33772
G1 F2700 E61.33772
G0 F7500 X117.5 Y119.003
G0 X117.5 Y119.27
G0 X117.5 Y120.68
G0 X117.5 Y121.28
G1 F2700 E66.33772
G1 F1350 X117.853 Y121.28 E66.34946
G1 X118.537 Y121.154 E66.37259
G1 X119.194 Y120.9 E66.39602
G1 X119.786 Y120.531 E66.41922
G1 X120.303 Y120.06 E66.44249
G1 X120.729 Y119.498 E66.46594
G1 X121.04 Y118.871 E66.48922
G1 X121.234 Y118.191 E66.51274
G1 X121.299 Y117.5 E66.53582
G1 X121.234 Y116.805 E66.55904
G1 X121.04 Y116.125 E66.58256
G1 X120.729 Y115.498 E66.60584
G1 X120.303 Y114.936 E66.62929
G1 X119.786 Y114.469 E66.65247
G1 X119.194 Y114.096 E66.67574
G1 X118.537 Y113.846 E66.69912
G1 X117.853 Y113.717 E66.72227
G1 X117.147 Y113.716 E66.74575
G1 X116.463 Y113.846 E66.76891
G1 X115.802 Y114.097 E66.79242
G1 X115.21 Y114.469 E66.81568
G1 X114.693 Y114.936 E66.83885
G1 X114.267 Y115.498 E66.86231
G1 X113.956 Y116.125 E66.88559
G1 X113.762 Y116.805 E66.9091
G1 X113.697 Y117.5 E66.93232
G1 X113.762 Y118.191 E66.95541
G1 X113.956 Y118.871 E66.97892
G1 X114.267 Y119.498 E67.0022
G1 X114.693 Y120.06 E67.02566
G1 X115.21 Y120.531 E67.04892
G1 X115.802 Y120.9 E67.07212
G1 X116.463 Y121.154 E67.09567
G1 X117.147 Y121.28 E67.11881
G1 X117.5 Y121.28 E67.13055
G1 F2700 E62.13055
G0 F7500 X117.5 Y120.973
G0 X117.5 Y120.68
G0 X117.5 Y119.27
G0 X117.5 Y119.445
;TYPE:SKIN
G1 F2700 E67.13055
G1 F1350 X117.758 Y119.445 E67.13913
G1 X118.205 Y119.327 E67.15451
G1 X118.607 Y119.118 E67.16957
G1 X118.98 Y118.789 E67.18612
G1 X119.248 Y118.39 E67.2021
G1 X119.405 Y117.967 E67.21711
G1 X119.456 Y117.517 E67.23217
G1 X119.404 Y117.025 E67.24863
G1 X119.244 Y116.602 E67.26367
G1 X118.975 Y116.203 E67.27968
G1 X118.624 Y115.886 E67.29541
G1 X118.222 Y115.674 E67.31052
G1 X117.753 Y115.547 E67.32668
G1 X117.235 Y115.547 E67.34391
G1 X116.792 Y115.661 E67.35913
G1 X116.38 Y115.879 E67.37463
G1 X116.054 Y116.166 E67.38907
G1 X115.781 Y116.539 E67.40445
G1 X115.593 Y116.998 E67.42095
G1 X115.532 Y117.48 E67.43711
G1 X115.587 Y117.968 E67.45344
G1 X115.764 Y118.426 E67.46977
G1 X116.045 Y118.817 E67.48579
G1 X116.377 Y119.114 E67.5006
G1 X116.776 Y119.319 E67.51552
G1 X117.239 Y119.445 E67.53148
G1 X117.5 Y119.445 E67.54016
G0 F7500 X117.5 Y119.982
G1 F794.1 X117.197 Y119.98 E67.55729
G1 F790.6 X116.819 Y119.893 E67.57932
G1 F788.3 X116.389 Y119.728 E67.60556
G1 F789.5 X116.036 Y119.527 E67.62866
G1 F797.6 X115.654 Y119.181 E67.65767
G1 F798.8 X115.326 Y118.739 E67.68861
G1 F791.8 X115.171 Y118.396 E67.70996
G1 F790.6 X115.049 Y118.023 E67.73224
G1 F798.8 X114.993 Y117.496 E67.76203
G1 F801.2 X115.047 Y116.962 E67.79211
G1 F796.5 X115.17 Y116.596 E67.81388
G1 F795.3 X115.325 Y116.252 E67.83518
G1 F804.8 X115.65 Y115.809 E67.86584
G1 X116.046 Y115.458 E67.89536
G1 F794.1 X116.39 Y115.259 E67.91783
G1 F801.2 X116.688 Y115.124 E67.93617
G1 F803.6 X117.194 Y115.012 E67.96512
G1 F800 X117.78 Y115.01 E67.99802
G1 F797.6 X118.176 Y115.097 E68.02084
G1 F794.1 X118.595 Y115.258 E68.04622
G1 F803.6 X118.956 Y115.466 E68.0695
G1 F804.8 X119.374 Y115.843 E68.10091
G1 F794.1 X119.612 Y116.183 E68.12437
G1 F790.6 X119.813 Y116.588 E68.15005
G1 F794.1 X119.944 Y116.986 E68.17374
G1 F798.8 X119.993 Y117.496 E68.20254
G1 F808.4 X119.938 Y118.032 E68.23247
G1 F820.7 X119.775 Y118.527 E68.26098
G1 F812 X119.614 Y118.81 E68.27898
G1 F807.2 X119.352 Y119.173 E68.30389
G1 F808.4 X118.943 Y119.533 E68.33415
G1 F796.5 X118.611 Y119.723 E68.35572
G1 F791.8 X118.165 Y119.895 E68.38282
G1 F793 X117.777 Y119.984 E68.40537
G1 F796.5 X117.5 Y119.982 E68.42098
G0 F7500 X117.5 Y120.52
G1 F1350 X117.211 Y120.52 E68.43059
G1 X116.671 Y120.418 E68.44887
G1 X116.142 Y120.216 E68.46771
G1 X115.67 Y119.92 E68.48624
G1 X115.257 Y119.544 E68.50481
G1 X114.916 Y119.094 E68.52359
G1 X114.668 Y118.595 E68.54213
G1 X114.51 Y118.042 E68.56125
G1 X114.458 Y117.496 E68.5795
G1 X114.51 Y116.95 E68.59774
G1 X114.668 Y116.397 E68.61687
G1 X114.915 Y115.902 E68.63527
G1 X115.257 Y115.448 E68.65417
G1 X115.666 Y115.08 E68.67247
G1 X116.146 Y114.776 E68.69137
G1 X116.671 Y114.578 E68.71003
G1 X117.215 Y114.476 E68.72844
G1 X117.785 Y114.476 E68.7474
G1 X118.325 Y114.578 E68.76568
G1 X118.845 Y114.776 E68.78418
G1 X119.326 Y115.08 E68.80311
G1 X119.74 Y115.452 E68.82162
G1 X120.077 Y115.898 E68.84021
G1 X120.324 Y116.397 E68.85873
G1 X120.482 Y116.95 E68.87786
G1 X120.535 Y117.496 E68.89611
G1 X120.482 Y118.042 E68.91435
G1 X120.324 Y118.595 E68.93348
G1 X120.077 Y119.094 E68.952
G1 X119.735 Y119.544 E68.9708
G1 X119.322 Y119.919 E68.98935
G1 X118.854 Y120.212 E69.00772
G1 X118.321 Y120.419 E69.02673
G1 X117.785 Y120.52 E69.04488
G1 X117.5 Y120.52 E69.05435
G1 F2700 E64.05435
;MESH:megav4.5-pcbfoot.stl(2)
G0 F7500 X117.5 Y120.78
G0 X118.383 Y120.613
G0 X118.836 Y120.437
G0 X120.533 Y119.381
G0 X121.513 Y119.867
G0 X124.356 Y119.041
G0 X126.266 Y118.296
;TYPE:WALL-INNER
G1 F2700 E69.05435
G1 F1350 X126.835 Y118.296 E69.07328
G1 X127.446 Y118.18 E69.09396
G1 X128.034 Y117.952 E69.11494
G1 X128.564 Y117.623 E69.13569
G1 X129.026 Y117.201 E69.1565
G1 X129.407 Y116.698 E69.17749
G1 X129.686 Y116.138 E69.1983
G1 X129.859 Y115.529 E69.21935
G1 X129.917 Y114.912 E69.23997
G1 X129.859 Y114.292 E69.26068
G1 X129.686 Y113.686 E69.28164
G1 X129.407 Y113.121 E69.3026
G1 X129.027 Y112.619 E69.32354
G1 X128.565 Y112.201 E69.34426
G1 X128.034 Y111.872 E69.36504
G1 X127.446 Y111.644 E69.38601
G1 X126.835 Y111.529 E69.40669
G1 X126.205 Y111.528 E69.42764
G1 X125.593 Y111.644 E69.44836
G1 X125.001 Y111.872 E69.46946
G1 X124.471 Y112.201 E69.49021
G1 X124.009 Y112.62 E69.51095
G1 X123.63 Y113.122 E69.53187
G1 X123.35 Y113.686 E69.55282
G1 X123.177 Y114.292 E69.57378
G1 X123.119 Y114.912 E69.59449
G1 X123.176 Y115.529 E69.6151
G1 X123.35 Y116.138 E69.63616
G1 X123.629 Y116.698 E69.65697
G1 X124.01 Y117.202 E69.67799
G1 X124.472 Y117.623 E69.69878
G1 X125.001 Y117.952 E69.7195
G1 X125.593 Y118.18 E69.7406
G1 X126.205 Y118.296 E69.76131
G1 X126.266 Y118.296 E69.76334
G1 F2700 E64.76334
G0 F7500 X126.401 Y116.682
G0 X126.401 Y116.503
G1 F2700 E69.76334
G1 F1350 X126.318 Y116.503 E69.7661
G1 X125.948 Y116.405 E69.77883
G1 X125.6 Y116.231 E69.79178
G1 X125.307 Y115.966 E69.80491
G1 X125.094 Y115.644 E69.81776
G1 X124.97 Y115.321 E69.82926
G1 X124.914 Y114.913 E69.84296
G1 X124.971 Y114.502 E69.85676
G1 X125.093 Y114.182 E69.86815
G1 X125.328 Y113.838 E69.88201
G1 X125.602 Y113.593 E69.89423
G1 X125.948 Y113.416 E69.90716
G1 X126.319 Y113.321 E69.9199
G1 X126.725 Y113.321 E69.9334
G1 X127.093 Y113.416 E69.94604
G1 X127.436 Y113.594 E69.95889
G1 X127.722 Y113.847 E69.9716
G1 X127.943 Y114.181 E69.98492
G1 X128.079 Y114.538 E69.99762
G1 X128.117 Y114.912 E70.01013
G1 X128.078 Y115.29 E70.02276
G1 X127.943 Y115.644 E70.03537
G1 X127.708 Y115.986 E70.04917
G1 X127.428 Y116.238 E70.0617
G1 X127.094 Y116.404 E70.0741
G1 X126.722 Y116.502 E70.0869
G1 X126.401 Y116.503 E70.09757
G0 F7500 X126.431 Y116.104
;TYPE:WALL-OUTER
G1 F1350 X126.381 Y116.104 E70.09924
G1 X126.092 Y116.031 E70.10915
G1 X125.842 Y115.906 E70.11845
G1 X125.621 Y115.713 E70.12821
G1 X125.452 Y115.466 E70.13816
G1 X125.355 Y115.211 E70.14723
G1 X125.32 Y114.893 E70.15787
G1 X125.355 Y114.612 E70.16729
G1 X125.452 Y114.359 E70.1763
G1 X125.608 Y114.127 E70.1856
G1 X125.822 Y113.931 E70.19526
G1 X126.092 Y113.789 E70.2054
G1 X126.381 Y113.72 E70.21528
G1 X126.655 Y113.72 E70.2244
G1 X126.949 Y113.789 E70.23444
G1 X127.214 Y113.931 E70.24444
G1 X127.415 Y114.111 E70.25342
G1 X127.584 Y114.359 E70.2634
G1 X127.681 Y114.612 E70.27241
G1 X127.717 Y114.912 E70.28246
G1 X127.681 Y115.211 E70.29248
G1 X127.584 Y115.466 E70.30155
G1 X127.415 Y115.713 E70.3115
G1 X127.213 Y115.893 E70.3205
G1 X126.949 Y116.031 E70.33041
G1 X126.655 Y116.104 E70.34049
G1 X126.431 Y116.104 E70.34794
G1 F2700 E65.34794
G0 F7500 X126.431 Y116.416
G0 X126.29 Y116.683
G0 X126.025 Y118.078
G0 X126.236 Y118.696
G1 F2700 E70.34794
G1 F1350 X126.873 Y118.696 E70.36912
G1 X127.556 Y118.566 E70.39225
G1 X128.214 Y118.312 E70.41571
G1 X128.806 Y117.943 E70.43891
G1 X129.323 Y117.472 E70.46217
G1 X129.749 Y116.91 E70.48563
G1 X130.06 Y116.283 E70.5089
G1 X130.254 Y115.603 E70.53242
G1 X130.319 Y114.912 E70.55551
G1 X130.254 Y114.218 E70.57869
G1 X130.06 Y113.541 E70.60211
G1 X129.749 Y112.91 E70.62551
G1 X129.323 Y112.348 E70.64897
G1 X128.807 Y111.881 E70.67211
G1 X128.214 Y111.512 E70.69534
G1 X127.556 Y111.258 E70.7188
G1 X126.873 Y111.129 E70.74192
G1 X126.167 Y111.128 E70.7654
G1 X125.483 Y111.258 E70.78856
G1 X124.822 Y111.512 E70.81211
G1 X124.229 Y111.881 E70.83534
G1 X123.713 Y112.348 E70.85849
G1 X123.288 Y112.91 E70.88193
G1 X122.976 Y113.541 E70.90534
G1 X122.782 Y114.218 E70.92876
G1 X122.717 Y114.912 E70.95195
G1 X122.782 Y115.603 E70.97503
G1 X122.976 Y116.283 E70.99855
G1 X123.287 Y116.91 E71.02183
G1 X123.713 Y117.472 E71.04528
G1 X124.23 Y117.943 E71.06854
G1 X124.822 Y118.312 E71.09175
G1 X125.483 Y118.566 E71.1153
G1 X126.167 Y118.696 E71.13846
G1 X126.236 Y118.696 E71.14075
G1 F2700 E66.14075
G0 F7500 X126.236 Y118.386
G0 X126.374 Y118.096
G0 X126.374 Y116.682
G0 X126.374 Y116.857
;TYPE:SKIN
G1 F2700 E71.14075
G1 F1350 X126.775 Y116.857 E71.15409
G1 X127.221 Y116.739 E71.16943
G1 X127.631 Y116.531 E71.18472
G1 X127.983 Y116.225 E71.20024
G1 X128.264 Y115.806 E71.21702
G1 X128.424 Y115.388 E71.2319
G1 X128.476 Y114.912 E71.24783
G1 X128.429 Y114.448 E71.26334
G1 X128.264 Y114.019 E71.27863
G1 X127.979 Y113.59 E71.29576
G1 X127.63 Y113.29 E71.31106
G1 X127.221 Y113.081 E71.32634
G1 X126.781 Y112.963 E71.34149
G1 X126.255 Y112.963 E71.35899
G1 X125.841 Y113.07 E71.37321
G1 X125.401 Y113.29 E71.38957
G1 X125.044 Y113.604 E71.40538
G1 X124.773 Y114.006 E71.42151
G1 X124.607 Y114.433 E71.43675
G1 X124.552 Y114.893 E71.45216
G1 X124.607 Y115.387 E71.46869
G1 X124.761 Y115.785 E71.48288
G1 X125.02 Y116.185 E71.49873
G1 X125.401 Y116.53 E71.51583
G1 X125.836 Y116.746 E71.53198
G1 X126.254 Y116.857 E71.54637
G1 X126.374 Y116.857 E71.55036
G0 F7500 X126.333 Y117.397
G1 F794.1 X126.24 Y117.398 E71.55562
G1 X125.743 Y117.286 E71.58442
G1 F790.6 X125.405 Y117.14 E71.60533
G1 F791.8 X125.064 Y116.944 E71.62764
G1 F800 X124.642 Y116.569 E71.65932
G1 F801.2 X124.348 Y116.153 E71.68787
G1 F796.5 X124.189 Y115.805 E71.70944
G1 X124.07 Y115.445 E71.73081
G1 F798.8 X124.015 Y114.908 E71.76116
G1 X124.069 Y114.371 E71.79149
G1 F796.5 X124.19 Y114.008 E71.81307
G1 F806 X124.34 Y113.671 E71.83362
G1 F813.3 X124.671 Y113.222 E71.86441
G1 F801.2 X125.064 Y112.873 E71.89387
G1 F789.5 X125.41 Y112.676 E71.91652
G1 F787.2 X125.746 Y112.531 E71.93739
G1 F791.8 X126.218 Y112.426 E71.96481
G1 F796.5 X126.802 Y112.424 E71.99773
G1 F795.3 X127.186 Y112.51 E72.01995
G1 F790.6 X127.634 Y112.683 E72.04722
G1 F793 X127.967 Y112.874 E72.06896
G1 F807.2 X128.367 Y113.224 E72.09853
G1 F806 X128.633 Y113.594 E72.12392
G1 F795.3 X128.835 Y114.002 E72.14962
G1 F796.5 X128.961 Y114.38 E72.17208
G1 F798.8 X129.013 Y114.908 E72.20191
G1 F808.4 X128.96 Y115.436 E72.23138
G1 F803.6 X128.834 Y115.813 E72.25359
G1 F794.1 X128.633 Y116.221 E72.27931
G1 F807.2 X128.371 Y116.588 E72.30439
G1 F809.6 X127.962 Y116.948 E72.33461
G1 F795.3 X127.634 Y117.134 E72.3559
G1 F790.6 X127.184 Y117.307 E72.38328
G1 F789.5 X126.811 Y117.393 E72.40505
G1 F790.6 X126.333 Y117.397 E72.4322
G0 F7500 X126.293 Y117.936
G1 F1350 X126.237 Y117.936 E72.43406
G1 X125.691 Y117.83 E72.45256
G1 X125.158 Y117.628 E72.47152
G1 X124.69 Y117.332 E72.48994
G1 X124.277 Y116.96 E72.50842
G1 X123.935 Y116.506 E72.52733
G1 X123.684 Y116.003 E72.54602
G1 X123.53 Y115.455 E72.56496
G1 X123.478 Y114.912 E72.5831
G1 X123.53 Y114.366 E72.60134
G1 X123.688 Y113.809 E72.6206
G1 X123.935 Y113.314 E72.639
G1 X124.277 Y112.86 E72.6579
G1 X124.689 Y112.489 E72.67634
G1 X125.162 Y112.192 E72.69492
G1 X125.691 Y111.989 E72.71377
G1 X126.235 Y111.888 E72.73217
G1 X126.805 Y111.888 E72.75113
G1 X127.341 Y111.989 E72.76927
G1 X127.874 Y112.196 E72.78829
G1 X128.343 Y112.489 E72.80668
G1 X128.76 Y112.864 E72.82533
G1 X129.096 Y113.31 E72.8439
G1 X129.344 Y113.813 E72.86256
G1 X129.502 Y114.366 E72.88169
G1 X129.555 Y114.912 E72.89993
G1 X129.502 Y115.454 E72.91804
G1 X129.344 Y116.007 E72.93717
G1 X129.097 Y116.506 E72.95569
G1 X128.755 Y116.956 E72.97449
G1 X128.342 Y117.331 E72.99304
G1 X127.874 Y117.624 E73.01141
G1 X127.34 Y117.831 E73.03046
G1 X126.8 Y117.936 E73.04875
G1 X126.293 Y117.936 E73.06562
G1 F2700 E68.06562
;MESH:megav4.5-pcbfoot.stl(3)
G0 F7500 X126.293 Y118.196
G0 X124.932 Y118.11
G0 X120.9 Y124.947
G0 X120.05 Y128.133
;TYPE:WALL-INNER
G1 F2700 E73.06562
G1 F1350 X119.679 Y128.078 E73.07809
G1 X119.353 Y127.954 E73.08969
G1 X119.033 Y127.744 E73.10242
G1 X118.794 Y127.475 E73.11439
G1 X118.589 Y127.113 E73.12823
G1 X118.493 Y126.728 E73.14143
G1 X118.493 Y126.327 E73.15476
G1 X118.591 Y125.962 E73.16733
G1 X118.768 Y125.619 E73.18017
G1 X119.014 Y125.345 E73.19242
G1 X119.322 Y125.121 E73.20508
G1 X119.679 Y124.986 E73.21778
G1 X120.088 Y124.931 E73.2315
G1 X120.464 Y124.975 E73.2441
G1 X120.82 Y125.109 E73.25675
G1 X121.148 Y125.33 E73.2699
G1 X121.403 Y125.617 E73.28267
G1 X121.58 Y125.958 E73.29545
G1 X121.679 Y126.333 E73.30835
G1 X121.679 Y126.731 E73.32159
G1 X121.58 Y127.104 E73.33442
G1 X121.403 Y127.445 E73.3472
G1 X121.159 Y127.722 E73.35948
G1 X120.835 Y127.952 E73.37269
G1 X120.493 Y128.077 E73.38481
G1 X120.093 Y128.139 E73.39827
G1 X120.05 Y128.133 E73.39971
G1 F2700 E68.39971
G0 F7500 X119.961 Y129.736
G0 X120.007 Y129.922
G1 F2700 E73.39971
G1 F1350 X120.088 Y129.929 E73.40242
G1 X120.706 Y129.875 E73.42305
G1 X121.314 Y129.702 E73.44407
G1 X121.873 Y129.424 E73.46484
G1 X122.377 Y129.039 E73.48593
G1 X122.8 Y128.579 E73.50672
G1 X123.128 Y128.051 E73.52739
G1 X123.355 Y127.46 E73.54845
G1 X123.468 Y126.849 E73.56912
G1 X123.468 Y126.215 E73.5902
G1 X123.355 Y125.604 E73.61087
G1 X123.128 Y125.017 E73.6318
G1 X122.799 Y124.484 E73.65264
G1 X122.378 Y124.026 E73.67333
G1 X121.874 Y123.645 E73.69434
G1 X121.314 Y123.366 E73.71515
G1 X120.705 Y123.193 E73.73621
G1 X120.088 Y123.135 E73.75682
G1 X119.467 Y123.193 E73.77756
G1 X118.858 Y123.366 E73.79862
G1 X118.298 Y123.645 E73.81943
G1 X117.795 Y124.025 E73.8404
G1 X117.377 Y124.484 E73.86104
G1 X117.044 Y125.017 E73.88195
G1 X116.82 Y125.605 E73.90288
G1 X116.704 Y126.217 E73.92359
G1 X116.704 Y126.847 E73.94455
G1 X116.82 Y127.46 E73.9653
G1 X117.044 Y128.051 E73.98632
G1 X117.376 Y128.579 E74.00706
G1 X117.796 Y129.04 E74.02781
G1 X118.299 Y129.424 E74.04885
G1 X118.858 Y129.701 E74.0696
G1 X119.466 Y129.874 E74.09063
G1 X120.007 Y129.922 E74.10869
G0 F7500 X119.998 Y130.323
;TYPE:WALL-OUTER
G1 F1353.4 X120.088 Y130.331 E74.11169
G1 F1350 X120.779 Y130.27 E74.13476
G1 X121.459 Y130.076 E74.15828
G1 X122.085 Y129.765 E74.18153
G1 X122.648 Y129.335 E74.20509
G1 X123.12 Y128.822 E74.22828
G1 X123.488 Y128.23 E74.25146
G1 X123.742 Y127.569 E74.27501
G1 X123.868 Y126.885 E74.29815
G1 X123.868 Y126.179 E74.32163
G1 X123.742 Y125.495 E74.34476
G1 X123.488 Y124.838 E74.36819
G1 X123.119 Y124.242 E74.3915
G1 X122.648 Y123.729 E74.41467
G1 X122.086 Y123.303 E74.43812
G1 X121.459 Y122.992 E74.4614
G1 X120.779 Y122.798 E74.48492
G1 X120.088 Y122.733 E74.50801
G1 X119.393 Y122.798 E74.53122
G1 X118.713 Y122.992 E74.55474
G1 X118.086 Y123.303 E74.57802
G1 X117.524 Y123.729 E74.60147
G1 X117.057 Y124.242 E74.62455
G1 X116.684 Y124.838 E74.64793
G1 X116.434 Y125.495 E74.67131
G1 X116.304 Y126.179 E74.69447
G1 X116.304 Y126.885 E74.71795
G1 X116.434 Y127.569 E74.74111
G1 X116.684 Y128.23 E74.76461
G1 X117.056 Y128.822 E74.78787
G1 X117.524 Y129.336 E74.81099
G1 X118.087 Y129.765 E74.83453
G1 X118.713 Y130.076 E74.85778
G1 X119.393 Y130.27 E74.8813
G1 F1353.4 X119.998 Y130.323 E74.90145
G1 F2700 E69.90145
G0 F7500 X120.027 Y130.017
G0 X119.87 Y129.728
G0 X120.028 Y128.307
G0 X120.059 Y127.731
G1 F2700 E74.90145
G1 F1350 X119.789 Y127.693 E74.91052
G1 X119.531 Y127.596 E74.91969
G1 X119.287 Y127.431 E74.92948
G1 X119.094 Y127.207 E74.93932
G1 X118.965 Y126.959 E74.94861
G1 X118.892 Y126.667 E74.95863
G1 X118.892 Y126.397 E74.96761
G1 X118.965 Y126.104 E74.97765
G1 X119.094 Y125.858 E74.98689
G1 X119.287 Y125.637 E74.99665
G1 X119.53 Y125.468 E75.00649
G1 X119.789 Y125.371 E75.01569
G1 X120.088 Y125.331 E75.02572
G1 X120.357 Y125.365 E75.03474
G1 X120.642 Y125.468 E75.04482
G1 X120.869 Y125.624 E75.05398
G1 X121.079 Y125.858 E75.06444
G1 X121.207 Y126.103 E75.07363
G1 X121.28 Y126.396 E75.08368
G1 X121.28 Y126.668 E75.09272
G1 X121.198 Y126.982 E75.10352
G1 X121.078 Y127.206 E75.11197
G1 X120.87 Y127.443 E75.12246
G1 X120.642 Y127.595 E75.13157
G1 X120.383 Y127.693 E75.14078
G1 X120.07 Y127.732 E75.15127
G1 X120.059 Y127.731 E75.15164
G1 F2700 E70.15164
G0 F7500 X120.021 Y128.039
G0 X120.088 Y128.312
G0 X119.961 Y129.736
G0 X120.016 Y129.561
;TYPE:SKIN
G1 F2700 E75.15164
G1 F1350 X119.537 Y129.518 E75.16763
G1 X118.985 Y129.36 E75.18673
G1 X118.487 Y129.113 E75.20522
G1 X118.04 Y128.771 E75.22394
G1 X117.664 Y128.362 E75.24242
G1 X117.364 Y127.883 E75.26122
G1 X117.17 Y127.365 E75.27961
G1 X117.064 Y126.813 E75.29831
G1 X117.064 Y126.247 E75.31713
G1 X117.166 Y125.702 E75.33558
G1 X117.364 Y125.178 E75.35421
G1 X117.664 Y124.703 E75.37289
G1 X118.036 Y124.293 E75.39131
G1 X118.486 Y123.951 E75.4101
G1 X118.985 Y123.704 E75.42862
G1 X119.542 Y123.546 E75.44788
G1 X120.084 Y123.494 E75.46599
G1 X120.63 Y123.546 E75.48423
G1 X121.183 Y123.704 E75.50336
G1 X121.682 Y123.951 E75.52188
G1 X122.132 Y124.293 E75.54068
G1 X122.512 Y124.706 E75.55935
G1 X122.804 Y125.174 E75.57769
G1 X123.007 Y125.707 E75.59666
G1 X123.108 Y126.243 E75.6148
G1 X123.108 Y126.817 E75.63389
G1 X123.006 Y127.357 E75.65217
G1 X122.804 Y127.89 E75.67113
G1 X122.511 Y128.354 E75.68938
G1 X122.128 Y128.775 E75.70831
G1 X121.685 Y129.109 E75.72677
G1 X121.178 Y129.364 E75.74564
G1 X120.631 Y129.522 E75.76458
G1 X120.089 Y129.567 E75.78267
G1 X120.016 Y129.561 E75.7851
G0 F7500 X120.029 Y129.021
G1 F793 X119.545 Y128.972 E75.81265
G1 F789.5 X119.175 Y128.847 E75.83486
G1 F787.2 X118.774 Y128.65 E75.86035
G1 F801.2 X118.403 Y128.381 E75.88603
G1 F807.2 X118.053 Y127.99 E75.91522
G1 F794.1 X117.852 Y127.64 E75.93804
G1 F802.4 X117.713 Y127.328 E75.95716
G1 F806 X117.6 Y126.823 E75.98599
G1 F798.8 X117.598 Y126.253 E76.01803
G1 F794.1 X117.687 Y125.844 E76.04169
G1 F788.3 X117.848 Y125.426 E76.06721
G1 F789.5 X118.049 Y125.075 E76.09021
G1 F797.6 X118.4 Y124.689 E76.11958
G1 F796.5 X118.842 Y124.357 E76.15074
G1 F791.8 X119.179 Y124.212 E76.17155
G1 X119.554 Y124.087 E76.19397
G1 F796.5 X120.084 Y124.031 E76.22401
G1 F797.6 X120.621 Y124.088 E76.25441
G1 F795.3 X120.988 Y124.21 E76.27624
G1 X121.388 Y124.41 E76.30149
G1 F808.4 X121.768 Y124.683 E76.32748
G1 X122.119 Y125.073 E76.35663
G1 F791.8 X122.36 Y125.498 E76.38433
G1 F789.5 X122.482 Y125.855 E76.40579
G1 F801.2 X122.569 Y126.249 E76.4284
G1 F806 X122.572 Y126.81 E76.45966
G1 X122.452 Y127.337 E76.48977
G1 F800 X122.315 Y127.643 E76.50859
G1 F789.5 X122.119 Y127.978 E76.53066
G1 F801.2 X121.766 Y128.378 E76.56056
G1 F802.4 X121.321 Y128.707 E76.59153
G1 F793 X120.987 Y128.853 E76.61217
G1 F791.8 X120.604 Y128.978 E76.63502
G1 F798.8 X120.089 Y129.027 E76.66409
G1 F801.2 X120.029 Y129.021 E76.66747
G0 F7500 X120.041 Y128.487
G1 F1350 X120.089 Y128.493 E76.66908
G1 X120.544 Y128.441 E76.68431
G1 X120.986 Y128.279 E76.69997
G1 X121.39 Y128.002 E76.71626
G1 X121.702 Y127.643 E76.73208
G1 X121.919 Y127.243 E76.74722
G1 X122.031 Y126.796 E76.76255
G1 X122.033 Y126.27 E76.78004
G1 X121.915 Y125.824 E76.79539
G1 X121.71 Y125.43 E76.81016
G1 X121.377 Y125.048 E76.82701
G1 X120.977 Y124.784 E76.84295
G1 X120.555 Y124.623 E76.85798
G1 X120.107 Y124.568 E76.87299
G1 X119.617 Y124.623 E76.88939
G1 X119.154 Y124.8 E76.90587
G1 X118.755 Y125.093 E76.92234
G1 X118.466 Y125.417 E76.93678
G1 X118.252 Y125.829 E76.95222
G1 X118.135 Y126.275 E76.96756
G1 X118.135 Y126.79 E76.98469
G1 X118.248 Y127.235 E76.99996
G1 X118.466 Y127.643 E77.01534
G1 X118.779 Y128.01 E77.03139
G1 X119.195 Y128.276 E77.04781
G1 X119.613 Y128.437 E77.06271
G1 X120.041 Y128.487 E77.07704
G1 F2700 E72.07704
;MESH:NONMESH
G0 F300 X120.041 Y128.487 Z0.6
G0 F7500 X120.069 Y128.23
G0 X119.125 Y127.621
G0 X118.313 Y126.307
G0 X109.491 Y121.543
G0 X108.602 Y121.667
;TIME_ELAPSED:151.812026
;LAYER:2
M106 S170
;TYPE:WALL-INNER
;MESH:megav4.5-pcbfoot.stl(1)
G1 F2700 E77.07704
G1 F1500 X108.247 Y121.659 E77.08885
G1 X107.904 Y121.569 E77.10064
G1 X107.562 Y121.391 E77.11347
G1 X107.265 Y121.129 E77.12664
G1 X107.054 Y120.808 E77.13942
G1 X106.93 Y120.481 E77.15105
G1 X106.87 Y120.076 E77.16467
G1 X106.93 Y119.667 E77.17841
G1 X107.054 Y119.341 E77.19001
G1 X107.264 Y119.021 E77.20275
G1 X107.533 Y118.782 E77.21471
G1 X107.895 Y118.577 E77.22855
G1 X108.28 Y118.481 E77.24175
G1 X108.673 Y118.481 E77.25482
G1 X109.046 Y118.578 E77.26764
G1 X109.362 Y118.742 E77.27948
G1 X109.673 Y119.004 E77.293
G1 X109.898 Y119.34 E77.30645
G1 X110.032 Y119.697 E77.31914
G1 X110.077 Y120.076 E77.33183
G1 X110.022 Y120.481 E77.34542
G1 X109.899 Y120.808 E77.35704
G1 X109.678 Y121.136 E77.3702
G1 X109.391 Y121.391 E77.38297
G1 X109.05 Y121.568 E77.39575
G1 X108.672 Y121.668 E77.40875
G1 X108.602 Y121.667 E77.41108
G1 F2700 E72.41108
G0 F9000 X108.952 Y123.224
G0 X108.742 Y123.456
G1 F2700 E77.41108
G1 F1500 X108.793 Y123.456 E77.41278
G1 X109.404 Y123.344 E77.43344
G1 X109.991 Y123.116 E77.45438
G1 X110.523 Y122.787 E77.47519
G1 X110.982 Y122.366 E77.4959
G1 X111.363 Y121.862 E77.51692
G1 X111.642 Y121.302 E77.53772
G1 X111.815 Y120.693 E77.55878
G1 X111.873 Y120.076 E77.57939
G1 X111.815 Y119.455 E77.60014
G1 X111.642 Y118.846 E77.6212
G1 X111.363 Y118.286 E77.642
G1 X110.983 Y117.783 E77.66297
G1 X110.524 Y117.365 E77.68362
G1 X109.991 Y117.032 E77.70452
G1 X109.403 Y116.808 E77.72545
G1 X108.791 Y116.693 E77.74616
G1 X108.161 Y116.692 E77.76712
G1 X107.548 Y116.808 E77.78787
G1 X106.957 Y117.032 E77.80889
G1 X106.429 Y117.364 E77.82963
G1 X105.968 Y117.784 E77.85037
G1 X105.584 Y118.287 E77.87142
G1 X105.307 Y118.846 E77.89217
G1 X105.134 Y119.454 E77.9132
G1 X105.079 Y120.076 E77.93397
G1 X105.134 Y120.694 E77.9546
G1 X105.307 Y121.302 E77.97563
G1 X105.584 Y121.861 E77.99638
G1 X105.969 Y122.365 E78.01747
G1 X106.429 Y122.788 E78.03826
G1 X106.957 Y123.115 E78.05891
G1 X107.548 Y123.343 E78.07998
G1 X108.159 Y123.456 E78.10065
G1 X108.742 Y123.456 E78.12004
G0 F9000 X108.774 Y123.856
;TYPE:WALL-OUTER
G1 F1500 X108.829 Y123.856 E78.12187
G1 X109.513 Y123.73 E78.145
G1 X110.17 Y123.476 E78.16843
G1 X110.766 Y123.107 E78.19174
G1 X111.279 Y122.636 E78.21491
G1 X111.705 Y122.074 E78.23836
G1 X112.016 Y121.447 E78.26164
G1 X112.21 Y120.767 E78.28516
G1 X112.275 Y120.076 E78.30824
G1 X112.21 Y119.381 E78.33146
G1 X112.016 Y118.701 E78.35498
G1 X111.705 Y118.074 E78.37826
G1 X111.279 Y117.512 E78.40171
G1 X110.766 Y117.045 E78.42479
G1 X110.17 Y116.672 E78.44817
G1 X109.513 Y116.422 E78.47155
G1 X108.829 Y116.293 E78.4947
G1 X108.123 Y116.292 E78.51819
G1 X107.439 Y116.422 E78.54134
G1 X106.778 Y116.672 E78.56485
G1 X106.186 Y117.044 E78.5881
G1 X105.672 Y117.512 E78.61122
G1 X105.243 Y118.075 E78.63476
G1 X104.932 Y118.701 E78.65801
G1 X104.738 Y119.381 E78.68153
G1 X104.677 Y120.076 E78.70474
G1 X104.738 Y120.767 E78.72781
G1 X104.932 Y121.447 E78.75133
G1 X105.243 Y122.073 E78.77458
G1 X105.673 Y122.636 E78.79814
G1 X106.186 Y123.108 E78.82133
G1 X106.778 Y123.475 E78.84449
G1 X107.439 Y123.73 E78.86806
G1 X108.123 Y123.856 E78.89119
G1 X108.774 Y123.856 E78.91284
G1 F2700 E73.91284
G0 F9000 X108.774 Y123.549
G0 X108.571 Y123.256
G0 X108.571 Y121.846
G0 X108.571 Y121.268
G1 F2700 E78.91284
G1 F1500 X108.34 Y121.268 E78.92052
G1 X108.048 Y121.195 E78.93054
G1 X107.802 Y121.066 E78.93977
G1 X107.565 Y120.858 E78.95026
G1 X107.412 Y120.63 E78.95939
G1 X107.315 Y120.371 E78.96859
G1 X107.276 Y120.058 E78.97908
G1 X107.315 Y119.777 E78.98852
G1 X107.412 Y119.519 E78.99769
G1 X107.577 Y119.275 E79.00748
G1 X107.801 Y119.082 E79.01732
G1 X108.049 Y118.953 E79.02662
G1 X108.341 Y118.88 E79.03663
G1 X108.611 Y118.88 E79.04561
G1 X108.904 Y118.952 E79.05564
G1 X109.15 Y119.082 E79.0649
G1 X109.371 Y119.275 E79.07466
G1 X109.54 Y119.518 E79.0845
G1 X109.637 Y119.777 E79.0937
G1 X109.677 Y120.076 E79.10373
G1 X109.637 Y120.371 E79.11363
G1 X109.54 Y120.63 E79.12283
G1 X109.384 Y120.857 E79.13199
G1 X109.15 Y121.067 E79.14245
G1 X108.905 Y121.195 E79.15165
G1 X108.612 Y121.268 E79.16169
G1 X108.571 Y121.268 E79.16305
G1 F2700 E74.16305
G0 F9000 X108.571 Y121.579
G0 X108.701 Y121.847
G0 X108.952 Y123.224
G0 X108.714 Y123.096
;TYPE:SKIN
G1 F2700 E79.16305
G1 F1500 X108.187 Y123.096 E79.18058
G1 X107.647 Y122.994 E79.19886
G1 X107.115 Y122.788 E79.21783
G1 X106.655 Y122.5 E79.23588
G1 X106.232 Y122.116 E79.25489
G1 X105.891 Y121.67 E79.27356
G1 X105.644 Y121.171 E79.29208
G1 X105.486 Y120.619 E79.31117
G1 X105.437 Y120.076 E79.32931
G1 X105.486 Y119.525 E79.34771
G1 X105.644 Y118.973 E79.3668
G1 X105.891 Y118.475 E79.38529
G1 X106.233 Y118.028 E79.40401
G1 X106.642 Y117.652 E79.42249
G1 X107.121 Y117.352 E79.44129
G1 X107.639 Y117.158 E79.45969
G1 X108.191 Y117.052 E79.47838
G1 X108.761 Y117.052 E79.49734
G1 X109.301 Y117.154 E79.51562
G1 X109.826 Y117.353 E79.53429
G1 X110.306 Y117.652 E79.5531
G1 X110.711 Y118.024 E79.57139
G1 X111.053 Y118.474 E79.59019
G1 X111.3 Y118.973 E79.60871
G1 X111.458 Y119.526 E79.62784
G1 X111.511 Y120.076 E79.64621
G1 X111.458 Y120.618 E79.66433
G1 X111.3 Y121.171 E79.68346
G1 X111.052 Y121.67 E79.70199
G1 X110.715 Y122.12 E79.72069
G1 X110.298 Y122.499 E79.73943
G1 X109.834 Y122.788 E79.75761
G1 X109.297 Y122.995 E79.77675
G1 X108.761 Y123.096 E79.7949
G1 X108.714 Y123.096 E79.79646
G0 F9000 X108.672 Y122.559
G1 F881.1 X108.172 Y122.556 E79.82477
G1 F878.5 X107.798 Y122.469 E79.84658
G1 F875.9 X107.358 Y122.299 E79.87345
G1 F890.2 X107.029 Y122.114 E79.8946
G1 F903.6 X106.612 Y121.741 E79.92549
G1 F888.9 X106.352 Y121.383 E79.95032
G1 F875.9 X106.152 Y120.976 E79.97615
G1 F877.2 X106.027 Y120.598 E79.9988
G1 F883.7 X105.975 Y120.076 E80.02841
G1 X106.027 Y119.536 E80.05904
G1 F875.9 X106.152 Y119.164 E80.08139
G1 F874.6 X106.354 Y118.762 E80.10706
G1 F888.9 X106.626 Y118.385 E80.13315
G1 F894.2 X107.01 Y118.041 E80.16191
G1 F882.4 X107.36 Y117.84 E80.18473
G1 F890.2 X107.687 Y117.698 E80.20471
G1 F895.5 X108.178 Y117.588 E80.23275
G1 F890.2 X108.755 Y117.586 E80.26508
G1 F885 X109.25 Y117.699 E80.29371
G1 F879.8 X109.581 Y117.84 E80.31411
G1 F891.5 X109.92 Y118.029 E80.33583
G1 F895.5 X110.349 Y118.415 E80.36798
G1 F885 X110.639 Y118.827 E80.39638
G1 F879.8 X110.789 Y119.163 E80.41725
G1 X110.915 Y119.542 E80.4399
G1 F885 X110.969 Y120.076 E80.47016
G1 F887.6 X110.915 Y120.604 E80.49999
G1 F885 X110.794 Y120.972 E80.52183
G1 X110.65 Y121.299 E80.54197
G1 F896.9 X110.331 Y121.745 E80.57248
G1 F895.5 X109.922 Y122.11 E80.60302
G1 F877.2 X109.59 Y122.3 E80.62477
G1 F875.9 X109.146 Y122.47 E80.65185
G1 F881.1 X108.754 Y122.56 E80.67463
G1 F883.7 X108.672 Y122.559 E80.67926
G0 F9000 X108.63 Y122.021
G1 F1500 X108.734 Y122.021 E80.68272
G1 X109.181 Y121.903 E80.69809
G1 X109.586 Y121.694 E80.71325
G1 X109.942 Y121.382 E80.72899
G1 X110.22 Y120.97 E80.74553
G1 X110.381 Y120.539 E80.76083
G1 X110.436 Y120.076 E80.77634
G1 X110.381 Y119.608 E80.79201
G1 X110.22 Y119.178 E80.80728
G1 X109.95 Y118.774 E80.82344
G1 X109.583 Y118.449 E80.83975
G1 X109.175 Y118.24 E80.85499
G1 X108.729 Y118.123 E80.87033
G1 X108.214 Y118.123 E80.88746
G1 X107.769 Y118.236 E80.90273
G1 X107.361 Y118.454 E80.91812
G1 X106.989 Y118.778 E80.93452
G1 X106.728 Y119.183 E80.95055
G1 X106.567 Y119.601 E80.96545
G1 X106.516 Y120.058 E80.98074
G1 X106.567 Y120.54 E80.99686
G1 X106.728 Y120.97 E81.01213
G1 X106.981 Y121.354 E81.02743
G1 X107.361 Y121.69 E81.0443
G1 X107.775 Y121.903 E81.05978
G1 X108.215 Y122.021 E81.07494
G1 X108.63 Y122.021 E81.08874
G1 F2700 E76.08874
;MESH:megav4.5-pcbfoot.stl
G0 F9000 X108.63 Y121.766
G0 X110.061 Y120.888
G0 X115.347 Y120.346
G0 X117.5 Y120.88
;TYPE:WALL-INNER
G1 F2700 E81.08874
G1 F1500 X117.817 Y120.88 E81.09928
G1 X118.428 Y120.768 E81.11994
G1 X119.014 Y120.54 E81.14086
G1 X119.544 Y120.211 E81.1616
G1 X120.006 Y119.789 E81.18242
G1 X120.387 Y119.286 E81.2034
G1 X120.666 Y118.726 E81.22421
G1 X120.839 Y118.117 E81.24527
G1 X120.897 Y117.5 E81.26588
G1 X120.839 Y116.879 E81.28663
G1 X120.666 Y116.27 E81.30768
G1 X120.387 Y115.71 E81.32849
G1 X120.007 Y115.207 E81.34946
G1 X119.544 Y114.789 E81.37021
G1 X119.014 Y114.456 E81.39102
G1 X118.427 Y114.232 E81.41192
G1 X117.815 Y114.117 E81.43263
G1 X117.185 Y114.116 E81.45359
G1 X116.572 Y114.232 E81.47434
G1 X115.981 Y114.457 E81.49537
G1 X115.452 Y114.789 E81.51614
G1 X114.989 Y115.208 E81.53691
G1 X114.609 Y115.71 E81.55785
G1 X114.33 Y116.27 E81.57866
G1 X114.157 Y116.879 E81.59972
G1 X114.099 Y117.5 E81.62046
G1 X114.157 Y118.117 E81.64108
G1 X114.33 Y118.726 E81.66213
G1 X114.609 Y119.286 E81.68294
G1 X114.99 Y119.789 E81.70393
G1 X115.452 Y120.211 E81.72474
G1 X115.981 Y120.54 E81.74546
G1 X116.572 Y120.767 E81.76652
G1 X117.183 Y120.88 E81.78718
G1 X117.5 Y120.88 E81.79773
G1 F2700 E76.79773
G0 F9000 X117.5 Y119.27
G0 X117.5 Y119.091
G1 F2700 E81.79773
G1 F1500 X117.298 Y119.091 E81.80445
G1 X116.928 Y118.993 E81.81718
G1 X116.582 Y118.815 E81.83012
G1 X116.309 Y118.571 E81.8423
G1 X116.085 Y118.261 E81.85502
G1 X115.95 Y117.905 E81.86768
G1 X115.894 Y117.501 E81.88125
G1 X115.95 Y117.091 E81.89501
G1 X116.086 Y116.733 E81.90775
G1 X116.308 Y116.426 E81.92035
G1 X116.577 Y116.184 E81.93238
G1 X116.925 Y116 E81.94547
G1 X117.299 Y115.905 E81.95831
G1 X117.697 Y115.905 E81.97155
G1 X118.07 Y116.002 E81.98437
G1 X118.387 Y116.167 E81.99625
G1 X118.698 Y116.43 E82.0098
G1 X118.922 Y116.764 E82.02317
G1 X119.059 Y117.128 E82.03611
G1 X119.097 Y117.5 E82.04855
G1 X119.046 Y117.905 E82.06212
G1 X118.923 Y118.232 E82.07374
G1 X118.687 Y118.571 E82.08748
G1 X118.413 Y118.816 E82.09971
G1 X118.074 Y118.992 E82.11241
G1 X117.699 Y119.091 E82.12531
G1 X117.5 Y119.091 E82.13193
G0 F9000 X117.5 Y118.692
;TYPE:WALL-OUTER
G1 F1500 X117.361 Y118.692 E82.13655
G1 X117.051 Y118.61 E82.14722
G1 X116.803 Y118.477 E82.15658
G1 X116.601 Y118.297 E82.16558
G1 X116.432 Y118.054 E82.17542
G1 X116.335 Y117.795 E82.18462
G1 X116.3 Y117.519 E82.19387
G1 X116.335 Y117.201 E82.20451
G1 X116.432 Y116.943 E82.21368
G1 X116.588 Y116.715 E82.22287
G1 X116.821 Y116.506 E82.23328
G1 X117.093 Y116.37 E82.2434
G1 X117.361 Y116.304 E82.25258
G1 X117.635 Y116.304 E82.26169
G1 X117.928 Y116.376 E82.27172
G1 X118.175 Y116.506 E82.28101
G1 X118.395 Y116.699 E82.29074
G1 X118.564 Y116.942 E82.30059
G1 X118.661 Y117.201 E82.30978
G1 X118.697 Y117.5 E82.3198
G1 X118.661 Y117.795 E82.32969
G1 X118.564 Y118.054 E82.33888
G1 X118.395 Y118.297 E82.34873
G1 X118.193 Y118.477 E82.35773
G1 X117.929 Y118.619 E82.3677
G1 X117.636 Y118.692 E82.37774
G1 X117.5 Y118.692 E82.38227
G1 F2700 E77.38227
G0 F9000 X117.5 Y119.003
G0 X117.5 Y119.27
G0 X117.5 Y120.68
G0 X117.5 Y121.28
G1 F2700 E82.38227
G1 F1500 X117.853 Y121.28 E82.39401
G1 X118.537 Y121.154 E82.41714
G1 X119.194 Y120.9 E82.44057
G1 X119.786 Y120.531 E82.46377
G1 X120.303 Y120.06 E82.48703
G1 X120.729 Y119.498 E82.51049
G1 X121.04 Y118.871 E82.53376
G1 X121.234 Y118.191 E82.55728
G1 X121.299 Y117.5 E82.58037
G1 X121.234 Y116.805 E82.60358
G1 X121.04 Y116.125 E82.6271
G1 X120.729 Y115.498 E82.65038
G1 X120.303 Y114.936 E82.67384
G1 X119.786 Y114.469 E82.69701
G1 X119.194 Y114.096 E82.72028
G1 X118.537 Y113.846 E82.74366
G1 X117.853 Y113.717 E82.76681
G1 X117.147 Y113.716 E82.79029
G1 X116.463 Y113.846 E82.81345
G1 X115.802 Y114.097 E82.83697
G1 X115.21 Y114.469 E82.86022
G1 X114.693 Y114.936 E82.8834
G1 X114.267 Y115.498 E82.90685
G1 X113.956 Y116.125 E82.93013
G1 X113.762 Y116.805 E82.95365
G1 X113.697 Y117.5 E82.97687
G1 X113.762 Y118.191 E82.99995
G1 X113.956 Y118.871 E83.02347
G1 X114.267 Y119.498 E83.04675
G1 X114.693 Y120.06 E83.0702
G1 X115.21 Y120.531 E83.09346
G1 X115.802 Y120.9 E83.11667
G1 X116.463 Y121.154 E83.14022
G1 X117.147 Y121.28 E83.16335
G1 X117.5 Y121.28 E83.17509
G1 F2700 E78.17509
G0 F9000 X117.5 Y120.973
G0 X117.5 Y120.68
G0 X117.5 Y119.27
G0 X117.5 Y119.445
;TYPE:SKIN
G1 F2700 E83.17509
G1 F1500 X117.758 Y119.445 E83.18367
G1 X118.205 Y119.327 E83.19905
G1 X118.607 Y119.118 E83.21412
G1 X118.98 Y118.789 E83.23066
G1 X119.248 Y118.39 E83.24665
G1 X119.405 Y117.967 E83.26165
G1 X119.456 Y117.517 E83.27672
G1 X119.404 Y117.025 E83.29317
G1 X119.244 Y116.602 E83.30821
G1 X118.975 Y116.203 E83.32422
G1 X118.624 Y115.886 E83.33995
G1 X118.222 Y115.674 E83.35507
G1 X117.753 Y115.547 E83.37123
G1 X117.235 Y115.547 E83.38846
G1 X116.792 Y115.661 E83.40367
G1 X116.38 Y115.879 E83.41917
G1 X116.054 Y116.166 E83.43362
G1 X115.781 Y116.539 E83.44899
G1 X115.593 Y116.998 E83.46549
G1 X115.532 Y117.48 E83.48165
G1 X115.587 Y117.968 E83.49798
G1 X115.764 Y118.426 E83.51431
G1 X116.045 Y118.817 E83.53033
G1 X116.377 Y119.114 E83.54515
G1 X116.776 Y119.319 E83.56007
G1 X117.239 Y119.445 E83.57602
G1 X117.5 Y119.445 E83.58471
G0 F9000 X117.5 Y119.982
G1 F882.4 X117.197 Y119.98 E83.60184
G1 F878.5 X116.819 Y119.893 E83.62387
G1 F875.9 X116.389 Y119.728 E83.6501
G1 F877.2 X116.036 Y119.527 E83.6732
G1 F886.3 X115.654 Y119.181 E83.70222
G1 F887.6 X115.326 Y118.739 E83.73315
G1 F879.8 X115.171 Y118.396 E83.7545
G1 F878.5 X115.049 Y118.023 E83.77679
G1 F887.6 X114.993 Y117.496 E83.80658
G1 F890.2 X115.047 Y116.962 E83.83666
G1 F885 X115.17 Y116.596 E83.85842
G1 F883.7 X115.325 Y116.252 E83.87973
G1 F894.2 X115.65 Y115.809 E83.91038
G1 X116.046 Y115.458 E83.93991
G1 F882.4 X116.39 Y115.259 E83.96238
G1 F890.2 X116.688 Y115.124 E83.98071
G1 F892.9 X117.194 Y115.012 E84.00967
G1 F888.9 X117.78 Y115.01 E84.04256
G1 F886.3 X118.176 Y115.097 E84.06538
G1 F882.4 X118.595 Y115.258 E84.09076
G1 F892.9 X118.956 Y115.466 E84.11404
G1 F894.2 X119.374 Y115.843 E84.14545
G1 F882.4 X119.612 Y116.183 E84.16892
G1 F878.5 X119.813 Y116.588 E84.19459
G1 F882.4 X119.944 Y116.986 E84.21828
G1 F887.6 X119.993 Y117.496 E84.24708
G1 F898.2 X119.938 Y118.032 E84.27701
G1 F911.9 X119.775 Y118.527 E84.30553
G1 F902.3 X119.614 Y118.81 E84.32353
G1 F896.9 X119.352 Y119.173 E84.34843
G1 F898.2 X118.943 Y119.533 E84.3787
G1 F885 X118.611 Y119.723 E84.40026
G1 F879.8 X118.165 Y119.895 E84.42737
G1 F881.1 X117.777 Y119.984 E84.44991
G1 F885 X117.5 Y119.982 E84.46553
G0 F9000 X117.5 Y120.52
G1 F1500 X117.211 Y120.52 E84.47514
G1 X116.671 Y120.418 E84.49342
G1 X116.142 Y120.216 E84.51225
G1 X115.67 Y119.92 E84.53078
G1 X115.257 Y119.544 E84.54936
G1 X114.916 Y119.094 E84.56814
G1 X114.668 Y118.595 E84.58667
G1 X114.51 Y118.042 E84.6058
G1 X114.458 Y117.496 E84.62404
G1 X114.51 Y116.95 E84.64228
G1 X114.668 Y116.397 E84.66141
G1 X114.915 Y115.902 E84.67981
G1 X115.257 Y115.448 E84.69872
G1 X115.666 Y115.08 E84.71702
G1 X116.146 Y114.776 E84.73591
G1 X116.671 Y114.578 E84.75458
G1 X117.215 Y114.476 E84.77298
G1 X117.785 Y114.476 E84.79194
G1 X118.325 Y114.578 E84.81022
G1 X118.845 Y114.776 E84.82873
G1 X119.326 Y115.08 E84.84765
G1 X119.74 Y115.452 E84.86616
G1 X120.077 Y115.898 E84.88476
G1 X120.324 Y116.397 E84.90328
G1 X120.482 Y116.95 E84.9224
G1 X120.535 Y117.496 E84.94065
G1 X120.482 Y118.042 E84.9589
G1 X120.324 Y118.595 E84.97802
G1 X120.077 Y119.094 E84.99654
G1 X119.735 Y119.544 E85.01534
G1 X119.322 Y119.919 E85.0339
G1 X118.854 Y120.212 E85.05226
G1 X118.321 Y120.419 E85.07128
G1 X117.785 Y120.52 E85.08942
G1 X117.5 Y120.52 E85.0989
G1 F2700 E80.0989
;MESH:megav4.5-pcbfoot.stl(2)
G0 F9000 X117.5 Y120.78
G0 X118.383 Y120.613
G0 X118.836 Y120.437
G0 X120.533 Y119.381
G0 X121.513 Y119.867
G0 X124.356 Y119.041
G0 X126.266 Y118.296
;TYPE:WALL-INNER
G1 F2700 E85.0989
G1 F1500 X126.835 Y118.296 E85.11782
G1 X127.446 Y118.18 E85.13851
G1 X128.034 Y117.952 E85.15948
G1 X128.564 Y117.623 E85.18023
G1 X129.026 Y117.201 E85.20104
G1 X129.407 Y116.698 E85.22203
G1 X129.686 Y116.138 E85.24284
G1 X129.859 Y115.529 E85.2639
G1 X129.917 Y114.912 E85.28451
G1 X129.859 Y114.292 E85.30522
G1 X129.686 Y113.686 E85.32618
G1 X129.407 Y113.121 E85.34714
G1 X129.027 Y112.619 E85.36808
G1 X128.565 Y112.201 E85.3888
G1 X128.034 Y111.872 E85.40958
G1 X127.446 Y111.644 E85.43056
G1 X126.835 Y111.529 E85.45123
G1 X126.205 Y111.528 E85.47219
G1 X125.593 Y111.644 E85.49291
G1 X125.001 Y111.872 E85.51401
G1 X124.471 Y112.201 E85.53475
G1 X124.009 Y112.62 E85.5555
G1 X123.63 Y113.122 E85.57642
G1 X123.35 Y113.686 E85.59736
G1 X123.177 Y114.292 E85.61832
G1 X123.119 Y114.912 E85.63903
G1 X123.176 Y115.529 E85.65964
G1 X123.35 Y116.138 E85.68071
G1 X123.629 Y116.698 E85.70152
G1 X124.01 Y117.202 E85.72253
G1 X124.472 Y117.623 E85.74332
G1 X125.001 Y117.952 E85.76404
G1 X125.593 Y118.18 E85.78514
G1 X126.205 Y118.296 E85.80586
G1 X126.266 Y118.296 E85.80789
G1 F2700 E80.80789
G0 F9000 X126.401 Y116.682
G0 X126.401 Y116.503
G1 F2700 E85.80789
G1 F1500 X126.318 Y116.503 E85.81065
G1 X125.948 Y116.405 E85.82338
G1 X125.6 Y116.231 E85.83632
G1 X125.307 Y115.966 E85.84946
G1 X125.094 Y115.644 E85.8623
G1 X124.97 Y115.321 E85.87381
G1 X124.914 Y114.913 E85.8875
G1 X124.971 Y114.502 E85.90131
G1 X125.093 Y114.182 E85.9127
G1 X125.328 Y113.838 E85.92655
G1 X125.602 Y113.593 E85.93878
G1 X125.948 Y113.416 E85.9517
G1 X126.319 Y113.321 E85.96444
G1 X126.725 Y113.321 E85.97795
G1 X127.093 Y113.416 E85.99059
G1 X127.436 Y113.594 E86.00344
G1 X127.722 Y113.847 E86.01614
G1 X127.943 Y114.181 E86.02946
G1 X128.079 Y114.538 E86.04217
G1 X128.117 Y114.912 E86.05467
G1 X128.078 Y115.29 E86.06731
G1 X127.943 Y115.644 E86.07991
G1 X127.708 Y115.986 E86.09371
G1 X127.428 Y116.238 E86.10624
G1 X127.094 Y116.404 E86.11865
G1 X126.722 Y116.502 E86.13144
G1 X126.401 Y116.503 E86.14212
G0 F9000 X126.431 Y116.104
;TYPE:WALL-OUTER
G1 F1500 X126.381 Y116.104 E86.14378
G1 X126.092 Y116.031 E86.15369
G1 X125.842 Y115.906 E86.16299
G1 X125.621 Y115.713 E86.17275
G1 X125.452 Y115.466 E86.1827
G1 X125.355 Y115.211 E86.19178
G1 X125.32 Y114.931 E86.20116
G1 X125.355 Y114.612 E86.21184
G1 X125.452 Y114.359 E86.22085
G1 X125.608 Y114.127 E86.23015
G1 X125.822 Y113.931 E86.2398
G1 X126.092 Y113.789 E86.24995
G1 X126.381 Y113.72 E86.25983
G1 X126.655 Y113.72 E86.26894
G1 X126.949 Y113.789 E86.27899
G1 X127.214 Y113.931 E86.28899
G1 X127.415 Y114.111 E86.29796
G1 X127.584 Y114.359 E86.30794
G1 X127.681 Y114.612 E86.31695
G1 X127.717 Y114.912 E86.327
G1 X127.681 Y115.211 E86.33702
G1 X127.584 Y115.466 E86.34609
G1 X127.415 Y115.713 E86.35605
G1 X127.213 Y115.893 E86.36505
G1 X126.949 Y116.031 E86.37495
G1 X126.655 Y116.104 E86.38503
G1 X126.431 Y116.104 E86.39248
G1 F2700 E81.39248
G0 F9000 X126.431 Y116.416
G0 X126.29 Y116.683
G0 X126.025 Y118.078
G0 X126.236 Y118.696
G1 F2700 E86.39248
G1 F1500 X126.873 Y118.696 E86.41367
G1 X127.556 Y118.566 E86.43679
G1 X128.214 Y118.312 E86.46025
G1 X128.806 Y117.943 E86.48345
G1 X129.323 Y117.472 E86.50671
G1 X129.749 Y116.91 E86.53017
G1 X130.06 Y116.283 E86.55345
G1 X130.254 Y115.603 E86.57697
G1 X130.319 Y114.912 E86.60005
G1 X130.254 Y114.218 E86.62323
G1 X130.06 Y113.541 E86.64666
G1 X129.749 Y112.91 E86.67006
G1 X129.323 Y112.348 E86.69351
G1 X128.807 Y111.881 E86.71666
G1 X128.214 Y111.512 E86.73989
G1 X127.556 Y111.258 E86.76335
G1 X126.873 Y111.129 E86.78647
G1 X126.167 Y111.128 E86.80995
G1 X125.483 Y111.258 E86.83311
G1 X124.822 Y111.512 E86.85666
G1 X124.229 Y111.881 E86.87989
G1 X123.713 Y112.348 E86.90303
G1 X123.288 Y112.91 E86.92647
G1 X122.976 Y113.541 E86.94988
G1 X122.782 Y114.218 E86.97331
G1 X122.717 Y114.912 E86.99649
G1 X122.782 Y115.603 E87.01957
G1 X122.976 Y116.283 E87.04309
G1 X123.287 Y116.91 E87.06637
G1 X123.713 Y117.472 E87.08983
G1 X124.23 Y117.943 E87.11309
G1 X124.822 Y118.312 E87.13629
G1 X125.483 Y118.566 E87.15984
G1 X126.167 Y118.696 E87.183
G1 X126.236 Y118.696 E87.18529
G1 F2700 E82.18529
G0 F9000 X126.236 Y118.386
G0 X126.374 Y118.096
G0 X126.374 Y116.682
G0 X126.374 Y116.857
;TYPE:SKIN
G1 F2700 E87.18529
G1 F1500 X126.775 Y116.857 E87.19863
G1 X127.221 Y116.739 E87.21398
G1 X127.631 Y116.531 E87.22927
G1 X127.983 Y116.225 E87.24478
G1 X128.264 Y115.806 E87.26156
G1 X128.424 Y115.388 E87.27645
G1 X128.476 Y114.912 E87.29237
G1 X128.429 Y114.448 E87.30788
G1 X128.264 Y114.019 E87.32317
G1 X127.979 Y113.59 E87.3403
G1 X127.63 Y113.29 E87.35561
G1 X127.221 Y113.081 E87.37089
G1 X126.781 Y112.963 E87.38604
G1 X126.255 Y112.963 E87.40353
G1 X125.841 Y113.07 E87.41775
G1 X125.401 Y113.29 E87.43412
G1 X125.044 Y113.604 E87.44993
G1 X124.773 Y114.006 E87.46605
G1 X124.607 Y114.433 E87.48129
G1 X124.552 Y114.893 E87.4967
G1 X124.607 Y115.387 E87.51323
G1 X124.761 Y115.785 E87.52743
G1 X125.02 Y116.185 E87.54328
G1 X125.401 Y116.53 E87.56037
G1 X125.836 Y116.746 E87.57652
G1 X126.254 Y116.857 E87.59091
G1 X126.374 Y116.857 E87.5949
G0 F9000 X126.333 Y117.397
G1 F882.4 X126.24 Y117.398 E87.60016
G1 X125.743 Y117.286 E87.62897
G1 F878.5 X125.405 Y117.14 E87.64988
G1 F879.8 X125.064 Y116.944 E87.67218
G1 F888.9 X124.642 Y116.569 E87.70387
G1 F890.2 X124.348 Y116.153 E87.73241
G1 F885 X124.189 Y115.805 E87.75398
G1 X124.07 Y115.445 E87.77536
G1 F887.6 X124.015 Y114.908 E87.8057
G1 X124.069 Y114.371 E87.83604
G1 F885 X124.19 Y114.008 E87.85761
G1 F895.5 X124.34 Y113.671 E87.87816
G1 F903.6 X124.671 Y113.222 E87.90896
G1 F890.2 X125.064 Y112.873 E87.93841
G1 F877.2 X125.41 Y112.676 E87.96106
G1 F874.6 X125.746 Y112.531 E87.98193
G1 F879.8 X126.218 Y112.426 E88.00935
G1 F885 X126.802 Y112.424 E88.04228
G1 F883.7 X127.186 Y112.51 E88.0645
G1 F878.5 X127.634 Y112.683 E88.09177
G1 F881.1 X127.967 Y112.874 E88.11351
G1 F896.9 X128.367 Y113.224 E88.14307
G1 F895.5 X128.633 Y113.594 E88.16846
G1 F883.7 X128.835 Y114.002 E88.19416
G1 F885 X128.961 Y114.38 E88.21663
G1 F887.6 X129.013 Y114.908 E88.24645
G1 F898.2 X128.96 Y115.436 E88.27592
G1 F892.9 X128.834 Y115.813 E88.29814
G1 F882.4 X128.633 Y116.221 E88.32385
G1 F896.9 X128.371 Y116.588 E88.34894
G1 F899.6 X127.962 Y116.948 E88.37916
G1 F883.7 X127.634 Y117.134 E88.40044
G1 F878.5 X127.184 Y117.307 E88.42782
G1 F877.2 X126.811 Y117.393 E88.44959
G1 F878.5 X126.333 Y117.397 E88.47674
G0 F9000 X126.293 Y117.936
G1 F1500 X126.237 Y117.936 E88.4786
G1 X125.691 Y117.83 E88.4971
G1 X125.158 Y117.628 E88.51606
G1 X124.69 Y117.332 E88.53448
G1 X124.277 Y116.96 E88.55297
G1 X123.935 Y116.506 E88.57187
G1 X123.684 Y116.003 E88.59057
G1 X123.53 Y115.455 E88.6095
G1 X123.478 Y114.912 E88.62764
G1 X123.53 Y114.366 E88.64589
G1 X123.688 Y113.809 E88.66514
G1 X123.935 Y113.314 E88.68354
G1 X124.277 Y112.86 E88.70245
G1 X124.689 Y112.489 E88.72089
G1 X125.162 Y112.192 E88.73946
G1 X125.691 Y111.989 E88.75831
G1 X126.235 Y111.888 E88.77671
G1 X126.805 Y111.888 E88.79567
G1 X127.341 Y111.989 E88.81381
G1 X127.874 Y112.196 E88.83283
G1 X128.343 Y112.489 E88.85122
G1 X128.76 Y112.864 E88.86988
G1 X129.096 Y113.31 E88.88845
G1 X129.344 Y113.813 E88.9071
G1 X129.502 Y114.366 E88.92623
G1 X129.555 Y114.912 E88.94448
G1 X129.502 Y115.454 E88.96259
G1 X129.344 Y116.007 E88.98172
G1 X129.097 Y116.506 E89.00024
G1 X128.755 Y116.956 E89.01903
G1 X128.342 Y117.331 E89.03759
G1 X127.874 Y117.624 E89.05595
G1 X127.34 Y117.831 E89.075
G1 X126.8 Y117.936 E89.0933
G1 X126.293 Y117.936 E89.11016
G1 F2700 E84.11016
;MESH:megav4.5-pcbfoot.stl(3)
G0 F9000 X126.293 Y118.196
G0 X124.932 Y118.11
G0 X120.9 Y124.947
G0 X120.05 Y128.133
;TYPE:WALL-INNER
G1 F2700 E89.11016
G1 F1500 X119.679 Y128.078 E89.12264
G1 X119.353 Y127.954 E89.13424
G1 X119.033 Y127.744 E89.14697
G1 X118.794 Y127.475 E89.15894
G1 X118.589 Y127.113 E89.17277
G1 X118.493 Y126.728 E89.18597
G1 X118.493 Y126.327 E89.19931
G1 X118.591 Y125.962 E89.21188
G1 X118.768 Y125.619 E89.22471
G1 X119.014 Y125.345 E89.23696
G1 X119.322 Y125.121 E89.24963
G1 X119.679 Y124.986 E89.26232
G1 X120.088 Y124.931 E89.27605
G1 X120.464 Y124.975 E89.28864
G1 X120.82 Y125.109 E89.30129
G1 X121.148 Y125.33 E89.31445
G1 X121.403 Y125.617 E89.32722
G1 X121.58 Y125.958 E89.33999
G1 X121.679 Y126.333 E89.35289
G1 X121.679 Y126.731 E89.36613
G1 X121.58 Y127.104 E89.37897
G1 X121.403 Y127.445 E89.39175
G1 X121.159 Y127.722 E89.40402
G1 X120.835 Y127.952 E89.41724
G1 X120.493 Y128.077 E89.42935
G1 X120.093 Y128.139 E89.44281
G1 X120.05 Y128.133 E89.44426
G1 F2700 E84.44426
G0 F9000 X119.961 Y129.736
G0 X120.007 Y129.922
G1 F2700 E89.44426
G1 F1500 X120.088 Y129.929 E89.44696
G1 X120.706 Y129.875 E89.46759
G1 X121.314 Y129.702 E89.48862
G1 X121.873 Y129.424 E89.50938
G1 X122.377 Y129.039 E89.53048
G1 X122.8 Y128.579 E89.55126
G1 X123.128 Y128.051 E89.57194
G1 X123.355 Y127.46 E89.59299
G1 X123.468 Y126.849 E89.61366
G1 X123.468 Y126.215 E89.63475
G1 X123.355 Y125.604 E89.65541
G1 X123.128 Y125.017 E89.67635
G1 X122.799 Y124.484 E89.69718
G1 X122.378 Y124.026 E89.71787
G1 X121.874 Y123.645 E89.73888
G1 X121.314 Y123.366 E89.75969
G1 X120.705 Y123.193 E89.78075
G1 X120.088 Y123.135 E89.80136
G1 X119.467 Y123.193 E89.82211
G1 X118.858 Y123.366 E89.84316
G1 X118.298 Y123.645 E89.86397
G1 X117.795 Y124.025 E89.88494
G1 X117.377 Y124.484 E89.90559
G1 X117.044 Y125.017 E89.92649
G1 X116.82 Y125.605 E89.94742
G1 X116.704 Y126.217 E89.96814
G1 X116.704 Y126.847 E89.98909
G1 X116.82 Y127.46 E90.00984
G1 X117.044 Y128.051 E90.03086
G1 X117.376 Y128.579 E90.05161
G1 X117.796 Y129.04 E90.07235
G1 X118.299 Y129.424 E90.0934
G1 X118.858 Y129.701 E90.11415
G1 X119.466 Y129.874 E90.13517
G1 X120.007 Y129.922 E90.15324
G0 F9000 X119.998 Y130.323
;TYPE:WALL-OUTER
G1 F1503.8 X120.088 Y130.331 E90.15623
G1 F1500 X120.779 Y130.27 E90.17931
G1 X121.459 Y130.076 E90.20283
G1 X122.085 Y129.765 E90.22607
G1 X122.648 Y129.335 E90.24964
G1 X123.12 Y128.822 E90.27282
G1 X123.488 Y128.23 E90.29601
G1 X123.742 Y127.569 E90.31956
G1 X123.868 Y126.885 E90.34269
G1 X123.868 Y126.179 E90.36617
G1 X123.742 Y125.495 E90.38931
G1 X123.488 Y124.838 E90.41273
G1 X123.119 Y124.242 E90.43605
G1 X122.648 Y123.729 E90.45921
G1 X122.086 Y123.303 E90.48267
G1 X121.459 Y122.992 E90.50595
G1 X120.779 Y122.798 E90.52947
G1 X120.088 Y122.733 E90.55255
G1 X119.393 Y122.798 E90.57577
G1 X118.713 Y122.992 E90.59929
G1 X118.086 Y123.303 E90.62256
G1 X117.524 Y123.729 E90.64602
G1 X117.057 Y124.242 E90.66909
G1 X116.684 Y124.838 E90.69248
G1 X116.434 Y125.495 E90.71586
G1 X116.304 Y126.179 E90.73902
G1 X116.304 Y126.885 E90.7625
G1 X116.434 Y127.569 E90.78565
G1 X116.684 Y128.23 E90.80916
G1 X117.056 Y128.822 E90.83241
G1 X117.524 Y129.336 E90.85553
G1 X118.087 Y129.765 E90.87908
G1 X118.713 Y130.076 E90.90233
G1 X119.393 Y130.27 E90.92584
G1 F1503.8 X119.998 Y130.323 E90.94599
G1 F2700 E85.94599
G0 F9000 X120.027 Y130.017
G0 X119.87 Y129.728
G0 X120.028 Y128.307
G0 X120.059 Y127.731
G1 F2700 E90.94599
G1 F1500 X119.789 Y127.693 E90.95506
G1 X119.531 Y127.596 E90.96423
G1 X119.287 Y127.431 E90.97403
G1 X119.094 Y127.207 E90.98386
G1 X118.965 Y126.959 E90.99316
G1 X118.892 Y126.667 E91.00317
G1 X118.892 Y126.397 E91.01215
G1 X118.965 Y126.104 E91.02219
G1 X119.094 Y125.858 E91.03143
G1 X119.287 Y125.637 E91.04119
G1 X119.53 Y125.468 E91.05104
G1 X119.789 Y125.371 E91.06023
G1 X120.088 Y125.331 E91.07027
G1 X120.357 Y125.365 E91.07929
G1 X120.642 Y125.468 E91.08936
G1 X120.869 Y125.624 E91.09853
G1 X121.079 Y125.858 E91.10898
G1 X121.207 Y126.103 E91.11818
G1 X121.28 Y126.396 E91.12822
G1 X121.28 Y126.668 E91.13727
G1 X121.198 Y126.982 E91.14806
G1 X121.078 Y127.206 E91.15651
G1 X120.87 Y127.443 E91.167
G1 X120.642 Y127.595 E91.17611
G1 X120.383 Y127.693 E91.18532
G1 X120.07 Y127.732 E91.19582
G1 X120.059 Y127.731 E91.19618
G1 F2700 E86.19618
G0 F9000 X120.021 Y128.039
G0 X120.088 Y128.312
G0 X119.961 Y129.736
G0 X120.016 Y129.561
;TYPE:SKIN
G1 F2700 E91.19618
G1 F1500 X119.537 Y129.518 E91.21218
G1 X118.985 Y129.36 E91.23128
G1 X118.487 Y129.113 E91.24976
G1 X118.04 Y128.771 E91.26848
G1 X117.664 Y128.362 E91.28696
G1 X117.364 Y127.883 E91.30576
G1 X117.17 Y127.365 E91.32416
G1 X117.064 Y126.813 E91.34285
G1 X117.064 Y126.247 E91.36168
G1 X117.166 Y125.702 E91.38012
G1 X117.364 Y125.178 E91.39875
G1 X117.664 Y124.703 E91.41744
G1 X118.036 Y124.293 E91.43585
G1 X118.486 Y123.951 E91.45465
G1 X118.985 Y123.704 E91.47317
G1 X119.542 Y123.546 E91.49242
G1 X120.084 Y123.494 E91.51053
G1 X120.63 Y123.546 E91.52878
G1 X121.183 Y123.704 E91.54791
G1 X121.682 Y123.951 E91.56642
G1 X122.132 Y124.293 E91.58522
G1 X122.512 Y124.706 E91.60389
G1 X122.804 Y125.174 E91.62224
G1 X123.007 Y125.707 E91.64121
G1 X123.108 Y126.243 E91.65935
G1 X123.108 Y126.817 E91.67844
G1 X123.006 Y127.357 E91.69672
G1 X122.804 Y127.89 E91.71568
G1 X122.511 Y128.354 E91.73393
G1 X122.128 Y128.775 E91.75286
G1 X121.685 Y129.109 E91.77131
G1 X121.178 Y129.364 E91.79019
G1 X120.631 Y129.522 E91.80912
G1 X120.089 Y129.567 E91.82721
G1 X120.016 Y129.561 E91.82965
G0 F9000 X120.029 Y129.021
G1 F881.1 X119.545 Y128.972 E91.85719
G1 F877.2 X119.175 Y128.847 E91.87941
G1 F874.6 X118.774 Y128.65 E91.90489
G1 F890.2 X118.403 Y128.381 E91.93057
G1 F896.9 X118.053 Y127.99 E91.95977
G1 F882.4 X117.852 Y127.64 E91.98259
G1 F891.5 X117.713 Y127.328 E92.0017
G1 F895.5 X117.6 Y126.823 E92.03053
G1 F887.6 X117.598 Y126.253 E92.06257
G1 F882.4 X117.687 Y125.844 E92.08624
G1 F875.9 X117.848 Y125.426 E92.11175
G1 F877.2 X118.049 Y125.075 E92.13475
G1 F886.3 X118.4 Y124.689 E92.16412
G1 F885 X118.842 Y124.357 E92.19529
G1 F879.8 X119.179 Y124.212 E92.21609
G1 X119.554 Y124.087 E92.23851
G1 F885 X120.084 Y124.031 E92.26855
G1 F886.3 X120.621 Y124.088 E92.29895
G1 F883.7 X120.988 Y124.21 E92.32079
G1 X121.388 Y124.41 E92.34604
G1 F898.2 X121.768 Y124.683 E92.37203
G1 X122.119 Y125.073 E92.40117
G1 F879.8 X122.36 Y125.498 E92.42888
G1 F877.2 X122.482 Y125.855 E92.45033
G1 F890.2 X122.569 Y126.249 E92.47295
G1 F895.5 X122.572 Y126.81 E92.5042
G1 X122.452 Y127.337 E92.53431
G1 F888.9 X122.315 Y127.643 E92.55313
G1 F877.2 X122.119 Y127.978 E92.57521
G1 F890.2 X121.766 Y128.378 E92.6051
G1 F891.5 X121.321 Y128.707 E92.63607
G1 F881.1 X120.987 Y128.853 E92.65671
G1 F879.8 X120.604 Y128.978 E92.67956
G1 F887.6 X120.089 Y129.027 E92.70864
G1 F890.2 X120.029 Y129.021 E92.71202
G0 F9000 X120.041 Y128.487
G1 F1500 X120.089 Y128.493 E92.71363
G1 X120.544 Y128.441 E92.72886
G1 X120.986 Y128.279 E92.74452
G1 X121.39 Y128.002 E92.76081
G1 X121.702 Y127.643 E92.77663
G1 X121.919 Y127.243 E92.79176
G1 X122.031 Y126.796 E92.80709
G1 X122.033 Y126.27 E92.82459
G1 X121.915 Y125.824 E92.83993
G1 X121.71 Y125.43 E92.8547
G1 X121.377 Y125.048 E92.87156
G1 X120.977 Y124.784 E92.8875
G1 X120.555 Y124.623 E92.90252
G1 X120.107 Y124.568 E92.91753
G1 X119.617 Y124.623 E92.93393
G1 X119.154 Y124.8 E92.95042
G1 X118.755 Y125.093 E92.96688
G1 X118.466 Y125.417 E92.98132
G1 X118.252 Y125.829 E92.99677
G1 X118.135 Y126.275 E93.0121
G1 X118.135 Y126.79 E93.02923
G1 X118.248 Y127.235 E93.0445
G1 X118.466 Y127.643 E93.05989
G1 X118.779 Y128.01 E93.07593
G1 X119.195 Y128.276 E93.09235
G1 X119.613 Y128.437 E93.10725
G1 X120.041 Y128.487 E93.12158
G1 F2700 E88.12158
;MESH:NONMESH
G0 F300 X120.041 Y128.487 Z0.8
G0 F9000 X120.069 Y128.23
G0 X119.125 Y127.621
G0 X118.313 Y126.307
G0 X109.491 Y121.543
G0 X108.602 Y121.667
;TIME_ELAPSED:181.385701
;LAYER:3
M106 S255
;TYPE:WALL-INNER
;MESH:megav4.5-pcbfoot.stl(1)
G1 F2700 E93.12158
G1 F1500 X108.247 Y121.659 E93.13339
G1 X107.904 Y121.569 E93.14519
G1 X107.562 Y121.391 E93.15801
G1 X107.265 Y121.129 E93.17118
G1 X107.054 Y120.808 E93.18396
G1 X106.93 Y120.481 E93.19559
G1 X106.87 Y120.076 E93.20921
G1 X106.93 Y119.667 E93.22296
G1 X107.054 Y119.341 E93.23456
G1 X107.264 Y119.021 E93.24729
G1 X107.533 Y118.782 E93.25926
G1 X107.895 Y118.577 E93.27309
G1 X108.28 Y118.481 E93.28629
G1 X108.673 Y118.481 E93.29936
G1 X109.046 Y118.578 E93.31218
G1 X109.362 Y118.742 E93.32402
G1 X109.673 Y119.004 E93.33755
G1 X109.898 Y119.34 E93.351
G1 X110.032 Y119.697 E93.36368
G1 X110.077 Y120.076 E93.37637
G1 X110.022 Y120.481 E93.38997
G1 X109.899 Y120.808 E93.40159
G1 X109.678 Y121.136 E93.41474
G1 X109.391 Y121.391 E93.42751
G1 X109.05 Y121.568 E93.44029
G1 X108.672 Y121.668 E93.4533
G1 X108.602 Y121.667 E93.45562
G1 F2700 E88.45562
G0 F9000 X108.952 Y123.224
G0 X108.742 Y123.456
G1 F2700 E93.45562
G1 F1500 X108.793 Y123.456 E93.45732
G1 X109.404 Y123.344 E93.47798
G1 X109.991 Y123.116 E93.49893
G1 X110.523 Y122.787 E93.51973
G1 X110.982 Y122.366 E93.54045
G1 X111.363 Y121.862 E93.56146
G1 X111.642 Y121.302 E93.58227
G1 X111.815 Y120.693 E93.60333
G1 X111.873 Y120.076 E93.62394
G1 X111.815 Y119.455 E93.64468
G1 X111.642 Y118.846 E93.66574
G1 X111.363 Y118.286 E93.68655
G1 X110.983 Y117.783 E93.70752
G1 X110.524 Y117.365 E93.72816
G1 X109.991 Y117.032 E93.74907
G1 X109.403 Y116.808 E93.77
G1 X108.791 Y116.693 E93.79071
G1 X108.161 Y116.692 E93.81166
G1 X107.548 Y116.808 E93.83241
G1 X106.957 Y117.032 E93.85343
G1 X106.429 Y117.364 E93.87418
G1 X105.968 Y117.784 E93.89492
G1 X105.584 Y118.287 E93.91597
G1 X105.307 Y118.846 E93.93672
G1 X105.134 Y119.454 E93.95774
G1 X105.079 Y120.076 E93.97851
G1 X105.134 Y120.694 E93.99915
G1 X105.307 Y121.302 E94.02017
G1 X105.584 Y121.861 E94.04092
G1 X105.969 Y122.365 E94.06202
G1 X106.429 Y122.788 E94.0828
G1 X106.957 Y123.115 E94.10346
G1 X107.548 Y123.343 E94.12453
G1 X108.159 Y123.456 E94.14519
G1 X108.742 Y123.456 E94.16458
G0 F9000 X108.774 Y123.856
;TYPE:WALL-OUTER
G1 F1500 X108.829 Y123.856 E94.16641
G1 X109.513 Y123.73 E94.18954
G1 X110.17 Y123.476 E94.21297
G1 X110.766 Y123.107 E94.23629
G1 X111.279 Y122.636 E94.25945
G1 X111.705 Y122.074 E94.28291
G1 X112.016 Y121.447 E94.30618
G1 X112.21 Y120.767 E94.3297
G1 X112.275 Y120.076 E94.35279
G1 X112.21 Y119.381 E94.376
G1 X112.016 Y118.701 E94.39952
G1 X111.705 Y118.074 E94.4228
G1 X111.279 Y117.512 E94.44626
G1 X110.766 Y117.045 E94.46933
G1 X110.17 Y116.672 E94.49272
G1 X109.513 Y116.422 E94.5161
G1 X108.829 Y116.293 E94.53925
G1 X108.123 Y116.292 E94.56273
G1 X107.439 Y116.422 E94.58589
G1 X106.778 Y116.672 E94.60939
G1 X106.186 Y117.044 E94.63265
G1 X105.672 Y117.512 E94.65577
G1 X105.243 Y118.075 E94.67931
G1 X104.932 Y118.701 E94.70256
G1 X104.738 Y119.381 E94.72608
G1 X104.677 Y120.076 E94.74928
G1 X104.738 Y120.767 E94.77235
G1 X104.932 Y121.447 E94.79587
G1 X105.243 Y122.073 E94.81912
G1 X105.673 Y122.636 E94.84268
G1 X106.186 Y123.108 E94.86587
G1 X106.778 Y123.475 E94.88904
G1 X107.439 Y123.73 E94.9126
G1 X108.123 Y123.856 E94.93573
G1 X108.774 Y123.856 E94.95739
G1 F2700 E89.95739
G0 F9000 X108.774 Y123.549
G0 X108.571 Y123.256
G0 X108.571 Y121.846
G0 X108.571 Y121.268
G1 F2700 E94.95739
G1 F1500 X108.34 Y121.268 E94.96507
G1 X108.048 Y121.195 E94.97508
G1 X107.802 Y121.066 E94.98432
G1 X107.565 Y120.858 E94.99481
G1 X107.412 Y120.63 E95.00394
G1 X107.315 Y120.371 E95.01314
G1 X107.276 Y120.094 E95.02244
G1 X107.315 Y119.777 E95.03306
G1 X107.412 Y119.519 E95.04223
G1 X107.577 Y119.275 E95.05203
G1 X107.801 Y119.082 E95.06186
G1 X108.049 Y118.953 E95.07116
G1 X108.341 Y118.88 E95.08117
G1 X108.611 Y118.88 E95.09015
G1 X108.904 Y118.952 E95.10019
G1 X109.15 Y119.082 E95.10944
G1 X109.371 Y119.275 E95.1192
G1 X109.54 Y119.518 E95.12905
G1 X109.637 Y119.777 E95.13824
G1 X109.677 Y120.076 E95.14828
G1 X109.637 Y120.371 E95.15818
G1 X109.54 Y120.63 E95.16738
G1 X109.384 Y120.857 E95.17654
G1 X109.15 Y121.067 E95.187
G1 X108.905 Y121.195 E95.19619
G1 X108.612 Y121.268 E95.20623
G1 X108.571 Y121.268 E95.2076
G1 F2700 E90.2076
G0 F9000 X108.571 Y121.579
G0 X108.701 Y121.847
G0 X108.952 Y123.224
G0 X108.714 Y123.096
;TYPE:SKIN
G1 F2700 E95.2076
G1 F1500 X108.187 Y123.096 E95.22512
G1 X107.647 Y122.994 E95.2434
G1 X107.115 Y122.788 E95.26238
G1 X106.655 Y122.5 E95.28043
G1 X106.232 Y122.116 E95.29943
G1 X105.891 Y121.67 E95.3181
G1 X105.644 Y121.171 E95.33662
G1 X105.486 Y120.619 E95.35572
G1 X105.437 Y120.076 E95.37385
G1 X105.486 Y119.525 E95.39225
G1 X105.644 Y118.973 E95.41135
G1 X105.891 Y118.475 E95.42984
G1 X106.233 Y118.028 E95.44856
G1 X106.642 Y117.652 E95.46703
G1 X107.121 Y117.352 E95.48583
G1 X107.639 Y117.158 E95.50423
G1 X108.191 Y117.052 E95.52293
G1 X108.761 Y117.052 E95.54188
G1 X109.301 Y117.154 E95.56016
G1 X109.826 Y117.353 E95.57884
G1 X110.306 Y117.652 E95.59764
G1 X110.711 Y118.024 E95.61593
G1 X111.053 Y118.474 E95.63473
G1 X111.3 Y118.973 E95.65325
G1 X111.458 Y119.526 E95.67238
G1 X111.511 Y120.076 E95.69076
G1 X111.458 Y120.618 E95.70887
G1 X111.3 Y121.171 E95.728
G1 X111.052 Y121.67 E95.74653
G1 X110.715 Y122.12 E95.76523
G1 X110.298 Y122.499 E95.78398
G1 X109.834 Y122.788 E95.80216
G1 X109.297 Y122.995 E95.8213
G1 X108.761 Y123.096 E95.83944
G1 X108.714 Y123.096 E95.841
G0 F9000 X108.672 Y122.559
G1 F881.1 X108.172 Y122.556 E95.86932
G1 F878.5 X107.798 Y122.469 E95.89112
G1 F875.9 X107.358 Y122.299 E95.91799
G1 F890.2 X107.029 Y122.114 E95.93914
G1 F903.6 X106.612 Y121.741 E95.97003
G1 F888.9 X106.352 Y121.383 E95.99487
G1 F875.9 X106.152 Y120.976 E96.0207
G1 F877.2 X106.027 Y120.598 E96.04334
G1 F883.7 X105.975 Y120.076 E96.07296
G1 X106.027 Y119.536 E96.10359
G1 F875.9 X106.152 Y119.164 E96.12594
G1 F874.6 X106.354 Y118.762 E96.1516
G1 F888.9 X106.626 Y118.385 E96.17769
G1 F894.2 X107.01 Y118.041 E96.20646
G1 F882.4 X107.36 Y117.84 E96.22928
G1 F890.2 X107.687 Y117.698 E96.24926
G1 F895.5 X108.178 Y117.588 E96.27729
G1 F890.2 X108.755 Y117.586 E96.30963
G1 F885 X109.25 Y117.699 E96.33825
G1 F879.8 X109.581 Y117.84 E96.35865
G1 F891.5 X109.92 Y118.029 E96.38037
G1 F895.5 X110.349 Y118.415 E96.41252
G1 F885 X110.639 Y118.827 E96.44093
G1 F879.8 X110.789 Y119.163 E96.4618
G1 X110.915 Y119.542 E96.48444
G1 F885 X110.969 Y120.076 E96.5147
G1 F887.6 X110.915 Y120.604 E96.54454
G1 F885 X110.794 Y120.972 E96.56638
G1 X110.65 Y121.299 E96.58652
G1 F896.9 X110.331 Y121.745 E96.61702
G1 F895.5 X109.922 Y122.11 E96.64756
G1 F877.2 X109.59 Y122.3 E96.66932
G1 F875.9 X109.146 Y122.47 E96.6964
G1 F881.1 X108.754 Y122.56 E96.71917
G1 F883.7 X108.672 Y122.559 E96.7238
G0 F9000 X108.63 Y122.021
G1 F1500 X108.734 Y122.021 E96.72726
G1 X109.181 Y121.903 E96.74264
G1 X109.586 Y121.694 E96.7578
G1 X109.942 Y121.382 E96.77354
G1 X110.22 Y120.97 E96.79007
G1 X110.381 Y120.539 E96.80537
G1 X110.436 Y120.076 E96.82088
G1 X110.381 Y119.608 E96.83655
G1 X110.22 Y119.178 E96.85183
G1 X109.95 Y118.774 E96.86799
G1 X109.583 Y118.449 E96.88429
G1 X109.175 Y118.24 E96.89954
G1 X108.729 Y118.123 E96.91487
G1 X108.214 Y118.123 E96.932
G1 X107.769 Y118.236 E96.94727
G1 X107.361 Y118.454 E96.96266
G1 X106.989 Y118.778 E96.97907
G1 X106.728 Y119.183 E96.99509
G1 X106.567 Y119.601 E97.00999
G1 X106.516 Y120.058 E97.02529
G1 X106.567 Y120.54 E97.04141
G1 X106.728 Y120.97 E97.05668
G1 X106.981 Y121.354 E97.07197
G1 X107.361 Y121.69 E97.08884
G1 X107.775 Y121.903 E97.10433
G1 X108.215 Y122.021 E97.11948
G1 X108.63 Y122.021 E97.13328
G1 F2700 E92.13328
;MESH:megav4.5-pcbfoot.stl
G0 F9000 X108.63 Y121.766
G0 X110.061 Y120.888
G0 X115.347 Y120.346
G0 X117.5 Y120.88
;TYPE:WALL-INNER
G1 F2700 E97.13328
G1 F1500 X117.817 Y120.88 E97.14383
G1 X118.428 Y120.768 E97.16449
G1 X119.014 Y120.54 E97.1854
G1 X119.544 Y120.211 E97.20615
G1 X120.006 Y119.789 E97.22696
G1 X120.387 Y119.286 E97.24795
G1 X120.666 Y118.726 E97.26876
G1 X120.839 Y118.117 E97.28981
G1 X120.897 Y117.5 E97.31043
G1 X120.839 Y116.879 E97.33117
G1 X120.666 Y116.27 E97.35223
G1 X120.387 Y115.71 E97.37304
G1 X120.007 Y115.207 E97.394
G1 X119.544 Y114.789 E97.41475
G1 X119.014 Y114.456 E97.43557
G1 X118.427 Y114.232 E97.45647
G1 X117.815 Y114.117 E97.47718
G1 X117.185 Y114.116 E97.49813
G1 X116.572 Y114.232 E97.51888
G1 X115.981 Y114.457 E97.53991
G1 X115.452 Y114.789 E97.56069
G1 X114.989 Y115.208 E97.58146
G1 X114.609 Y115.71 E97.6024
G1 X114.33 Y116.27 E97.62321
G1 X114.157 Y116.879 E97.64426
G1 X114.099 Y117.5 E97.66501
G1 X114.157 Y118.117 E97.68562
G1 X114.33 Y118.726 E97.70668
G1 X114.609 Y119.286 E97.72749
G1 X114.99 Y119.789 E97.74847
G1 X115.452 Y120.211 E97.76929
G1 X115.981 Y120.54 E97.79
G1 X116.572 Y120.767 E97.81106
G1 X117.183 Y120.88 E97.83173
G1 X117.5 Y120.88 E97.84227
G1 F2700 E92.84227
G0 F9000 X117.5 Y119.27
G0 X117.5 Y119.091
G1 F2700 E97.84227
G1 F1500 X117.298 Y119.091 E97.84899
G1 X116.928 Y118.993 E97.86172
G1 X116.582 Y118.815 E97.87466
G1 X116.309 Y118.571 E97.88684
G1 X116.085 Y118.261 E97.89956
G1 X115.95 Y117.905 E97.91222
G1 X115.894 Y117.501 E97.92579
G1 X115.95 Y117.091 E97.93955
G1 X116.086 Y116.733 E97.95229
G1 X116.308 Y116.426 E97.96489
G1 X116.577 Y116.184 E97.97693
G1 X116.925 Y116 E97.99002
G1 X117.299 Y115.905 E98.00285
G1 X117.697 Y115.905 E98.01609
G1 X118.07 Y116.002 E98.02891
G1 X118.387 Y116.167 E98.0408
G1 X118.698 Y116.43 E98.05434
G1 X118.922 Y116.764 E98.06772
G1 X119.059 Y117.128 E98.08065
G1 X119.097 Y117.5 E98.09309
G1 X119.046 Y117.905 E98.10667
G1 X118.923 Y118.232 E98.11829
G1 X118.687 Y118.571 E98.13203
G1 X118.413 Y118.816 E98.14425
G1 X118.074 Y118.992 E98.15696
G1 X117.699 Y119.091 E98.16986
G1 X117.5 Y119.091 E98.17647
G0 F9000 X117.5 Y118.692
;TYPE:WALL-OUTER
G1 F1500 X117.361 Y118.692 E98.1811
G1 X117.051 Y118.61 E98.19176
G1 X116.803 Y118.477 E98.20112
G1 X116.601 Y118.297 E98.21012
G1 X116.432 Y118.054 E98.21997
G1 X116.335 Y117.795 E98.22917
G1 X116.3 Y117.481 E98.23967
G1 X116.335 Y117.201 E98.24906
G1 X116.432 Y116.943 E98.25823
G1 X116.588 Y116.715 E98.26741
G1 X116.821 Y116.506 E98.27783
G1 X117.093 Y116.37 E98.28794
G1 X117.361 Y116.304 E98.29712
G1 X117.635 Y116.304 E98.30623
G1 X117.928 Y116.376 E98.31627
G1 X118.175 Y116.506 E98.32555
G1 X118.395 Y116.699 E98.33529
G1 X118.564 Y116.942 E98.34513
G1 X118.661 Y117.201 E98.35433
G1 X118.697 Y117.5 E98.36435
G1 X118.661 Y117.795 E98.37423
G1 X118.564 Y118.054 E98.38343
G1 X118.395 Y118.297 E98.39327
G1 X118.193 Y118.477 E98.40227
G1 X117.929 Y118.619 E98.41224
G1 X117.636 Y118.692 E98.42229
G1 X117.5 Y118.692 E98.42681
G1 F2700 E93.42681
G0 F9000 X117.5 Y119.003
G0 X117.5 Y119.27
G0 X117.5 Y120.68
G0 X117.5 Y121.28
G1 F2700 E98.42681
G1 F1500 X117.853 Y121.28 E98.43855
G1 X118.537 Y121.154 E98.46168
G1 X119.194 Y120.9 E98.48511
G1 X119.786 Y120.531 E98.50831
G1 X120.303 Y120.06 E98.53157
G1 X120.729 Y119.498 E98.55503
G1 X121.04 Y118.871 E98.57831
G1 X121.234 Y118.191 E98.60183
G1 X121.299 Y117.5 E98.62491
G1 X121.234 Y116.805 E98.64813
G1 X121.04 Y116.125 E98.67165
G1 X120.729 Y115.498 E98.69493
G1 X120.303 Y114.936 E98.71838
G1 X119.786 Y114.469 E98.74155
G1 X119.194 Y114.096 E98.76483
G1 X118.537 Y113.846 E98.78821
G1 X117.853 Y113.717 E98.81136
G1 X117.147 Y113.716 E98.83484
G1 X116.463 Y113.846 E98.858
G1 X115.802 Y114.097 E98.88151
G1 X115.21 Y114.469 E98.90477
G1 X114.693 Y114.936 E98.92794
G1 X114.267 Y115.498 E98.9514
G1 X113.956 Y116.125 E98.97467
G1 X113.762 Y116.805 E98.99819
G1 X113.697 Y117.5 E99.02141
G1 X113.762 Y118.191 E99.04449
G1 X113.956 Y118.871 E99.06801
G1 X114.267 Y119.498 E99.09129
G1 X114.693 Y120.06 E99.11475
G1 X115.21 Y120.531 E99.13801
G1 X115.802 Y120.9 E99.16121
G1 X116.463 Y121.154 E99.18476
G1 X117.147 Y121.28 E99.2079
G1 X117.5 Y121.28 E99.21964
G1 F2700 E94.21964
G0 F9000 X117.5 Y120.973
G0 X117.5 Y120.68
G0 X117.5 Y119.27
G0 X117.5 Y119.445
;TYPE:SKIN
G1 F2700 E99.21964
G1 F1500 X117.758 Y119.445 E99.22822
G1 X118.205 Y119.327 E99.24359
G1 X118.607 Y119.118 E99.25866
G1 X118.98 Y118.789 E99.27521
G1 X119.248 Y118.39 E99.29119
G1 X119.405 Y117.967 E99.3062
G1 X119.456 Y117.517 E99.32126
G1 X119.404 Y117.025 E99.33772
G1 X119.244 Y116.602 E99.35276
G1 X118.975 Y116.203 E99.36876
G1 X118.624 Y115.886 E99.38449
G1 X118.222 Y115.674 E99.39961
G1 X117.753 Y115.547 E99.41577
G1 X117.235 Y115.547 E99.433
G1 X116.792 Y115.661 E99.44821
G1 X116.38 Y115.879 E99.46372
G1 X116.054 Y116.166 E99.47816
G1 X115.781 Y116.539 E99.49354
G1 X115.593 Y116.998 E99.51003
G1 X115.532 Y117.48 E99.52619
G1 X115.587 Y117.968 E99.54253
G1 X115.764 Y118.426 E99.55886
G1 X116.045 Y118.817 E99.57487
G1 X116.377 Y119.114 E99.58969
G1 X116.776 Y119.319 E99.60461
G1 X117.239 Y119.445 E99.62057
G1 X117.5 Y119.445 E99.62925
G0 F9000 X117.5 Y119.982
G1 F882.4 X117.197 Y119.98 E99.64638
G1 F878.5 X116.819 Y119.893 E99.66841
G1 F875.9 X116.389 Y119.728 E99.69464
G1 F877.2 X116.036 Y119.527 E99.71775
G1 F886.3 X115.654 Y119.181 E99.74676
G1 F887.6 X115.326 Y118.739 E99.7777
G1 F879.8 X115.171 Y118.396 E99.79904
G1 F878.5 X115.049 Y118.023 E99.82133
G1 F887.6 X114.993 Y117.496 E99.85112
G1 F890.2 X115.047 Y116.962 E99.8812
G1 F885 X115.17 Y116.596 E99.90297
G1 F883.7 X115.325 Y116.252 E99.92427
G1 F894.2 X115.65 Y115.809 E99.95493
G1 X116.046 Y115.458 E99.98445
G1 F882.4 X116.39 Y115.259 E100.00692
G1 F890.2 X116.688 Y115.124 E100.02526
G1 F892.9 X117.194 Y115.012 E100.05421
G1 F888.9 X117.78 Y115.01 E100.0871
G1 F886.3 X118.176 Y115.097 E100.10993
G1 F882.4 X118.595 Y115.258 E100.13531
G1 F892.9 X118.956 Y115.466 E100.15859
G1 F894.2 X119.374 Y115.843 E100.18999
G1 F882.4 X119.612 Y116.183 E100.21346
G1 F878.5 X119.813 Y116.588 E100.23914
G1 F882.4 X119.944 Y116.986 E100.26283
G1 F887.6 X119.993 Y117.496 E100.29163
G1 F898.2 X119.938 Y118.032 E100.32156
G1 F911.9 X119.775 Y118.527 E100.35007
G1 F902.3 X119.614 Y118.81 E100.36807
G1 F896.9 X119.352 Y119.173 E100.39298
G1 F898.2 X118.943 Y119.533 E100.42324
G1 F885 X118.611 Y119.723 E100.44481
G1 F879.8 X118.165 Y119.895 E100.47191
G1 F881.1 X117.777 Y119.984 E100.49445
G1 F885 X117.5 Y119.982 E100.51007
G0 F9000 X117.5 Y120.52
G1 F1500 X117.211 Y120.52 E100.51968
G1 X116.671 Y120.418 E100.53796
G1 X116.142 Y120.216 E100.5568
G1 X115.67 Y119.92 E100.57533
G1 X115.257 Y119.544 E100.5939
G1 X114.916 Y119.094 E100.61268
G1 X114.668 Y118.595 E100.63121
G1 X114.51 Y118.042 E100.65034
G1 X114.458 Y117.496 E100.66859
G1 X114.51 Y116.95 E100.68683
G1 X114.668 Y116.397 E100.70596
G1 X114.915 Y115.902 E100.72436
G1 X115.257 Y115.448 E100.74326
G1 X115.666 Y115.08 E100.76156
G1 X116.146 Y114.776 E100.78046
G1 X116.671 Y114.578 E100.79912
G1 X117.215 Y114.476 E100.81753
G1 X117.785 Y114.476 E100.83649
G1 X118.325 Y114.578 E100.85477
G1 X118.845 Y114.776 E100.87327
G1 X119.326 Y115.08 E100.8922
G1 X119.74 Y115.452 E100.91071
G1 X120.077 Y115.898 E100.9293
G1 X120.324 Y116.397 E100.94782
G1 X120.482 Y116.95 E100.96695
G1 X120.535 Y117.496 E100.98519
G1 X120.482 Y118.042 E101.00344
G1 X120.324 Y118.595 E101.02257
G1 X120.077 Y119.094 E101.04109
G1 X119.735 Y119.544 E101.05989
G1 X119.322 Y119.919 E101.07844
G1 X118.854 Y120.212 E101.09681
G1 X118.321 Y120.419 E101.11582
G1 X117.785 Y120.52 E101.13396
G1 X117.5 Y120.52 E101.14344
G1 F2700 E96.14344
;MESH:megav4.5-pcbfoot.stl(2)
G0 F9000 X117.5 Y120.78
G0 X118.383 Y120.613
G0 X118.836 Y120.437
G0 X120.533 Y119.381
G0 X121.513 Y119.867
G0 X124.356 Y119.041
G0 X126.266 Y118.296
;TYPE:WALL-INNER
G1 F2700 E101.14344
G1 F1500 X126.835 Y118.296 E101.16237
G1 X127.446 Y118.18 E101.18305
G1 X128.034 Y117.952 E101.20403
G1 X128.564 Y117.623 E101.22478
G1 X129.026 Y117.201 E101.24559
G1 X129.407 Y116.698 E101.26658
G1 X129.686 Y116.138 E101.28739
G1 X129.859 Y115.529 E101.30844
G1 X129.917 Y114.912 E101.32905
G1 X129.859 Y114.292 E101.34977
G1 X129.686 Y113.686 E101.37073
G1 X129.407 Y113.121 E101.39168
G1 X129.027 Y112.619 E101.41263
G1 X128.565 Y112.201 E101.43335
G1 X128.034 Y111.872 E101.45412
G1 X127.446 Y111.644 E101.4751
G1 X126.835 Y111.529 E101.49578
G1 X126.205 Y111.528 E101.51673
G1 X125.593 Y111.644 E101.53745
G1 X125.001 Y111.872 E101.55855
G1 X124.471 Y112.201 E101.5793
G1 X124.009 Y112.62 E101.60004
G1 X123.63 Y113.122 E101.62096
G1 X123.35 Y113.686 E101.64191
G1 X123.177 Y114.292 E101.66287
G1 X123.119 Y114.912 E101.68358
G1 X123.176 Y115.529 E101.70419
G1 X123.35 Y116.138 E101.72525
G1 X123.629 Y116.698 E101.74606
G1 X124.01 Y117.202 E101.76708
G1 X124.472 Y117.623 E101.78787
G1 X125.001 Y117.952 E101.80859
G1 X125.593 Y118.18 E101.82969
G1 X126.205 Y118.296 E101.8504
G1 X126.266 Y118.296 E101.85243
G1 F2700 E96.85243
G0 F9000 X126.401 Y116.682
G0 X126.401 Y116.503
G1 F2700 E101.85243
G1 F1500 X126.318 Y116.503 E101.85519
G1 X125.948 Y116.405 E101.86792
G1 X125.6 Y116.231 E101.88086
G1 X125.307 Y115.966 E101.894
G1 X125.094 Y115.644 E101.90684
G1 X124.97 Y115.321 E101.91835
G1 X124.914 Y114.913 E101.93205
G1 X124.971 Y114.502 E101.94585
G1 X125.093 Y114.182 E101.95724
G1 X125.328 Y113.838 E101.9711
G1 X125.602 Y113.593 E101.98332
G1 X125.948 Y113.416 E101.99625
G1 X126.319 Y113.321 E102.00899
G1 X126.725 Y113.321 E102.02249
G1 X127.093 Y113.416 E102.03513
G1 X127.436 Y113.594 E102.04798
G1 X127.722 Y113.847 E102.06068
G1 X127.943 Y114.181 E102.074
G1 X128.079 Y114.538 E102.08671
G1 X128.117 Y114.912 E102.09921
G1 X128.078 Y115.29 E102.11185
G1 X127.943 Y115.644 E102.12445
G1 X127.708 Y115.986 E102.13826
G1 X127.428 Y116.238 E102.15078
G1 X127.094 Y116.404 E102.16319
G1 X126.722 Y116.502 E102.17598
G1 X126.401 Y116.503 E102.18666
G0 F9000 X126.431 Y116.104
;TYPE:WALL-OUTER
G1 F1500 X126.381 Y116.104 E102.18832
G1 X126.092 Y116.031 E102.19824
G1 X125.842 Y115.906 E102.20754
G1 X125.621 Y115.713 E102.21729
G1 X125.452 Y115.466 E102.22725
G1 X125.355 Y115.211 E102.23632
G1 X125.32 Y114.893 E102.24696
G1 X125.355 Y114.612 E102.25638
G1 X125.452 Y114.359 E102.26539
G1 X125.608 Y114.127 E102.27469
G1 X125.822 Y113.931 E102.28434
G1 X126.092 Y113.789 E102.29449
G1 X126.381 Y113.72 E102.30437
G1 X126.655 Y113.72 E102.31349
G1 X126.949 Y113.789 E102.32353
G1 X127.214 Y113.931 E102.33353
G1 X127.415 Y114.111 E102.3425
G1 X127.584 Y114.359 E102.35249
G1 X127.681 Y114.612 E102.3615
G1 X127.717 Y114.912 E102.37155
G1 X127.681 Y115.211 E102.38156
G1 X127.584 Y115.466 E102.39064
G1 X127.415 Y115.713 E102.40059
G1 X127.213 Y115.893 E102.40959
G1 X126.949 Y116.031 E102.4195
G1 X126.655 Y116.104 E102.42957
G1 X126.431 Y116.104 E102.43702
G1 F2700 E97.43702
G0 F9000 X126.431 Y116.416
G0 X126.29 Y116.683
G0 X126.025 Y118.078
G0 X126.236 Y118.696
G1 F2700 E102.43702
G1 F1500 X126.873 Y118.696 E102.45821
G1 X127.556 Y118.566 E102.48134
G1 X128.214 Y118.312 E102.5048
G1 X128.806 Y117.943 E102.528
G1 X129.323 Y117.472 E102.55126
G1 X129.749 Y116.91 E102.57471
G1 X130.06 Y116.283 E102.59799
G1 X130.254 Y115.603 E102.62151
G1 X130.319 Y114.912 E102.6446
G1 X130.254 Y114.218 E102.66778
G1 X130.06 Y113.541 E102.6912
G1 X129.749 Y112.91 E102.7146
G1 X129.323 Y112.348 E102.73806
G1 X128.807 Y111.881 E102.7612
G1 X128.214 Y111.512 E102.78443
G1 X127.556 Y111.258 E102.80789
G1 X126.873 Y111.129 E102.83101
G1 X126.167 Y111.128 E102.85449
G1 X125.483 Y111.258 E102.87765
G1 X124.822 Y111.512 E102.9012
G1 X124.229 Y111.881 E102.92443
G1 X123.713 Y112.348 E102.94758
G1 X123.288 Y112.91 E102.97101
G1 X122.976 Y113.541 E102.99443
G1 X122.782 Y114.218 E103.01785
G1 X122.717 Y114.912 E103.04103
G1 X122.782 Y115.603 E103.06412
G1 X122.976 Y116.283 E103.08764
G1 X123.287 Y116.91 E103.11092
G1 X123.713 Y117.472 E103.13437
G1 X124.23 Y117.943 E103.15763
G1 X124.822 Y118.312 E103.18083
G1 X125.483 Y118.566 E103.20439
G1 X126.167 Y118.696 E103.22754
G1 X126.236 Y118.696 E103.22984
G1 F2700 E98.22984
G0 F9000 X126.236 Y118.386
G0 X126.374 Y118.096
G0 X126.374 Y116.682
G0 X126.374 Y116.857
;TYPE:SKIN
G1 F2700 E103.22984
G1 F1500 X126.775 Y116.857 E103.24318
G1 X127.221 Y116.739 E103.25852
G1 X127.631 Y116.531 E103.27381
G1 X127.983 Y116.225 E103.28932
G1 X128.264 Y115.806 E103.3061
G1 X128.424 Y115.388 E103.32099
G1 X128.476 Y114.912 E103.33692
G1 X128.429 Y114.448 E103.35243
G1 X128.264 Y114.019 E103.36772
G1 X127.979 Y113.59 E103.38485
G1 X127.63 Y113.29 E103.40015
G1 X127.221 Y113.081 E103.41543
G1 X126.781 Y112.963 E103.43058
G1 X126.255 Y112.963 E103.44808
G1 X125.841 Y113.07 E103.4623
G1 X125.401 Y113.29 E103.47866
G1 X125.044 Y113.604 E103.49447
G1 X124.773 Y114.006 E103.5106
G1 X124.607 Y114.433 E103.52584
G1 X124.552 Y114.893 E103.54124
G1 X124.607 Y115.387 E103.55778
G1 X124.761 Y115.785 E103.57197
G1 X125.02 Y116.185 E103.58782
G1 X125.401 Y116.53 E103.60492
G1 X125.836 Y116.746 E103.62107
G1 X126.254 Y116.857 E103.63545
G1 X126.374 Y116.857 E103.63944
G0 F9000 X126.333 Y117.397
G1 F882.4 X126.24 Y117.398 E103.6447
G1 X125.743 Y117.286 E103.67351
G1 F878.5 X125.405 Y117.14 E103.69442
G1 F879.8 X125.064 Y116.944 E103.71672
G1 F888.9 X124.642 Y116.569 E103.74841
G1 F890.2 X124.348 Y116.153 E103.77696
G1 F885 X124.189 Y115.805 E103.79853
G1 X124.07 Y115.445 E103.8199
G1 F887.6 X124.015 Y114.908 E103.85025
G1 X124.069 Y114.371 E103.88058
G1 F885 X124.19 Y114.008 E103.90215
G1 F895.5 X124.34 Y113.671 E103.9227
G1 F903.6 X124.671 Y113.222 E103.9535
G1 F890.2 X125.064 Y112.873 E103.98296
G1 F877.2 X125.41 Y112.676 E104.0056
G1 F874.6 X125.746 Y112.531 E104.02648
G1 F879.8 X126.218 Y112.426 E104.0539
G1 F885 X126.802 Y112.424 E104.08682
G1 F883.7 X127.186 Y112.51 E104.10904
G1 F878.5 X127.634 Y112.683 E104.13631
G1 F881.1 X127.967 Y112.874 E104.15805
G1 F896.9 X128.367 Y113.224 E104.18762
G1 F895.5 X128.633 Y113.594 E104.213
G1 F883.7 X128.835 Y114.002 E104.23871
G1 F885 X128.961 Y114.38 E104.26117
G1 F887.6 X129.013 Y114.908 E104.29099
G1 F898.2 X128.96 Y115.436 E104.32047
G1 F892.9 X128.834 Y115.813 E104.34268
G1 F882.4 X128.633 Y116.221 E104.3684
G1 F896.9 X128.371 Y116.588 E104.39348
G1 F899.6 X127.962 Y116.948 E104.4237
G1 F883.7 X127.634 Y117.134 E104.44499
G1 F878.5 X127.184 Y117.307 E104.47237
G1 F877.2 X126.811 Y117.393 E104.49414
G1 F878.5 X126.333 Y117.397 E104.52129
G0 F9000 X126.293 Y117.936
G1 F1500 X126.237 Y117.936 E104.52315
G1 X125.691 Y117.83 E104.54165
G1 X125.158 Y117.628 E104.56061
G1 X124.69 Y117.332 E104.57902
G1 X124.277 Y116.96 E104.59751
G1 X123.935 Y116.506 E104.61642
G1 X123.684 Y116.003 E104.63511
G1 X123.53 Y115.455 E104.65405
G1 X123.478 Y114.912 E104.67219
G1 X123.53 Y114.366 E104.69043
G1 X123.688 Y113.809 E104.70969
G1 X123.935 Y113.314 E104.72809
G1 X124.277 Y112.86 E104.74699
G1 X124.689 Y112.489 E104.76543
G1 X125.162 Y112.192 E104.78401
G1 X125.691 Y111.989 E104.80285
G1 X126.235 Y111.888 E104.82126
G1 X126.805 Y111.888 E104.84022
G1 X127.341 Y111.989 E104.85836
G1 X127.874 Y112.196 E104.87737
G1 X128.343 Y112.489 E104.89577
G1 X128.76 Y112.864 E104.91442
G1 X129.096 Y113.31 E104.93299
G1 X129.344 Y113.813 E104.95165
G1 X129.502 Y114.366 E104.97077
G1 X129.555 Y114.912 E104.98902
G1 X129.502 Y115.454 E105.00713
G1 X129.344 Y116.007 E105.02626
G1 X129.097 Y116.506 E105.04478
G1 X128.755 Y116.956 E105.06358
G1 X128.342 Y117.331 E105.08213
G1 X127.874 Y117.624 E105.1005
G1 X127.34 Y117.831 E105.11955
G1 X126.8 Y117.936 E105.13784
G1 X126.293 Y117.936 E105.15471
G1 F2700 E100.15471
;MESH:megav4.5-pcbfoot.stl(3)
G0 F9000 X126.293 Y118.196
G0 X124.932 Y118.11
G0 X120.9 Y124.947
G0 X120.05 Y128.133
;TYPE:WALL-INNER
G1 F2700 E105.15471
G1 F1500 X119.679 Y128.078 E105.16718
G1 X119.353 Y127.954 E105.17878
G1 X119.033 Y127.744 E105.19151
G1 X118.794 Y127.475 E105.20348
G1 X118.589 Y127.113 E105.21732
G1 X118.493 Y126.728 E105.23051
G1 X118.493 Y126.327 E105.24385
G1 X118.591 Y125.962 E105.25642
G1 X118.768 Y125.619 E105.26926
G1 X119.014 Y125.345 E105.28151
G1 X119.322 Y125.121 E105.29417
G1 X119.679 Y124.986 E105.30687
G1 X120.088 Y124.931 E105.32059
G1 X120.464 Y124.975 E105.33318
G1 X120.82 Y125.109 E105.34584
G1 X121.148 Y125.33 E105.35899
G1 X121.403 Y125.617 E105.37176
G1 X121.58 Y125.958 E105.38454
G1 X121.679 Y126.333 E105.39744
G1 X121.679 Y126.731 E105.41068
G1 X121.58 Y127.104 E105.42351
G1 X121.403 Y127.445 E105.43629
G1 X121.159 Y127.722 E105.44857
G1 X120.835 Y127.952 E105.46178
G1 X120.493 Y128.077 E105.47389
G1 X120.093 Y128.139 E105.48736
G1 X120.05 Y128.133 E105.4888
G1 F2700 E100.4888
G0 F9000 X119.961 Y129.736
G0 X120.007 Y129.922
G1 F2700 E105.4888
G1 F1500 X120.088 Y129.929 E105.49151
G1 X120.706 Y129.875 E105.51214
G1 X121.314 Y129.702 E105.53316
G1 X121.873 Y129.424 E105.55393
G1 X122.377 Y129.039 E105.57502
G1 X122.8 Y128.579 E105.59581
G1 X123.128 Y128.051 E105.61648
G1 X123.355 Y127.46 E105.63754
G1 X123.468 Y126.849 E105.6582
G1 X123.468 Y126.215 E105.67929
G1 X123.355 Y125.604 E105.69996
G1 X123.128 Y125.017 E105.72089
G1 X122.799 Y124.484 E105.74172
G1 X122.378 Y124.026 E105.76241
G1 X121.874 Y123.645 E105.78343
G1 X121.314 Y123.366 E105.80424
G1 X120.705 Y123.193 E105.82529
G1 X120.088 Y123.135 E105.84591
G1 X119.467 Y123.193 E105.86665
G1 X118.858 Y123.366 E105.88771
G1 X118.298 Y123.645 E105.90852
G1 X117.795 Y124.025 E105.92948
G1 X117.377 Y124.484 E105.95013
G1 X117.044 Y125.017 E105.97104
G1 X116.82 Y125.605 E105.99196
G1 X116.704 Y126.217 E106.01268
G1 X116.704 Y126.847 E106.03364
G1 X116.82 Y127.46 E106.05439
G1 X117.044 Y128.051 E106.07541
G1 X117.376 Y128.579 E106.09615
G1 X117.796 Y129.04 E106.11689
G1 X118.299 Y129.424 E106.13794
G1 X118.858 Y129.701 E106.15869
G1 X119.466 Y129.874 E106.17972
G1 X120.007 Y129.922 E106.19778
G0 F9000 X119.998 Y130.323
;TYPE:WALL-OUTER
G1 F1503.8 X120.088 Y130.331 E106.20078
G1 F1500 X120.779 Y130.27 E106.22385
G1 X121.459 Y130.076 E106.24737
G1 X122.085 Y129.765 E106.27062
G1 X122.648 Y129.335 E106.29418
G1 X123.12 Y128.822 E106.31737
G1 X123.488 Y128.23 E106.34055
G1 X123.742 Y127.569 E106.3641
G1 X123.868 Y126.885 E106.38724
G1 X123.868 Y126.179 E106.41072
G1 X123.742 Y125.495 E106.43385
G1 X123.488 Y124.838 E106.45728
G1 X123.119 Y124.242 E106.48059
G1 X122.648 Y123.729 E106.50376
G1 X122.086 Y123.303 E106.52721
G1 X121.459 Y122.992 E106.55049
G1 X120.779 Y122.798 E106.57401
G1 X120.088 Y122.733 E106.59709
G1 X119.393 Y122.798 E106.62031
G1 X118.713 Y122.992 E106.64383
G1 X118.086 Y123.303 E106.66711
G1 X117.524 Y123.729 E106.69056
G1 X117.057 Y124.242 E106.71364
G1 X116.684 Y124.838 E106.73702
G1 X116.434 Y125.495 E106.7604
G1 X116.304 Y126.179 E106.78356
G1 X116.304 Y126.885 E106.80704
G1 X116.434 Y127.569 E106.8302
G1 X116.684 Y128.23 E106.8537
G1 X117.056 Y128.822 E106.87696
G1 X117.524 Y129.336 E106.90008
G1 X118.087 Y129.765 E106.92362
G1 X118.713 Y130.076 E106.94687
G1 X119.393 Y130.27 E106.97039
G1 F1503.8 X119.998 Y130.323 E106.99054
G1 F2700 E101.99054
G0 F9000 X120.027 Y130.017
G0 X119.87 Y129.728
G0 X120.028 Y128.307
G0 X120.059 Y127.731
G1 F2700 E106.99054
G1 F1500 X119.789 Y127.693 E106.99961
G1 X119.531 Y127.596 E107.00877
G1 X119.287 Y127.431 E107.01857
G1 X119.094 Y127.207 E107.02841
G1 X118.965 Y126.959 E107.0377
G1 X118.892 Y126.667 E107.04771
G1 X118.892 Y126.397 E107.05669
G1 X118.965 Y126.104 E107.06674
G1 X119.094 Y125.858 E107.07598
G1 X119.287 Y125.637 E107.08573
G1 X119.53 Y125.468 E107.09558
G1 X119.789 Y125.371 E107.10478
G1 X120.088 Y125.331 E107.11481
G1 X120.357 Y125.365 E107.12383
G1 X120.642 Y125.468 E107.13391
G1 X120.869 Y125.624 E107.14307
G1 X121.079 Y125.858 E107.15353
G1 X121.207 Y126.103 E107.16272
G1 X121.28 Y126.396 E107.17276
G1 X121.28 Y126.668 E107.18181
G1 X121.198 Y126.982 E107.1926
G1 X121.078 Y127.206 E107.20106
G1 X120.87 Y127.443 E107.21154
G1 X120.642 Y127.595 E107.22066
G1 X120.383 Y127.693 E107.22987
G1 X120.07 Y127.732 E107.24036
G1 X120.059 Y127.731 E107.24073
G1 F2700 E102.24073
G0 F9000 X120.021 Y128.039
G0 X120.088 Y128.312
G0 X119.961 Y129.736
G0 X120.016 Y129.561
;TYPE:SKIN
G1 F2700 E107.24073
G1 F1500 X119.537 Y129.518 E107.25672
G1 X118.985 Y129.36 E107.27582
G1 X118.487 Y129.113 E107.29431
G1 X118.04 Y128.771 E107.31303
G1 X117.664 Y128.362 E107.33151
G1 X117.364 Y127.883 E107.35031
G1 X117.17 Y127.365 E107.3687
G1 X117.064 Y126.813 E107.3874
G1 X117.064 Y126.247 E107.40622
G1 X117.166 Y125.702 E107.42466
G1 X117.364 Y125.178 E107.4433
G1 X117.664 Y124.703 E107.46198
G1 X118.036 Y124.293 E107.48039
G1 X118.486 Y123.951 E107.49919
G1 X118.985 Y123.704 E107.51771
G1 X119.542 Y123.546 E107.53697
G1 X120.084 Y123.494 E107.55508
G1 X120.63 Y123.546 E107.57332
G1 X121.183 Y123.704 E107.59245
G1 X121.682 Y123.951 E107.61097
G1 X122.132 Y124.293 E107.62977
G1 X122.512 Y124.706 E107.64843
G1 X122.804 Y125.174 E107.66678
G1 X123.007 Y125.707 E107.68575
G1 X123.108 Y126.243 E107.70389
G1 X123.108 Y126.817 E107.72298
G1 X123.006 Y127.357 E107.74126
G1 X122.804 Y127.89 E107.76022
G1 X122.511 Y128.354 E107.77847
G1 X122.128 Y128.775 E107.7974
G1 X121.685 Y129.109 E107.81585
G1 X121.178 Y129.364 E107.83473
G1 X120.631 Y129.522 E107.85367
G1 X120.089 Y129.567 E107.87176
G1 X120.016 Y129.561 E107.87419
G0 F9000 X120.029 Y129.021
G1 F881.1 X119.545 Y128.972 E107.90174
G1 F877.2 X119.175 Y128.847 E107.92395
G1 F874.6 X118.774 Y128.65 E107.94944
G1 F890.2 X118.403 Y128.381 E107.97512
G1 F896.9 X118.053 Y127.99 E108.00431
G1 F882.4 X117.852 Y127.64 E108.02713
G1 F891.5 X117.713 Y127.328 E108.04624
G1 F895.5 X117.6 Y126.823 E108.07507
G1 F887.6 X117.598 Y126.253 E108.10711
G1 F882.4 X117.687 Y125.844 E108.13078
G1 F875.9 X117.848 Y125.426 E108.15629
G1 F877.2 X118.049 Y125.075 E108.1793
G1 F886.3 X118.4 Y124.689 E108.20867
G1 F885 X118.842 Y124.357 E108.23983
G1 F879.8 X119.179 Y124.212 E108.26064
G1 X119.554 Y124.087 E108.28305
G1 F885 X120.084 Y124.031 E108.3131
G1 F886.3 X120.621 Y124.088 E108.3435
G1 F883.7 X120.988 Y124.21 E108.36533
G1 X121.388 Y124.41 E108.39058
G1 F898.2 X121.768 Y124.683 E108.41657
G1 X122.119 Y125.073 E108.44572
G1 F879.8 X122.36 Y125.498 E108.47342
G1 F877.2 X122.482 Y125.855 E108.49488
G1 F890.2 X122.569 Y126.249 E108.51749
G1 F895.5 X122.572 Y126.81 E108.54875
G1 X122.452 Y127.337 E108.57886
G1 F888.9 X122.315 Y127.643 E108.59767
G1 F877.2 X122.119 Y127.978 E108.61975
G1 F890.2 X121.766 Y128.378 E108.64965
G1 F891.5 X121.321 Y128.707 E108.68062
G1 F881.1 X120.987 Y128.853 E108.70126
G1 F879.8 X120.604 Y128.978 E108.7241
G1 F887.6 X120.089 Y129.027 E108.75318
G1 F890.2 X120.029 Y129.021 E108.75656
G0 F9000 X120.041 Y128.487
G1 F1500 X120.089 Y128.493 E108.75817
G1 X120.544 Y128.441 E108.7734
G1 X120.986 Y128.279 E108.78906
G1 X121.39 Y128.002 E108.80535
G1 X121.702 Y127.643 E108.82117
G1 X121.919 Y127.243 E108.83631
G1 X122.031 Y126.796 E108.85164
G1 X122.033 Y126.27 E108.86913
G1 X121.915 Y125.824 E108.88447
G1 X121.71 Y125.43 E108.89925
G1 X121.377 Y125.048 E108.9161
G1 X120.977 Y124.784 E108.93204
G1 X120.555 Y124.623 E108.94706
G1 X120.107 Y124.568 E108.96208
G1 X119.617 Y124.623 E108.97848
G1 X119.154 Y124.8 E108.99496
G1 X118.755 Y125.093 E109.01143
G1 X118.466 Y125.417 E109.02587
G1 X118.252 Y125.829 E109.04131
G1 X118.135 Y126.275 E109.05665
G1 X118.135 Y126.79 E109.07377
G1 X118.248 Y127.235 E109.08905
G1 X118.466 Y127.643 E109.10443
G1 X118.779 Y128.01 E109.12047
G1 X119.195 Y128.276 E109.1369
G1 X119.613 Y128.437 E109.1518
G1 X120.041 Y128.487 E109.16613
G1 F2700 E104.16613
;MESH:NONMESH
G0 F300 X120.041 Y128.487 Z1
G0 F9000 X120.069 Y128.23
G0 X119.125 Y127.621
G0 X118.313 Y126.307
G0 X109.491 Y121.543
G0 X108.602 Y121.667
;TIME_ELAPSED:210.959376
;LAYER:4
;TYPE:WALL-INNER
;MESH:megav4.5-pcbfoot.stl(1)
G1 F2700 E109.16613
G1 F1500 X108.247 Y121.659 E109.17794
G1 X107.904 Y121.569 E109.18973
G1 X107.562 Y121.391 E109.20256
G1 X107.265 Y121.129 E109.21573
G1 X107.054 Y120.808 E109.2285
G1 X106.93 Y120.481 E109.24014
G1 X106.87 Y120.076 E109.25375
G1 X106.93 Y119.667 E109.2675
G1 X107.054 Y119.341 E109.2791
G1 X107.264 Y119.021 E109.29183
G1 X107.533 Y118.782 E109.3038
G1 X107.895 Y118.577 E109.31764
G1 X108.28 Y118.481 E109.33084
G1 X108.673 Y118.481 E109.34391
G1 X109.046 Y118.578 E109.35673
G1 X109.362 Y118.742 E109.36857
G1 X109.673 Y119.004 E109.38209
G1 X109.898 Y119.34 E109.39554
G1 X110.032 Y119.697 E109.40822
G1 X110.077 Y120.076 E109.42092
G1 X110.022 Y120.481 E109.43451
G1 X109.899 Y120.808 E109.44613
G1 X109.678 Y121.136 E109.45929
G1 X109.391 Y121.391 E109.47206
G1 X109.05 Y121.568 E109.48484
G1 X108.672 Y121.668 E109.49784
G1 X108.602 Y121.667 E109.50017
G0 F9000 X108.602 Y121.979
G0 X108.742 Y123.149
G0 X108.742 Y123.456
G1 F1500 X108.793 Y123.456 E109.50186
G1 X109.404 Y123.344 E109.52253
G1 X109.991 Y123.116 E109.54347
G1 X110.523 Y122.787 E109.56427
G1 X110.982 Y122.366 E109.58499
G1 X111.363 Y121.862 E109.606
G1 X111.642 Y121.302 E109.62681
G1 X111.815 Y120.693 E109.64787
G1 X111.873 Y120.076 E109.66848
G1 X111.815 Y119.455 E109.68923
G1 X111.642 Y118.846 E109.71028
G1 X111.363 Y118.286 E109.73109
G1 X110.983 Y117.783 E109.75206
G1 X110.524 Y117.365 E109.77271
G1 X109.991 Y117.032 E109.79361
G1 X109.403 Y116.808 E109.81454
G1 X108.791 Y116.693 E109.83525
G1 X108.161 Y116.692 E109.8562
G1 X107.548 Y116.808 E109.87696
G1 X106.957 Y117.032 E109.89798
G1 X106.429 Y117.364 E109.91872
G1 X105.968 Y117.784 E109.93946
G1 X105.584 Y118.287 E109.96051
G1 X105.307 Y118.846 E109.98126
G1 X105.134 Y119.454 E110.00229
G1 X105.079 Y120.076 E110.02305
G1 X105.134 Y120.694 E110.04369
G1 X105.307 Y121.302 E110.06472
G1 X105.584 Y121.861 E110.08546
G1 X105.969 Y122.365 E110.10656
G1 X106.429 Y122.788 E110.12734
G1 X106.957 Y123.115 E110.148
G1 X107.548 Y123.343 E110.16907
G1 X108.159 Y123.456 E110.18974
G1 X108.742 Y123.456 E110.20913
G0 F9000 X108.774 Y123.856
;TYPE:WALL-OUTER
G1 F1500 X108.829 Y123.856 E110.21096
G1 X109.513 Y123.73 E110.23409
G1 X110.17 Y123.476 E110.25752
G1 X110.766 Y123.107 E110.28083
G1 X111.279 Y122.636 E110.304
G1 X111.705 Y122.074 E110.32745
G1 X112.016 Y121.447 E110.35073
G1 X112.21 Y120.767 E110.37425
G1 X112.275 Y120.076 E110.39733
G1 X112.21 Y119.381 E110.42055
G1 X112.016 Y118.701 E110.44407
G1 X111.705 Y118.074 E110.46735
G1 X111.279 Y117.512 E110.4908
G1 X110.766 Y117.045 E110.51388
G1 X110.17 Y116.672 E110.53726
G1 X109.513 Y116.422 E110.56064
G1 X108.829 Y116.293 E110.58379
G1 X108.123 Y116.292 E110.60727
G1 X107.439 Y116.422 E110.63043
G1 X106.778 Y116.672 E110.65394
G1 X106.186 Y117.044 E110.67719
G1 X105.672 Y117.512 E110.70031
G1 X105.243 Y118.075 E110.72385
G1 X104.932 Y118.701 E110.7471
G1 X104.738 Y119.381 E110.77062
G1 X104.677 Y120.076 E110.79383
G1 X104.738 Y120.767 E110.8169
G1 X104.932 Y121.447 E110.84042
G1 X105.243 Y122.073 E110.86367
G1 X105.673 Y122.636 E110.88723
G1 X106.186 Y123.108 E110.91041
G1 X106.778 Y123.475 E110.93358
G1 X107.439 Y123.73 E110.95715
G1 X108.123 Y123.856 E110.98028
G1 X108.774 Y123.856 E111.00193
G1 F2700 E106.00193
G0 F9000 X108.763 Y123.15
G0 X108.571 Y121.979
G0 X108.571 Y121.268
G1 F2700 E111.00193
G1 F1500 X108.34 Y121.268 E111.00961
G1 X108.048 Y121.195 E111.01962
G1 X107.802 Y121.066 E111.02886
G1 X107.565 Y120.858 E111.03935
G1 X107.412 Y120.63 E111.04848
G1 X107.315 Y120.371 E111.05768
G1 X107.276 Y120.058 E111.06817
G1 X107.315 Y119.777 E111.07761
G1 X107.412 Y119.519 E111.08678
G1 X107.577 Y119.275 E111.09657
G1 X107.801 Y119.082 E111.10641
G1 X108.049 Y118.953 E111.11571
G1 X108.341 Y118.88 E111.12572
G1 X108.611 Y118.88 E111.1347
G1 X108.904 Y118.952 E111.14473
G1 X109.15 Y119.082 E111.15399
G1 X109.371 Y119.275 E111.16374
G1 X109.54 Y119.518 E111.17359
G1 X109.637 Y119.777 E111.18279
G1 X109.677 Y120.076 E111.19282
G1 X109.637 Y120.371 E111.20272
G1 X109.54 Y120.63 E111.21192
G1 X109.384 Y120.857 E111.22108
G1 X109.15 Y121.067 E111.23154
G1 X108.905 Y121.195 E111.24073
G1 X108.612 Y121.268 E111.25078
G1 X108.571 Y121.268 E111.25214
G0 F9000 X108.571 Y121.979
G0 X107.961 Y121.843
G0 X107.247 Y121.527
G0 X107.401 Y121.356
;TYPE:FILL
G1 F3000 X106.956 Y123.02 E111.30943
G0 F9000 X107.078 Y122.824
G0 X106.998 Y121.282
G0 X107.187 Y121.153
G1 F3000 X105.541 Y121.594 E111.36611
G0 F9000 X105.748 Y121.492
G0 X106.834 Y119.214
G0 X107.088 Y118.846
G0 X107.842 Y118.272
G0 X107.895 Y118.493
G1 F3000 X106.694 Y117.292 E111.4226
G0 F9000 X106.816 Y117.491
G0 X108.135 Y118.2
G0 X108.188 Y118.421
G1 F3000 X108.63 Y116.772 E111.47938
G0 F9000 X108.63 Y117.003
G0 X110.12 Y119.214
G0 X110.248 Y119.552
G0 X110.354 Y120.395
G0 X110.124 Y120.366
G1 F3000 X111.778 Y119.923 E111.53633
G0 F9000 X111.551 Y119.943
G0 X110.264 Y120.727
G0 X110.046 Y120.644
G1 F3000 X111.263 Y121.861 E111.59358
G0 F9000 X110.846 Y121.543
G1 F2700 E106.59358
;MESH:megav4.5-pcbfoot.stl
G0 F9000 X111.986 Y120.73
G0 X113.075 Y120.83
G0 X114.611 Y121.155
G0 X115.347 Y120.346
G0 X117.5 Y120.573
G0 X117.5 Y120.88
;TYPE:WALL-INNER
G1 F2700 E111.59358
G1 F1500 X117.817 Y120.88 E111.60412
G1 X118.428 Y120.768 E111.62478
G1 X119.014 Y120.54 E111.64569
G1 X119.544 Y120.211 E111.66644
G1 X120.006 Y119.789 E111.68725
G1 X120.387 Y119.286 E111.70824
G1 X120.666 Y118.726 E111.72905
G1 X120.839 Y118.117 E111.75011
G1 X120.897 Y117.5 E111.77072
G1 X120.839 Y116.879 E111.79146
G1 X120.666 Y116.27 E111.81252
G1 X120.387 Y115.71 E111.83333
G1 X120.007 Y115.207 E111.8543
G1 X119.544 Y114.789 E111.87504
G1 X119.014 Y114.456 E111.89586
G1 X118.427 Y114.232 E111.91676
G1 X117.815 Y114.117 E111.93747
G1 X117.185 Y114.116 E111.95842
G1 X116.572 Y114.232 E111.97917
G1 X115.981 Y114.457 E112.00021
G1 X115.452 Y114.789 E112.02098
G1 X114.989 Y115.208 E112.04175
G1 X114.609 Y115.71 E112.06269
G1 X114.33 Y116.27 E112.0835
G1 X114.157 Y116.879 E112.10456
G1 X114.099 Y117.5 E112.1253
G1 X114.157 Y118.117 E112.14591
G1 X114.33 Y118.726 E112.16697
G1 X114.609 Y119.286 E112.18778
G1 X114.99 Y119.789 E112.20877
G1 X115.452 Y120.211 E112.22958
G1 X115.981 Y120.54 E112.2503
G1 X116.572 Y120.767 E112.27135
G1 X117.183 Y120.88 E112.29202
G1 X117.5 Y120.88 E112.30256
G0 F9000 X117.5 Y120.573
G0 X117.5 Y119.403
G0 X117.5 Y119.091
G1 F1500 X117.298 Y119.091 E112.30928
G1 X116.928 Y118.993 E112.32201
G1 X116.582 Y118.815 E112.33496
G1 X116.309 Y118.571 E112.34713
G1 X116.085 Y118.261 E112.35985
G1 X115.95 Y117.905 E112.37252
G1 X115.894 Y117.501 E112.38608
G1 X115.95 Y117.091 E112.39985
G1 X116.086 Y116.733 E112.41258
G1 X116.308 Y116.426 E112.42518
G1 X116.577 Y116.184 E112.43722
G1 X116.925 Y116 E112.45031
G1 X117.299 Y115.905 E112.46315
G1 X117.697 Y115.905 E112.47638
G1 X118.07 Y116.002 E112.4892
G1 X118.387 Y116.167 E112.50109
G1 X118.698 Y116.43 E112.51464
G1 X118.922 Y116.764 E112.52801
G1 X119.059 Y117.128 E112.54095
G1 X119.097 Y117.5 E112.55338
G1 X119.046 Y117.905 E112.56696
G1 X118.923 Y118.232 E112.57858
G1 X118.687 Y118.571 E112.59232
G1 X118.413 Y118.816 E112.60454
G1 X118.074 Y118.992 E112.61725
G1 X117.699 Y119.091 E112.63015
G1 X117.5 Y119.091 E112.63677
G0 F9000 X117.5 Y118.692
;TYPE:WALL-OUTER
G1 F1500 X117.361 Y118.692 E112.64139
G1 X117.051 Y118.61 E112.65206
G1 X116.803 Y118.477 E112.66142
G1 X116.601 Y118.297 E112.67041
G1 X116.432 Y118.054 E112.68026
G1 X116.335 Y117.795 E112.68946
G1 X116.3 Y117.481 E112.69997
G1 X116.335 Y117.201 E112.70935
G1 X116.432 Y116.943 E112.71852
G1 X116.588 Y116.715 E112.72771
G1 X116.821 Y116.506 E112.73812
G1 X117.093 Y116.37 E112.74823
G1 X117.361 Y116.304 E112.75741
G1 X117.635 Y116.304 E112.76653
G1 X117.928 Y116.376 E112.77656
G1 X118.175 Y116.506 E112.78584
G1 X118.395 Y116.699 E112.79558
G1 X118.564 Y116.942 E112.80542
G1 X118.661 Y117.201 E112.81462
G1 X118.697 Y117.5 E112.82464
G1 X118.661 Y117.795 E112.83452
G1 X118.564 Y118.054 E112.84372
G1 X118.395 Y118.297 E112.85357
G1 X118.193 Y118.477 E112.86257
G1 X117.929 Y118.619 E112.87254
G1 X117.636 Y118.692 E112.88258
G1 X117.5 Y118.692 E112.8871
G1 F2700 E107.8871
G0 F9000 X117.5 Y119.403
G0 X117.5 Y120.573
G0 X117.5 Y121.28
G1 F2700 E112.8871
G1 F1500 X117.853 Y121.28 E112.89884
G1 X118.537 Y121.154 E112.92198
G1 X119.194 Y120.9 E112.9454
G1 X119.786 Y120.531 E112.96861
G1 X120.303 Y120.06 E112.99187
G1 X120.729 Y119.498 E113.01532
G1 X121.04 Y118.871 E113.0386
G1 X121.234 Y118.191 E113.06212
G1 X121.299 Y117.5 E113.0852
G1 X121.234 Y116.805 E113.10842
G1 X121.04 Y116.125 E113.13194
G1 X120.729 Y115.498 E113.15522
G1 X120.303 Y114.936 E113.17867
G1 X119.786 Y114.469 E113.20185
G1 X119.194 Y114.096 E113.22512
G1 X118.537 Y113.846 E113.2485
G1 X117.853 Y113.717 E113.27165
G1 X117.147 Y113.716 E113.29513
G1 X116.463 Y113.846 E113.31829
G1 X115.802 Y114.097 E113.34181
G1 X115.21 Y114.469 E113.36506
G1 X114.693 Y114.936 E113.38823
G1 X114.267 Y115.498 E113.41169
G1 X113.956 Y116.125 E113.43497
G1 X113.762 Y116.805 E113.45849
G1 X113.697 Y117.5 E113.4817
G1 X113.762 Y118.191 E113.50479
G1 X113.956 Y118.871 E113.52831
G1 X114.267 Y119.498 E113.55158
G1 X114.693 Y120.06 E113.57504
G1 X115.21 Y120.531 E113.5983
G1 X115.802 Y120.9 E113.6215
G1 X116.463 Y121.154 E113.64506
G1 X117.147 Y121.28 E113.66819
G1 X117.5 Y121.28 E113.67993
G0 F9000 X117.5 Y120.573
G0 X116.101 Y120.248
G0 X115.979 Y120.445
;TYPE:FILL
G1 F3000 X116.424 Y118.782 E113.73719
G0 F9000 X116.217 Y118.575
G1 F3000 X114.566 Y119.018 E113.79404
G0 F9000 X114.772 Y118.917
G0 X115.857 Y116.638
G0 X116.111 Y116.27
G0 X116.865 Y115.697
G0 X116.918 Y115.918
G1 F3000 X115.718 Y114.718 E113.85049
G0 F9000 X115.838 Y114.915
G0 X117.158 Y115.624
G0 X117.211 Y115.845
G1 F3000 X117.653 Y114.196 E113.90727
G0 F9000 X117.653 Y114.427
G0 X119.143 Y116.638
G0 X119.271 Y116.976
G0 X119.377 Y117.819
G0 X119.147 Y117.79
G1 F3000 X120.802 Y117.347 E113.96425
G0 F9000 X120.574 Y117.367
G0 X119.287 Y118.152
G0 X119.069 Y118.069
G1 F3000 X120.286 Y119.286 E114.02149
G0 F9000 X119.868 Y118.968
G1 F2700 E109.02149
;MESH:megav4.5-pcbfoot.stl(2)
G0 F9000 X121.009 Y118.154
G0 X122.098 Y118.254
G0 X123.01 Y117.977
G0 X123.882 Y117.317
G0 X126.266 Y117.986
G0 X126.266 Y118.296
;TYPE:WALL-INNER
G1 F2700 E114.02149
G1 F1500 X126.835 Y118.296 E114.04042
G1 X127.446 Y118.18 E114.0611
G1 X128.034 Y117.952 E114.08208
G1 X128.564 Y117.623 E114.10283
G1 X129.026 Y117.201 E114.12364
G1 X129.407 Y116.698 E114.14463
G1 X129.686 Y116.138 E114.16544
G1 X129.859 Y115.529 E114.18649
G1 X129.917 Y114.912 E114.20711
G1 X129.859 Y114.292 E114.22782
G1 X129.686 Y113.686 E114.24878
G1 X129.407 Y113.121 E114.26974
G1 X129.027 Y112.619 E114.29068
G1 X128.565 Y112.201 E114.3114
G1 X128.034 Y111.872 E114.33218
G1 X127.446 Y111.644 E114.35315
G1 X126.835 Y111.529 E114.37383
G1 X126.205 Y111.528 E114.39478
G1 X125.593 Y111.644 E114.4155
G1 X125.001 Y111.872 E114.4366
G1 X124.471 Y112.201 E114.45735
G1 X124.009 Y112.62 E114.47809
G1 X123.63 Y113.122 E114.49901
G1 X123.35 Y113.686 E114.51996
G1 X123.177 Y114.292 E114.54092
G1 X123.119 Y114.912 E114.56163
G1 X123.176 Y115.529 E114.58224
G1 X123.35 Y116.138 E114.6033
G1 X123.629 Y116.698 E114.62411
G1 X124.01 Y117.202 E114.64513
G1 X124.472 Y117.623 E114.66592
G1 X125.001 Y117.952 E114.68664
G1 X125.593 Y118.18 E114.70774
G1 X126.205 Y118.296 E114.72845
G1 X126.266 Y118.296 E114.73048
G0 F9000 X126.266 Y117.986
G0 X126.401 Y116.816
G0 X126.401 Y116.503
G1 F1500 X126.318 Y116.503 E114.73324
G1 X125.948 Y116.405 E114.74597
G1 X125.6 Y116.231 E114.75892
G1 X125.307 Y115.966 E114.77205
G1 X125.094 Y115.644 E114.7849
G1 X124.97 Y115.321 E114.7964
G1 X124.914 Y114.913 E114.8101
G1 X124.971 Y114.502 E114.8239
G1 X125.093 Y114.182 E114.83529
G1 X125.328 Y113.838 E114.84915
G1 X125.602 Y113.593 E114.86137
G1 X125.948 Y113.416 E114.8743
G1 X126.319 Y113.321 E114.88704
G1 X126.725 Y113.321 E114.90054
G1 X127.093 Y113.416 E114.91318
G1 X127.436 Y113.594 E114.92603
G1 X127.722 Y113.847 E114.93874
G1 X127.943 Y114.181 E114.95206
G1 X128.079 Y114.538 E114.96476
G1 X128.117 Y114.912 E114.97727
G1 X128.078 Y115.29 E114.9899
G1 X127.943 Y115.644 E115.00251
G1 X127.708 Y115.986 E115.01631
G1 X127.428 Y116.238 E115.02884
G1 X127.094 Y116.404 E115.04124
G1 X126.722 Y116.502 E115.05404
G1 X126.401 Y116.503 E115.06471
G0 F9000 X126.431 Y116.104
;TYPE:WALL-OUTER
G1 F1500 X126.381 Y116.104 E115.06638
G1 X126.092 Y116.031 E115.07629
G1 X125.842 Y115.906 E115.08559
G1 X125.621 Y115.713 E115.09535
G1 X125.452 Y115.466 E115.1053
G1 X125.355 Y115.211 E115.11437
G1 X125.32 Y114.931 E115.12376
G1 X125.355 Y114.612 E115.13443
G1 X125.452 Y114.359 E115.14344
G1 X125.608 Y114.127 E115.15274
G1 X125.822 Y113.931 E115.1624
G1 X126.092 Y113.789 E115.17254
G1 X126.381 Y113.72 E115.18242
G1 X126.655 Y113.72 E115.19154
G1 X126.949 Y113.789 E115.20158
G1 X127.214 Y113.931 E115.21158
G1 X127.415 Y114.111 E115.22056
G1 X127.584 Y114.359 E115.23054
G1 X127.681 Y114.612 E115.23955
G1 X127.717 Y114.912 E115.2496
G1 X127.681 Y115.211 E115.25962
G1 X127.584 Y115.466 E115.26869
G1 X127.415 Y115.713 E115.27864
G1 X127.213 Y115.893 E115.28764
G1 X126.949 Y116.031 E115.29755
G1 X126.655 Y116.104 E115.30763
G1 X126.431 Y116.104 E115.31508
G1 F2700 E110.31508
G0 F9000 X126.431 Y116.816
G0 X126.236 Y117.986
G0 X126.236 Y118.696
G1 F2700 E115.31508
G1 F1500 X126.873 Y118.696 E115.33626
G1 X127.556 Y118.566 E115.35939
G1 X128.214 Y118.312 E115.38285
G1 X128.806 Y117.943 E115.40605
G1 X129.323 Y117.472 E115.42931
G1 X129.749 Y116.91 E115.45277
G1 X130.06 Y116.283 E115.47604
G1 X130.254 Y115.603 E115.49956
G1 X130.319 Y114.912 E115.52265
G1 X130.254 Y114.218 E115.54583
G1 X130.06 Y113.541 E115.56925
G1 X129.749 Y112.91 E115.59265
G1 X129.323 Y112.348 E115.61611
G1 X128.807 Y111.881 E115.63925
G1 X128.214 Y111.512 E115.66248
G1 X127.556 Y111.258 E115.68594
G1 X126.873 Y111.129 E115.70906
G1 X126.167 Y111.128 E115.73254
G1 X125.483 Y111.258 E115.7557
G1 X124.822 Y111.512 E115.77925
G1 X124.229 Y111.881 E115.80248
G1 X123.713 Y112.348 E115.82563
G1 X123.288 Y112.91 E115.84907
G1 X122.976 Y113.541 E115.87248
G1 X122.782 Y114.218 E115.8959
G1 X122.717 Y114.912 E115.91909
G1 X122.782 Y115.603 E115.94217
G1 X122.976 Y116.283 E115.96569
G1 X123.287 Y116.91 E115.98897
G1 X123.713 Y117.472 E116.01242
G1 X124.23 Y117.943 E116.03568
G1 X124.822 Y118.312 E116.05889
G1 X125.483 Y118.566 E116.08244
G1 X126.167 Y118.696 E116.1056
G1 X126.236 Y118.696 E116.10789
G0 F9000 X126.236 Y117.986
G0 X125.12 Y117.66
G0 X124.999 Y117.855
;TYPE:FILL
G1 F3000 X125.444 Y116.196 E116.16502
G0 F9000 X125.228 Y115.991
G1 F3000 X123.585 Y116.431 E116.22159
G0 F9000 X123.792 Y116.329
G0 X124.877 Y114.051
G0 X125.131 Y113.683
G0 X125.887 Y113.109
G0 X125.942 Y113.336
G1 F3000 X124.737 Y112.131 E116.27827
G0 F9000 X124.858 Y112.328
G0 X126.176 Y113.037
G0 X126.23 Y113.261
G1 F3000 X126.673 Y111.608 E116.33519
G0 F9000 X126.673 Y111.84
G0 X128.163 Y114.051
G0 X128.291 Y114.389
G0 X128.397 Y115.231
G0 X128.169 Y115.203
G1 F3000 X129.822 Y114.76 E116.39211
G0 F9000 X129.594 Y114.78
G0 X128.306 Y115.566
G0 X128.089 Y115.483
G1 F3000 X129.305 Y116.699 E116.44931
G0 F9000 X128.888 Y116.381
G1 F2700 E111.44931
;MESH:megav4.5-pcbfoot.stl(3)
G0 F9000 X126.19 Y118.467
G0 X125.99 Y119.542
G0 X122.889 Y122.825
G0 X122.23 Y123.698
G0 X121.446 Y127.05
G0 X121.283 Y127.359
G0 X120.012 Y128.441
G0 X120.05 Y128.133
;TYPE:WALL-INNER
G1 F2700 E116.44931
G1 F1500 X119.679 Y128.078 E116.46178
G1 X119.353 Y127.954 E116.47338
G1 X119.033 Y127.744 E116.48611
G1 X118.794 Y127.475 E116.49808
G1 X118.589 Y127.113 E116.51192
G1 X118.493 Y126.728 E116.52511
G1 X118.493 Y126.327 E116.53845
G1 X118.591 Y125.962 E116.55102
G1 X118.768 Y125.619 E116.56386
G1 X119.014 Y125.345 E116.57611
G1 X119.322 Y125.121 E116.58877
G1 X119.679 Y124.986 E116.60147
G1 X120.088 Y124.931 E116.61519
G1 X120.464 Y124.975 E116.62778
G1 X120.82 Y125.109 E116.64044
G1 X121.148 Y125.33 E116.65359
G1 X121.403 Y125.617 E116.66636
G1 X121.58 Y125.958 E116.67914
G1 X121.679 Y126.333 E116.69204
G1 X121.679 Y126.731 E116.70528
G1 X121.58 Y127.104 E116.71811
G1 X121.403 Y127.445 E116.73089
G1 X121.159 Y127.722 E116.74317
G1 X120.835 Y127.952 E116.75638
G1 X120.493 Y128.077 E116.76849
G1 X120.093 Y128.139 E116.78196
G1 X120.05 Y128.133 E116.7834
G0 F9000 X120.012 Y128.441
G0 X120.036 Y129.616
G0 X120.007 Y129.922
G1 F1500 X120.088 Y129.929 E116.7861
G1 X120.706 Y129.875 E116.80674
G1 X121.314 Y129.702 E116.82776
G1 X121.873 Y129.424 E116.84853
G1 X122.377 Y129.039 E116.86962
G1 X122.8 Y128.579 E116.89041
G1 X123.128 Y128.051 E116.91108
G1 X123.355 Y127.46 E116.93214
G1 X123.468 Y126.849 E116.9528
G1 X123.468 Y126.215 E116.97389
G1 X123.355 Y125.604 E116.99456
G1 X123.128 Y125.017 E117.01549
G1 X122.799 Y124.484 E117.03632
G1 X122.378 Y124.026 E117.05701
G1 X121.874 Y123.645 E117.07803
G1 X121.314 Y123.366 E117.09884
G1 X120.705 Y123.193 E117.11989
G1 X120.088 Y123.135 E117.14051
G1 X119.467 Y123.193 E117.16125
G1 X118.858 Y123.366 E117.18231
G1 X118.298 Y123.645 E117.20312
G1 X117.795 Y124.025 E117.22408
G1 X117.377 Y124.484 E117.24473
G1 X117.044 Y125.017 E117.26564
G1 X116.82 Y125.605 E117.28656
G1 X116.704 Y126.217 E117.30728
G1 X116.704 Y126.847 E117.32824
G1 X116.82 Y127.46 E117.34899
G1 X117.044 Y128.051 E117.37001
G1 X117.376 Y128.579 E117.39075
G1 X117.796 Y129.04 E117.41149
G1 X118.299 Y129.424 E117.43254
G1 X118.858 Y129.701 E117.45329
G1 X119.466 Y129.874 E117.47432
G1 X120.007 Y129.922 E117.49238
G0 F9000 X119.998 Y130.323
;TYPE:WALL-OUTER
G1 F1503.8 X120.088 Y130.331 E117.49538
G1 F1500 X120.779 Y130.27 E117.51845
G1 X121.459 Y130.076 E117.54197
G1 X122.085 Y129.765 E117.56522
G1 X122.648 Y129.335 E117.58878
G1 X123.12 Y128.822 E117.61197
G1 X123.488 Y128.23 E117.63515
G1 X123.742 Y127.569 E117.6587
G1 X123.868 Y126.885 E117.68184
G1 X123.868 Y126.179 E117.70532
G1 X123.742 Y125.495 E117.72845
G1 X123.488 Y124.838 E117.75188
G1 X123.119 Y124.242 E117.77519
G1 X122.648 Y123.729 E117.79836
G1 X122.086 Y123.303 E117.82181
G1 X121.459 Y122.992 E117.84509
G1 X120.779 Y122.798 E117.86861
G1 X120.088 Y122.733 E117.89169
G1 X119.393 Y122.798 E117.91491
G1 X118.713 Y122.992 E117.93843
G1 X118.086 Y123.303 E117.96171
G1 X117.524 Y123.729 E117.98516
G1 X117.057 Y124.242 E118.00824
G1 X116.684 Y124.838 E118.03162
G1 X116.434 Y125.495 E118.055
G1 X116.304 Y126.179 E118.07816
G1 X116.304 Y126.885 E118.10164
G1 X116.434 Y127.569 E118.1248
G1 X116.684 Y128.23 E118.1483
G1 X117.056 Y128.822 E118.17156
G1 X117.524 Y129.336 E118.19468
G1 X118.087 Y129.765 E118.21822
G1 X118.713 Y130.076 E118.24147
G1 X119.393 Y130.27 E118.26499
G1 F1503.8 X119.998 Y130.323 E118.28514
G1 F2700 E113.28514
G0 F9000 X120.063 Y129.618
G0 X119.973 Y128.436
G0 X120.059 Y127.731
G1 F2700 E118.28514
G1 F1500 X119.789 Y127.693 E118.29421
G1 X119.531 Y127.596 E118.30337
G1 X119.287 Y127.431 E118.31317
G1 X119.094 Y127.207 E118.323
G1 X118.965 Y126.959 E118.3323
G1 X118.892 Y126.667 E118.34231
G1 X118.892 Y126.397 E118.35129
G1 X118.965 Y126.104 E118.36134
G1 X119.094 Y125.858 E118.37058
G1 X119.287 Y125.637 E118.38033
G1 X119.53 Y125.468 E118.39018
G1 X119.789 Y125.371 E118.39938
G1 X120.088 Y125.331 E118.40941
G1 X120.357 Y125.365 E118.41843
G1 X120.642 Y125.468 E118.42851
G1 X120.869 Y125.624 E118.43767
G1 X121.079 Y125.858 E118.44813
G1 X121.207 Y126.103 E118.45732
G1 X121.28 Y126.396 E118.46736
G1 X121.28 Y126.668 E118.47641
G1 X121.198 Y126.982 E118.4872
G1 X121.078 Y127.206 E118.49566
G1 X120.87 Y127.443 E118.50614
G1 X120.642 Y127.595 E118.51526
G1 X120.383 Y127.693 E118.52447
G1 X120.07 Y127.732 E118.53496
G1 X120.059 Y127.731 E118.53533
G0 F9000 X119.973 Y128.436
G0 X118.88 Y128.012
G0 X119.01 Y127.824
;TYPE:FILL
G1 F3000 X118.569 Y129.468 E118.59194
G0 F9000 X118.671 Y129.263
G0 X118.634 Y127.761
G0 X118.806 Y127.609
G1 F3000 X117.14 Y128.055 E118.6493
G0 F9000 X117.34 Y127.933
G0 X118.561 Y125.481
G0 X118.729 Y125.291
G0 X119.435 Y124.747
G0 X119.516 Y124.962
G1 F3000 X118.3 Y123.746 E118.7065
G0 F9000 X118.437 Y123.928
G0 X119.771 Y124.656
G0 X119.798 Y124.884
G1 F3000 X120.241 Y123.229 E118.76348
G0 F9000 X120.219 Y123.459
G0 X121.615 Y125.481
G0 X121.823 Y125.875
G0 X121.963 Y126.878
G0 X121.738 Y126.823
G1 F3000 X123.387 Y126.381 E118.82027
G0 F9000 X123.161 Y126.381
G0 X121.891 Y127.168
G0 X121.665 Y127.112
G1 F3000 X122.87 Y128.316 E118.87692
G0 F9000 X122.419 Y128.037
G1 F2700 E113.87692
;MESH:NONMESH
G0 F300 X122.419 Y128.037 Z1.2
G0 F9000 X119.741 Y127.944
G0 X119.413 Y127.82
G0 X116.809 Y125.159
G0 X115.788 Y124.765
G0 X112.383 Y122.616
G0 X111.51 Y121.957
G0 X108.602 Y121.979
G0 X108.602 Y121.667
;TIME_ELAPSED:233.156295
;LAYER:5
;TYPE:WALL-INNER
;MESH:megav4.5-pcbfoot.stl(1)
G1 F2700 E118.87692
G1 F1500 X108.247 Y121.659 E118.88873
G1 X107.904 Y121.569 E118.90053
G1 X107.562 Y121.391 E118.91335
G1 X107.265 Y121.129 E118.92652
G1 X107.054 Y120.808 E118.9393
G1 X106.93 Y120.481 E118.95093
G1 X106.87 Y120.076 E118.96455
G1 X106.93 Y119.667 E118.9783
G1 X107.054 Y119.341 E118.9899
G1 X107.264 Y119.021 E119.00263
G1 X107.533 Y118.782 E119.0146
G1 X107.895 Y118.577 E119.02843
G1 X108.28 Y118.481 E119.04163
G1 X108.673 Y118.481 E119.0547
G1 X109.046 Y118.578 E119.06752
G1 X109.362 Y118.742 E119.07936
G1 X109.673 Y119.004 E119.09289
G1 X109.898 Y119.34 E119.10634
G1 X110.032 Y119.697 E119.11902
G1 X110.077 Y120.076 E119.13171
G1 X110.022 Y120.481 E119.14531
G1 X109.899 Y120.808 E119.15693
G1 X109.678 Y121.136 E119.17008
G1 X109.391 Y121.391 E119.18285
G1 X109.05 Y121.568 E119.19563
G1 X108.672 Y121.668 E119.20863
G1 X108.602 Y121.667 E119.21096
G0 F9000 X108.602 Y121.979
G0 X108.742 Y123.149
G0 X108.742 Y123.456
G1 F1500 X108.793 Y123.456 E119.21266
G1 X109.404 Y123.344 E119.23332
G1 X109.991 Y123.116 E119.25426
G1 X110.523 Y122.787 E119.27507
G1 X110.982 Y122.366 E119.29578
G1 X111.363 Y121.862 E119.3168
G1 X111.642 Y121.302 E119.33761
G1 X111.815 Y120.693 E119.35866
G1 X111.873 Y120.076 E119.37928
G1 X111.815 Y119.455 E119.40002
G1 X111.642 Y118.846 E119.42108
G1 X111.363 Y118.286 E119.44189
G1 X110.983 Y117.783 E119.46285
G1 X110.524 Y117.365 E119.4835
G1 X109.991 Y117.032 E119.50441
G1 X109.403 Y116.808 E119.52533
G1 X108.791 Y116.693 E119.54604
G1 X108.161 Y116.692 E119.567
G1 X107.548 Y116.808 E119.58775
G1 X106.957 Y117.032 E119.60877
G1 X106.429 Y117.364 E119.62951
G1 X105.968 Y117.784 E119.65026
G1 X105.584 Y118.287 E119.6713
G1 X105.307 Y118.846 E119.69205
G1 X105.134 Y119.454 E119.71308
G1 X105.079 Y120.076 E119.73385
G1 X105.134 Y120.694 E119.75448
G1 X105.307 Y121.302 E119.77551
G1 X105.584 Y121.861 E119.79626
G1 X105.969 Y122.365 E119.81735
G1 X106.429 Y122.788 E119.83814
G1 X106.957 Y123.115 E119.85879
G1 X107.548 Y123.343 E119.87986
G1 X108.159 Y123.456 E119.90053
G1 X108.742 Y123.456 E119.91992
G0 F9000 X108.774 Y123.856
;TYPE:WALL-OUTER
G1 F1500 X108.829 Y123.856 E119.92175
G1 X109.513 Y123.73 E119.94488
G1 X110.17 Y123.476 E119.96831
G1 X110.766 Y123.107 E119.99163
G1 X111.279 Y122.636 E120.01479
G1 X111.705 Y122.074 E120.03824
G1 X112.016 Y121.447 E120.06152
G1 X112.21 Y120.767 E120.08504
G1 X112.275 Y120.076 E120.10813
G1 X112.21 Y119.381 E120.13134
G1 X112.016 Y118.701 E120.15486
G1 X111.705 Y118.074 E120.17814
G1 X111.279 Y117.512 E120.2016
G1 X110.766 Y117.045 E120.22467
G1 X110.17 Y116.672 E120.24805
G1 X109.513 Y116.422 E120.27144
G1 X108.829 Y116.293 E120.29459
G1 X108.123 Y116.292 E120.31807
G1 X107.439 Y116.422 E120.34122
G1 X106.778 Y116.672 E120.36473
G1 X106.186 Y117.044 E120.38798
G1 X105.672 Y117.512 E120.4111
G1 X105.243 Y118.075 E120.43465
G1 X104.932 Y118.701 E120.4579
G1 X104.738 Y119.381 E120.48142
G1 X104.677 Y120.076 E120.50462
G1 X104.738 Y120.767 E120.52769
G1 X104.932 Y121.447 E120.55121
G1 X105.243 Y122.073 E120.57446
G1 X105.673 Y122.636 E120.59802
G1 X106.186 Y123.108 E120.62121
G1 X106.778 Y123.475 E120.64437
G1 X107.439 Y123.73 E120.66794
G1 X108.123 Y123.856 E120.69107
G1 X108.774 Y123.856 E120.71272
G1 F2700 E115.71272
G0 F9000 X108.763 Y123.15
G0 X108.571 Y121.979
G0 X108.571 Y121.268
G1 F2700 E120.71272
G1 F1500 X108.34 Y121.268 E120.72041
G1 X108.048 Y121.195 E120.73042
G1 X107.802 Y121.066 E120.73966
G1 X107.565 Y120.858 E120.75014
G1 X107.412 Y120.63 E120.75928
G1 X107.315 Y120.371 E120.76848
G1 X107.276 Y120.058 E120.77897
G1 X107.315 Y119.777 E120.7884
G1 X107.412 Y119.519 E120.79757
G1 X107.577 Y119.275 E120.80737
G1 X107.801 Y119.082 E120.8172
G1 X108.049 Y118.953 E120.8265
G1 X108.341 Y118.88 E120.83651
G1 X108.611 Y118.88 E120.84549
G1 X108.904 Y118.952 E120.85553
G1 X109.15 Y119.082 E120.86478
G1 X109.371 Y119.275 E120.87454
G1 X109.54 Y119.518 E120.88438
G1 X109.637 Y119.777 E120.89358
G1 X109.677 Y120.076 E120.90361
G1 X109.637 Y120.371 E120.91352
G1 X109.54 Y120.63 E120.92272
G1 X109.384 Y120.857 E120.93188
G1 X109.15 Y121.067 E120.94233
G1 X108.905 Y121.195 E120.95153
G1 X108.612 Y121.268 E120.96157
G1 X108.571 Y121.268 E120.96293
G0 F9000 X108.571 Y121.979
G0 X107.961 Y121.843
G0 X107.148 Y121.44
G0 X107.304 Y121.268
;TYPE:FILL
G1 F3000 X105.605 Y121.723 E121.02143
G0 F9000 X105.812 Y121.621
G0 X106.952 Y122.746
G0 X106.83 Y122.942
G1 F3000 X107.283 Y121.252 E121.07963
G0 F9000 X107.13 Y121.424
G0 X106.834 Y120.938
G0 X106.676 Y120.52
G0 X106.621 Y120.076
G0 X106.676 Y119.632
G0 X106.834 Y119.214
G0 X107.088 Y118.846
G0 X107.278 Y118.678
G0 X107.978 Y118.239
G0 X108.031 Y118.46
G1 F3000 X108.484 Y116.773 E121.13773
G0 F9000 X108.484 Y117.003
G0 X106.938 Y117.415
G0 X106.816 Y117.215
G1 F3000 X108.055 Y118.454 E121.196
G0 F9000 X108.002 Y118.233
G0 X108.701 Y118.234
G0 X109.136 Y118.341
G0 X109.53 Y118.549
G0 X109.866 Y118.846
G0 X110.12 Y119.214
G0 X110.278 Y119.632
G0 X110.319 Y120.582
G0 X110.1 Y120.499
G1 F3000 X111.337 Y121.736 E121.25419
G0 F9000 X111.135 Y121.635
G0 X111.563 Y120.076
G0 X111.791 Y120.065
G1 F3000 X110.093 Y120.52 E121.31266
G0 F9000 X110.592 Y120.709
G1 F2700 E116.31266
;MESH:megav4.5-pcbfoot.stl
G0 F9000 X112.045 Y120.076
G0 X113.134 Y119.975
G0 X113.99 Y120.564
G0 X114.862 Y119.904
G0 X117.5 Y120.573
G0 X117.5 Y120.88
;TYPE:WALL-INNER
G1 F2700 E121.31266
G1 F1500 X117.817 Y120.88 E121.3232
G1 X118.428 Y120.768 E121.34386
G1 X119.014 Y120.54 E121.36478
G1 X119.544 Y120.211 E121.38552
G1 X120.006 Y119.789 E121.40633
G1 X120.387 Y119.286 E121.42732
G1 X120.666 Y118.726 E121.44813
G1 X120.839 Y118.117 E121.46919
G1 X120.897 Y117.5 E121.4898
G1 X120.839 Y116.879 E121.51054
G1 X120.666 Y116.27 E121.5316
G1 X120.387 Y115.71 E121.55241
G1 X120.007 Y115.207 E121.57338
G1 X119.544 Y114.789 E121.59413
G1 X119.014 Y114.456 E121.61494
G1 X118.427 Y114.232 E121.63584
G1 X117.815 Y114.117 E121.65655
G1 X117.185 Y114.116 E121.67751
G1 X116.572 Y114.232 E121.69826
G1 X115.981 Y114.457 E121.71929
G1 X115.452 Y114.789 E121.74006
G1 X114.989 Y115.208 E121.76083
G1 X114.609 Y115.71 E121.78177
G1 X114.33 Y116.27 E121.80258
G1 X114.157 Y116.879 E121.82364
G1 X114.099 Y117.5 E121.84438
G1 X114.157 Y118.117 E121.86499
G1 X114.33 Y118.726 E121.88605
G1 X114.609 Y119.286 E121.90686
G1 X114.99 Y119.789 E121.92785
G1 X115.452 Y120.211 E121.94866
G1 X115.981 Y120.54 E121.96938
G1 X116.572 Y120.767 E121.99044
G1 X117.183 Y120.88 E122.0111
G1 X117.5 Y120.88 E122.02165
G0 F9000 X117.5 Y120.573
G0 X117.5 Y119.403
G0 X117.5 Y119.091
G1 F1500 X117.298 Y119.091 E122.02836
G1 X116.928 Y118.993 E122.0411
G1 X116.582 Y118.815 E122.05404
G1 X116.309 Y118.571 E122.06622
G1 X116.085 Y118.261 E122.07894
G1 X115.95 Y117.905 E122.0916
G1 X115.894 Y117.501 E122.10516
G1 X115.95 Y117.091 E122.11893
G1 X116.086 Y116.733 E122.13167
G1 X116.308 Y116.426 E122.14427
G1 X116.577 Y116.184 E122.1563
G1 X116.925 Y116 E122.16939
G1 X117.299 Y115.905 E122.18223
G1 X117.697 Y115.905 E122.19547
G1 X118.07 Y116.002 E122.20828
G1 X118.387 Y116.167 E122.22017
G1 X118.698 Y116.43 E122.23372
G1 X118.922 Y116.764 E122.24709
G1 X119.059 Y117.128 E122.26003
G1 X119.097 Y117.5 E122.27247
G1 X119.046 Y117.905 E122.28604
G1 X118.923 Y118.232 E122.29766
G1 X118.687 Y118.571 E122.3114
G1 X118.413 Y118.816 E122.32363
G1 X118.074 Y118.992 E122.33633
G1 X117.699 Y119.091 E122.34923
G1 X117.5 Y119.091 E122.35585
G0 F9000 X117.5 Y118.692
;TYPE:WALL-OUTER
G1 F1500 X117.361 Y118.692 E122.36047
G1 X117.051 Y118.61 E122.37114
G1 X116.803 Y118.477 E122.3805
G1 X116.601 Y118.297 E122.3895
G1 X116.432 Y118.054 E122.39934
G1 X116.335 Y117.795 E122.40854
G1 X116.3 Y117.481 E122.41905
G1 X116.335 Y117.201 E122.42843
G1 X116.432 Y116.943 E122.4376
G1 X116.588 Y116.715 E122.44679
G1 X116.821 Y116.506 E122.4572
G1 X117.093 Y116.37 E122.46731
G1 X117.361 Y116.304 E122.47649
G1 X117.635 Y116.304 E122.48561
G1 X117.928 Y116.376 E122.49564
G1 X118.175 Y116.506 E122.50493
G1 X118.395 Y116.699 E122.51466
G1 X118.564 Y116.942 E122.5245
G1 X118.661 Y117.201 E122.5337
G1 X118.697 Y117.5 E122.54372
G1 X118.661 Y117.795 E122.5536
G1 X118.564 Y118.054 E122.5628
G1 X118.395 Y118.297 E122.57265
G1 X118.193 Y118.477 E122.58165
G1 X117.929 Y118.619 E122.59162
G1 X117.636 Y118.692 E122.60166
G1 X117.5 Y118.692 E122.60618
G1 F2700 E117.60618
G0 F9000 X117.5 Y119.403
G0 X117.5 Y120.573
G0 X117.5 Y121.28
G1 F2700 E122.60618
G1 F1500 X117.853 Y121.28 E122.61792
G1 X118.537 Y121.154 E122.64106
G1 X119.194 Y120.9 E122.66449
G1 X119.786 Y120.531 E122.68769
G1 X120.303 Y120.06 E122.71095
G1 X120.729 Y119.498 E122.7344
G1 X121.04 Y118.871 E122.75768
G1 X121.234 Y118.191 E122.7812
G1 X121.299 Y117.5 E122.80429
G1 X121.234 Y116.805 E122.8275
G1 X121.04 Y116.125 E122.85102
G1 X120.729 Y115.498 E122.8743
G1 X120.303 Y114.936 E122.89776
G1 X119.786 Y114.469 E122.92093
G1 X119.194 Y114.096 E122.9442
G1 X118.537 Y113.846 E122.96758
G1 X117.853 Y113.717 E122.99073
G1 X117.147 Y113.716 E123.01421
G1 X116.463 Y113.846 E123.03737
G1 X115.802 Y114.097 E123.06089
G1 X115.21 Y114.469 E123.08414
G1 X114.693 Y114.936 E123.10731
G1 X114.267 Y115.498 E123.13077
G1 X113.956 Y116.125 E123.15405
G1 X113.762 Y116.805 E123.17757
G1 X113.697 Y117.5 E123.20078
G1 X113.762 Y118.191 E123.22387
G1 X113.956 Y118.871 E123.24739
G1 X114.267 Y119.498 E123.27067
G1 X114.693 Y120.06 E123.29412
G1 X115.21 Y120.531 E123.31738
G1 X115.802 Y120.9 E123.34058
G1 X116.463 Y121.154 E123.36414
G1 X117.147 Y121.28 E123.38727
G1 X117.5 Y121.28 E123.39901
G0 F9000 X117.5 Y120.573
G0 X115.975 Y120.17
G0 X115.854 Y120.366
;TYPE:FILL
G1 F3000 X116.306 Y118.676 E123.4572
G1 X116.325 Y118.692
G1 X114.629 Y119.147 E123.5156
G0 F9000 X114.836 Y119.045
G0 X115.857 Y116.638
G0 X116.111 Y116.27
G0 X116.301 Y116.102
G0 X117.001 Y115.663
G0 X117.054 Y115.885
G1 F3000 X117.507 Y114.196 E123.57376
G0 F9000 X117.507 Y114.427
G0 X115.961 Y114.839
G0 X115.84 Y114.641
G1 F3000 X117.077 Y115.878 E123.63195
G0 F9000 X117.024 Y115.657
G0 X117.724 Y115.658
G0 X118.159 Y115.765
G0 X118.553 Y115.973
G0 X118.889 Y116.27
G0 X119.143 Y116.638
G0 X119.301 Y117.056
G0 X119.342 Y118.007
G0 X119.123 Y117.924
G1 F3000 X120.359 Y119.16 E123.69008
G0 F9000 X120.158 Y119.059
G0 X120.586 Y117.5
G0 X120.815 Y117.489
G1 F3000 X119.118 Y117.944 E123.74852
G0 F9000 X119.615 Y118.132
G1 F2700 E118.74852
;MESH:megav4.5-pcbfoot.stl(2)
G0 F9000 X121.068 Y117.511
G0 X122.158 Y117.41
G0 X123.01 Y117.977
G0 X123.882 Y117.317
G0 X126.266 Y117.986
G0 X126.266 Y118.296
;TYPE:WALL-INNER
G1 F2700 E123.74852
G1 F1500 X126.835 Y118.296 E123.76744
G1 X127.446 Y118.18 E123.78813
G1 X128.034 Y117.952 E123.80911
G1 X128.564 Y117.623 E123.82985
G1 X129.026 Y117.201 E123.85067
G1 X129.407 Y116.698 E123.87165
G1 X129.686 Y116.138 E123.89246
G1 X129.859 Y115.529 E123.91352
G1 X129.917 Y114.912 E123.93413
G1 X129.859 Y114.292 E123.95484
G1 X129.686 Y113.686 E123.9758
G1 X129.407 Y113.121 E123.99676
G1 X129.027 Y112.619 E124.0177
G1 X128.565 Y112.201 E124.03842
G1 X128.034 Y111.872 E124.0592
G1 X127.446 Y111.644 E124.08018
G1 X126.835 Y111.529 E124.10085
G1 X126.205 Y111.528 E124.12181
G1 X125.593 Y111.644 E124.14253
G1 X125.001 Y111.872 E124.16363
G1 X124.471 Y112.201 E124.18437
G1 X124.009 Y112.62 E124.20512
G1 X123.63 Y113.122 E124.22604
G1 X123.35 Y113.686 E124.24698
G1 X123.177 Y114.292 E124.26794
G1 X123.119 Y114.912 E124.28865
G1 X123.176 Y115.529 E124.30926
G1 X123.35 Y116.138 E124.33033
G1 X123.629 Y116.698 E124.35114
G1 X124.01 Y117.202 E124.37215
G1 X124.472 Y117.623 E124.39294
G1 X125.001 Y117.952 E124.41366
G1 X125.593 Y118.18 E124.43476
G1 X126.205 Y118.296 E124.45548
G1 X126.266 Y118.296 E124.45751
G0 F9000 X126.266 Y117.986
G0 X126.401 Y116.816
G0 X126.401 Y116.503
G1 F1500 X126.318 Y116.503 E124.46027
G1 X125.948 Y116.405 E124.473
G1 X125.6 Y116.231 E124.48594
G1 X125.307 Y115.966 E124.49908
G1 X125.094 Y115.644 E124.51192
G1 X124.97 Y115.321 E124.52343
G1 X124.914 Y114.913 E124.53713
G1 X124.971 Y114.502 E124.55093
G1 X125.093 Y114.182 E124.56232
G1 X125.328 Y113.838 E124.57617
G1 X125.602 Y113.593 E124.5884
G1 X125.948 Y113.416 E124.60132
G1 X126.319 Y113.321 E124.61406
G1 X126.725 Y113.321 E124.62757
G1 X127.093 Y113.416 E124.64021
G1 X127.436 Y113.594 E124.65306
G1 X127.722 Y113.847 E124.66576
G1 X127.943 Y114.181 E124.67908
G1 X128.079 Y114.538 E124.69179
G1 X128.117 Y114.912 E124.70429
G1 X128.078 Y115.29 E124.71693
G1 X127.943 Y115.644 E124.72953
G1 X127.708 Y115.986 E124.74333
G1 X127.428 Y116.238 E124.75586
G1 X127.094 Y116.404 E124.76827
G1 X126.722 Y116.502 E124.78106
G1 X126.401 Y116.503 E124.79174
G0 F9000 X126.431 Y116.104
;TYPE:WALL-OUTER
G1 F1500 X126.381 Y116.104 E124.7934
G1 X126.092 Y116.031 E124.80331
G1 X125.842 Y115.906 E124.81261
G1 X125.621 Y115.713 E124.82237
G1 X125.452 Y115.466 E124.83232
G1 X125.355 Y115.211 E124.8414
G1 X125.32 Y114.893 E124.85204
G1 X125.355 Y114.612 E124.86146
G1 X125.452 Y114.359 E124.87047
G1 X125.608 Y114.127 E124.87977
G1 X125.822 Y113.931 E124.88942
G1 X126.092 Y113.789 E124.89957
G1 X126.381 Y113.72 E124.90945
G1 X126.655 Y113.72 E124.91856
G1 X126.949 Y113.789 E124.92861
G1 X127.214 Y113.931 E124.93861
G1 X127.415 Y114.111 E124.94758
G1 X127.584 Y114.359 E124.95756
G1 X127.681 Y114.612 E124.96657
G1 X127.717 Y114.912 E124.97662
G1 X127.681 Y115.211 E124.98664
G1 X127.584 Y115.466 E124.99571
G1 X127.415 Y115.713 E125.00567
G1 X127.213 Y115.893 E125.01467
G1 X126.949 Y116.031 E125.02458
G1 X126.655 Y116.104 E125.03465
G1 X126.431 Y116.104 E125.0421
G1 F2700 E120.0421
G0 F9000 X126.431 Y116.816
G0 X126.236 Y117.986
G0 X126.236 Y118.696
G1 F2700 E125.0421
G1 F1500 X126.873 Y118.696 E125.06329
G1 X127.556 Y118.566 E125.08641
G1 X128.214 Y118.312 E125.10987
G1 X128.806 Y117.943 E125.13307
G1 X129.323 Y117.472 E125.15633
G1 X129.749 Y116.91 E125.17979
G1 X130.06 Y116.283 E125.20307
G1 X130.254 Y115.603 E125.22659
G1 X130.319 Y114.912 E125.24967
G1 X130.254 Y114.218 E125.27286
G1 X130.06 Y113.541 E125.29628
G1 X129.749 Y112.91 E125.31968
G1 X129.323 Y112.348 E125.34313
G1 X128.807 Y111.881 E125.36628
G1 X128.214 Y111.512 E125.38951
G1 X127.556 Y111.258 E125.41297
G1 X126.873 Y111.129 E125.43609
G1 X126.167 Y111.128 E125.45957
G1 X125.483 Y111.258 E125.48273
G1 X124.822 Y111.512 E125.50628
G1 X124.229 Y111.881 E125.52951
G1 X123.713 Y112.348 E125.55266
G1 X123.288 Y112.91 E125.57609
G1 X122.976 Y113.541 E125.5995
G1 X122.782 Y114.218 E125.62293
G1 X122.717 Y114.912 E125.64611
G1 X122.782 Y115.603 E125.66919
G1 X122.976 Y116.283 E125.69271
G1 X123.287 Y116.91 E125.71599
G1 X123.713 Y117.472 E125.73945
G1 X124.23 Y117.943 E125.76271
G1 X124.822 Y118.312 E125.78591
G1 X125.483 Y118.566 E125.80946
G1 X126.167 Y118.696 E125.83262
G1 X126.236 Y118.696 E125.83492
G0 F9000 X126.236 Y117.986
G0 X124.995 Y117.583
G0 X124.874 Y117.778
;TYPE:FILL
G1 F3000 X125.326 Y116.091 E125.893
G1 X125.343 Y116.106
G1 X123.649 Y116.56 E125.95134
G0 F9000 X123.856 Y116.458
G0 X124.877 Y114.051
G0 X125.131 Y113.683
G0 X125.321 Y113.515
G0 X126.019 Y113.076
G0 X126.073 Y113.302
G1 F3000 X126.527 Y111.609 E126.00963
G0 F9000 X126.527 Y111.84
G0 X124.981 Y112.252
G0 X124.86 Y112.054
G1 F3000 X126.1 Y113.295 E126.06798
G0 F9000 X126.046 Y113.07
G0 X126.744 Y113.071
G0 X127.179 Y113.178
G0 X127.573 Y113.386
G0 X127.909 Y113.683
G0 X128.163 Y114.051
G0 X128.321 Y114.469
G0 X128.361 Y115.421
G0 X128.144 Y115.338
G1 F3000 X129.379 Y116.573 E126.12607
G0 F9000 X129.178 Y116.472
G0 X129.606 Y114.913
G0 X129.835 Y114.902
G1 F3000 X128.138 Y115.357 E126.18451
G0 F9000 X128.635 Y115.545
G1 F2700 E121.18451
;MESH:megav4.5-pcbfoot.stl(3)
G0 F9000 X125.541 Y118.345
G0 X125.147 Y119.366
G0 X122.628 Y122.628
G0 X121.969 Y123.501
G0 X121.446 Y127.05
G0 X121.283 Y127.359
G0 X120.012 Y128.441
G0 X120.05 Y128.133
;TYPE:WALL-INNER
G1 F2700 E126.18451
G1 F1500 X119.679 Y128.078 E126.19698
G1 X119.353 Y127.954 E126.20858
G1 X119.033 Y127.744 E126.22132
G1 X118.794 Y127.475 E126.23328
G1 X118.589 Y127.113 E126.24712
G1 X118.493 Y126.728 E126.26032
G1 X118.493 Y126.327 E126.27365
G1 X118.591 Y125.962 E126.28622
G1 X118.768 Y125.619 E126.29906
G1 X119.014 Y125.345 E126.31131
G1 X119.322 Y125.121 E126.32398
G1 X119.679 Y124.986 E126.33667
G1 X120.088 Y124.931 E126.3504
G1 X120.464 Y124.975 E126.36299
G1 X120.82 Y125.109 E126.37564
G1 X121.148 Y125.33 E126.38879
G1 X121.403 Y125.617 E126.40156
G1 X121.58 Y125.958 E126.41434
G1 X121.679 Y126.333 E126.42724
G1 X121.679 Y126.731 E126.44048
G1 X121.58 Y127.104 E126.45331
G1 X121.403 Y127.445 E126.46609
G1 X121.159 Y127.722 E126.47837
G1 X120.835 Y127.952 E126.49159
G1 X120.493 Y128.077 E126.5037
G1 X120.093 Y128.139 E126.51716
G1 X120.05 Y128.133 E126.5186
G0 F9000 X120.012 Y128.441
G0 X120.036 Y129.616
G0 X120.007 Y129.922
G1 F1500 X120.088 Y129.929 E126.52131
G1 X120.706 Y129.875 E126.54194
G1 X121.314 Y129.702 E126.56297
G1 X121.873 Y129.424 E126.58373
G1 X122.377 Y129.039 E126.60483
G1 X122.8 Y128.579 E126.62561
G1 X123.128 Y128.051 E126.64628
G1 X123.355 Y127.46 E126.66734
G1 X123.468 Y126.849 E126.68801
G1 X123.468 Y126.215 E126.7091
G1 X123.355 Y125.604 E126.72976
G1 X123.128 Y125.017 E126.75069
G1 X122.799 Y124.484 E126.77153
G1 X122.378 Y124.026 E126.79222
G1 X121.874 Y123.645 E126.81323
G1 X121.314 Y123.366 E126.83404
G1 X120.705 Y123.193 E126.8551
G1 X120.088 Y123.135 E126.87571
G1 X119.467 Y123.193 E126.89645
G1 X118.858 Y123.366 E126.91751
G1 X118.298 Y123.645 E126.93832
G1 X117.795 Y124.025 E126.95929
G1 X117.377 Y124.484 E126.97994
G1 X117.044 Y125.017 E127.00084
G1 X116.82 Y125.605 E127.02177
G1 X116.704 Y126.217 E127.04249
G1 X116.704 Y126.847 E127.06344
G1 X116.82 Y127.46 E127.08419
G1 X117.044 Y128.051 E127.10521
G1 X117.376 Y128.579 E127.12596
G1 X117.796 Y129.04 E127.1467
G1 X118.299 Y129.424 E127.16775
G1 X118.858 Y129.701 E127.18849
G1 X119.466 Y129.874 E127.20952
G1 X120.007 Y129.922 E127.22758
G0 F9000 X119.998 Y130.323
;TYPE:WALL-OUTER
G1 F1503.8 X120.088 Y130.331 E127.23058
G1 F1500 X120.779 Y130.27 E127.25365
G1 X121.459 Y130.076 E127.27717
G1 X122.085 Y129.765 E127.30042
G1 X122.648 Y129.335 E127.32398
G1 X123.12 Y128.822 E127.34717
G1 X123.488 Y128.23 E127.37035
G1 X123.742 Y127.569 E127.39391
G1 X123.868 Y126.885 E127.41704
G1 X123.868 Y126.179 E127.44052
G1 X123.742 Y125.495 E127.46365
G1 X123.488 Y124.838 E127.48708
G1 X123.119 Y124.242 E127.5104
G1 X122.648 Y123.729 E127.53356
G1 X122.086 Y123.303 E127.55702
G1 X121.459 Y122.992 E127.58029
G1 X120.779 Y122.798 E127.60381
G1 X120.088 Y122.733 E127.6269
G1 X119.393 Y122.798 E127.65011
G1 X118.713 Y122.992 E127.67363
G1 X118.086 Y123.303 E127.69691
G1 X117.524 Y123.729 E127.72037
G1 X117.057 Y124.242 E127.74344
G1 X116.684 Y124.838 E127.76683
G1 X116.434 Y125.495 E127.79021
G1 X116.304 Y126.179 E127.81336
G1 X116.304 Y126.885 E127.83684
G1 X116.434 Y127.569 E127.86
G1 X116.684 Y128.23 E127.88351
G1 X117.056 Y128.822 E127.90676
G1 X117.524 Y129.336 E127.92988
G1 X118.087 Y129.765 E127.95342
G1 X118.713 Y130.076 E127.97667
G1 X119.393 Y130.27 E128.00019
G1 F1503.8 X119.998 Y130.323 E128.02034
G1 F2700 E123.02034
G0 F9000 X120.063 Y129.618
G0 X119.973 Y128.436
G0 X120.059 Y127.731
G1 F2700 E128.02034
G1 F1500 X119.789 Y127.693 E128.02941
G1 X119.531 Y127.596 E128.03858
G1 X119.287 Y127.431 E128.04837
G1 X119.094 Y127.207 E128.05821
G1 X118.965 Y126.959 E128.06751
G1 X118.892 Y126.667 E128.07752
G1 X118.892 Y126.397 E128.0865
G1 X118.965 Y126.104 E128.09654
G1 X119.094 Y125.858 E128.10578
G1 X119.287 Y125.637 E128.11554
G1 X119.53 Y125.468 E128.12538
G1 X119.789 Y125.371 E128.13458
G1 X120.088 Y125.331 E128.14462
G1 X120.357 Y125.365 E128.15363
G1 X120.642 Y125.468 E128.16371
G1 X120.869 Y125.624 E128.17287
G1 X121.079 Y125.858 E128.18333
G1 X121.207 Y126.103 E128.19252
G1 X121.28 Y126.396 E128.20257
G1 X121.28 Y126.668 E128.21161
G1 X121.198 Y126.982 E128.22241
G1 X121.078 Y127.206 E128.23086
G1 X120.87 Y127.443 E128.24135
G1 X120.642 Y127.595 E128.25046
G1 X120.383 Y127.693 E128.25967
G1 X120.07 Y127.732 E128.27016
G1 X120.059 Y127.731 E128.27053
G0 F9000 X119.973 Y128.436
G0 X119.368 Y128.226
G0 X118.737 Y127.878
G0 X118.909 Y127.727
;TYPE:FILL
G1 F3000 X117.219 Y128.18 E128.32873
G0 F9000 X117.418 Y128.058
G0 X118.543 Y129.199
G0 X118.441 Y129.404
G1 F3000 X118.894 Y127.712 E128.38698
G0 F9000 X118.724 Y127.862
G0 X118.353 Y127.193
G0 X118.246 Y126.758
G0 X118.246 Y126.31
G0 X118.353 Y125.875
G0 X118.561 Y125.481
G0 X118.801 Y125.209
G0 X119.562 Y124.699
G0 X119.643 Y124.915
G1 F3000 X120.099 Y123.215 E128.44552
G0 F9000 X120.088 Y123.448
G0 X118.527 Y123.877
G0 X118.426 Y123.672
G1 F3000 X119.661 Y124.908 E128.50364
G0 F9000 X119.58 Y124.692
G0 X120.532 Y124.733
G0 X120.95 Y124.891
G0 X121.318 Y125.145
G0 X121.615 Y125.481
G0 X121.823 Y125.875
G0 X121.883 Y126.122
G0 X121.931 Y127.007
G0 X121.705 Y126.952
G1 F3000 X122.947 Y128.194 E128.56206
G0 F9000 X122.75 Y128.072
G0 X123.161 Y126.527
G0 X123.388 Y126.527
G1 F3000 X121.7 Y126.98 E128.62019
G0 F9000 X122.215 Y127.107
G1 F2700 E123.62019
;MESH:NONMESH
G0 F300 X122.215 Y127.107 Z1.4
G0 F9000 X121.283 Y125.709
G0 X121.051 Y125.447
G0 X120.763 Y125.248
G0 X120.435 Y125.124
G0 X116.809 Y125.159
G0 X115.788 Y124.765
G0 X112.383 Y122.616
G0 X111.51 Y121.957
G0 X108.602 Y121.979
G0 X108.602 Y121.667
;TIME_ELAPSED:255.710659
;LAYER:6
;TYPE:WALL-INNER
;MESH:megav4.5-pcbfoot.stl(1)
G1 F2700 E128.62019
G1 F1500 X108.247 Y121.659 E128.632
G1 X107.904 Y121.569 E128.64379
G1 X107.562 Y121.391 E128.65662
G1 X107.265 Y121.129 E128.66979
G1 X107.054 Y120.808 E128.68257
G1 X106.93 Y120.481 E128.6942
G1 X106.87 Y120.076 E128.70781
G1 X106.93 Y119.667 E128.72156
G1 X107.054 Y119.341 E128.73316
G1 X107.264 Y119.021 E128.74589
G1 X107.533 Y118.782 E128.75786
G1 X107.895 Y118.577 E128.7717
G1 X108.28 Y118.481 E128.7849
G1 X108.673 Y118.481 E128.79797
G1 X109.046 Y118.578 E128.81079
G1 X109.362 Y118.742 E128.82263
G1 X109.673 Y119.004 E128.83615
G1 X109.898 Y119.34 E128.8496
G1 X110.032 Y119.697 E128.86229
G1 X110.077 Y120.076 E128.87498
G1 X110.022 Y120.481 E128.88857
G1 X109.899 Y120.808 E128.90019
G1 X109.678 Y121.136 E128.91335
G1 X109.391 Y121.391 E128.92612
G1 X109.05 Y121.568 E128.9389
G1 X108.672 Y121.668 E128.9519
G1 X108.602 Y121.667 E128.95423
G0 F9000 X108.602 Y121.979
G0 X108.742 Y123.149
G0 X108.742 Y123.456
G1 F1500 X108.793 Y123.456 E128.95593
G1 X109.404 Y123.344 E128.97659
G1 X109.991 Y123.116 E128.99753
G1 X110.523 Y122.787 E129.01834
G1 X110.982 Y122.366 E129.03905
G1 X111.363 Y121.862 E129.06006
G1 X111.642 Y121.302 E129.08087
G1 X111.815 Y120.693 E129.10193
G1 X111.873 Y120.076 E129.12254
G1 X111.815 Y119.455 E129.14329
G1 X111.642 Y118.846 E129.16434
G1 X111.363 Y118.286 E129.18515
G1 X110.983 Y117.783 E129.20612
G1 X110.524 Y117.365 E129.22677
G1 X109.991 Y117.032 E129.24767
G1 X109.403 Y116.808 E129.2686
G1 X108.791 Y116.693 E129.28931
G1 X108.161 Y116.692 E129.31027
G1 X107.548 Y116.808 E129.33102
G1 X106.957 Y117.032 E129.35204
G1 X106.429 Y117.364 E129.37278
G1 X105.968 Y117.784 E129.39352
G1 X105.584 Y118.287 E129.41457
G1 X105.307 Y118.846 E129.43532
G1 X105.134 Y119.454 E129.45635
G1 X105.079 Y120.076 E129.47711
G1 X105.134 Y120.694 E129.49775
G1 X105.307 Y121.302 E129.51878
G1 X105.584 Y121.861 E129.53953
G1 X105.969 Y122.365 E129.56062
G1 X106.429 Y122.788 E129.58141
G1 X106.957 Y123.115 E129.60206
G1 X107.548 Y123.343 E129.62313
G1 X108.159 Y123.456 E129.6438
G1 X108.742 Y123.456 E129.66319
G0 F9000 X108.774 Y123.856
;TYPE:WALL-OUTER
G1 F1500 X108.829 Y123.856 E129.66502
G1 X109.513 Y123.73 E129.68815
G1 X110.17 Y123.476 E129.71158
G1 X110.766 Y123.107 E129.73489
G1 X111.279 Y122.636 E129.75806
G1 X111.705 Y122.074 E129.78151
G1 X112.016 Y121.447 E129.80479
G1 X112.21 Y120.767 E129.82831
G1 X112.275 Y120.076 E129.85139
G1 X112.21 Y119.381 E129.87461
G1 X112.016 Y118.701 E129.89813
G1 X111.705 Y118.074 E129.92141
G1 X111.279 Y117.512 E129.94486
G1 X110.766 Y117.045 E129.96794
G1 X110.17 Y116.672 E129.99132
G1 X109.513 Y116.422 E130.0147
G1 X108.829 Y116.293 E130.03785
G1 X108.123 Y116.292 E130.06133
G1 X107.439 Y116.422 E130.08449
G1 X106.778 Y116.672 E130.108
G1 X106.186 Y117.044 E130.13125
G1 X105.672 Y117.512 E130.15437
G1 X105.243 Y118.075 E130.17791
G1 X104.932 Y118.701 E130.20116
G1 X104.738 Y119.381 E130.22468
G1 X104.677 Y120.076 E130.24789
G1 X104.738 Y120.767 E130.27096
G1 X104.932 Y121.447 E130.29448
G1 X105.243 Y122.073 E130.31773
G1 X105.673 Y122.636 E130.34129
G1 X106.186 Y123.108 E130.36448
G1 X106.778 Y123.475 E130.38764
G1 X107.439 Y123.73 E130.41121
G1 X108.123 Y123.856 E130.43434
G1 X108.774 Y123.856 E130.45599
G1 F2700 E125.45599
G0 F9000 X108.763 Y123.15
G0 X108.571 Y121.979
G0 X108.571 Y121.268
G1 F2700 E130.45599
G1 F1500 X108.34 Y121.268 E130.46367
G1 X108.048 Y121.195 E130.47368
G1 X107.802 Y121.066 E130.48292
G1 X107.565 Y120.858 E130.49341
G1 X107.412 Y120.63 E130.50254
G1 X107.315 Y120.371 E130.51174
G1 X107.276 Y120.058 E130.52223
G1 X107.315 Y119.777 E130.53167
G1 X107.412 Y119.519 E130.54084
G1 X107.577 Y119.275 E130.55063
G1 X107.801 Y119.082 E130.56047
G1 X108.049 Y118.953 E130.56977
G1 X108.341 Y118.88 E130.57978
G1 X108.611 Y118.88 E130.58876
G1 X108.904 Y118.952 E130.59879
G1 X109.15 Y119.082 E130.60805
G1 X109.371 Y119.275 E130.61781
G1 X109.54 Y119.518 E130.62765
G1 X109.637 Y119.777 E130.63685
G1 X109.677 Y120.076 E130.64688
G1 X109.637 Y120.371 E130.65678
G1 X109.54 Y120.63 E130.66598
G1 X109.384 Y120.857 E130.67514
G1 X109.15 Y121.067 E130.6856
G1 X108.905 Y121.195 E130.69479
G1 X108.612 Y121.268 E130.70484
G1 X108.571 Y121.268 E130.7062
G0 F9000 X108.571 Y121.979
G0 X107.961 Y121.843
G0 X107.275 Y121.552
G0 X107.43 Y121.38
;TYPE:FILL
G1 F3000 X105.676 Y121.85 E130.7666
G0 F9000 X105.86 Y121.712
G0 X106.827 Y122.669
G0 X106.705 Y122.865
G1 F3000 X107.17 Y121.129 E130.82637
G0 F9000 X106.981 Y121.258
G0 X106.676 Y120.52
G0 X106.621 Y120.076
G0 X106.676 Y119.632
G0 X106.834 Y119.214
G0 X107.04 Y118.916
G0 X107.77 Y118.298
G0 X107.875 Y118.5
G1 F3000 X108.338 Y116.772 E130.88587
G0 F9000 X108.338 Y117.003
G0 X107.062 Y117.339
G0 X106.939 Y117.138
G1 F3000 X108.214 Y118.414 E130.94587
G0 F9000 X108.161 Y118.194
G0 X108.701 Y118.234
G0 X109.136 Y118.341
G0 X109.53 Y118.549
G0 X109.866 Y118.846
G0 X110.12 Y119.214
G0 X110.21 Y119.451
G0 X110.359 Y120.357
G0 X110.128 Y120.328
G1 F3000 X111.403 Y121.602 E131.00582
G0 F9000 X111.201 Y121.501
G0 X111.553 Y120.194
G0 X111.78 Y120.215
G1 F3000 X110.031 Y120.683 E131.06604
G0 F9000 X110.53 Y120.872
G1 F2700 E126.06604
;MESH:megav4.5-pcbfoot.stl
G0 F9000 X112.045 Y120.076
G0 X113.134 Y119.975
G0 X113.99 Y120.564
G0 X114.862 Y119.904
G0 X117.5 Y120.573
G0 X117.5 Y120.88
;TYPE:WALL-INNER
G1 F2700 E131.06604
G1 F1500 X117.817 Y120.88 E131.07658
G1 X118.428 Y120.768 E131.09724
G1 X119.014 Y120.54 E131.11815
G1 X119.544 Y120.211 E131.1389
G1 X120.006 Y119.789 E131.15971
G1 X120.387 Y119.286 E131.1807
G1 X120.666 Y118.726 E131.20151
G1 X120.839 Y118.117 E131.22257
G1 X120.897 Y117.5 E131.24318
G1 X120.839 Y116.879 E131.26392
G1 X120.666 Y116.27 E131.28498
G1 X120.387 Y115.71 E131.30579
G1 X120.007 Y115.207 E131.32676
G1 X119.544 Y114.789 E131.3475
G1 X119.014 Y114.456 E131.36832
G1 X118.427 Y114.232 E131.38922
G1 X117.815 Y114.117 E131.40993
G1 X117.185 Y114.116 E131.43088
G1 X116.572 Y114.232 E131.45163
G1 X115.981 Y114.457 E131.47267
G1 X115.452 Y114.789 E131.49344
G1 X114.989 Y115.208 E131.51421
G1 X114.609 Y115.71 E131.53515
G1 X114.33 Y116.27 E131.55596
G1 X114.157 Y116.879 E131.57702
G1 X114.099 Y117.5 E131.59776
G1 X114.157 Y118.117 E131.61837
G1 X114.33 Y118.726 E131.63943
G1 X114.609 Y119.286 E131.66024
G1 X114.99 Y119.789 E131.68123
G1 X115.452 Y120.211 E131.70204
G1 X115.981 Y120.54 E131.72276
G1 X116.572 Y120.767 E131.74381
G1 X117.183 Y120.88 E131.76448
G1 X117.5 Y120.88 E131.77502
G0 F9000 X117.5 Y120.573
G0 X117.5 Y119.403
G0 X117.5 Y119.091
G1 F1500 X117.298 Y119.091 E131.78174
G1 X116.928 Y118.993 E131.79447
G1 X116.582 Y118.815 E131.80742
G1 X116.309 Y118.571 E131.81959
G1 X116.085 Y118.261 E131.83231
G1 X115.95 Y117.905 E131.84498
G1 X115.894 Y117.501 E131.85854
G1 X115.95 Y117.091 E131.87231
G1 X116.086 Y116.733 E131.88504
G1 X116.308 Y116.426 E131.89764
G1 X116.577 Y116.184 E131.90968
G1 X116.925 Y116 E131.92277
G1 X117.299 Y115.905 E131.93561
G1 X117.697 Y115.905 E131.94884
G1 X118.07 Y116.002 E131.96166
G1 X118.387 Y116.167 E131.97355
G1 X118.698 Y116.43 E131.9871
G1 X118.922 Y116.764 E132.00047
G1 X119.059 Y117.128 E132.01341
G1 X119.097 Y117.5 E132.02584
G1 X119.046 Y117.905 E132.03942
G1 X118.923 Y118.232 E132.05104
G1 X118.687 Y118.571 E132.06478
G1 X118.413 Y118.816 E132.077
G1 X118.074 Y118.992 E132.08971
G1 X117.699 Y119.091 E132.10261
G1 X117.5 Y119.091 E132.10923
G0 F9000 X117.5 Y118.692
;TYPE:WALL-OUTER
G1 F1500 X117.361 Y118.692 E132.11385
G1 X117.051 Y118.61 E132.12452
G1 X116.803 Y118.477 E132.13388
G1 X116.601 Y118.297 E132.14287
G1 X116.432 Y118.054 E132.15272
G1 X116.335 Y117.795 E132.16192
G1 X116.3 Y117.481 E132.17243
G1 X116.335 Y117.201 E132.18181
G1 X116.432 Y116.943 E132.19098
G1 X116.588 Y116.715 E132.20017
G1 X116.821 Y116.506 E132.21058
G1 X117.093 Y116.37 E132.22069
G1 X117.361 Y116.304 E132.22987
G1 X117.635 Y116.304 E132.23899
G1 X117.928 Y116.376 E132.24902
G1 X118.175 Y116.506 E132.2583
G1 X118.395 Y116.699 E132.26804
G1 X118.564 Y116.942 E132.27788
G1 X118.661 Y117.201 E132.28708
G1 X118.697 Y117.5 E132.2971
G1 X118.661 Y117.795 E132.30698
G1 X118.564 Y118.054 E132.31618
G1 X118.395 Y118.297 E132.32603
G1 X118.193 Y118.477 E132.33503
G1 X117.929 Y118.619 E132.345
G1 X117.636 Y118.692 E132.35504
G1 X117.5 Y118.692 E132.35956
G1 F2700 E127.35956
G0 F9000 X117.5 Y119.403
G0 X117.5 Y120.573
G0 X117.5 Y121.28
G1 F2700 E132.35956
G1 F1500 X117.853 Y121.28 E132.3713
G1 X118.537 Y121.154 E132.39444
G1 X119.194 Y120.9 E132.41786
G1 X119.786 Y120.531 E132.44107
G1 X120.303 Y120.06 E132.46433
G1 X120.729 Y119.498 E132.48778
G1 X121.04 Y118.871 E132.51106
G1 X121.234 Y118.191 E132.53458
G1 X121.299 Y117.5 E132.55766
G1 X121.234 Y116.805 E132.58088
G1 X121.04 Y116.125 E132.6044
G1 X120.729 Y115.498 E132.62768
G1 X120.303 Y114.936 E132.65113
G1 X119.786 Y114.469 E132.67431
G1 X119.194 Y114.096 E132.69758
G1 X118.537 Y113.846 E132.72096
G1 X117.853 Y113.717 E132.74411
G1 X117.147 Y113.716 E132.76759
G1 X116.463 Y113.846 E132.79075
G1 X115.802 Y114.097 E132.81427
G1 X115.21 Y114.469 E132.83752
G1 X114.693 Y114.936 E132.86069
G1 X114.267 Y115.498 E132.88415
G1 X113.956 Y116.125 E132.90743
G1 X113.762 Y116.805 E132.93095
G1 X113.697 Y117.5 E132.95416
G1 X113.762 Y118.191 E132.97725
G1 X113.956 Y118.871 E133.00077
G1 X114.267 Y119.498 E133.02404
G1 X114.693 Y120.06 E133.0475
G1 X115.21 Y120.531 E133.07076
G1 X115.802 Y120.9 E133.09396
G1 X116.463 Y121.154 E133.11752
G1 X117.147 Y121.28 E133.14065
G1 X117.5 Y121.28 E133.15239
G0 F9000 X117.5 Y120.573
G0 X115.85 Y120.092
G0 X115.729 Y120.287
;TYPE:FILL
G1 F3000 X116.195 Y118.548 E133.21227
G0 F9000 X116.45 Y118.805
G1 F3000 X114.701 Y119.273 E133.27249
G0 F9000 X114.883 Y119.136
G0 X115.857 Y116.638
G0 X116.063 Y116.34
G0 X116.793 Y115.722
G0 X116.898 Y115.923
G1 F3000 X117.361 Y114.195 E133.33199
G0 F9000 X117.361 Y114.427
G0 X116.085 Y114.763
G0 X115.963 Y114.564
G1 F3000 X117.235 Y115.837 E133.39184
G0 F9000 X117.182 Y115.618
G0 X117.724 Y115.658
G0 X118.159 Y115.765
G0 X118.553 Y115.973
G0 X118.889 Y116.27
G0 X119.143 Y116.638
G0 X119.233 Y116.875
G0 X119.382 Y117.781
G0 X119.15 Y117.752
G1 F3000 X120.426 Y119.027 E133.45184
G0 F9000 X120.224 Y118.926
G0 X120.576 Y117.617
G0 X120.803 Y117.638
G1 F3000 X119.056 Y118.106 E133.51199
G0 F9000 X119.554 Y118.295
G1 F2700 E128.51199
;MESH:megav4.5-pcbfoot.stl(2)
G0 F9000 X121.009 Y118.154
G0 X122.098 Y118.254
G0 X123.01 Y117.977
G0 X123.882 Y117.317
G0 X126.266 Y117.986
G0 X126.266 Y118.296
;TYPE:WALL-INNER
G1 F2700 E133.51199
G1 F1500 X126.835 Y118.296 E133.53092
G1 X127.446 Y118.18 E133.5516
G1 X128.034 Y117.952 E133.57258
G1 X128.564 Y117.623 E133.59333
G1 X129.026 Y117.201 E133.61414
G1 X129.407 Y116.698 E133.63513
G1 X129.686 Y116.138 E133.65593
G1 X129.859 Y115.529 E133.67699
G1 X129.917 Y114.912 E133.6976
G1 X129.859 Y114.292 E133.71831
G1 X129.686 Y113.686 E133.73928
G1 X129.407 Y113.121 E133.76023
G1 X129.027 Y112.619 E133.78117
G1 X128.565 Y112.201 E133.8019
G1 X128.034 Y111.872 E133.82267
G1 X127.446 Y111.644 E133.84365
G1 X126.835 Y111.529 E133.86433
G1 X126.205 Y111.528 E133.88528
G1 X125.593 Y111.644 E133.906
G1 X125.001 Y111.872 E133.9271
G1 X124.471 Y112.201 E133.94785
G1 X124.009 Y112.62 E133.96859
G1 X123.63 Y113.122 E133.98951
G1 X123.35 Y113.686 E134.01046
G1 X123.177 Y114.292 E134.03142
G1 X123.119 Y114.912 E134.05213
G1 X123.176 Y115.529 E134.07274
G1 X123.35 Y116.138 E134.0938
G1 X123.629 Y116.698 E134.11461
G1 X124.01 Y117.202 E134.13563
G1 X124.472 Y117.623 E134.15641
G1 X125.001 Y117.952 E134.17713
G1 X125.593 Y118.18 E134.19823
G1 X126.205 Y118.296 E134.21895
G1 X126.266 Y118.296 E134.22098
G0 F9000 X126.266 Y117.986
G0 X126.401 Y116.816
G0 X126.401 Y116.503
G1 F1500 X126.318 Y116.503 E134.22374
G1 X125.948 Y116.405 E134.23647
G1 X125.6 Y116.231 E134.24941
G1 X125.307 Y115.966 E134.26255
G1 X125.094 Y115.644 E134.27539
G1 X124.97 Y115.321 E134.2869
G1 X124.914 Y114.913 E134.3006
G1 X124.971 Y114.502 E134.3144
G1 X125.093 Y114.182 E134.32579
G1 X125.328 Y113.838 E134.33965
G1 X125.602 Y113.593 E134.35187
G1 X125.948 Y113.416 E134.3648
G1 X126.319 Y113.321 E134.37754
G1 X126.725 Y113.321 E134.39104
G1 X127.093 Y113.416 E134.40368
G1 X127.436 Y113.594 E134.41653
G1 X127.722 Y113.847 E134.42923
G1 X127.943 Y114.181 E134.44255
G1 X128.079 Y114.538 E134.45526
G1 X128.117 Y114.912 E134.46776
G1 X128.078 Y115.29 E134.4804
G1 X127.943 Y115.644 E134.493
G1 X127.708 Y115.986 E134.5068
G1 X127.428 Y116.238 E134.51933
G1 X127.094 Y116.404 E134.53174
G1 X126.722 Y116.502 E134.54453
G1 X126.401 Y116.503 E134.55521
G0 F9000 X126.431 Y116.104
;TYPE:WALL-OUTER
G1 F1500 X126.381 Y116.104 E134.55687
G1 X126.092 Y116.031 E134.56679
G1 X125.842 Y115.906 E134.57608
G1 X125.621 Y115.713 E134.58584
G1 X125.452 Y115.466 E134.5958
G1 X125.355 Y115.211 E134.60487
G1 X125.32 Y114.893 E134.61551
G1 X125.355 Y114.612 E134.62493
G1 X125.452 Y114.359 E134.63394
G1 X125.608 Y114.127 E134.64324
G1 X125.822 Y113.931 E134.65289
G1 X126.092 Y113.789 E134.66304
G1 X126.381 Y113.72 E134.67292
G1 X126.655 Y113.72 E134.68204
G1 X126.949 Y113.789 E134.69208
G1 X127.214 Y113.931 E134.70208
G1 X127.415 Y114.111 E134.71105
G1 X127.584 Y114.359 E134.72103
G1 X127.681 Y114.612 E134.73005
G1 X127.717 Y114.912 E134.7401
G1 X127.681 Y115.211 E134.75011
G1 X127.584 Y115.466 E134.75919
G1 X127.415 Y115.713 E134.76914
G1 X127.213 Y115.893 E134.77814
G1 X126.949 Y116.031 E134.78805
G1 X126.655 Y116.104 E134.79812
G1 X126.431 Y116.104 E134.80557
G1 F2700 E129.80557
G0 F9000 X126.431 Y116.816
G0 X126.236 Y117.986
G0 X126.236 Y118.696
G1 F2700 E134.80557
G1 F1500 X126.873 Y118.696 E134.82676
G1 X127.556 Y118.566 E134.84989
G1 X128.214 Y118.312 E134.87334
G1 X128.806 Y117.943 E134.89655
G1 X129.323 Y117.472 E134.91981
G1 X129.749 Y116.91 E134.94326
G1 X130.06 Y116.283 E134.96654
G1 X130.254 Y115.603 E134.99006
G1 X130.319 Y114.912 E135.01314
G1 X130.254 Y114.218 E135.03633
G1 X130.06 Y113.541 E135.05975
G1 X129.749 Y112.91 E135.08315
G1 X129.323 Y112.348 E135.1066
G1 X128.807 Y111.881 E135.12975
G1 X128.214 Y111.512 E135.15298
G1 X127.556 Y111.258 E135.17644
G1 X126.873 Y111.129 E135.19956
G1 X126.167 Y111.128 E135.22304
G1 X125.483 Y111.258 E135.2462
G1 X124.822 Y111.512 E135.26975
G1 X124.229 Y111.881 E135.29298
G1 X123.713 Y112.348 E135.31613
G1 X123.288 Y112.91 E135.33956
G1 X122.976 Y113.541 E135.36298
G1 X122.782 Y114.218 E135.3864
G1 X122.717 Y114.912 E135.40958
G1 X122.782 Y115.603 E135.43267
G1 X122.976 Y116.283 E135.45619
G1 X123.287 Y116.91 E135.47946
G1 X123.713 Y117.472 E135.50292
G1 X124.23 Y117.943 E135.52618
G1 X124.822 Y118.312 E135.54938
G1 X125.483 Y118.566 E135.57294
G1 X126.167 Y118.696 E135.59609
G1 X126.236 Y118.696 E135.59839
G0 F9000 X126.236 Y117.986
G0 X124.87 Y117.505
G0 X124.749 Y117.7
;TYPE:FILL
G1 F3000 X125.212 Y115.971 E135.65792
G0 F9000 X125.469 Y116.218
G1 F3000 X123.72 Y116.687 E135.71815
G0 F9000 X123.903 Y116.549
G0 X124.877 Y114.051
G0 X125.083 Y113.753
G0 X125.808 Y113.138
G0 X125.916 Y113.344
G1 F3000 X126.381 Y111.608 E135.77792
G0 F9000 X126.381 Y111.84
G0 X125.105 Y112.176
G0 X124.983 Y111.977
G1 F3000 X126.259 Y113.254 E135.83797
G0 F9000 X126.205 Y113.03
G0 X126.744 Y113.071
G0 X127.179 Y113.178
G0 X127.573 Y113.386
G0 X127.909 Y113.683
G0 X128.163 Y114.051
G0 X128.253 Y114.288
G0 X128.402 Y115.194
G0 X128.172 Y115.166
G1 F3000 X129.445 Y116.44 E135.89787
G0 F9000 X129.244 Y116.34
G0 X129.596 Y115.031
G0 X129.823 Y115.052
G1 F3000 X128.075 Y115.52 E135.95805
G0 F9000 X128.573 Y115.709
G1 F2700 E130.95805
;MESH:megav4.5-pcbfoot.stl(3)
G0 F9000 X125.541 Y118.345
G0 X125.147 Y119.366
G0 X122.628 Y122.628
G0 X121.969 Y123.501
G0 X121.446 Y127.05
G0 X121.283 Y127.359
G0 X120.012 Y128.441
G0 X120.05 Y128.133
;TYPE:WALL-INNER
G1 F2700 E135.95805
G1 F1500 X119.679 Y128.078 E135.97053
G1 X119.353 Y127.954 E135.98213
G1 X119.033 Y127.744 E135.99486
G1 X118.794 Y127.475 E136.00683
G1 X118.589 Y127.113 E136.02066
G1 X118.493 Y126.728 E136.03386
G1 X118.493 Y126.327 E136.0472
G1 X118.591 Y125.962 E136.05977
G1 X118.768 Y125.619 E136.07261
G1 X119.014 Y125.345 E136.08485
G1 X119.322 Y125.121 E136.09752
G1 X119.679 Y124.986 E136.11021
G1 X120.088 Y124.931 E136.12394
G1 X120.464 Y124.975 E136.13653
G1 X120.82 Y125.109 E136.14918
G1 X121.148 Y125.33 E136.16234
G1 X121.403 Y125.617 E136.17511
G1 X121.58 Y125.958 E136.18789
G1 X121.679 Y126.333 E136.20079
G1 X121.679 Y126.731 E136.21402
G1 X121.58 Y127.104 E136.22686
G1 X121.403 Y127.445 E136.23964
G1 X121.159 Y127.722 E136.25191
G1 X120.835 Y127.952 E136.26513
G1 X120.493 Y128.077 E136.27724
G1 X120.093 Y128.139 E136.2907
G1 X120.05 Y128.133 E136.29215
G0 F9000 X120.012 Y128.441
G0 X120.036 Y129.616
G0 X120.007 Y129.922
G1 F1500 X120.088 Y129.929 E136.29485
G1 X120.706 Y129.875 E136.31549
G1 X121.314 Y129.702 E136.33651
G1 X121.873 Y129.424 E136.35728
G1 X122.377 Y129.039 E136.37837
G1 X122.8 Y128.579 E136.39915
G1 X123.128 Y128.051 E136.41983
G1 X123.355 Y127.46 E136.44089
G1 X123.468 Y126.849 E136.46155
G1 X123.468 Y126.215 E136.48264
G1 X123.355 Y125.604 E136.50331
G1 X123.128 Y125.017 E136.52424
G1 X122.799 Y124.484 E136.54507
G1 X122.378 Y124.026 E136.56576
G1 X121.874 Y123.645 E136.58678
G1 X121.314 Y123.366 E136.60759
G1 X120.705 Y123.193 E136.62864
G1 X120.088 Y123.135 E136.64925
G1 X119.467 Y123.193 E136.67
G1 X118.858 Y123.366 E136.69106
G1 X118.298 Y123.645 E136.71186
G1 X117.795 Y124.025 E136.73283
G1 X117.377 Y124.484 E136.75348
G1 X117.044 Y125.017 E136.77438
G1 X116.82 Y125.605 E136.79531
G1 X116.704 Y126.217 E136.81603
G1 X116.704 Y126.847 E136.83698
G1 X116.82 Y127.46 E136.85773
G1 X117.044 Y128.051 E136.87875
G1 X117.376 Y128.579 E136.8995
G1 X117.796 Y129.04 E136.92024
G1 X118.299 Y129.424 E136.94129
G1 X118.858 Y129.701 E136.96204
G1 X119.466 Y129.874 E136.98306
G1 X120.007 Y129.922 E137.00113
G0 F9000 X119.998 Y130.323
;TYPE:WALL-OUTER
G1 F1503.8 X120.088 Y130.331 E137.00413
G1 F1500 X120.779 Y130.27 E137.0272
G1 X121.459 Y130.076 E137.05072
G1 X122.085 Y129.765 E137.07397
G1 X122.648 Y129.335 E137.09753
G1 X123.12 Y128.822 E137.12071
G1 X123.488 Y128.23 E137.1439
G1 X123.742 Y127.569 E137.16745
G1 X123.868 Y126.885 E137.19058
G1 X123.868 Y126.179 E137.21406
G1 X123.742 Y125.495 E137.2372
G1 X123.488 Y124.838 E137.26063
G1 X123.119 Y124.242 E137.28394
G1 X122.648 Y123.729 E137.3071
G1 X122.086 Y123.303 E137.33056
G1 X121.459 Y122.992 E137.35384
G1 X120.779 Y122.798 E137.37736
G1 X120.088 Y122.733 E137.40044
G1 X119.393 Y122.798 E137.42366
G1 X118.713 Y122.992 E137.44718
G1 X118.086 Y123.303 E137.47046
G1 X117.524 Y123.729 E137.49391
G1 X117.057 Y124.242 E137.51698
G1 X116.684 Y124.838 E137.54037
G1 X116.434 Y125.495 E137.56375
G1 X116.304 Y126.179 E137.58691
G1 X116.304 Y126.885 E137.61039
G1 X116.434 Y127.569 E137.63355
G1 X116.684 Y128.23 E137.65705
G1 X117.056 Y128.822 E137.68031
G1 X117.524 Y129.336 E137.70343
G1 X118.087 Y129.765 E137.72697
G1 X118.713 Y130.076 E137.75022
G1 X119.393 Y130.27 E137.77374
G1 F1503.8 X119.998 Y130.323 E137.79389
G1 F2700 E132.79389
G0 F9000 X120.063 Y129.618
G0 X119.973 Y128.436
G0 X120.059 Y127.731
G1 F2700 E137.79389
G1 F1500 X119.789 Y127.693 E137.80295
G1 X119.531 Y127.596 E137.81212
G1 X119.287 Y127.431 E137.82192
G1 X119.094 Y127.207 E137.83175
G1 X118.965 Y126.959 E137.84105
G1 X118.892 Y126.667 E137.85106
G1 X118.892 Y126.397 E137.86004
G1 X118.965 Y126.104 E137.87008
G1 X119.094 Y125.858 E137.87932
G1 X119.287 Y125.637 E137.88908
G1 X119.53 Y125.468 E137.89893
G1 X119.789 Y125.371 E137.90813
G1 X120.088 Y125.331 E137.91816
G1 X120.357 Y125.365 E137.92718
G1 X120.642 Y125.468 E137.93726
G1 X120.869 Y125.624 E137.94642
G1 X121.079 Y125.858 E137.95687
G1 X121.207 Y126.103 E137.96607
G1 X121.28 Y126.396 E137.97611
G1 X121.28 Y126.668 E137.98516
G1 X121.198 Y126.982 E137.99595
G1 X121.078 Y127.206 E138.0044
G1 X120.87 Y127.443 E138.01489
G1 X120.642 Y127.595 E138.02401
G1 X120.383 Y127.693 E138.03322
G1 X120.07 Y127.732 E138.04371
G1 X120.059 Y127.731 E138.04407
G0 F9000 X119.973 Y128.436
G0 X118.904 Y128.028
G0 X119.034 Y127.84
;TYPE:FILL
G1 F3000 X117.297 Y128.305 E138.10388
G0 F9000 X117.495 Y128.184
G0 X118.452 Y129.152
G0 X118.314 Y129.333
G1 F3000 X118.782 Y127.583 E138.16413
G0 F9000 X118.61 Y127.734
G0 X118.353 Y127.193
G0 X118.246 Y126.758
G0 X118.246 Y126.31
G0 X118.353 Y125.875
G0 X118.561 Y125.481
G0 X118.729 Y125.291
G0 X119.4 Y124.76
G0 X119.481 Y124.977
G1 F3000 X119.95 Y123.227 E138.22439
G0 F9000 X119.971 Y123.459
G0 X118.659 Y123.812
G0 X118.558 Y123.606
G1 F3000 X119.832 Y124.879 E138.28429
G0 F9000 X119.805 Y124.652
G0 X120.532 Y124.733
G0 X120.95 Y124.891
G0 X121.318 Y125.145
G0 X121.615 Y125.481
G0 X121.823 Y125.875
G0 X121.97 Y126.847
G0 X121.745 Y126.792
G1 F3000 X123.023 Y128.07 E138.34441
G0 F9000 X122.827 Y127.948
G0 X123.161 Y126.673
G0 X123.388 Y126.673
G1 F3000 X121.661 Y127.136 E138.40388
G0 F9000 X122.13 Y127.384
G1 F2700 E133.40388
;MESH:NONMESH
G0 F300 X122.13 Y127.384 Z1.6
G0 F9000 X121.283 Y125.709
G0 X121.051 Y125.447
G0 X120.763 Y125.248
G0 X120.435 Y125.124
G0 X116.809 Y125.159
G0 X115.788 Y124.765
G0 X112.383 Y122.616
G0 X111.51 Y121.957
G0 X108.602 Y121.979
G0 X108.602 Y121.667
;TIME_ELAPSED:278.169065
;LAYER:7
;TYPE:WALL-INNER
;MESH:megav4.5-pcbfoot.stl(1)
G1 F2700 E138.40388
G1 F1500 X108.247 Y121.659 E138.41569
G1 X107.904 Y121.569 E138.42748
G1 X107.562 Y121.391 E138.4403
G1 X107.265 Y121.129 E138.45348
G1 X107.054 Y120.808 E138.46625
G1 X106.93 Y120.481 E138.47788
G1 X106.87 Y120.076 E138.4915
G1 X106.93 Y119.667 E138.50525
G1 X107.054 Y119.341 E138.51685
G1 X107.264 Y119.021 E138.52958
G1 X107.533 Y118.782 E138.54155
G1 X107.895 Y118.577 E138.55539
G1 X108.28 Y118.481 E138.56858
G1 X108.673 Y118.481 E138.58166
G1 X109.046 Y118.578 E138.59447
G1 X109.362 Y118.742 E138.60632
G1 X109.673 Y119.004 E138.61984
G1 X109.898 Y119.34 E138.63329
G1 X110.032 Y119.697 E138.64597
G1 X110.077 Y120.076 E138.65867
G1 X110.022 Y120.481 E138.67226
G1 X109.899 Y120.808 E138.68388
G1 X109.678 Y121.136 E138.69704
G1 X109.391 Y121.391 E138.7098
G1 X109.05 Y121.568 E138.72258
G1 X108.672 Y121.668 E138.73559
G1 X108.602 Y121.667 E138.73792
G0 F9000 X108.602 Y121.979
G0 X108.742 Y123.149
G0 X108.742 Y123.456
G1 F1500 X108.793 Y123.456 E138.73961
G1 X109.404 Y123.344 E138.76027
G1 X109.991 Y123.116 E138.78122
G1 X110.523 Y122.787 E138.80202
G1 X110.982 Y122.366 E138.82274
G1 X111.363 Y121.862 E138.84375
G1 X111.642 Y121.302 E138.86456
G1 X111.815 Y120.693 E138.88562
G1 X111.873 Y120.076 E138.90623
G1 X111.815 Y119.455 E138.92697
G1 X111.642 Y118.846 E138.94803
G1 X111.363 Y118.286 E138.96884
G1 X110.983 Y117.783 E138.98981
G1 X110.524 Y117.365 E139.01046
G1 X109.991 Y117.032 E139.03136
G1 X109.403 Y116.808 E139.05229
G1 X108.791 Y116.693 E139.073
G1 X108.161 Y116.692 E139.09395
G1 X107.548 Y116.808 E139.1147
G1 X106.957 Y117.032 E139.13572
G1 X106.429 Y117.364 E139.15647
G1 X105.968 Y117.784 E139.17721
G1 X105.584 Y118.287 E139.19826
G1 X105.307 Y118.846 E139.21901
G1 X105.134 Y119.454 E139.24003
G1 X105.079 Y120.076 E139.2608
G1 X105.134 Y120.694 E139.28144
G1 X105.307 Y121.302 E139.30246
G1 X105.584 Y121.861 E139.32321
G1 X105.969 Y122.365 E139.34431
G1 X106.429 Y122.788 E139.36509
G1 X106.957 Y123.115 E139.38575
G1 X107.548 Y123.343 E139.40682
G1 X108.159 Y123.456 E139.42748
G1 X108.742 Y123.456 E139.44688
G0 F9000 X108.774 Y123.856
;TYPE:WALL-OUTER
G1 F1500 X108.829 Y123.856 E139.4487
G1 X109.513 Y123.73 E139.47184
G1 X110.17 Y123.476 E139.49527
G1 X110.766 Y123.107 E139.51858
G1 X111.279 Y122.636 E139.54174
G1 X111.705 Y122.074 E139.5652
G1 X112.016 Y121.447 E139.58848
G1 X112.21 Y120.767 E139.612
G1 X112.275 Y120.076 E139.63508
G1 X112.21 Y119.381 E139.6583
G1 X112.016 Y118.701 E139.68182
G1 X111.705 Y118.074 E139.7051
G1 X111.279 Y117.512 E139.72855
G1 X110.766 Y117.045 E139.75162
G1 X110.17 Y116.672 E139.77501
G1 X109.513 Y116.422 E139.79839
G1 X108.829 Y116.293 E139.82154
G1 X108.123 Y116.292 E139.84502
G1 X107.439 Y116.422 E139.86818
G1 X106.778 Y116.672 E139.89168
G1 X106.186 Y117.044 E139.91494
G1 X105.672 Y117.512 E139.93806
G1 X105.243 Y118.075 E139.9616
G1 X104.932 Y118.701 E139.98485
G1 X104.738 Y119.381 E140.00837
G1 X104.677 Y120.076 E140.03157
G1 X104.738 Y120.767 E140.05465
G1 X104.932 Y121.447 E140.07817
G1 X105.243 Y122.073 E140.10141
G1 X105.673 Y122.636 E140.12498
G1 X106.186 Y123.108 E140.14816
G1 X106.778 Y123.475 E140.17133
G1 X107.439 Y123.73 E140.19489
G1 X108.123 Y123.856 E140.21803
G1 X108.774 Y123.856 E140.23968
G1 F2700 E135.23968
G0 F9000 X108.763 Y123.15
G0 X108.571 Y121.979
G0 X108.571 Y121.268
G1 F2700 E140.23968
G1 F1500 X108.34 Y121.268 E140.24736
G1 X108.048 Y121.195 E140.25737
G1 X107.802 Y121.066 E140.26661
G1 X107.565 Y120.858 E140.2771
G1 X107.412 Y120.63 E140.28623
G1 X107.315 Y120.371 E140.29543
G1 X107.276 Y120.058 E140.30592
G1 X107.315 Y119.777 E140.31536
G1 X107.412 Y119.519 E140.32452
G1 X107.577 Y119.275 E140.33432
G1 X107.801 Y119.082 E140.34416
G1 X108.049 Y118.953 E140.35345
G1 X108.341 Y118.88 E140.36346
G1 X108.611 Y118.88 E140.37244
G1 X108.904 Y118.952 E140.38248
G1 X109.15 Y119.082 E140.39173
G1 X109.371 Y119.275 E140.40149
G1 X109.54 Y119.518 E140.41134
G1 X109.637 Y119.777 E140.42054
G1 X109.677 Y120.076 E140.43057
G1 X109.637 Y120.371 E140.44047
G1 X109.54 Y120.63 E140.44967
G1 X109.384 Y120.857 E140.45883
G1 X109.15 Y121.067 E140.46929
G1 X108.905 Y121.195 E140.47848
G1 X108.612 Y121.268 E140.48852
G1 X108.571 Y121.268 E140.48989
G0 F9000 X108.571 Y121.979
G0 X107.467 Y121.694
G0 X107.577 Y121.488
;TYPE:FILL
G1 F3000 X105.77 Y121.972 E140.55211
G0 F9000 X105.953 Y121.834
G0 X106.701 Y122.591
G0 X106.579 Y122.787
G1 F3000 X107.066 Y120.97 E140.61467
G0 F9000 X106.873 Y121.101
G0 X106.676 Y120.52
G0 X106.621 Y120.076
G0 X106.676 Y119.632
G0 X106.834 Y119.214
G0 X106.978 Y119.005
G0 X107.597 Y118.389
G0 X107.703 Y118.592
G1 F3000 X108.191 Y116.772 E140.67735
G0 F9000 X108.191 Y117.003
G0 X107.158 Y117.291
G0 X107.075 Y117.074
G1 F3000 X108.403 Y118.401 E140.73979
G0 F9000 X108.403 Y118.173
G0 X109.136 Y118.341
G0 X109.53 Y118.549
G0 X109.866 Y118.846
G0 X110.12 Y119.214
G0 X110.381 Y120.176
G0 X110.148 Y120.147
G1 F3000 X111.47 Y121.468 E140.80195
G0 F9000 X111.268 Y121.367
G0 X111.539 Y120.344
G0 X111.765 Y120.365
G1 F3000 X109.967 Y120.847 E140.86386
G0 F9000 X110.468 Y121.037
G1 F2700 E135.86386
;MESH:megav4.5-pcbfoot.stl
G0 F9000 X112.045 Y120.076
G0 X113.134 Y119.975
G0 X113.99 Y120.564
G0 X114.862 Y119.904
G0 X117.5 Y120.573
G0 X117.5 Y120.88
;TYPE:WALL-INNER
G1 F2700 E140.86386
G1 F1500 X117.817 Y120.88 E140.8744
G1 X118.428 Y120.768 E140.89506
G1 X119.014 Y120.54 E140.91598
G1 X119.544 Y120.211 E140.93673
G1 X120.006 Y119.789 E140.95754
G1 X120.387 Y119.286 E140.97853
G1 X120.666 Y118.726 E140.99933
G1 X120.839 Y118.117 E141.02039
G1 X120.897 Y117.5 E141.041
G1 X120.839 Y116.879 E141.06175
G1 X120.666 Y116.27 E141.0828
G1 X120.387 Y115.71 E141.10361
G1 X120.007 Y115.207 E141.12458
G1 X119.544 Y114.789 E141.14533
G1 X119.014 Y114.456 E141.16615
G1 X118.427 Y114.232 E141.18704
G1 X117.815 Y114.117 E141.20776
G1 X117.185 Y114.116 E141.22871
G1 X116.572 Y114.232 E141.24946
G1 X115.981 Y114.457 E141.27049
G1 X115.452 Y114.789 E141.29127
G1 X114.989 Y115.208 E141.31203
G1 X114.609 Y115.71 E141.33298
G1 X114.33 Y116.27 E141.35378
G1 X114.157 Y116.879 E141.37484
G1 X114.099 Y117.5 E141.39559
G1 X114.157 Y118.117 E141.4162
G1 X114.33 Y118.726 E141.43725
G1 X114.609 Y119.286 E141.45806
G1 X114.99 Y119.789 E141.47905
G1 X115.452 Y120.211 E141.49986
G1 X115.981 Y120.54 E141.52058
G1 X116.572 Y120.767 E141.54164
G1 X117.183 Y120.88 E141.56231
G1 X117.5 Y120.88 E141.57285
G0 F9000 X117.5 Y120.573
G0 X117.5 Y119.403
G0 X117.5 Y119.091
G1 F1500 X117.298 Y119.091 E141.57957
G1 X116.928 Y118.993 E141.5923
G1 X116.582 Y118.815 E141.60524
G1 X116.309 Y118.571 E141.61742
G1 X116.085 Y118.261 E141.63014
G1 X115.95 Y117.905 E141.6428
G1 X115.894 Y117.501 E141.65637
G1 X115.95 Y117.091 E141.67013
G1 X116.086 Y116.733 E141.68287
G1 X116.308 Y116.426 E141.69547
G1 X116.577 Y116.184 E141.7075
G1 X116.925 Y116 E141.7206
G1 X117.299 Y115.905 E141.73343
G1 X117.697 Y115.905 E141.74667
G1 X118.07 Y116.002 E141.75949
G1 X118.387 Y116.167 E141.77137
G1 X118.698 Y116.43 E141.78492
G1 X118.922 Y116.764 E141.7983
G1 X119.059 Y117.128 E141.81123
G1 X119.097 Y117.5 E141.82367
G1 X119.046 Y117.905 E141.83725
G1 X118.923 Y118.232 E141.84887
G1 X118.687 Y118.571 E141.8626
G1 X118.413 Y118.816 E141.87483
G1 X118.074 Y118.992 E141.88753
G1 X117.699 Y119.091 E141.90043
G1 X117.5 Y119.091 E141.90705
G0 F9000 X117.5 Y118.692
;TYPE:WALL-OUTER
G1 F1500 X117.361 Y118.692 E141.91168
G1 X117.051 Y118.61 E141.92234
G1 X116.803 Y118.477 E141.9317
G1 X116.601 Y118.297 E141.9407
G1 X116.432 Y118.054 E141.95054
G1 X116.335 Y117.795 E141.95974
G1 X116.3 Y117.519 E141.969
G1 X116.335 Y117.201 E141.97964
G1 X116.432 Y116.943 E141.9888
G1 X116.588 Y116.715 E141.99799
G1 X116.821 Y116.506 E142.0084
G1 X117.093 Y116.37 E142.01852
G1 X117.361 Y116.304 E142.0277
G1 X117.635 Y116.304 E142.03681
G1 X117.928 Y116.376 E142.04685
G1 X118.175 Y116.506 E142.05613
G1 X118.395 Y116.699 E142.06586
G1 X118.564 Y116.942 E142.07571
G1 X118.661 Y117.201 E142.08491
G1 X118.697 Y117.5 E142.09492
G1 X118.661 Y117.795 E142.10481
G1 X118.564 Y118.054 E142.11401
G1 X118.395 Y118.297 E142.12385
G1 X118.193 Y118.477 E142.13285
G1 X117.929 Y118.619 E142.14282
G1 X117.636 Y118.692 E142.15286
G1 X117.5 Y118.692 E142.15739
G1 F2700 E137.15739
G0 F9000 X117.5 Y119.403
G0 X117.5 Y120.573
G0 X117.5 Y121.28
G1 F2700 E142.15739
G1 F1500 X117.853 Y121.28 E142.16913
G1 X118.537 Y121.154 E142.19226
G1 X119.194 Y120.9 E142.21569
G1 X119.786 Y120.531 E142.23889
G1 X120.303 Y120.06 E142.26215
G1 X120.729 Y119.498 E142.28561
G1 X121.04 Y118.871 E142.30889
G1 X121.234 Y118.191 E142.33241
G1 X121.299 Y117.5 E142.35549
G1 X121.234 Y116.805 E142.37871
G1 X121.04 Y116.125 E142.40223
G1 X120.729 Y115.498 E142.4255
G1 X120.303 Y114.936 E142.44896
G1 X119.786 Y114.469 E142.47213
G1 X119.194 Y114.096 E142.4954
G1 X118.537 Y113.846 E142.51878
G1 X117.853 Y113.717 E142.54194
G1 X117.147 Y113.716 E142.56542
G1 X116.463 Y113.846 E142.58857
G1 X115.802 Y114.097 E142.61209
G1 X115.21 Y114.469 E142.63535
G1 X114.693 Y114.936 E142.65852
G1 X114.267 Y115.498 E142.68197
G1 X113.956 Y116.125 E142.70525
G1 X113.762 Y116.805 E142.72877
G1 X113.697 Y117.5 E142.75199
G1 X113.762 Y118.191 E142.77507
G1 X113.956 Y118.871 E142.79859
G1 X114.267 Y119.498 E142.82187
G1 X114.693 Y120.06 E142.84532
G1 X115.21 Y120.531 E142.86859
G1 X115.802 Y120.9 E142.89179
G1 X116.463 Y121.154 E142.91534
G1 X117.147 Y121.28 E142.93847
G1 X117.5 Y121.28 E142.95021
G0 F9000 X117.5 Y120.573
G0 X115.724 Y120.014
G0 X115.603 Y120.209
;TYPE:FILL
G1 F3000 X116.087 Y118.4 E143.0125
G0 F9000 X116.598 Y118.912
G1 F3000 X114.792 Y119.396 E143.07469
G0 F9000 X114.975 Y119.258
G0 X115.857 Y116.638
G0 X116.001 Y116.429
G0 X116.622 Y115.812
G0 X116.727 Y116.014
G1 F3000 X117.214 Y114.195 E143.13732
G0 F9000 X117.214 Y114.427
G0 X116.181 Y114.715
G0 X116.098 Y114.499
G1 F3000 X117.425 Y115.826 E143.19973
G0 F9000 X117.425 Y115.597
G0 X118.159 Y115.765
G0 X118.553 Y115.973
G0 X118.889 Y116.27
G0 X119.143 Y116.638
G0 X119.404 Y117.599
G0 X119.169 Y117.57
G1 F3000 X120.492 Y118.893 E143.26196
G0 F9000 X120.291 Y118.792
G0 X120.562 Y117.768
G0 X120.789 Y117.789
G1 F3000 X118.992 Y118.271 E143.32385
G0 F9000 X119.491 Y118.46
G1 F2700 E138.32385
;MESH:megav4.5-pcbfoot.stl(2)
G0 F9000 X121.009 Y118.154
G0 X122.098 Y118.254
G0 X123.01 Y117.977
G0 X123.882 Y117.317
G0 X126.266 Y117.986
G0 X126.266 Y118.296
;TYPE:WALL-INNER
G1 F2700 E143.32385
G1 F1500 X126.835 Y118.296 E143.34277
G1 X127.446 Y118.18 E143.36346
G1 X128.034 Y117.952 E143.38443
G1 X128.564 Y117.623 E143.40518
G1 X129.026 Y117.201 E143.42599
G1 X129.407 Y116.698 E143.44698
G1 X129.686 Y116.138 E143.46779
G1 X129.859 Y115.529 E143.48884
G1 X129.917 Y114.912 E143.50946
G1 X129.859 Y114.292 E143.53017
G1 X129.686 Y113.686 E143.55113
G1 X129.407 Y113.121 E143.57209
G1 X129.027 Y112.619 E143.59303
G1 X128.565 Y112.201 E143.61375
G1 X128.034 Y111.872 E143.63453
G1 X127.446 Y111.644 E143.6555
G1 X126.835 Y111.529 E143.67618
G1 X126.205 Y111.528 E143.69713
G1 X125.593 Y111.644 E143.71785
G1 X125.001 Y111.872 E143.73895
G1 X124.471 Y112.201 E143.7597
G1 X124.009 Y112.62 E143.78044
G1 X123.63 Y113.122 E143.80136
G1 X123.35 Y113.686 E143.82231
G1 X123.177 Y114.292 E143.84327
G1 X123.119 Y114.912 E143.86398
G1 X123.176 Y115.529 E143.88459
G1 X123.35 Y116.138 E143.90565
G1 X123.629 Y116.698 E143.92646
G1 X124.01 Y117.202 E143.94748
G1 X124.472 Y117.623 E143.96827
G1 X125.001 Y117.952 E143.98899
G1 X125.593 Y118.18 E144.01009
G1 X126.205 Y118.296 E144.0308
G1 X126.266 Y118.296 E144.03283
G0 F9000 X126.266 Y117.986
G0 X126.401 Y116.816
G0 X126.401 Y116.503
G1 F1500 X126.318 Y116.503 E144.03559
G1 X125.948 Y116.405 E144.04832
G1 X125.6 Y116.231 E144.06127
G1 X125.307 Y115.966 E144.07441
G1 X125.094 Y115.644 E144.08725
G1 X124.97 Y115.321 E144.09875
G1 X124.914 Y114.913 E144.11245
G1 X124.971 Y114.502 E144.12625
G1 X125.093 Y114.182 E144.13764
G1 X125.328 Y113.838 E144.1515
G1 X125.602 Y113.593 E144.16372
G1 X125.948 Y113.416 E144.17665
G1 X126.319 Y113.321 E144.18939
G1 X126.725 Y113.321 E144.20289
G1 X127.093 Y113.416 E144.21553
G1 X127.436 Y113.594 E144.22839
G1 X127.722 Y113.847 E144.24109
G1 X127.943 Y114.181 E144.25441
G1 X128.079 Y114.538 E144.26711
G1 X128.117 Y114.912 E144.27962
G1 X128.078 Y115.29 E144.29225
G1 X127.943 Y115.644 E144.30486
G1 X127.708 Y115.986 E144.31866
G1 X127.428 Y116.238 E144.33119
G1 X127.094 Y116.404 E144.34359
G1 X126.722 Y116.502 E144.35639
G1 X126.401 Y116.503 E144.36706
G0 F9000 X126.431 Y116.104
;TYPE:WALL-OUTER
G1 F1500 X126.381 Y116.104 E144.36873
G1 X126.092 Y116.031 E144.37864
G1 X125.842 Y115.906 E144.38794
G1 X125.621 Y115.713 E144.3977
G1 X125.452 Y115.466 E144.40765
G1 X125.355 Y115.211 E144.41672
G1 X125.32 Y114.893 E144.42736
G1 X125.355 Y114.612 E144.43678
G1 X125.452 Y114.359 E144.4458
G1 X125.608 Y114.127 E144.45509
G1 X125.822 Y113.931 E144.46475
G1 X126.092 Y113.789 E144.47489
G1 X126.381 Y113.72 E144.48477
G1 X126.655 Y113.72 E144.49389
G1 X126.949 Y113.789 E144.50393
G1 X127.214 Y113.931 E144.51393
G1 X127.415 Y114.111 E144.52291
G1 X127.584 Y114.359 E144.53289
G1 X127.681 Y114.612 E144.5419
G1 X127.717 Y114.912 E144.55195
G1 X127.681 Y115.211 E144.56197
G1 X127.584 Y115.466 E144.57104
G1 X127.415 Y115.713 E144.58099
G1 X127.213 Y115.893 E144.58999
G1 X126.949 Y116.031 E144.5999
G1 X126.655 Y116.104 E144.60998
G1 X126.431 Y116.104 E144.61743
G1 F2700 E139.61743
G0 F9000 X126.431 Y116.816
G0 X126.236 Y117.986
G0 X126.236 Y118.696
G1 F2700 E144.61743
G1 F1500 X126.873 Y118.696 E144.63861
G1 X127.556 Y118.566 E144.66174
G1 X128.214 Y118.312 E144.6852
G1 X128.806 Y117.943 E144.7084
G1 X129.323 Y117.472 E144.73166
G1 X129.749 Y116.91 E144.75512
G1 X130.06 Y116.283 E144.77839
G1 X130.254 Y115.603 E144.80191
G1 X130.319 Y114.912 E144.825
G1 X130.254 Y114.218 E144.84818
G1 X130.06 Y113.541 E144.8716
G1 X129.749 Y112.91 E144.895
G1 X129.323 Y112.348 E144.91846
G1 X128.807 Y111.881 E144.9416
G1 X128.214 Y111.512 E144.96483
G1 X127.556 Y111.258 E144.98829
G1 X126.873 Y111.129 E145.01141
G1 X126.167 Y111.128 E145.03489
G1 X125.483 Y111.258 E145.05805
G1 X124.822 Y111.512 E145.0816
G1 X124.229 Y111.881 E145.10483
G1 X123.713 Y112.348 E145.12798
G1 X123.288 Y112.91 E145.15142
G1 X122.976 Y113.541 E145.17483
G1 X122.782 Y114.218 E145.19825
G1 X122.717 Y114.912 E145.22144
G1 X122.782 Y115.603 E145.24452
G1 X122.976 Y116.283 E145.26804
G1 X123.287 Y116.91 E145.29132
G1 X123.713 Y117.472 E145.31477
G1 X124.23 Y117.943 E145.33803
G1 X124.822 Y118.312 E145.36124
G1 X125.483 Y118.566 E145.38479
G1 X126.167 Y118.696 E145.40795
G1 X126.236 Y118.696 E145.41024
G0 F9000 X126.236 Y117.986
G0 X124.744 Y117.427
G0 X124.623 Y117.622
;TYPE:FILL
G1 F3000 X125.108 Y115.81 E145.47263
G0 F9000 X125.615 Y116.326
G1 F3000 X123.813 Y116.809 E145.53468
G0 F9000 X123.996 Y116.671
G0 X124.877 Y114.051
G0 X125.021 Y113.842
G0 X125.64 Y113.226
G0 X125.746 Y113.43
G1 F3000 X126.234 Y111.608 E145.59742
G0 F9000 X126.234 Y111.84
G0 X125.201 Y112.128
G0 X125.118 Y111.912
G1 F3000 X126.448 Y113.242 E145.65997
G0 F9000 X126.448 Y113.01
G0 X127.179 Y113.178
G0 X127.573 Y113.386
G0 X127.909 Y113.683
G0 X128.163 Y114.051
G0 X128.424 Y115.012
G0 X128.189 Y114.983
G1 F3000 X129.512 Y116.306 E145.7222
G0 F9000 X129.311 Y116.205
G0 X129.582 Y115.181
G0 X129.809 Y115.202
G1 F3000 X128.011 Y115.684 E145.78412
G0 F9000 X128.511 Y115.873
G1 F2700 E140.78412
;MESH:megav4.5-pcbfoot.stl(3)
G0 F9000 X125.541 Y118.345
G0 X125.147 Y119.366
G0 X122.628 Y122.628
G0 X121.969 Y123.501
G0 X121.446 Y127.05
G0 X121.283 Y127.359
G0 X120.012 Y128.441
G0 X120.05 Y128.133
;TYPE:WALL-INNER
G1 F2700 E145.78412
G1 F1500 X119.679 Y128.078 E145.79659
G1 X119.353 Y127.954 E145.80819
G1 X119.033 Y127.744 E145.82092
G1 X118.794 Y127.475 E145.83289
G1 X118.589 Y127.113 E145.84673
G1 X118.493 Y126.728 E145.85993
G1 X118.493 Y126.327 E145.87326
G1 X118.591 Y125.962 E145.88583
G1 X118.768 Y125.619 E145.89867
G1 X119.014 Y125.345 E145.91092
G1 X119.322 Y125.121 E145.92358
G1 X119.679 Y124.986 E145.93628
G1 X120.088 Y124.931 E145.95
G1 X120.464 Y124.975 E145.9626
G1 X120.82 Y125.109 E145.97525
G1 X121.148 Y125.33 E145.9884
G1 X121.403 Y125.617 E146.00117
G1 X121.58 Y125.958 E146.01395
G1 X121.679 Y126.333 E146.02685
G1 X121.679 Y126.731 E146.04009
G1 X121.58 Y127.104 E146.05292
G1 X121.403 Y127.445 E146.0657
G1 X121.159 Y127.722 E146.07798
G1 X120.835 Y127.952 E146.09119
G1 X120.493 Y128.077 E146.10331
G1 X120.093 Y128.139 E146.11677
G1 X120.05 Y128.133 E146.11821
G0 F9000 X120.012 Y128.441
G0 X120.036 Y129.616
G0 X120.007 Y129.922
G1 F1500 X120.088 Y129.929 E146.12092
G1 X120.706 Y129.875 E146.14155
G1 X121.314 Y129.702 E146.16257
G1 X121.873 Y129.424 E146.18334
G1 X122.377 Y129.039 E146.20443
G1 X122.8 Y128.579 E146.22522
G1 X123.128 Y128.051 E146.24589
G1 X123.355 Y127.46 E146.26695
G1 X123.468 Y126.849 E146.28762
G1 X123.468 Y126.215 E146.3087
G1 X123.355 Y125.604 E146.32937
G1 X123.128 Y125.017 E146.3503
G1 X122.799 Y124.484 E146.37114
G1 X122.378 Y124.026 E146.39183
G1 X121.874 Y123.645 E146.41284
G1 X121.314 Y123.366 E146.43365
G1 X120.705 Y123.193 E146.45471
G1 X120.088 Y123.135 E146.47532
G1 X119.467 Y123.193 E146.49606
G1 X118.858 Y123.366 E146.51712
G1 X118.298 Y123.645 E146.53793
G1 X117.795 Y124.025 E146.5589
G1 X117.377 Y124.484 E146.57954
G1 X117.044 Y125.017 E146.60045
G1 X116.82 Y125.605 E146.62138
G1 X116.704 Y126.217 E146.64209
G1 X116.704 Y126.847 E146.66305
G1 X116.82 Y127.46 E146.6838
G1 X117.044 Y128.051 E146.70482
G1 X117.376 Y128.579 E146.72556
G1 X117.796 Y129.04 E146.74631
G1 X118.299 Y129.424 E146.76735
G1 X118.858 Y129.701 E146.7881
G1 X119.466 Y129.874 E146.80913
G1 X120.007 Y129.922 E146.82719
G0 F9000 X119.998 Y130.323
;TYPE:WALL-OUTER
G1 F1503.8 X120.088 Y130.331 E146.83019
G1 F1500 X120.779 Y130.27 E146.85326
G1 X121.459 Y130.076 E146.87678
G1 X122.085 Y129.765 E146.90003
G1 X122.648 Y129.335 E146.92359
G1 X123.12 Y128.822 E146.94678
G1 X123.488 Y128.23 E146.96996
G1 X123.742 Y127.569 E146.99351
G1 X123.868 Y126.885 E147.01665
G1 X123.868 Y126.179 E147.04013
G1 X123.742 Y125.495 E147.06326
G1 X123.488 Y124.838 E147.08669
G1 X123.119 Y124.242 E147.11
G1 X122.648 Y123.729 E147.13317
G1 X122.086 Y123.303 E147.15662
G1 X121.459 Y122.992 E147.1799
G1 X120.779 Y122.798 E147.20342
G1 X120.088 Y122.733 E147.22651
G1 X119.393 Y122.798 E147.24972
G1 X118.713 Y122.992 E147.27324
G1 X118.086 Y123.303 E147.29652
G1 X117.524 Y123.729 E147.31998
G1 X117.057 Y124.242 E147.34305
G1 X116.684 Y124.838 E147.36643
G1 X116.434 Y125.495 E147.38981
G1 X116.304 Y126.179 E147.41297
G1 X116.304 Y126.885 E147.43645
G1 X116.434 Y127.569 E147.45961
G1 X116.684 Y128.23 E147.48311
G1 X117.056 Y128.822 E147.50637
G1 X117.524 Y129.336 E147.52949
G1 X118.087 Y129.765 E147.55303
G1 X118.713 Y130.076 E147.57628
G1 X119.393 Y130.27 E147.5998
G1 F1503.8 X119.998 Y130.323 E147.61995
G1 F2700 E142.61995
G0 F9000 X120.063 Y129.618
G0 X119.973 Y128.436
G0 X120.059 Y127.731
G1 F2700 E147.61995
G1 F1500 X119.789 Y127.693 E147.62902
G1 X119.531 Y127.596 E147.63819
G1 X119.287 Y127.431 E147.64798
G1 X119.094 Y127.207 E147.65782
G1 X118.965 Y126.959 E147.66711
G1 X118.892 Y126.667 E147.67713
G1 X118.892 Y126.397 E147.68611
G1 X118.965 Y126.104 E147.69615
G1 X119.094 Y125.858 E147.70539
G1 X119.287 Y125.637 E147.71515
G1 X119.53 Y125.468 E147.72499
G1 X119.789 Y125.371 E147.73419
G1 X120.088 Y125.331 E147.74422
G1 X120.357 Y125.365 E147.75324
G1 X120.642 Y125.468 E147.76332
G1 X120.869 Y125.624 E147.77248
G1 X121.079 Y125.858 E147.78294
G1 X121.207 Y126.103 E147.79213
G1 X121.28 Y126.396 E147.80218
G1 X121.28 Y126.668 E147.81122
G1 X121.198 Y126.982 E147.82202
G1 X121.078 Y127.206 E147.83047
G1 X120.87 Y127.443 E147.84096
G1 X120.642 Y127.595 E147.85007
G1 X120.383 Y127.693 E147.85928
G1 X120.07 Y127.732 E147.86977
G1 X120.059 Y127.731 E147.87014
G0 F9000 X119.195 Y127.944
;TYPE:FILL
G1 F3000 X117.376 Y128.431 E147.93277
G0 F9000 X117.574 Y128.31
G0 X118.33 Y129.059
G0 X118.192 Y129.24
G1 F3000 X118.674 Y127.439 E147.99478
G0 F9000 X118.47 Y127.545
G0 X118.246 Y126.758
G0 X118.246 Y126.31
G0 X118.353 Y125.875
G0 X118.561 Y125.481
G0 X119.236 Y124.823
G0 X119.317 Y125.039
G1 F3000 X119.799 Y123.242 E148.05666
G0 F9000 X119.82 Y123.473
G0 X118.794 Y123.745
G0 X118.693 Y123.539
G1 F3000 X120.012 Y124.859 E148.11873
G0 F9000 X119.985 Y124.63
G0 X120.532 Y124.733
G0 X120.95 Y124.891
G0 X121.318 Y125.145
G0 X121.615 Y125.481
G0 X121.783 Y125.801
G0 X121.991 Y126.604
G0 X121.757 Y126.604
G1 F3000 X123.088 Y127.935 E148.18133
G0 F9000 X122.874 Y127.852
G0 X123.161 Y126.82
G0 X123.388 Y126.82
G1 F3000 X121.568 Y127.308 E148.244
G0 F9000 X122.039 Y127.557
G1 F2700 E143.244
;MESH:NONMESH
G0 F300 X122.039 Y127.557 Z1.8
G0 F9000 X120.088 Y127.987
G0 X119.741 Y127.944
G0 X119.413 Y127.82
G0 X116.809 Y125.159
G0 X115.788 Y124.765
G0 X112.383 Y122.616
G0 X111.51 Y121.957
G0 X108.602 Y121.979
G0 X108.602 Y121.667
;TIME_ELAPSED:300.484696
;LAYER:8
;TYPE:WALL-INNER
;MESH:megav4.5-pcbfoot.stl(1)
G1 F2700 E148.244
G1 F1500 X108.247 Y121.659 E148.25581
G1 X107.904 Y121.569 E148.26761
G1 X107.562 Y121.391 E148.28043
G1 X107.265 Y121.129 E148.2936
G1 X107.054 Y120.808 E148.30638
G1 X106.93 Y120.481 E148.31801
G1 X106.87 Y120.076 E148.33163
G1 X106.93 Y119.667 E148.34538
G1 X107.054 Y119.341 E148.35698
G1 X107.264 Y119.021 E148.36971
G1 X107.533 Y118.782 E148.38168
G1 X107.895 Y118.577 E148.39552
G1 X108.28 Y118.481 E148.40871
G1 X108.673 Y118.481 E148.42178
G1 X109.046 Y118.578 E148.4346
G1 X109.362 Y118.742 E148.44644
G1 X109.673 Y119.004 E148.45997
G1 X109.898 Y119.34 E148.47342
G1 X110.032 Y119.697 E148.4861
G1 X110.077 Y120.076 E148.4988
G1 X110.022 Y120.481 E148.51239
G1 X109.899 Y120.808 E148.52401
G1 X109.678 Y121.136 E148.53716
G1 X109.391 Y121.391 E148.54993
G1 X109.05 Y121.568 E148.56271
G1 X108.672 Y121.668 E148.57572
G1 X108.602 Y121.667 E148.57805
G0 F9000 X108.602 Y121.979
G0 X108.742 Y123.149
G0 X108.742 Y123.456
G1 F1500 X108.793 Y123.456 E148.57974
G1 X109.404 Y123.344 E148.6004
G1 X109.991 Y123.116 E148.62135
G1 X110.523 Y122.787 E148.64215
G1 X110.982 Y122.366 E148.66287
G1 X111.363 Y121.862 E148.68388
G1 X111.642 Y121.302 E148.70469
G1 X111.815 Y120.693 E148.72575
G1 X111.873 Y120.076 E148.74636
G1 X111.815 Y119.455 E148.7671
G1 X111.642 Y118.846 E148.78816
G1 X111.363 Y118.286 E148.80897
G1 X110.983 Y117.783 E148.82994
G1 X110.524 Y117.365 E148.85059
G1 X109.991 Y117.032 E148.87149
G1 X109.403 Y116.808 E148.89242
G1 X108.791 Y116.693 E148.91313
G1 X108.161 Y116.692 E148.93408
G1 X107.548 Y116.808 E148.95483
G1 X106.957 Y117.032 E148.97585
G1 X106.429 Y117.364 E148.9966
G1 X105.968 Y117.784 E149.01734
G1 X105.584 Y118.287 E149.03839
G1 X105.307 Y118.846 E149.05914
G1 X105.134 Y119.454 E149.08016
G1 X105.079 Y120.076 E149.10093
G1 X105.134 Y120.694 E149.12157
G1 X105.307 Y121.302 E149.14259
G1 X105.584 Y121.861 E149.16334
G1 X105.969 Y122.365 E149.18444
G1 X106.429 Y122.788 E149.20522
G1 X106.957 Y123.115 E149.22588
G1 X107.548 Y123.343 E149.24695
G1 X108.159 Y123.456 E149.26761
G1 X108.742 Y123.456 E149.287
G0 F9000 X108.774 Y123.856
;TYPE:WALL-OUTER
G1 F1500 X108.829 Y123.856 E149.28883
G1 X109.513 Y123.73 E149.31197
G1 X110.17 Y123.476 E149.33539
G1 X110.766 Y123.107 E149.35871
G1 X111.279 Y122.636 E149.38187
G1 X111.705 Y122.074 E149.40533
G1 X112.016 Y121.447 E149.42861
G1 X112.21 Y120.767 E149.45212
G1 X112.275 Y120.076 E149.47521
G1 X112.21 Y119.381 E149.49843
G1 X112.016 Y118.701 E149.52195
G1 X111.705 Y118.074 E149.54522
G1 X111.279 Y117.512 E149.56868
G1 X110.766 Y117.045 E149.59175
G1 X110.17 Y116.672 E149.61514
G1 X109.513 Y116.422 E149.63852
G1 X108.829 Y116.293 E149.66167
G1 X108.123 Y116.292 E149.68515
G1 X107.439 Y116.422 E149.70831
G1 X106.778 Y116.672 E149.73181
G1 X106.186 Y117.044 E149.75507
G1 X105.672 Y117.512 E149.77819
G1 X105.243 Y118.075 E149.80173
G1 X104.932 Y118.701 E149.82498
G1 X104.738 Y119.381 E149.8485
G1 X104.677 Y120.076 E149.8717
G1 X104.738 Y120.767 E149.89477
G1 X104.932 Y121.447 E149.91829
G1 X105.243 Y122.073 E149.94154
G1 X105.673 Y122.636 E149.96511
G1 X106.186 Y123.108 E149.98829
G1 X106.778 Y123.475 E150.01146
G1 X107.439 Y123.73 E150.03502
G1 X108.123 Y123.856 E150.05815
G1 X108.774 Y123.856 E150.07981
G1 F2700 E145.07981
G0 F9000 X108.763 Y123.15
G0 X108.571 Y121.979
G0 X108.571 Y121.268
G1 F2700 E150.07981
G1 F1500 X108.34 Y121.268 E150.08749
G1 X108.048 Y121.195 E150.0975
G1 X107.802 Y121.066 E150.10674
G1 X107.565 Y120.858 E150.11723
G1 X107.412 Y120.63 E150.12636
G1 X107.315 Y120.371 E150.13556
G1 X107.276 Y120.058 E150.14605
G1 X107.315 Y119.777 E150.15549
G1 X107.412 Y119.519 E150.16465
G1 X107.577 Y119.275 E150.17445
G1 X107.801 Y119.082 E150.18428
G1 X108.049 Y118.953 E150.19358
G1 X108.341 Y118.88 E150.20359
G1 X108.611 Y118.88 E150.21257
G1 X108.904 Y118.952 E150.22261
G1 X109.15 Y119.082 E150.23186
G1 X109.371 Y119.275 E150.24162
G1 X109.54 Y119.518 E150.25147
G1 X109.637 Y119.777 E150.26066
G1 X109.677 Y120.076 E150.2707
G1 X109.637 Y120.371 E150.2806
G1 X109.54 Y120.63 E150.2898
G1 X109.384 Y120.857 E150.29896
G1 X109.15 Y121.067 E150.30942
G1 X108.905 Y121.195 E150.31861
G1 X108.612 Y121.268 E150.32865
G1 X108.571 Y121.268 E150.33002
G0 F9000 X107.764 Y121.583
;TYPE:FILL
G1 F3000 X105.862 Y122.093 E150.39551
G0 F9000 X106.456 Y122.703
G1 F3000 X106.966 Y120.799 E150.46107
G0 F9000 X106.748 Y120.881
G0 X106.621 Y120.076
G0 X106.676 Y119.632
G0 X106.834 Y119.214
G0 X107.427 Y118.479
G0 X107.533 Y118.683
G1 F3000 X108.038 Y116.796 E150.52604
G0 F9000 X107.219 Y117.018
G1 F3000 X108.602 Y118.401 E150.59109
G0 F9000 X108.602 Y118.173
G0 X109.136 Y118.341
G0 X109.53 Y118.549
G0 X109.866 Y118.846
G0 X110.072 Y119.144
G0 X110.374 Y119.912
G0 X110.141 Y119.94
G1 F3000 X111.535 Y121.335 E150.65669
G0 F9000 X111.751 Y120.515
G1 F3000 X109.848 Y121.025 E150.72222
G0 F9000 X110.288 Y121.33
G1 F2700 E145.72222
;MESH:megav4.5-pcbfoot.stl
G0 F9000 X112.045 Y120.076
G0 X113.134 Y119.975
G0 X113.99 Y120.564
G0 X114.862 Y119.904
G0 X117.5 Y120.573
G0 X117.5 Y120.88
;TYPE:WALL-INNER
G1 F2700 E150.72222
G1 F1500 X117.817 Y120.88 E150.73276
G1 X118.428 Y120.768 E150.75342
G1 X119.014 Y120.54 E150.77433
G1 X119.544 Y120.211 E150.79508
G1 X120.006 Y119.789 E150.81589
G1 X120.387 Y119.286 E150.83688
G1 X120.666 Y118.726 E150.85769
G1 X120.839 Y118.117 E150.87875
G1 X120.897 Y117.5 E150.89936
G1 X120.839 Y116.879 E150.9201
G1 X120.666 Y116.27 E150.94116
G1 X120.387 Y115.71 E150.96197
G1 X120.007 Y115.207 E150.98294
G1 X119.544 Y114.789 E151.00368
G1 X119.014 Y114.456 E151.0245
G1 X118.427 Y114.232 E151.0454
G1 X117.815 Y114.117 E151.06611
G1 X117.185 Y114.116 E151.08706
G1 X116.572 Y114.232 E151.10781
G1 X115.981 Y114.457 E151.12885
G1 X115.452 Y114.789 E151.14962
G1 X114.989 Y115.208 E151.17039
G1 X114.609 Y115.71 E151.19133
G1 X114.33 Y116.27 E151.21214
G1 X114.157 Y116.879 E151.2332
G1 X114.099 Y117.5 E151.25394
G1 X114.157 Y118.117 E151.27455
G1 X114.33 Y118.726 E151.29561
G1 X114.609 Y119.286 E151.31642
G1 X114.99 Y119.789 E151.33741
G1 X115.452 Y120.211 E151.35822
G1 X115.981 Y120.54 E151.37894
G1 X116.572 Y120.767 E151.39999
G1 X117.183 Y120.88 E151.42066
G1 X117.5 Y120.88 E151.4312
G0 F9000 X117.5 Y120.573
G0 X117.5 Y119.403
G0 X117.5 Y119.091
G1 F1500 X117.298 Y119.091 E151.43792
G1 X116.928 Y118.993 E151.45065
G1 X116.582 Y118.815 E151.46359
G1 X116.309 Y118.571 E151.47577
G1 X116.085 Y118.261 E151.48849
G1 X115.95 Y117.905 E151.50116
G1 X115.894 Y117.501 E151.51472
G1 X115.95 Y117.091 E151.52849
G1 X116.086 Y116.733 E151.54122
G1 X116.308 Y116.426 E151.55382
G1 X116.577 Y116.184 E151.56586
G1 X116.925 Y116 E151.57895
G1 X117.299 Y115.905 E151.59179
G1 X117.697 Y115.905 E151.60502
G1 X118.07 Y116.002 E151.61784
G1 X118.387 Y116.167 E151.62973
G1 X118.698 Y116.43 E151.64328
G1 X118.922 Y116.764 E151.65665
G1 X119.059 Y117.128 E151.66959
G1 X119.097 Y117.5 E151.68202
G1 X119.046 Y117.905 E151.6956
G1 X118.923 Y118.232 E151.70722
G1 X118.687 Y118.571 E151.72096
G1 X118.413 Y118.816 E151.73318
G1 X118.074 Y118.992 E151.74589
G1 X117.699 Y119.091 E151.75879
G1 X117.5 Y119.091 E151.76541
G0 F9000 X117.5 Y118.692
;TYPE:WALL-OUTER
G1 F1500 X117.361 Y118.692 E151.77003
G1 X117.051 Y118.61 E151.7807
G1 X116.803 Y118.477 E151.79006
G1 X116.601 Y118.297 E151.79905
G1 X116.432 Y118.054 E151.8089
G1 X116.335 Y117.795 E151.8181
G1 X116.3 Y117.481 E151.82861
G1 X116.335 Y117.201 E151.83799
G1 X116.432 Y116.943 E151.84716
G1 X116.588 Y116.715 E151.85635
G1 X116.821 Y116.506 E151.86676
G1 X117.093 Y116.37 E151.87687
G1 X117.361 Y116.304 E151.88605
G1 X117.635 Y116.304 E151.89517
G1 X117.928 Y116.376 E151.9052
G1 X118.175 Y116.506 E151.91448
G1 X118.395 Y116.699 E151.92422
G1 X118.564 Y116.942 E151.93406
G1 X118.661 Y117.201 E151.94326
G1 X118.697 Y117.5 E151.95328
G1 X118.661 Y117.795 E151.96316
G1 X118.564 Y118.054 E151.97236
G1 X118.395 Y118.297 E151.98221
G1 X118.193 Y118.477 E151.99121
G1 X117.929 Y118.619 E152.00118
G1 X117.636 Y118.692 E152.01122
G1 X117.5 Y118.692 E152.01574
G1 F2700 E147.01574
G0 F9000 X117.5 Y119.403
G0 X117.5 Y120.573
G0 X117.5 Y121.28
G1 F2700 E152.01574
G1 F1500 X117.853 Y121.28 E152.02748
G1 X118.537 Y121.154 E152.05062
G1 X119.194 Y120.9 E152.07404
G1 X119.786 Y120.531 E152.09725
G1 X120.303 Y120.06 E152.12051
G1 X120.729 Y119.498 E152.14396
G1 X121.04 Y118.871 E152.16724
G1 X121.234 Y118.191 E152.19076
G1 X121.299 Y117.5 E152.21384
G1 X121.234 Y116.805 E152.23706
G1 X121.04 Y116.125 E152.26058
G1 X120.729 Y115.498 E152.28386
G1 X120.303 Y114.936 E152.30731
G1 X119.786 Y114.469 E152.33049
G1 X119.194 Y114.096 E152.35376
G1 X118.537 Y113.846 E152.37714
G1 X117.853 Y113.717 E152.40029
G1 X117.147 Y113.716 E152.42377
G1 X116.463 Y113.846 E152.44693
G1 X115.802 Y114.097 E152.47045
G1 X115.21 Y114.469 E152.4937
G1 X114.693 Y114.936 E152.51687
G1 X114.267 Y115.498 E152.54033
G1 X113.956 Y116.125 E152.56361
G1 X113.762 Y116.805 E152.58713
G1 X113.697 Y117.5 E152.61034
G1 X113.762 Y118.191 E152.63343
G1 X113.956 Y118.871 E152.65695
G1 X114.267 Y119.498 E152.68022
G1 X114.693 Y120.06 E152.70368
G1 X115.21 Y120.531 E152.72694
G1 X115.802 Y120.9 E152.75014
G1 X116.463 Y121.154 E152.77369
G1 X117.147 Y121.28 E152.79683
G1 X117.5 Y121.28 E152.80857
G0 F9000 X117.5 Y120.573
G0 X115.634 Y119.958
G0 X115.479 Y120.125
;TYPE:FILL
G1 F3000 X115.988 Y118.227 E152.87393
G0 F9000 X115.772 Y118.308
G0 X115.964 Y118.547
G0 X116.675 Y119.215
G0 X116.785 Y119.008
G1 F3000 X114.884 Y119.517 E152.93938
G0 F9000 X115.067 Y119.379
G0 X115.857 Y116.638
G0 X116.45 Y115.902
G0 X116.556 Y116.105
G1 F3000 X117.062 Y114.22 E153.0043
G0 F9000 X116.243 Y114.444
G1 F3000 X117.624 Y115.826 E153.06928
G0 F9000 X117.624 Y115.597
G0 X118.159 Y115.765
G0 X118.553 Y115.973
G0 X118.889 Y116.27
G0 X119.095 Y116.568
G0 X119.397 Y117.337
G0 X119.164 Y117.365
G1 F3000 X120.559 Y118.76 E153.13489
G0 F9000 X120.775 Y117.939
G1 F3000 X118.873 Y118.448 E153.20038
G0 F9000 X119.312 Y118.753
G1 F2700 E148.20038
;MESH:megav4.5-pcbfoot.stl(2)
G0 F9000 X121.009 Y118.154
G0 X122.098 Y118.254
G0 X123.01 Y117.977
G0 X123.882 Y117.317
G0 X126.266 Y117.986
G0 X126.266 Y118.296
;TYPE:WALL-INNER
G1 F2700 E153.20038
G1 F1500 X126.835 Y118.296 E153.21931
G1 X127.446 Y118.18 E153.23999
G1 X128.034 Y117.952 E153.26097
G1 X128.564 Y117.623 E153.28171
G1 X129.026 Y117.201 E153.30253
G1 X129.407 Y116.698 E153.32351
G1 X129.686 Y116.138 E153.34432
G1 X129.859 Y115.529 E153.36538
G1 X129.917 Y114.912 E153.38599
G1 X129.859 Y114.292 E153.4067
G1 X129.686 Y113.686 E153.42766
G1 X129.407 Y113.121 E153.44862
G1 X129.027 Y112.619 E153.46956
G1 X128.565 Y112.201 E153.49029
G1 X128.034 Y111.872 E153.51106
G1 X127.446 Y111.644 E153.53204
G1 X126.835 Y111.529 E153.55272
G1 X126.205 Y111.528 E153.57367
G1 X125.593 Y111.644 E153.59439
G1 X125.001 Y111.872 E153.61549
G1 X124.471 Y112.201 E153.63624
G1 X124.009 Y112.62 E153.65698
G1 X123.63 Y113.122 E153.6779
G1 X123.35 Y113.686 E153.69884
G1 X123.177 Y114.292 E153.7198
G1 X123.119 Y114.912 E153.74052
G1 X123.176 Y115.529 E153.76113
G1 X123.35 Y116.138 E153.78219
G1 X123.629 Y116.698 E153.803
G1 X124.01 Y117.202 E153.82401
G1 X124.472 Y117.623 E153.8448
G1 X125.001 Y117.952 E153.86552
G1 X125.593 Y118.18 E153.88662
G1 X126.205 Y118.296 E153.90734
G1 X126.266 Y118.296 E153.90937
G0 F9000 X126.266 Y117.986
G0 X126.401 Y116.816
G0 X126.401 Y116.503
G1 F1500 X126.318 Y116.503 E153.91213
G1 X125.948 Y116.405 E153.92486
G1 X125.6 Y116.231 E153.9378
G1 X125.307 Y115.966 E153.95094
G1 X125.094 Y115.644 E153.96378
G1 X124.97 Y115.321 E153.97529
G1 X124.914 Y114.913 E153.98899
G1 X124.971 Y114.502 E154.00279
G1 X125.093 Y114.182 E154.01418
G1 X125.328 Y113.838 E154.02803
G1 X125.602 Y113.593 E154.04026
G1 X125.948 Y113.416 E154.05319
G1 X126.319 Y113.321 E154.06592
G1 X126.725 Y113.321 E154.07943
G1 X127.093 Y113.416 E154.09207
G1 X127.436 Y113.594 E154.10492
G1 X127.722 Y113.847 E154.11762
G1 X127.943 Y114.181 E154.13094
G1 X128.079 Y114.538 E154.14365
G1 X128.117 Y114.912 E154.15615
G1 X128.078 Y115.29 E154.16879
G1 X127.943 Y115.644 E154.18139
G1 X127.708 Y115.986 E154.19519
G1 X127.428 Y116.238 E154.20772
G1 X127.094 Y116.404 E154.22013
G1 X126.722 Y116.502 E154.23292
G1 X126.401 Y116.503 E154.2436
G0 F9000 X126.431 Y116.104
;TYPE:WALL-OUTER
G1 F1500 X126.381 Y116.104 E154.24526
G1 X126.092 Y116.031 E154.25518
G1 X125.842 Y115.906 E154.26447
G1 X125.621 Y115.713 E154.27423
G1 X125.452 Y115.466 E154.28419
G1 X125.355 Y115.211 E154.29326
G1 X125.32 Y114.893 E154.3039
G1 X125.355 Y114.612 E154.31332
G1 X125.452 Y114.359 E154.32233
G1 X125.608 Y114.127 E154.33163
G1 X125.822 Y113.931 E154.34128
G1 X126.092 Y113.789 E154.35143
G1 X126.381 Y113.72 E154.36131
G1 X126.655 Y113.72 E154.37042
G1 X126.949 Y113.789 E154.38047
G1 X127.214 Y113.931 E154.39047
G1 X127.415 Y114.111 E154.39944
G1 X127.584 Y114.359 E154.40942
G1 X127.681 Y114.612 E154.41844
G1 X127.717 Y114.912 E154.42849
G1 X127.681 Y115.211 E154.4385
G1 X127.584 Y115.466 E154.44758
G1 X127.415 Y115.713 E154.45753
G1 X127.213 Y115.893 E154.46653
G1 X126.949 Y116.031 E154.47644
G1 X126.655 Y116.104 E154.48651
G1 X126.431 Y116.104 E154.49396
G1 F2700 E149.49396
G0 F9000 X126.431 Y116.816
G0 X126.236 Y117.986
G0 X126.236 Y118.696
G1 F2700 E154.49396
G1 F1500 X126.873 Y118.696 E154.51515
G1 X127.556 Y118.566 E154.53827
G1 X128.214 Y118.312 E154.56173
G1 X128.806 Y117.943 E154.58493
G1 X129.323 Y117.472 E154.6082
G1 X129.749 Y116.91 E154.63165
G1 X130.06 Y116.283 E154.65493
G1 X130.254 Y115.603 E154.67845
G1 X130.319 Y114.912 E154.70153
G1 X130.254 Y114.218 E154.72472
G1 X130.06 Y113.541 E154.74814
G1 X129.749 Y112.91 E154.77154
G1 X129.323 Y112.348 E154.79499
G1 X128.807 Y111.881 E154.81814
G1 X128.214 Y111.512 E154.84137
G1 X127.556 Y111.258 E154.86483
G1 X126.873 Y111.129 E154.88795
G1 X126.167 Y111.128 E154.91143
G1 X125.483 Y111.258 E154.93459
G1 X124.822 Y111.512 E154.95814
G1 X124.229 Y111.881 E154.98137
G1 X123.713 Y112.348 E155.00452
G1 X123.288 Y112.91 E155.02795
G1 X122.976 Y113.541 E155.05136
G1 X122.782 Y114.218 E155.07479
G1 X122.717 Y114.912 E155.09797
G1 X122.782 Y115.603 E155.12106
G1 X122.976 Y116.283 E155.14458
G1 X123.287 Y116.91 E155.16785
G1 X123.713 Y117.472 E155.19131
G1 X124.23 Y117.943 E155.21457
G1 X124.822 Y118.312 E155.23777
G1 X125.483 Y118.566 E155.26132
G1 X126.167 Y118.696 E155.28448
G1 X126.236 Y118.696 E155.28678
G0 F9000 X126.236 Y117.986
G0 X124.655 Y117.372
G0 X124.499 Y117.539
;TYPE:FILL
G1 F3000 X125.008 Y115.64 E155.35217
G0 F9000 X124.792 Y115.721
G0 X124.984 Y115.96
G0 X125.696 Y116.629
G0 X125.806 Y116.421
G1 F3000 X123.905 Y116.93 E155.41762
G0 F9000 X124.087 Y116.793
G0 X124.877 Y114.051
G0 X125.472 Y113.315
G0 X125.577 Y113.517
G1 F3000 X126.082 Y111.632 E155.48253
G0 F9000 X125.263 Y111.857
G1 F3000 X126.646 Y113.241 E155.5476
G0 F9000 X126.646 Y113.01
G0 X127.179 Y113.178
G0 X127.573 Y113.386
G0 X127.909 Y113.683
G0 X128.115 Y113.981
G0 X128.417 Y114.75
G0 X128.184 Y114.778
G1 F3000 X129.579 Y116.173 E155.61322
G0 F9000 X129.795 Y115.352
G1 F3000 X127.894 Y115.861 E155.67867
G0 F9000 X128.332 Y116.165
G1 F2700 E150.67867
;MESH:megav4.5-pcbfoot.stl(3)
G0 F9000 X125.541 Y118.345
G0 X125.147 Y119.366
G0 X122.628 Y122.628
G0 X121.969 Y123.501
G0 X121.446 Y127.05
G0 X121.283 Y127.359
G0 X120.012 Y128.441
G0 X120.05 Y128.133
;TYPE:WALL-INNER
G1 F2700 E155.67867
G1 F1500 X119.679 Y128.078 E155.69115
G1 X119.353 Y127.954 E155.70275
G1 X119.033 Y127.744 E155.71548
G1 X118.794 Y127.475 E155.72745
G1 X118.589 Y127.113 E155.74129
G1 X118.493 Y126.728 E155.75448
G1 X118.493 Y126.327 E155.76782
G1 X118.591 Y125.962 E155.78039
G1 X118.768 Y125.619 E155.79323
G1 X119.014 Y125.345 E155.80547
G1 X119.322 Y125.121 E155.81814
G1 X119.679 Y124.986 E155.83084
G1 X120.088 Y124.931 E155.84456
G1 X120.464 Y124.975 E155.85715
G1 X120.82 Y125.109 E155.8698
G1 X121.148 Y125.33 E155.88296
G1 X121.403 Y125.617 E155.89573
G1 X121.58 Y125.958 E155.90851
G1 X121.679 Y126.333 E155.92141
G1 X121.679 Y126.731 E155.93464
G1 X121.58 Y127.104 E155.94748
G1 X121.403 Y127.445 E155.96026
G1 X121.159 Y127.722 E155.97254
G1 X120.835 Y127.952 E155.98575
G1 X120.493 Y128.077 E155.99786
G1 X120.093 Y128.139 E156.01133
G1 X120.05 Y128.133 E156.01277
G0 F9000 X120.012 Y128.441
G0 X120.036 Y129.616
G0 X120.007 Y129.922
G1 F1500 X120.088 Y129.929 E156.01547
G1 X120.706 Y129.875 E156.03611
G1 X121.314 Y129.702 E156.05713
G1 X121.873 Y129.424 E156.0779
G1 X122.377 Y129.039 E156.09899
G1 X122.8 Y128.579 E156.11978
G1 X123.128 Y128.051 E156.14045
G1 X123.355 Y127.46 E156.16151
G1 X123.468 Y126.849 E156.18217
G1 X123.468 Y126.215 E156.20326
G1 X123.355 Y125.604 E156.22393
G1 X123.128 Y125.017 E156.24486
G1 X122.799 Y124.484 E156.26569
G1 X122.378 Y124.026 E156.28638
G1 X121.874 Y123.645 E156.3074
G1 X121.314 Y123.366 E156.32821
G1 X120.705 Y123.193 E156.34926
G1 X120.088 Y123.135 E156.36988
G1 X119.467 Y123.193 E156.39062
G1 X118.858 Y123.366 E156.41168
G1 X118.298 Y123.645 E156.43249
G1 X117.795 Y124.025 E156.45345
G1 X117.377 Y124.484 E156.4741
G1 X117.044 Y125.017 E156.495
G1 X116.82 Y125.605 E156.51593
G1 X116.704 Y126.217 E156.53665
G1 X116.704 Y126.847 E156.5576
G1 X116.82 Y127.46 E156.57835
G1 X117.044 Y128.051 E156.59938
G1 X117.376 Y128.579 E156.62012
G1 X117.796 Y129.04 E156.64086
G1 X118.299 Y129.424 E156.66191
G1 X118.858 Y129.701 E156.68266
G1 X119.466 Y129.874 E156.70368
G1 X120.007 Y129.922 E156.72175
G0 F9000 X119.998 Y130.323
;TYPE:WALL-OUTER
G1 F1503.8 X120.088 Y130.331 E156.72475
G1 F1500 X120.779 Y130.27 E156.74782
G1 X121.459 Y130.076 E156.77134
G1 X122.085 Y129.765 E156.79459
G1 X122.648 Y129.335 E156.81815
G1 X123.12 Y128.822 E156.84134
G1 X123.488 Y128.23 E156.86452
G1 X123.742 Y127.569 E156.88807
G1 X123.868 Y126.885 E156.9112
G1 X123.868 Y126.179 E156.93469
G1 X123.742 Y125.495 E156.95782
G1 X123.488 Y124.838 E156.98125
G1 X123.119 Y124.242 E157.00456
G1 X122.648 Y123.729 E157.02772
G1 X122.086 Y123.303 E157.05118
G1 X121.459 Y122.992 E157.07446
G1 X120.779 Y122.798 E157.09798
G1 X120.088 Y122.733 E157.12106
G1 X119.393 Y122.798 E157.14428
G1 X118.713 Y122.992 E157.1678
G1 X118.086 Y123.303 E157.19108
G1 X117.524 Y123.729 E157.21453
G1 X117.057 Y124.242 E157.23761
G1 X116.684 Y124.838 E157.26099
G1 X116.434 Y125.495 E157.28437
G1 X116.304 Y126.179 E157.30753
G1 X116.304 Y126.885 E157.33101
G1 X116.434 Y127.569 E157.35417
G1 X116.684 Y128.23 E157.37767
G1 X117.056 Y128.822 E157.40093
G1 X117.524 Y129.336 E157.42405
G1 X118.087 Y129.765 E157.44759
G1 X118.713 Y130.076 E157.47084
G1 X119.393 Y130.27 E157.49436
G1 F1503.8 X119.998 Y130.323 E157.51451
G1 F2700 E152.51451
G0 F9000 X120.063 Y129.618
G0 X119.973 Y128.436
G0 X120.059 Y127.731
G1 F2700 E157.51451
G1 F1500 X119.789 Y127.693 E157.52358
G1 X119.531 Y127.596 E157.53274
G1 X119.287 Y127.431 E157.54254
G1 X119.094 Y127.207 E157.55237
G1 X118.965 Y126.959 E157.56167
G1 X118.892 Y126.667 E157.57168
G1 X118.892 Y126.397 E157.58066
G1 X118.965 Y126.104 E157.59071
G1 X119.094 Y125.858 E157.59994
G1 X119.287 Y125.637 E157.6097
G1 X119.53 Y125.468 E157.61955
G1 X119.789 Y125.371 E157.62875
G1 X120.088 Y125.331 E157.63878
G1 X120.357 Y125.365 E157.6478
G1 X120.642 Y125.468 E157.65788
G1 X120.869 Y125.624 E157.66704
G1 X121.079 Y125.858 E157.6775
G1 X121.207 Y126.103 E157.68669
G1 X121.28 Y126.396 E157.69673
G1 X121.28 Y126.668 E157.70578
G1 X121.198 Y126.982 E157.71657
G1 X121.078 Y127.206 E157.72503
G1 X120.87 Y127.443 E157.73551
G1 X120.642 Y127.595 E157.74463
G1 X120.383 Y127.693 E157.75384
G1 X120.07 Y127.732 E157.76433
G1 X120.059 Y127.731 E157.7647
G0 F9000 X119.367 Y128.043
;TYPE:FILL
G1 F3000 X117.461 Y128.554 E157.83033
G0 F9000 X118.07 Y129.147
G1 F3000 X118.577 Y127.255 E157.89548
G0 F9000 X118.373 Y127.361
G0 X118.246 Y126.758
G0 X118.246 Y126.31
G0 X118.353 Y125.875
G0 X118.471 Y125.651
G0 X119.011 Y124.966
G0 X119.14 Y125.156
G1 F3000 X119.649 Y123.255 E157.96093
G0 F9000 X118.826 Y123.473
G1 F3000 X120.219 Y124.866 E158.02645
G0 F9000 X120.247 Y124.637
G0 X120.95 Y124.891
G0 X121.318 Y125.145
G0 X121.615 Y125.481
G0 X121.991 Y126.405
G0 X121.757 Y126.405
G1 F3000 X123.143 Y127.79 E158.09162
G0 F9000 X123.363 Y126.973
G1 F3000 X121.476 Y127.478 E158.15659
G0 F9000 X121.949 Y127.728
G1 F2700 E153.15659
;MESH:NONMESH
G0 F300 X121.949 Y127.728 Z2
G0 F9000 X120.088 Y127.987
G0 X119.741 Y127.944
G0 X119.413 Y127.82
G0 X116.809 Y125.159
G0 X115.788 Y124.765
G0 X112.383 Y122.616
G0 X111.51 Y121.957
G0 X108.602 Y121.979
G0 X108.602 Y121.667
;TIME_ELAPSED:322.325501
;LAYER:9
;TYPE:WALL-INNER
;MESH:megav4.5-pcbfoot.stl(1)
G1 F2700 E158.15659
G1 F1500 X108.247 Y121.659 E158.1684
G1 X107.904 Y121.569 E158.1802
G1 X107.562 Y121.391 E158.19302
G1 X107.265 Y121.129 E158.2062
G1 X107.054 Y120.808 E158.21897
G1 X106.93 Y120.481 E158.2306
G1 X106.87 Y120.076 E158.24422
G1 X106.93 Y119.667 E158.25797
G1 X107.054 Y119.341 E158.26957
G1 X107.264 Y119.021 E158.2823
G1 X107.533 Y118.782 E158.29427
G1 X107.895 Y118.577 E158.30811
G1 X108.28 Y118.481 E158.3213
G1 X108.673 Y118.481 E158.33437
G1 X109.046 Y118.578 E158.34719
G1 X109.362 Y118.742 E158.35903
G1 X109.673 Y119.004 E158.37256
G1 X109.898 Y119.34 E158.38601
G1 X110.032 Y119.697 E158.39869
G1 X110.077 Y120.076 E158.41139
G1 X110.022 Y120.481 E158.42498
G1 X109.899 Y120.808 E158.4366
G1 X109.678 Y121.136 E158.44975
G1 X109.391 Y121.391 E158.46252
G1 X109.05 Y121.568 E158.4753
G1 X108.672 Y121.668 E158.48831
G1 X108.602 Y121.667 E158.49064
G0 F9000 X108.602 Y121.979
G0 X108.742 Y123.149
G0 X108.742 Y123.456
G1 F1500 X108.793 Y123.456 E158.49233
G1 X109.404 Y123.344 E158.51299
G1 X109.991 Y123.116 E158.53394
G1 X110.523 Y122.787 E158.55474
G1 X110.982 Y122.366 E158.57546
G1 X111.363 Y121.862 E158.59647
G1 X111.642 Y121.302 E158.61728
G1 X111.815 Y120.693 E158.63834
G1 X111.873 Y120.076 E158.65895
G1 X111.815 Y119.455 E158.67969
G1 X111.642 Y118.846 E158.70075
G1 X111.363 Y118.286 E158.72156
G1 X110.983 Y117.783 E158.74253
G1 X110.524 Y117.365 E158.76318
G1 X109.991 Y117.032 E158.78408
G1 X109.403 Y116.808 E158.80501
G1 X108.791 Y116.693 E158.82572
G1 X108.161 Y116.692 E158.84667
G1 X107.548 Y116.808 E158.86742
G1 X106.957 Y117.032 E158.88844
G1 X106.429 Y117.364 E158.90919
G1 X105.968 Y117.784 E158.92993
G1 X105.584 Y118.287 E158.95098
G1 X105.307 Y118.846 E158.97173
G1 X105.134 Y119.454 E158.99275
G1 X105.079 Y120.076 E159.01352
G1 X105.134 Y120.694 E159.03416
G1 X105.307 Y121.302 E159.05518
G1 X105.584 Y121.861 E159.07593
G1 X105.969 Y122.365 E159.09703
G1 X106.429 Y122.788 E159.11781
G1 X106.957 Y123.115 E159.13847
G1 X107.548 Y123.343 E159.15954
G1 X108.159 Y123.456 E159.1802
G1 X108.742 Y123.456 E159.19959
G0 F9000 X108.774 Y123.856
;TYPE:WALL-OUTER
G1 F1500 X108.829 Y123.856 E159.20142
G1 X109.513 Y123.73 E159.22456
G1 X110.17 Y123.476 E159.24798
G1 X110.766 Y123.107 E159.2713
G1 X111.279 Y122.636 E159.29446
G1 X111.705 Y122.074 E159.31792
G1 X112.016 Y121.447 E159.3412
G1 X112.21 Y120.767 E159.36472
G1 X112.275 Y120.076 E159.3878
G1 X112.21 Y119.381 E159.41102
G1 X112.016 Y118.701 E159.43454
G1 X111.705 Y118.074 E159.45781
G1 X111.279 Y117.512 E159.48127
G1 X110.766 Y117.045 E159.50434
G1 X110.17 Y116.672 E159.52773
G1 X109.513 Y116.422 E159.55111
G1 X108.829 Y116.293 E159.57426
G1 X108.123 Y116.292 E159.59774
G1 X107.439 Y116.422 E159.6209
G1 X106.778 Y116.672 E159.6444
G1 X106.186 Y117.044 E159.66766
G1 X105.672 Y117.512 E159.69078
G1 X105.243 Y118.075 E159.71432
G1 X104.932 Y118.701 E159.73757
G1 X104.738 Y119.381 E159.76109
G1 X104.677 Y120.076 E159.78429
G1 X104.738 Y120.767 E159.80737
G1 X104.932 Y121.447 E159.83088
G1 X105.243 Y122.073 E159.85413
G1 X105.673 Y122.636 E159.8777
G1 X106.186 Y123.108 E159.90088
G1 X106.778 Y123.475 E159.92405
G1 X107.439 Y123.73 E159.94761
G1 X108.123 Y123.856 E159.97075
G1 X108.774 Y123.856 E159.9924
G1 F2700 E154.9924
G0 F9000 X108.763 Y123.15
G0 X108.571 Y121.979
G0 X108.571 Y121.268
G1 F2700 E159.9924
G1 F1500 X108.34 Y121.268 E160.00008
G1 X108.048 Y121.195 E160.01009
G1 X107.802 Y121.066 E160.01933
G1 X107.565 Y120.858 E160.02982
G1 X107.412 Y120.63 E160.03895
G1 X107.315 Y120.371 E160.04815
G1 X107.276 Y120.058 E160.05864
G1 X107.315 Y119.777 E160.06808
G1 X107.412 Y119.519 E160.07724
G1 X107.577 Y119.275 E160.08704
G1 X107.801 Y119.082 E160.09687
G1 X108.049 Y118.953 E160.10617
G1 X108.341 Y118.88 E160.11618
G1 X108.611 Y118.88 E160.12516
G1 X108.904 Y118.952 E160.1352
G1 X109.15 Y119.082 E160.14445
G1 X109.371 Y119.275 E160.15421
G1 X109.54 Y119.518 E160.16406
G1 X109.637 Y119.777 E160.17326
G1 X109.677 Y120.076 E160.18329
G1 X109.637 Y120.371 E160.19319
G1 X109.54 Y120.63 E160.20239
G1 X109.384 Y120.857 E160.21155
G1 X109.15 Y121.067 E160.22201
G1 X108.905 Y121.195 E160.2312
G1 X108.612 Y121.268 E160.24124
G1 X108.571 Y121.268 E160.24261
G0 F9000 X107.985 Y121.671
;TYPE:FILL
G1 F3000 X105.955 Y122.215 E160.31251
G0 F9000 X106.338 Y122.594
G1 F3000 X106.88 Y120.572 E160.38213
G0 F9000 X106.662 Y120.654
G0 X106.621 Y120.076
G0 X106.676 Y119.632
G0 X106.766 Y119.395
G0 X107.193 Y118.673
G0 X107.343 Y118.843
G1 F3000 X107.884 Y116.825 E160.45162
G0 F9000 X107.366 Y116.964
G1 F3000 X108.845 Y118.443 E160.52119
G0 F9000 X108.9 Y118.221
G0 X109.53 Y118.549
G0 X109.866 Y118.846
G0 X110.346 Y119.687
G0 X110.116 Y119.714
G1 F3000 X111.591 Y121.189 E160.59057
G0 F9000 X111.737 Y120.666
G1 F3000 X109.72 Y121.206 E160.66002
G0 F9000 X110.073 Y121.605
G1 F2700 E155.66002
;MESH:megav4.5-pcbfoot.stl
G0 F9000 X111.986 Y120.73
G0 X113.075 Y120.83
G0 X114.611 Y121.155
G0 X115.347 Y120.346
G0 X117.5 Y120.573
G0 X117.5 Y120.88
;TYPE:WALL-INNER
G1 F2700 E160.66002
G1 F1500 X117.817 Y120.88 E160.67056
G1 X118.428 Y120.768 E160.69122
G1 X119.014 Y120.54 E160.71214
G1 X119.544 Y120.211 E160.73288
G1 X120.006 Y119.789 E160.7537
G1 X120.387 Y119.286 E160.77468
G1 X120.666 Y118.726 E160.79549
G1 X120.839 Y118.117 E160.81655
G1 X120.897 Y117.5 E160.83716
G1 X120.839 Y116.879 E160.85791
G1 X120.666 Y116.27 E160.87896
G1 X120.387 Y115.71 E160.89977
G1 X120.007 Y115.207 E160.92074
G1 X119.544 Y114.789 E160.94149
G1 X119.014 Y114.456 E160.9623
G1 X118.427 Y114.232 E160.9832
G1 X117.815 Y114.117 E161.00391
G1 X117.185 Y114.116 E161.02487
G1 X116.572 Y114.232 E161.04562
G1 X115.981 Y114.457 E161.06665
G1 X115.452 Y114.789 E161.08742
G1 X114.989 Y115.208 E161.10819
G1 X114.609 Y115.71 E161.12913
G1 X114.33 Y116.27 E161.14994
G1 X114.157 Y116.879 E161.171
G1 X114.099 Y117.5 E161.19174
G1 X114.157 Y118.117 E161.21236
G1 X114.33 Y118.726 E161.23341
G1 X114.609 Y119.286 E161.25422
G1 X114.99 Y119.789 E161.27521
G1 X115.452 Y120.211 E161.29602
G1 X115.981 Y120.54 E161.31674
G1 X116.572 Y120.767 E161.3378
G1 X117.183 Y120.88 E161.35846
G1 X117.5 Y120.88 E161.36901
G0 F9000 X117.5 Y120.573
G0 X117.5 Y119.403
G0 X117.5 Y119.091
G1 F1500 X117.298 Y119.091 E161.37573
G1 X116.928 Y118.993 E161.38846
G1 X116.582 Y118.815 E161.4014
G1 X116.309 Y118.571 E161.41358
G1 X116.085 Y118.261 E161.4263
G1 X115.95 Y117.905 E161.43896
G1 X115.894 Y117.501 E161.45253
G1 X115.95 Y117.091 E161.46629
G1 X116.086 Y116.733 E161.47903
G1 X116.308 Y116.426 E161.49163
G1 X116.577 Y116.184 E161.50366
G1 X116.925 Y116 E161.51675
G1 X117.299 Y115.905 E161.52959
G1 X117.697 Y115.905 E161.54283
G1 X118.07 Y116.002 E161.55565
G1 X118.387 Y116.167 E161.56753
G1 X118.698 Y116.43 E161.58108
G1 X118.922 Y116.764 E161.59445
G1 X119.059 Y117.128 E161.60739
G1 X119.097 Y117.5 E161.61983
G1 X119.046 Y117.905 E161.6334
G1 X118.923 Y118.232 E161.64502
G1 X118.687 Y118.571 E161.65876
G1 X118.413 Y118.816 E161.67099
G1 X118.074 Y118.992 E161.68369
G1 X117.699 Y119.091 E161.69659
G1 X117.5 Y119.091 E161.70321
G0 F9000 X117.5 Y118.692
;TYPE:WALL-OUTER
G1 F1500 X117.361 Y118.692 E161.70783
G1 X117.051 Y118.61 E161.7185
G1 X116.803 Y118.477 E161.72786
G1 X116.601 Y118.297 E161.73686
G1 X116.432 Y118.054 E161.7467
G1 X116.335 Y117.795 E161.7559
G1 X116.3 Y117.481 E161.76641
G1 X116.335 Y117.201 E161.77579
G1 X116.432 Y116.943 E161.78496
G1 X116.588 Y116.715 E161.79415
G1 X116.821 Y116.506 E161.80456
G1 X117.093 Y116.37 E161.81468
G1 X117.361 Y116.304 E161.82386
G1 X117.635 Y116.304 E161.83297
G1 X117.928 Y116.376 E161.843
G1 X118.175 Y116.506 E161.85229
G1 X118.395 Y116.699 E161.86202
G1 X118.564 Y116.942 E161.87187
G1 X118.661 Y117.201 E161.88106
G1 X118.697 Y117.5 E161.89108
G1 X118.661 Y117.795 E161.90097
G1 X118.564 Y118.054 E161.91016
G1 X118.395 Y118.297 E161.92001
G1 X118.193 Y118.477 E161.92901
G1 X117.929 Y118.619 E161.93898
G1 X117.636 Y118.692 E161.94902
G1 X117.5 Y118.692 E161.95355
G1 F2700 E156.95355
G0 F9000 X117.5 Y119.403
G0 X117.5 Y120.573
G0 X117.5 Y121.28
G1 F2700 E161.95355
G1 F1500 X117.853 Y121.28 E161.96529
G1 X118.537 Y121.154 E161.98842
G1 X119.194 Y120.9 E162.01185
G1 X119.786 Y120.531 E162.03505
G1 X120.303 Y120.06 E162.05831
G1 X120.729 Y119.498 E162.08177
G1 X121.04 Y118.871 E162.10504
G1 X121.234 Y118.191 E162.12856
G1 X121.299 Y117.5 E162.15165
G1 X121.234 Y116.805 E162.17486
G1 X121.04 Y116.125 E162.19838
G1 X120.729 Y115.498 E162.22166
G1 X120.303 Y114.936 E162.24512
G1 X119.786 Y114.469 E162.26829
G1 X119.194 Y114.096 E162.29156
G1 X118.537 Y113.846 E162.31494
G1 X117.853 Y113.717 E162.33809
G1 X117.147 Y113.716 E162.36157
G1 X116.463 Y113.846 E162.38473
G1 X115.802 Y114.097 E162.40825
G1 X115.21 Y114.469 E162.4315
G1 X114.693 Y114.936 E162.45468
G1 X114.267 Y115.498 E162.47813
G1 X113.956 Y116.125 E162.50141
G1 X113.762 Y116.805 E162.52493
G1 X113.697 Y117.5 E162.54815
G1 X113.762 Y118.191 E162.57123
G1 X113.956 Y118.871 E162.59475
G1 X114.267 Y119.498 E162.61803
G1 X114.693 Y120.06 E162.64148
G1 X115.21 Y120.531 E162.66474
G1 X115.802 Y120.9 E162.68795
G1 X116.463 Y121.154 E162.7115
G1 X117.147 Y121.28 E162.73463
G1 X117.5 Y121.28 E162.74637
G0 F9000 X117.5 Y120.573
G0 X116.951 Y119.324
G0 X117.007 Y119.095
;TYPE:FILL
G1 F3000 X114.977 Y119.639 E162.81627
G0 F9000 X115.361 Y120.018
G1 F3000 X115.901 Y118.001 E162.88572
G0 F9000 X115.686 Y118.082
G0 X115.644 Y117.5
G0 X115.699 Y117.056
G0 X115.789 Y116.819
G0 X116.216 Y116.097
G0 X116.366 Y116.267
G1 F3000 X116.907 Y114.25 E162.95518
G0 F9000 X116.388 Y114.388
G1 F3000 X117.866 Y115.867 E163.02472
G0 F9000 X117.921 Y115.644
G0 X118.553 Y115.973
G0 X118.889 Y116.27
G0 X119.37 Y117.114
G0 X119.141 Y117.141
G1 F3000 X120.614 Y118.614 E163.09401
G0 F9000 X120.761 Y118.09
G1 F3000 X118.747 Y118.629 E163.16335
G0 F9000 X119.098 Y119.027
G1 F2700 E158.16335
;MESH:megav4.5-pcbfoot.stl(2)
G0 F9000 X121.009 Y118.154
G0 X122.098 Y118.254
G0 X123.01 Y117.977
G0 X123.882 Y117.317
G0 X126.266 Y117.986
G0 X126.266 Y118.296
;TYPE:WALL-INNER
G1 F2700 E163.16335
G1 F1500 X126.835 Y118.296 E163.18228
G1 X127.446 Y118.18 E163.20296
G1 X128.034 Y117.952 E163.22394
G1 X128.564 Y117.623 E163.24468
G1 X129.026 Y117.201 E163.2655
G1 X129.407 Y116.698 E163.28648
G1 X129.686 Y116.138 E163.30729
G1 X129.859 Y115.529 E163.32835
G1 X129.917 Y114.912 E163.34896
G1 X129.859 Y114.292 E163.36967
G1 X129.686 Y113.686 E163.39063
G1 X129.407 Y113.121 E163.41159
G1 X129.027 Y112.619 E163.43253
G1 X128.565 Y112.201 E163.45325
G1 X128.034 Y111.872 E163.47403
G1 X127.446 Y111.644 E163.49501
G1 X126.835 Y111.529 E163.51569
G1 X126.205 Y111.528 E163.53664
G1 X125.593 Y111.644 E163.55736
G1 X125.001 Y111.872 E163.57846
G1 X124.471 Y112.201 E163.5992
G1 X124.009 Y112.62 E163.61995
G1 X123.63 Y113.122 E163.64087
G1 X123.35 Y113.686 E163.66181
G1 X123.177 Y114.292 E163.68277
G1 X123.119 Y114.912 E163.70349
G1 X123.176 Y115.529 E163.72409
G1 X123.35 Y116.138 E163.74516
G1 X123.629 Y116.698 E163.76597
G1 X124.01 Y117.202 E163.78698
G1 X124.472 Y117.623 E163.80777
G1 X125.001 Y117.952 E163.82849
G1 X125.593 Y118.18 E163.84959
G1 X126.205 Y118.296 E163.87031
G1 X126.266 Y118.296 E163.87234
G0 F9000 X126.266 Y117.986
G0 X126.401 Y116.816
G0 X126.401 Y116.503
G1 F1500 X126.318 Y116.503 E163.8751
G1 X125.948 Y116.405 E163.88783
G1 X125.6 Y116.231 E163.90077
G1 X125.307 Y115.966 E163.91391
G1 X125.094 Y115.644 E163.92675
G1 X124.97 Y115.321 E163.93826
G1 X124.914 Y114.913 E163.95196
G1 X124.971 Y114.502 E163.96576
G1 X125.093 Y114.182 E163.97715
G1 X125.328 Y113.838 E163.991
G1 X125.602 Y113.593 E164.00323
G1 X125.948 Y113.416 E164.01615
G1 X126.319 Y113.321 E164.02889
G1 X126.725 Y113.321 E164.0424
G1 X127.093 Y113.416 E164.05504
G1 X127.436 Y113.594 E164.06789
G1 X127.722 Y113.847 E164.08059
G1 X127.943 Y114.181 E164.09391
G1 X128.079 Y114.538 E164.10662
G1 X128.117 Y114.912 E164.11912
G1 X128.078 Y115.29 E164.13176
G1 X127.943 Y115.644 E164.14436
G1 X127.708 Y115.986 E164.15816
G1 X127.428 Y116.238 E164.17069
G1 X127.094 Y116.404 E164.1831
G1 X126.722 Y116.502 E164.19589
G1 X126.401 Y116.503 E164.20657
G0 F9000 X126.431 Y116.104
;TYPE:WALL-OUTER
G1 F1500 X126.381 Y116.104 E164.20823
G1 X126.092 Y116.031 E164.21815
G1 X125.842 Y115.906 E164.22744
G1 X125.621 Y115.713 E164.2372
G1 X125.452 Y115.466 E164.24715
G1 X125.355 Y115.211 E164.25623
G1 X125.32 Y114.931 E164.26561
G1 X125.355 Y114.612 E164.27629
G1 X125.452 Y114.359 E164.2853
G1 X125.608 Y114.127 E164.2946
G1 X125.822 Y113.931 E164.30425
G1 X126.092 Y113.789 E164.3144
G1 X126.381 Y113.72 E164.32428
G1 X126.655 Y113.72 E164.33339
G1 X126.949 Y113.789 E164.34344
G1 X127.214 Y113.931 E164.35344
G1 X127.415 Y114.111 E164.36241
G1 X127.584 Y114.359 E164.37239
G1 X127.681 Y114.612 E164.3814
G1 X127.717 Y114.912 E164.39145
G1 X127.681 Y115.211 E164.40147
G1 X127.584 Y115.466 E164.41054
G1 X127.415 Y115.713 E164.4205
G1 X127.213 Y115.893 E164.4295
G1 X126.949 Y116.031 E164.43941
G1 X126.655 Y116.104 E164.44948
G1 X126.431 Y116.104 E164.45693
G1 F2700 E159.45693
G0 F9000 X126.431 Y116.816
G0 X126.236 Y117.986
G0 X126.236 Y118.696
G1 F2700 E164.45693
G1 F1500 X126.873 Y118.696 E164.47812
G1 X127.556 Y118.566 E164.50124
G1 X128.214 Y118.312 E164.5247
G1 X128.806 Y117.943 E164.5479
G1 X129.323 Y117.472 E164.57116
G1 X129.749 Y116.91 E164.59462
G1 X130.06 Y116.283 E164.6179
G1 X130.254 Y115.603 E164.64142
G1 X130.319 Y114.912 E164.6645
G1 X130.254 Y114.218 E164.68769
G1 X130.06 Y113.541 E164.71111
G1 X129.749 Y112.91 E164.73451
G1 X129.323 Y112.348 E164.75796
G1 X128.807 Y111.881 E164.78111
G1 X128.214 Y111.512 E164.80434
G1 X127.556 Y111.258 E164.8278
G1 X126.873 Y111.129 E164.85092
G1 X126.167 Y111.128 E164.8744
G1 X125.483 Y111.258 E164.89756
G1 X124.822 Y111.512 E164.92111
G1 X124.229 Y111.881 E164.94434
G1 X123.713 Y112.348 E164.96749
G1 X123.288 Y112.91 E164.99092
G1 X122.976 Y113.541 E165.01433
G1 X122.782 Y114.218 E165.03776
G1 X122.717 Y114.912 E165.06094
G1 X122.782 Y115.603 E165.08402
G1 X122.976 Y116.283 E165.10754
G1 X123.287 Y116.91 E165.13082
G1 X123.713 Y117.472 E165.15428
G1 X124.23 Y117.943 E165.17754
G1 X124.822 Y118.312 E165.20074
G1 X125.483 Y118.566 E165.22429
G1 X126.167 Y118.696 E165.24745
G1 X126.236 Y118.696 E165.24975
G0 F9000 X126.236 Y117.986
G0 X125.975 Y116.738
G0 X126.032 Y116.507
;TYPE:FILL
G1 F3000 X123.998 Y117.053 E165.31979
G0 F9000 X124.381 Y117.431
G1 F3000 X124.921 Y115.415 E165.38921
G0 F9000 X124.706 Y115.495
G0 X124.664 Y114.913
G0 X124.719 Y114.469
G0 X124.809 Y114.232
G0 X125.236 Y113.51
G0 X125.386 Y113.68
G1 F3000 X125.927 Y111.662 E165.4587
G0 F9000 X125.408 Y111.801
G1 F3000 X126.886 Y113.28 E165.52824
G0 F9000 X126.941 Y113.057
G0 X127.573 Y113.386
G0 X127.909 Y113.683
G0 X128.39 Y114.528
G0 X128.161 Y114.555
G1 F3000 X129.634 Y116.028 E165.59753
G0 F9000 X129.781 Y115.503
G1 F3000 X127.77 Y116.042 E165.66677
G0 F9000 X128.12 Y116.438
G1 F2700 E160.66677
;MESH:megav4.5-pcbfoot.stl(3)
G0 F9000 X125.541 Y118.345
G0 X125.147 Y119.366
G0 X122.628 Y122.628
G0 X121.969 Y123.501
G0 X121.446 Y127.05
G0 X121.283 Y127.359
G0 X120.012 Y128.441
G0 X120.05 Y128.133
;TYPE:WALL-INNER
G1 F2700 E165.66677
G1 F1500 X119.679 Y128.078 E165.67925
G1 X119.353 Y127.954 E165.69085
G1 X119.033 Y127.744 E165.70358
G1 X118.794 Y127.475 E165.71555
G1 X118.589 Y127.113 E165.72938
G1 X118.493 Y126.728 E165.74258
G1 X118.493 Y126.327 E165.75592
G1 X118.591 Y125.962 E165.76849
G1 X118.768 Y125.619 E165.78133
G1 X119.014 Y125.345 E165.79357
G1 X119.322 Y125.121 E165.80624
G1 X119.679 Y124.986 E165.81893
G1 X120.088 Y124.931 E165.83266
G1 X120.464 Y124.975 E165.84525
G1 X120.82 Y125.109 E165.8579
G1 X121.148 Y125.33 E165.87106
G1 X121.403 Y125.617 E165.88383
G1 X121.58 Y125.958 E165.89661
G1 X121.679 Y126.333 E165.90951
G1 X121.679 Y126.731 E165.92274
G1 X121.58 Y127.104 E165.93558
G1 X121.403 Y127.445 E165.94836
G1 X121.159 Y127.722 E165.96063
G1 X120.835 Y127.952 E165.97385
G1 X120.493 Y128.077 E165.98596
G1 X120.093 Y128.139 E165.99942
G1 X120.05 Y128.133 E166.00087
G0 F9000 X120.012 Y128.441
G0 X120.036 Y129.616
G0 X120.007 Y129.922
G1 F1500 X120.088 Y129.929 E166.00357
G1 X120.706 Y129.875 E166.02421
G1 X121.314 Y129.702 E166.04523
G1 X121.873 Y129.424 E166.06599
G1 X122.377 Y129.039 E166.08709
G1 X122.8 Y128.579 E166.10787
G1 X123.128 Y128.051 E166.12855
G1 X123.355 Y127.46 E166.1496
G1 X123.468 Y126.849 E166.17027
G1 X123.468 Y126.215 E166.19136
G1 X123.355 Y125.604 E166.21202
G1 X123.128 Y125.017 E166.23296
G1 X122.799 Y124.484 E166.25379
G1 X122.378 Y124.026 E166.27448
G1 X121.874 Y123.645 E166.2955
G1 X121.314 Y123.366 E166.3163
G1 X120.705 Y123.193 E166.33736
G1 X120.088 Y123.135 E166.35797
G1 X119.467 Y123.193 E166.37872
G1 X118.858 Y123.366 E166.39977
G1 X118.298 Y123.645 E166.42058
G1 X117.795 Y124.025 E166.44155
G1 X117.377 Y124.484 E166.4622
G1 X117.044 Y125.017 E166.4831
G1 X116.82 Y125.605 E166.50403
G1 X116.704 Y126.217 E166.52475
G1 X116.704 Y126.847 E166.5457
G1 X116.82 Y127.46 E166.56645
G1 X117.044 Y128.051 E166.58747
G1 X117.376 Y128.579 E166.60822
G1 X117.796 Y129.04 E166.62896
G1 X118.299 Y129.424 E166.65001
G1 X118.858 Y129.701 E166.67076
G1 X119.466 Y129.874 E166.69178
G1 X120.007 Y129.922 E166.70985
G0 F9000 X119.998 Y130.323
;TYPE:WALL-OUTER
G1 F1503.8 X120.088 Y130.331 E166.71285
G1 F1500 X120.779 Y130.27 E166.73592
G1 X121.459 Y130.076 E166.75944
G1 X122.085 Y129.765 E166.78269
G1 X122.648 Y129.335 E166.80625
G1 X123.12 Y128.822 E166.82943
G1 X123.488 Y128.23 E166.85262
G1 X123.742 Y127.569 E166.87617
G1 X123.868 Y126.885 E166.8993
G1 X123.868 Y126.179 E166.92278
G1 X123.742 Y125.495 E166.94592
G1 X123.488 Y124.838 E166.96935
G1 X123.119 Y124.242 E166.99266
G1 X122.648 Y123.729 E167.01582
G1 X122.086 Y123.303 E167.03928
G1 X121.459 Y122.992 E167.06256
G1 X120.779 Y122.798 E167.08608
G1 X120.088 Y122.733 E167.10916
G1 X119.393 Y122.798 E167.13238
G1 X118.713 Y122.992 E167.1559
G1 X118.086 Y123.303 E167.17918
G1 X117.524 Y123.729 E167.20263
G1 X117.057 Y124.242 E167.2257
G1 X116.684 Y124.838 E167.24909
G1 X116.434 Y125.495 E167.27247
G1 X116.304 Y126.179 E167.29563
G1 X116.304 Y126.885 E167.31911
G1 X116.434 Y127.569 E167.34227
G1 X116.684 Y128.23 E167.36577
G1 X117.056 Y128.822 E167.38903
G1 X117.524 Y129.336 E167.41215
G1 X118.087 Y129.765 E167.43569
G1 X118.713 Y130.076 E167.45894
G1 X119.393 Y130.27 E167.48246
G1 F1503.8 X119.998 Y130.323 E167.5026
G1 F2700 E162.5026
G0 F9000 X120.063 Y129.618
G0 X119.973 Y128.436
G0 X120.059 Y127.731
G1 F2700 E167.5026
G1 F1500 X119.789 Y127.693 E167.51167
G1 X119.531 Y127.596 E167.52084
G1 X119.287 Y127.431 E167.53064
G1 X119.094 Y127.207 E167.54047
G1 X118.965 Y126.959 E167.54977
G1 X118.892 Y126.667 E167.55978
G1 X118.892 Y126.397 E167.56876
G1 X118.965 Y126.104 E167.5788
G1 X119.094 Y125.858 E167.58804
G1 X119.287 Y125.637 E167.5978
G1 X119.53 Y125.468 E167.60765
G1 X119.789 Y125.371 E167.61685
G1 X120.088 Y125.331 E167.62688
G1 X120.357 Y125.365 E167.6359
G1 X120.642 Y125.468 E167.64598
G1 X120.869 Y125.624 E167.65514
G1 X121.079 Y125.858 E167.66559
G1 X121.207 Y126.103 E167.67479
G1 X121.28 Y126.396 E167.68483
G1 X121.28 Y126.668 E167.69388
G1 X121.198 Y126.982 E167.70467
G1 X121.078 Y127.206 E167.71312
G1 X120.87 Y127.443 E167.72361
G1 X120.642 Y127.595 E167.73273
G1 X120.383 Y127.693 E167.74194
G1 X120.07 Y127.732 E167.75243
G1 X120.059 Y127.731 E167.75279
G0 F9000 X119.593 Y128.13
;TYPE:FILL
G1 F3000 X117.568 Y128.673 E167.82253
G0 F9000 X117.948 Y129.055
G1 F3000 X118.488 Y127.04 E167.89191
G0 F9000 X118.266 Y127.093
G0 X118.246 Y126.31
G0 X118.332 Y125.957
G0 X118.785 Y125.136
G0 X118.957 Y125.289
G1 F3000 X119.498 Y123.27 E167.96143
G0 F9000 X118.971 Y123.418
G1 F3000 X120.445 Y124.891 E168.03074
G0 F9000 X120.473 Y124.665
G0 X120.95 Y124.891
G0 X121.318 Y125.145
G0 X121.486 Y125.335
G0 X121.943 Y126.107
G0 X121.716 Y126.162
G1 F3000 X123.199 Y127.646 E168.10052
G0 F9000 X123.335 Y127.127
G1 F3000 X121.312 Y127.669 E168.17018
G0 F9000 X121.71 Y128.024
G1 F2700 E163.17018
;MESH:NONMESH
G0 F300 X121.71 Y128.024 Z2.2
G0 F9000 X119.741 Y127.944
G0 X119.413 Y127.82
G0 X116.809 Y125.159
G0 X115.788 Y124.765
G0 X112.383 Y122.616
G0 X111.51 Y121.957
G0 X108.602 Y121.979
G0 X108.602 Y121.667
;TIME_ELAPSED:343.636353
;LAYER:10
;TYPE:WALL-INNER
;MESH:megav4.5-pcbfoot.stl(1)
G1 F2700 E168.17018
G1 F1500 X108.247 Y121.659 E168.18199
G1 X107.904 Y121.569 E168.19378
G1 X107.562 Y121.391 E168.20661
G1 X107.265 Y121.129 E168.21978
G1 X107.054 Y120.808 E168.23255
G1 X106.93 Y120.481 E168.24419
G1 X106.87 Y120.076 E168.2578
G1 X106.93 Y119.667 E168.27155
G1 X107.054 Y119.341 E168.28315
G1 X107.264 Y119.021 E168.29588
G1 X107.533 Y118.782 E168.30785
G1 X107.895 Y118.577 E168.32169
G1 X108.28 Y118.481 E168.33489
G1 X108.673 Y118.481 E168.34796
G1 X109.046 Y118.578 E168.36078
G1 X109.362 Y118.742 E168.37262
G1 X109.673 Y119.004 E168.38614
G1 X109.898 Y119.34 E168.39959
G1 X110.032 Y119.697 E168.41227
G1 X110.077 Y120.076 E168.42497
G1 X110.022 Y120.481 E168.43856
G1 X109.899 Y120.808 E168.45018
G1 X109.678 Y121.136 E168.46334
G1 X109.391 Y121.391 E168.47611
G1 X109.05 Y121.568 E168.48889
G1 X108.672 Y121.668 E168.50189
G1 X108.602 Y121.667 E168.50422
G0 F9000 X108.602 Y121.979
G0 X108.742 Y123.149
G0 X108.742 Y123.456
G1 F1500 X108.793 Y123.456 E168.50592
G1 X109.404 Y123.344 E168.52658
G1 X109.991 Y123.116 E168.54752
G1 X110.523 Y122.787 E168.56832
G1 X110.982 Y122.366 E168.58904
G1 X111.363 Y121.862 E168.61005
G1 X111.642 Y121.302 E168.63086
G1 X111.815 Y120.693 E168.65192
G1 X111.873 Y120.076 E168.67253
G1 X111.815 Y119.455 E168.69328
G1 X111.642 Y118.846 E168.71433
G1 X111.363 Y118.286 E168.73514
G1 X110.983 Y117.783 E168.75611
G1 X110.524 Y117.365 E168.77676
G1 X109.991 Y117.032 E168.79766
G1 X109.403 Y116.808 E168.81859
G1 X108.791 Y116.693 E168.8393
G1 X108.161 Y116.692 E168.86025
G1 X107.548 Y116.808 E168.88101
G1 X106.957 Y117.032 E168.90203
G1 X106.429 Y117.364 E168.92277
G1 X105.968 Y117.784 E168.94351
G1 X105.584 Y118.287 E168.96456
G1 X105.307 Y118.846 E168.98531
G1 X105.134 Y119.454 E169.00634
G1 X105.079 Y120.076 E169.0271
G1 X105.134 Y120.694 E169.04774
G1 X105.307 Y121.302 E169.06877
G1 X105.584 Y121.861 E169.08952
G1 X105.969 Y122.365 E169.11061
G1 X106.429 Y122.788 E169.13139
G1 X106.957 Y123.115 E169.15205
G1 X107.548 Y123.343 E169.17312
G1 X108.159 Y123.456 E169.19379
G1 X108.742 Y123.456 E169.21318
G0 F9000 X108.774 Y123.856
;TYPE:WALL-OUTER
G1 F1500 X108.829 Y123.856 E169.21501
G1 X109.513 Y123.73 E169.23814
G1 X110.17 Y123.476 E169.26157
G1 X110.766 Y123.107 E169.28488
G1 X111.279 Y122.636 E169.30805
G1 X111.705 Y122.074 E169.3315
G1 X112.016 Y121.447 E169.35478
G1 X112.21 Y120.767 E169.3783
G1 X112.275 Y120.076 E169.40138
G1 X112.21 Y119.381 E169.4246
G1 X112.016 Y118.701 E169.44812
G1 X111.705 Y118.074 E169.4714
G1 X111.279 Y117.512 E169.49485
G1 X110.766 Y117.045 E169.51793
G1 X110.17 Y116.672 E169.54131
G1 X109.513 Y116.422 E169.56469
G1 X108.829 Y116.293 E169.58784
G1 X108.123 Y116.292 E169.61132
G1 X107.439 Y116.422 E169.63448
G1 X106.778 Y116.672 E169.65799
G1 X106.186 Y117.044 E169.68124
G1 X105.672 Y117.512 E169.70436
G1 X105.243 Y118.075 E169.7279
G1 X104.932 Y118.701 E169.75115
G1 X104.738 Y119.381 E169.77467
G1 X104.677 Y120.076 E169.79788
G1 X104.738 Y120.767 E169.82095
G1 X104.932 Y121.447 E169.84447
G1 X105.243 Y122.073 E169.86772
G1 X105.673 Y122.636 E169.89128
G1 X106.186 Y123.108 E169.91446
G1 X106.778 Y123.475 E169.93763
G1 X107.439 Y123.73 E169.9612
G1 X108.123 Y123.856 E169.98433
G1 X108.774 Y123.856 E170.00598
G1 F2700 E165.00598
G0 F9000 X108.763 Y123.15
G0 X108.571 Y121.979
G0 X108.571 Y121.268
G1 F2700 E170.00598
G1 F1500 X108.34 Y121.268 E170.01366
G1 X108.048 Y121.195 E170.02367
G1 X107.802 Y121.066 E170.03291
G1 X107.565 Y120.858 E170.0434
G1 X107.412 Y120.63 E170.05253
G1 X107.315 Y120.371 E170.06173
G1 X107.276 Y120.058 E170.07222
G1 X107.315 Y119.777 E170.08166
G1 X107.412 Y119.519 E170.09083
G1 X107.577 Y119.275 E170.10062
G1 X107.801 Y119.082 E170.11046
G1 X108.049 Y118.953 E170.11976
G1 X108.341 Y118.88 E170.12977
G1 X108.611 Y118.88 E170.13875
G1 X108.904 Y118.952 E170.14878
G1 X109.15 Y119.082 E170.15804
G1 X109.371 Y119.275 E170.16779
G1 X109.54 Y119.518 E170.17764
G1 X109.637 Y119.777 E170.18684
G1 X109.677 Y120.076 E170.19687
G1 X109.637 Y120.371 E170.20677
G1 X109.54 Y120.63 E170.21597
G1 X109.384 Y120.857 E170.22513
G1 X109.15 Y121.067 E170.23559
G1 X108.905 Y121.195 E170.24478
G1 X108.612 Y121.268 E170.25483
G1 X108.571 Y121.268 E170.25619
G0 F9000 X108.258 Y121.744
;TYPE:FILL
G1 F3000 X106.054 Y122.335 E170.33209
G0 F9000 X106.221 Y122.487
G1 F3000 X106.816 Y120.263 E170.40866
G0 F9000 X106.586 Y120.29
G0 X106.659 Y119.757
G0 X106.947 Y118.944
G0 X107.135 Y119.074
G1 F3000 X107.729 Y116.855 E170.48506
G0 F9000 X107.51 Y116.909
G1 F3000 X109.138 Y118.537 E170.56164
G0 F9000 X109.247 Y118.332
G0 X109.748 Y118.749
G0 X110.226 Y119.324
G0 X110.007 Y119.406
G1 F3000 X111.635 Y121.034 E170.63821
G0 F9000 X111.694 Y120.823
G1 F3000 X109.484 Y121.416 E170.71432
G0 F9000 X109.836 Y121.814
G1 F2700 E165.71432
;MESH:megav4.5-pcbfoot.stl
G0 F9000 X111.986 Y120.73
G0 X113.075 Y120.83
G0 X114.611 Y121.155
G0 X115.347 Y120.346
G0 X117.5 Y120.573
G0 X117.5 Y120.88
;TYPE:WALL-INNER
G1 F2700 E170.71432
G1 F1500 X117.817 Y120.88 E170.72486
G1 X118.428 Y120.768 E170.74552
G1 X119.014 Y120.54 E170.76644
G1 X119.544 Y120.211 E170.78718
G1 X120.006 Y119.789 E170.808
G1 X120.387 Y119.286 E170.82898
G1 X120.666 Y118.726 E170.84979
G1 X120.839 Y118.117 E170.87085
G1 X120.897 Y117.5 E170.89146
G1 X120.839 Y116.879 E170.91221
G1 X120.666 Y116.27 E170.93326
G1 X120.387 Y115.71 E170.95407
G1 X120.007 Y115.207 E170.97504
G1 X119.544 Y114.789 E170.99579
G1 X119.014 Y114.456 E171.0166
G1 X118.427 Y114.232 E171.0375
G1 X117.815 Y114.117 E171.05821
G1 X117.185 Y114.116 E171.07917
G1 X116.572 Y114.232 E171.09992
G1 X115.981 Y114.457 E171.12095
G1 X115.452 Y114.789 E171.14172
G1 X114.989 Y115.208 E171.16249
G1 X114.609 Y115.71 E171.18343
G1 X114.33 Y116.27 E171.20424
G1 X114.157 Y116.879 E171.2253
G1 X114.099 Y117.5 E171.24604
G1 X114.157 Y118.117 E171.26665
G1 X114.33 Y118.726 E171.28771
G1 X114.609 Y119.286 E171.30852
G1 X114.99 Y119.789 E171.32951
G1 X115.452 Y120.211 E171.35032
G1 X115.981 Y120.54 E171.37104
G1 X116.572 Y120.767 E171.3921
G1 X117.183 Y120.88 E171.41276
G1 X117.5 Y120.88 E171.42331
G0 F9000 X117.5 Y120.573
G0 X117.5 Y119.403
G0 X117.5 Y119.091
G1 F1500 X117.298 Y119.091 E171.43002
G1 X116.928 Y118.993 E171.44276
G1 X116.582 Y118.815 E171.4557
G1 X116.309 Y118.571 E171.46788
G1 X116.085 Y118.261 E171.4806
G1 X115.95 Y117.905 E171.49326
G1 X115.894 Y117.501 E171.50682
G1 X115.95 Y117.091 E171.52059
G1 X116.086 Y116.733 E171.53333
G1 X116.308 Y116.426 E171.54593
G1 X116.577 Y116.184 E171.55796
G1 X116.925 Y116 E171.57105
G1 X117.299 Y115.905 E171.58389
G1 X117.697 Y115.905 E171.59713
G1 X118.07 Y116.002 E171.60994
G1 X118.387 Y116.167 E171.62183
G1 X118.698 Y116.43 E171.63538
G1 X118.922 Y116.764 E171.64875
G1 X119.059 Y117.128 E171.66169
G1 X119.097 Y117.5 E171.67413
G1 X119.046 Y117.905 E171.6877
G1 X118.923 Y118.232 E171.69932
G1 X118.687 Y118.571 E171.71306
G1 X118.413 Y118.816 E171.72529
G1 X118.074 Y118.992 E171.73799
G1 X117.699 Y119.091 E171.75089
G1 X117.5 Y119.091 E171.75751
G0 F9000 X117.5 Y118.692
;TYPE:WALL-OUTER
G1 F1500 X117.361 Y118.692 E171.76213
G1 X117.051 Y118.61 E171.7728
G1 X116.803 Y118.477 E171.78216
G1 X116.601 Y118.297 E171.79116
G1 X116.432 Y118.054 E171.801
G1 X116.335 Y117.795 E171.8102
G1 X116.3 Y117.481 E171.82071
G1 X116.335 Y117.201 E171.83009
G1 X116.432 Y116.943 E171.83926
G1 X116.588 Y116.715 E171.84845
G1 X116.821 Y116.506 E171.85886
G1 X117.093 Y116.37 E171.86897
G1 X117.361 Y116.304 E171.87815
G1 X117.635 Y116.304 E171.88727
G1 X117.928 Y116.376 E171.8973
G1 X118.175 Y116.506 E171.90659
G1 X118.395 Y116.699 E171.91632
G1 X118.564 Y116.942 E171.92617
G1 X118.661 Y117.201 E171.93536
G1 X118.697 Y117.5 E171.94538
G1 X118.661 Y117.795 E171.95526
G1 X118.564 Y118.054 E171.96446
G1 X118.395 Y118.297 E171.97431
G1 X118.193 Y118.477 E171.98331
G1 X117.929 Y118.619 E171.99328
G1 X117.636 Y118.692 E172.00332
G1 X117.5 Y118.692 E172.00784
G1 F2700 E167.00784
G0 F9000 X117.5 Y119.403
G0 X117.5 Y120.573
G0 X117.5 Y121.28
G1 F2700 E172.00784
G1 F1500 X117.853 Y121.28 E172.01958
G1 X118.537 Y121.154 E172.04272
G1 X119.194 Y120.9 E172.06615
G1 X119.786 Y120.531 E172.08935
G1 X120.303 Y120.06 E172.11261
G1 X120.729 Y119.498 E172.13606
G1 X121.04 Y118.871 E172.15934
G1 X121.234 Y118.191 E172.18286
G1 X121.299 Y117.5 E172.20595
G1 X121.234 Y116.805 E172.22916
G1 X121.04 Y116.125 E172.25268
G1 X120.729 Y115.498 E172.27596
G1 X120.303 Y114.936 E172.29942
G1 X119.786 Y114.469 E172.32259
G1 X119.194 Y114.096 E172.34586
G1 X118.537 Y113.846 E172.36924
G1 X117.853 Y113.717 E172.39239
G1 X117.147 Y113.716 E172.41587
G1 X116.463 Y113.846 E172.43903
G1 X115.802 Y114.097 E172.46255
G1 X115.21 Y114.469 E172.4858
G1 X114.693 Y114.936 E172.50897
G1 X114.267 Y115.498 E172.53243
G1 X113.956 Y116.125 E172.55571
G1 X113.762 Y116.805 E172.57923
G1 X113.697 Y117.5 E172.60244
G1 X113.762 Y118.191 E172.62553
G1 X113.956 Y118.871 E172.64905
G1 X114.267 Y119.498 E172.67233
G1 X114.693 Y120.06 E172.69578
G1 X115.21 Y120.531 E172.71904
G1 X115.802 Y120.9 E172.74224
G1 X116.463 Y121.154 E172.7658
G1 X117.147 Y121.28 E172.78893
G1 X117.5 Y121.28 E172.80067
G0 F9000 X117.5 Y120.573
G0 X117.224 Y119.392
G0 X117.279 Y119.168
;TYPE:FILL
G1 F3000 X115.075 Y119.759 E172.87657
G0 F9000 X115.244 Y119.911
G1 F3000 X115.837 Y117.695 E172.95286
G0 F9000 X115.61 Y117.722
G0 X115.682 Y117.183
G0 X115.969 Y116.369
G0 X116.158 Y116.499
G1 F3000 X116.753 Y114.279 E173.02931
G0 F9000 X116.532 Y114.333
G1 F3000 X118.155 Y115.956 E173.10565
G0 F9000 X118.263 Y115.752
G0 X118.77 Y116.171
G0 X119.251 Y116.751
G0 X119.032 Y116.833
G1 F3000 X120.658 Y118.459 E173.18213
G0 F9000 X120.718 Y118.247
G1 F3000 X118.507 Y118.84 E173.25827
G0 F9000 X118.859 Y119.238
G1 F2700 E168.25827
;MESH:megav4.5-pcbfoot.stl(2)
G0 F9000 X120.829 Y118.787
G0 X121.881 Y119.085
G0 X123.631 Y118.568
G0 X124.367 Y117.759
G0 X126.266 Y117.986
G0 X126.266 Y118.296
;TYPE:WALL-INNER
G1 F2700 E173.25827
G1 F1500 X126.835 Y118.296 E173.27719
G1 X127.446 Y118.18 E173.29788
G1 X128.034 Y117.952 E173.31885
G1 X128.564 Y117.623 E173.3396
G1 X129.026 Y117.201 E173.36041
G1 X129.407 Y116.698 E173.3814
G1 X129.686 Y116.138 E173.40221
G1 X129.859 Y115.529 E173.42327
G1 X129.917 Y114.912 E173.44388
G1 X129.859 Y114.292 E173.46459
G1 X129.686 Y113.686 E173.48555
G1 X129.407 Y113.121 E173.50651
G1 X129.027 Y112.619 E173.52745
G1 X128.565 Y112.201 E173.54817
G1 X128.034 Y111.872 E173.56895
G1 X127.446 Y111.644 E173.58992
G1 X126.835 Y111.529 E173.6106
G1 X126.205 Y111.528 E173.63156
G1 X125.593 Y111.644 E173.65227
G1 X125.001 Y111.872 E173.67337
G1 X124.471 Y112.201 E173.69412
G1 X124.009 Y112.62 E173.71487
G1 X123.63 Y113.122 E173.73579
G1 X123.35 Y113.686 E173.75673
G1 X123.177 Y114.292 E173.77769
G1 X123.119 Y114.912 E173.7984
G1 X123.176 Y115.529 E173.81901
G1 X123.35 Y116.138 E173.84008
G1 X123.629 Y116.698 E173.86089
G1 X124.01 Y117.202 E173.8819
G1 X124.472 Y117.623 E173.90269
G1 X125.001 Y117.952 E173.92341
G1 X125.593 Y118.18 E173.94451
G1 X126.205 Y118.296 E173.96523
G1 X126.266 Y118.296 E173.96726
G0 F9000 X126.266 Y117.986
G0 X126.401 Y116.816
G0 X126.401 Y116.503
G1 F1500 X126.318 Y116.503 E173.97002
G1 X125.948 Y116.405 E173.98275
G1 X125.6 Y116.231 E173.99569
G1 X125.307 Y115.966 E174.00883
G1 X125.094 Y115.644 E174.02167
G1 X124.97 Y115.321 E174.03318
G1 X124.914 Y114.913 E174.04687
G1 X124.971 Y114.502 E174.06067
G1 X125.093 Y114.182 E174.07206
G1 X125.328 Y113.838 E174.08592
G1 X125.602 Y113.593 E174.09815
G1 X125.948 Y113.416 E174.11107
G1 X126.319 Y113.321 E174.12381
G1 X126.725 Y113.321 E174.13731
G1 X127.093 Y113.416 E174.14995
G1 X127.436 Y113.594 E174.16281
G1 X127.722 Y113.847 E174.17551
G1 X127.943 Y114.181 E174.18883
G1 X128.079 Y114.538 E174.20153
G1 X128.117 Y114.912 E174.21404
G1 X128.078 Y115.29 E174.22668
G1 X127.943 Y115.644 E174.23928
G1 X127.708 Y115.986 E174.25308
G1 X127.428 Y116.238 E174.26561
G1 X127.094 Y116.404 E174.27801
G1 X126.722 Y116.502 E174.29081
G1 X126.401 Y116.503 E174.30149
G0 F9000 X126.431 Y116.104
;TYPE:WALL-OUTER
G1 F1500 X126.381 Y116.104 E174.30315
G1 X126.092 Y116.031 E174.31306
G1 X125.842 Y115.906 E174.32236
G1 X125.621 Y115.713 E174.33212
G1 X125.452 Y115.466 E174.34207
G1 X125.355 Y115.211 E174.35115
G1 X125.32 Y114.893 E174.36179
G1 X125.355 Y114.612 E174.37121
G1 X125.452 Y114.359 E174.38022
G1 X125.608 Y114.127 E174.38952
G1 X125.822 Y113.931 E174.39917
G1 X126.092 Y113.789 E174.40931
G1 X126.381 Y113.72 E174.4192
G1 X126.655 Y113.72 E174.42831
G1 X126.949 Y113.789 E174.43835
G1 X127.214 Y113.931 E174.44835
G1 X127.415 Y114.111 E174.45733
G1 X127.584 Y114.359 E174.46731
G1 X127.681 Y114.612 E174.47632
G1 X127.717 Y114.912 E174.48637
G1 X127.681 Y115.211 E174.49639
G1 X127.584 Y115.466 E174.50546
G1 X127.415 Y115.713 E174.51542
G1 X127.213 Y115.893 E174.52441
G1 X126.949 Y116.031 E174.53432
G1 X126.655 Y116.104 E174.5444
G1 X126.431 Y116.104 E174.55185
G1 F2700 E169.55185
G0 F9000 X126.431 Y116.816
G0 X126.236 Y117.986
G0 X126.236 Y118.696
G1 F2700 E174.55185
G1 F1500 X126.873 Y118.696 E174.57304
G1 X127.556 Y118.566 E174.59616
G1 X128.214 Y118.312 E174.61962
G1 X128.806 Y117.943 E174.64282
G1 X129.323 Y117.472 E174.66608
G1 X129.749 Y116.91 E174.68954
G1 X130.06 Y116.283 E174.71282
G1 X130.254 Y115.603 E174.73634
G1 X130.319 Y114.912 E174.75942
G1 X130.254 Y114.218 E174.7826
G1 X130.06 Y113.541 E174.80603
G1 X129.749 Y112.91 E174.82942
G1 X129.323 Y112.348 E174.85288
G1 X128.807 Y111.881 E174.87603
G1 X128.214 Y111.512 E174.89926
G1 X127.556 Y111.258 E174.92272
G1 X126.873 Y111.129 E174.94583
G1 X126.167 Y111.128 E174.96932
G1 X125.483 Y111.258 E174.99247
G1 X124.822 Y111.512 E175.01603
G1 X124.229 Y111.881 E175.03926
G1 X123.713 Y112.348 E175.0624
G1 X123.288 Y112.91 E175.08584
G1 X122.976 Y113.541 E175.10925
G1 X122.782 Y114.218 E175.13267
G1 X122.717 Y114.912 E175.15586
G1 X122.782 Y115.603 E175.17894
G1 X122.976 Y116.283 E175.20246
G1 X123.287 Y116.91 E175.22574
G1 X123.713 Y117.472 E175.24919
G1 X124.23 Y117.943 E175.27246
G1 X124.822 Y118.312 E175.29566
G1 X125.483 Y118.566 E175.31921
G1 X126.167 Y118.696 E175.34237
G1 X126.236 Y118.696 E175.34466
G0 F9000 X126.236 Y117.986
G0 X126.248 Y116.806
G0 X126.303 Y116.581
;TYPE:FILL
G1 F3000 X124.096 Y117.172 E175.42065
G0 F9000 X124.264 Y117.323
G1 F3000 X124.857 Y115.108 E175.49692
G0 F9000 X124.63 Y115.135
G0 X124.702 Y114.596
G0 X124.994 Y113.775
G0 X125.18 Y113.903
G1 F3000 X125.773 Y111.691 E175.57309
G0 F9000 X125.552 Y111.746
G1 F3000 X127.176 Y113.37 E175.64948
G0 F9000 X127.284 Y113.166
G0 X127.79 Y113.584
G0 X128.271 Y114.165
G0 X128.052 Y114.247
G1 F3000 X129.678 Y115.873 E175.72596
G0 F9000 X129.738 Y115.66
G1 F3000 X127.532 Y116.252 E175.80193
G0 F9000 X127.882 Y116.649
G1 F2700 E170.80193
;MESH:megav4.5-pcbfoot.stl(3)
G0 F9000 X125.541 Y118.345
G0 X125.147 Y119.366
G0 X122.628 Y122.628
G0 X121.969 Y123.501
G0 X121.446 Y127.05
G0 X121.283 Y127.359
G0 X120.012 Y128.441
G0 X120.05 Y128.133
;TYPE:WALL-INNER
G1 F2700 E175.80193
G1 F1500 X119.679 Y128.078 E175.8144
G1 X119.353 Y127.954 E175.826
G1 X119.033 Y127.744 E175.83873
G1 X118.794 Y127.475 E175.8507
G1 X118.589 Y127.113 E175.86454
G1 X118.493 Y126.728 E175.87773
G1 X118.493 Y126.327 E175.89107
G1 X118.591 Y125.962 E175.90364
G1 X118.768 Y125.619 E175.91648
G1 X119.014 Y125.345 E175.92873
G1 X119.322 Y125.121 E175.94139
G1 X119.679 Y124.986 E175.95409
G1 X120.088 Y124.931 E175.96781
G1 X120.464 Y124.975 E175.9804
G1 X120.82 Y125.109 E175.99306
G1 X121.148 Y125.33 E176.00621
G1 X121.403 Y125.617 E176.01898
G1 X121.58 Y125.958 E176.03176
G1 X121.679 Y126.333 E176.04466
G1 X121.679 Y126.731 E176.0579
G1 X121.58 Y127.104 E176.07073
G1 X121.403 Y127.445 E176.08351
G1 X121.159 Y127.722 E176.09579
G1 X120.835 Y127.952 E176.109
G1 X120.493 Y128.077 E176.12111
G1 X120.093 Y128.139 E176.13458
G1 X120.05 Y128.133 E176.13602
G0 F9000 X120.012 Y128.441
G0 X120.036 Y129.616
G0 X120.007 Y129.922
G1 F1500 X120.088 Y129.929 E176.13873
G1 X120.706 Y129.875 E176.15936
G1 X121.314 Y129.702 E176.18038
G1 X121.873 Y129.424 E176.20115
G1 X122.377 Y129.039 E176.22224
G1 X122.8 Y128.579 E176.24303
G1 X123.128 Y128.051 E176.2637
G1 X123.355 Y127.46 E176.28476
G1 X123.468 Y126.849 E176.30542
G1 X123.468 Y126.215 E176.32651
G1 X123.355 Y125.604 E176.34718
G1 X123.128 Y125.017 E176.36811
G1 X122.799 Y124.484 E176.38894
G1 X122.378 Y124.026 E176.40964
G1 X121.874 Y123.645 E176.43065
G1 X121.314 Y123.366 E176.45146
G1 X120.705 Y123.193 E176.47252
G1 X120.088 Y123.135 E176.49313
G1 X119.467 Y123.193 E176.51387
G1 X118.858 Y123.366 E176.53493
G1 X118.298 Y123.645 E176.55574
G1 X117.795 Y124.025 E176.57671
G1 X117.377 Y124.484 E176.59735
G1 X117.044 Y125.017 E176.61826
G1 X116.82 Y125.605 E176.63918
G1 X116.704 Y126.217 E176.6599
G1 X116.704 Y126.847 E176.68086
G1 X116.82 Y127.46 E176.70161
G1 X117.044 Y128.051 E176.72263
G1 X117.376 Y128.579 E176.74337
G1 X117.796 Y129.04 E176.76411
G1 X118.299 Y129.424 E176.78516
G1 X118.858 Y129.701 E176.80591
G1 X119.466 Y129.874 E176.82694
G1 X120.007 Y129.922 E176.845
G0 F9000 X119.998 Y130.323
;TYPE:WALL-OUTER
G1 F1503.8 X120.088 Y130.331 E176.848
G1 F1500 X120.779 Y130.27 E176.87107
G1 X121.459 Y130.076 E176.89459
G1 X122.085 Y129.765 E176.91784
G1 X122.648 Y129.335 E176.9414
G1 X123.12 Y128.822 E176.96459
G1 X123.488 Y128.23 E176.98777
G1 X123.742 Y127.569 E177.01132
G1 X123.868 Y126.885 E177.03446
G1 X123.868 Y126.179 E177.05794
G1 X123.742 Y125.495 E177.08107
G1 X123.488 Y124.838 E177.1045
G1 X123.119 Y124.242 E177.12781
G1 X122.648 Y123.729 E177.15098
G1 X122.086 Y123.303 E177.17443
G1 X121.459 Y122.992 E177.19771
G1 X120.779 Y122.798 E177.22123
G1 X120.088 Y122.733 E177.24431
G1 X119.393 Y122.798 E177.26753
G1 X118.713 Y122.992 E177.29105
G1 X118.086 Y123.303 E177.31433
G1 X117.524 Y123.729 E177.33778
G1 X117.057 Y124.242 E177.36086
G1 X116.684 Y124.838 E177.38424
G1 X116.434 Y125.495 E177.40762
G1 X116.304 Y126.179 E177.43078
G1 X116.304 Y126.885 E177.45426
G1 X116.434 Y127.569 E177.47742
G1 X116.684 Y128.23 E177.50092
G1 X117.056 Y128.822 E177.52418
G1 X117.524 Y129.336 E177.5473
G1 X118.087 Y129.765 E177.57084
G1 X118.713 Y130.076 E177.59409
G1 X119.393 Y130.27 E177.61761
G1 F1503.8 X119.998 Y130.323 E177.63776
G1 F2700 E172.63776
G0 F9000 X120.063 Y129.618
G0 X119.973 Y128.436
G0 X120.059 Y127.731
G1 F2700 E177.63776
G1 F1500 X119.789 Y127.693 E177.64683
G1 X119.531 Y127.596 E177.65599
G1 X119.287 Y127.431 E177.66579
G1 X119.094 Y127.207 E177.67563
G1 X118.965 Y126.959 E177.68492
G1 X118.892 Y126.667 E177.69493
G1 X118.892 Y126.397 E177.70391
G1 X118.965 Y126.104 E177.71396
G1 X119.094 Y125.858 E177.7232
G1 X119.287 Y125.637 E177.73296
G1 X119.53 Y125.468 E177.7428
G1 X119.789 Y125.371 E177.752
G1 X120.088 Y125.331 E177.76203
G1 X120.357 Y125.365 E177.77105
G1 X120.642 Y125.468 E177.78113
G1 X120.869 Y125.624 E177.79029
G1 X121.079 Y125.858 E177.80075
G1 X121.207 Y126.103 E177.80994
G1 X121.28 Y126.396 E177.81998
G1 X121.28 Y126.668 E177.82903
G1 X121.198 Y126.982 E177.83983
G1 X121.078 Y127.206 E177.84828
G1 X120.87 Y127.443 E177.85877
G1 X120.642 Y127.595 E177.86788
G1 X120.383 Y127.693 E177.87709
G1 X120.07 Y127.732 E177.88758
G1 X120.059 Y127.731 E177.88795
G0 F9000 X119.907 Y128.192
;TYPE:FILL
G1 F3000 X117.675 Y128.79 E177.9648
G0 F9000 X117.829 Y128.956
G1 F3000 X118.417 Y126.759 E178.04045
G0 F9000 X118.196 Y126.812
G0 X118.323 Y126.053
G0 X118.579 Y125.369
G0 X118.749 Y125.521
G1 F3000 X119.341 Y123.311 E178.11654
G0 F9000 X119.127 Y123.374
G1 F3000 X120.752 Y124.999 E178.19298
G0 F9000 X120.834 Y124.783
G0 X121.226 Y125.076
G0 X121.832 Y125.763
G0 X121.624 Y125.871
G1 F3000 X123.255 Y127.502 E178.2697
G0 F9000 X123.307 Y127.281
G1 F3000 X121.087 Y127.876 E178.34614
G0 F9000 X121.388 Y128.313
G1 F2700 E173.34614
;MESH:NONMESH
G0 F300 X121.388 Y128.313 Z2.4
G0 F9000 X119.741 Y127.944
G0 X119.413 Y127.82
G0 X116.809 Y125.159
G0 X115.788 Y124.765
G0 X112.383 Y122.616
G0 X111.51 Y121.957
G0 X108.602 Y121.979
G0 X108.602 Y121.667
;TIME_ELAPSED:364.650032
;BEGIN FilamentChange plugin
M600 E30.00 U300.00 X0.00 Y0.00 Z50.00
;END FilamentChange plugin
;LAYER:11
;TYPE:WALL-INNER
;MESH:megav4.5-pcbfoot.stl(1)
G1 F2700 E178.34614
G1 F1500 X108.247 Y121.659 E178.35795
G1 X107.904 Y121.569 E178.36974
G1 X107.562 Y121.391 E178.38257
G1 X107.265 Y121.129 E178.39574
G1 X107.054 Y120.808 E178.40852
G1 X106.93 Y120.481 E178.42015
G1 X106.87 Y120.076 E178.43377
G1 X106.93 Y119.667 E178.44751
G1 X107.054 Y119.341 E178.45912
G1 X107.264 Y119.021 E178.47185
G1 X107.533 Y118.782 E178.48381
G1 X107.895 Y118.577 E178.49765
G1 X108.28 Y118.481 E178.51085
G1 X108.673 Y118.481 E178.52392
G1 X109.046 Y118.578 E178.53674
G1 X109.362 Y118.742 E178.54858
G1 X109.673 Y119.004 E178.5621
G1 X109.898 Y119.34 E178.57555
G1 X110.032 Y119.697 E178.58824
G1 X110.077 Y120.076 E178.60093
G1 X110.022 Y120.481 E178.61453
G1 X109.899 Y120.808 E178.62615
G1 X109.678 Y121.136 E178.6393
G1 X109.391 Y121.391 E178.65207
G1 X109.05 Y121.568 E178.66485
G1 X108.672 Y121.668 E178.67785
G1 X108.602 Y121.667 E178.68018
G0 F9000 X108.602 Y121.979
G0 X108.742 Y123.149
G0 X108.742 Y123.456
G1 F1500 X108.793 Y123.456 E178.68188
G1 X109.404 Y123.344 E178.70254
G1 X109.991 Y123.116 E178.72348
G1 X110.523 Y122.787 E178.74429
G1 X110.982 Y122.366 E178.765
G1 X111.363 Y121.862 E178.78602
G1 X111.642 Y121.302 E178.80683
G1 X111.815 Y120.693 E178.82788
G1 X111.873 Y120.076 E178.84849
G1 X111.815 Y119.455 E178.86924
G1 X111.642 Y118.846 E178.8903
G1 X111.363 Y118.286 E178.91111
G1 X110.983 Y117.783 E178.93207
G1 X110.524 Y117.365 E178.95272
G1 X109.991 Y117.032 E178.97362
G1 X109.403 Y116.808 E178.99455
G1 X108.791 Y116.693 E179.01526
G1 X108.161 Y116.692 E179.03622
G1 X107.548 Y116.808 E179.05697
G1 X106.957 Y117.032 E179.07799
G1 X106.429 Y117.364 E179.09873
G1 X105.968 Y117.784 E179.11948
G1 X105.584 Y118.287 E179.14052
G1 X105.307 Y118.846 E179.16127
G1 X105.134 Y119.454 E179.1823
G1 X105.079 Y120.076 E179.20307
G1 X105.134 Y120.694 E179.2237
G1 X105.307 Y121.302 E179.24473
G1 X105.584 Y121.861 E179.26548
G1 X105.969 Y122.365 E179.28657
G1 X106.429 Y122.788 E179.30736
G1 X106.957 Y123.115 E179.32801
G1 X107.548 Y123.343 E179.34908
G1 X108.159 Y123.456 E179.36975
G1 X108.742 Y123.456 E179.38914
G0 F9000 X108.774 Y123.856
;TYPE:WALL-OUTER
G1 F1500 X108.829 Y123.856 E179.39097
G1 X109.513 Y123.73 E179.4141
G1 X110.17 Y123.476 E179.43753
G1 X110.766 Y123.107 E179.46084
G1 X111.279 Y122.636 E179.48401
G1 X111.705 Y122.074 E179.50746
G1 X112.016 Y121.447 E179.53074
G1 X112.21 Y120.767 E179.55426
G1 X112.275 Y120.076 E179.57734
G1 X112.21 Y119.381 E179.60056
G1 X112.016 Y118.701 E179.62408
G1 X111.705 Y118.074 E179.64736
G1 X111.279 Y117.512 E179.67081
G1 X110.766 Y117.045 E179.69389
G1 X110.17 Y116.672 E179.71727
G1 X109.513 Y116.422 E179.74065
G1 X108.829 Y116.293 E179.7638
G1 X108.123 Y116.292 E179.78729
G1 X107.439 Y116.422 E179.81044
G1 X106.778 Y116.672 E179.83395
G1 X106.186 Y117.044 E179.8572
G1 X105.672 Y117.512 E179.88032
G1 X105.243 Y118.075 E179.90387
G1 X104.932 Y118.701 E179.92711
G1 X104.738 Y119.381 E179.95063
G1 X104.677 Y120.076 E179.97384
G1 X104.738 Y120.767 E179.99691
G1 X104.932 Y121.447 E180.02043
G1 X105.243 Y122.073 E180.04368
G1 X105.673 Y122.636 E180.06724
G1 X106.186 Y123.108 E180.09043
G1 X106.778 Y123.475 E180.11359
G1 X107.439 Y123.73 E180.13716
G1 X108.123 Y123.856 E180.16029
G1 X108.774 Y123.856 E180.18194
G1 F2700 E175.18194
G0 F9000 X108.763 Y123.15
G0 X108.571 Y121.979
G0 X108.571 Y121.268
G1 F2700 E180.18194
G1 F1500 X108.34 Y121.268 E180.18963
G1 X108.048 Y121.195 E180.19964
G1 X107.802 Y121.066 E180.20888
G1 X107.565 Y120.858 E180.21936
G1 X107.412 Y120.63 E180.2285
G1 X107.315 Y120.371 E180.23769
G1 X107.276 Y120.058 E180.24819
G1 X107.315 Y119.777 E180.25762
G1 X107.412 Y119.519 E180.26679
G1 X107.577 Y119.275 E180.27659
G1 X107.801 Y119.082 E180.28642
G1 X108.049 Y118.953 E180.29572
G1 X108.341 Y118.88 E180.30573
G1 X108.611 Y118.88 E180.31471
G1 X108.904 Y118.952 E180.32474
G1 X109.15 Y119.082 E180.334
G1 X109.371 Y119.275 E180.34376
G1 X109.54 Y119.518 E180.3536
G1 X109.637 Y119.777 E180.3628
G1 X109.677 Y120.076 E180.37283
G1 X109.637 Y120.371 E180.38273
G1 X109.54 Y120.63 E180.39193
G1 X109.384 Y120.857 E180.40109
G1 X109.15 Y121.067 E180.41155
G1 X108.905 Y121.195 E180.42075
G1 X108.612 Y121.268 E180.43079
G1 X108.571 Y121.268 E180.43215
G0 F9000 X108.571 Y121.979
G0 X106.334 Y122.281
G0 X106.178 Y122.448
;TYPE:FILL
G1 F3000 X111.649 Y120.983 E180.62053
G1 X111.68 Y120.878
G1 X107.67 Y116.868 E180.80915
G1 X107.575 Y116.884
G1 X106.103 Y122.378 E180.99832
G0 F9000 X106.459 Y121.989
G1 F2700 E175.99832
;MESH:megav4.5-pcbfoot.stl
G0 F9000 X111.986 Y120.73
G0 X113.075 Y120.83
G0 X114.611 Y121.155
G0 X115.347 Y120.346
G0 X117.5 Y120.573
G0 X117.5 Y120.88
;TYPE:WALL-INNER
G1 F2700 E180.99832
G1 F1500 X117.817 Y120.88 E181.00887
G1 X118.428 Y120.768 E181.02953
G1 X119.014 Y120.54 E181.05044
G1 X119.544 Y120.211 E181.07119
G1 X120.006 Y119.789 E181.092
G1 X120.387 Y119.286 E181.11299
G1 X120.666 Y118.726 E181.1338
G1 X120.839 Y118.117 E181.15485
G1 X120.897 Y117.5 E181.17547
G1 X120.839 Y116.879 E181.19621
G1 X120.666 Y116.27 E181.21727
G1 X120.387 Y115.71 E181.23808
G1 X120.007 Y115.207 E181.25904
G1 X119.544 Y114.789 E181.27979
G1 X119.014 Y114.456 E181.30061
G1 X118.427 Y114.232 E181.32151
G1 X117.815 Y114.117 E181.34222
G1 X117.185 Y114.116 E181.36317
G1 X116.572 Y114.232 E181.38392
G1 X115.981 Y114.457 E181.40496
G1 X115.452 Y114.789 E181.42573
G1 X114.989 Y115.208 E181.4465
G1 X114.609 Y115.71 E181.46744
G1 X114.33 Y116.27 E181.48825
G1 X114.157 Y116.879 E181.5093
G1 X114.099 Y117.5 E181.53005
G1 X114.157 Y118.117 E181.55066
G1 X114.33 Y118.726 E181.57172
G1 X114.609 Y119.286 E181.59253
G1 X114.99 Y119.789 E181.61351
G1 X115.452 Y120.211 E181.63433
G1 X115.981 Y120.54 E181.65505
G1 X116.572 Y120.767 E181.6761
G1 X117.183 Y120.88 E181.69677
G1 X117.5 Y120.88 E181.70731
G0 F9000 X117.5 Y120.573
G0 X117.5 Y119.403
G0 X117.5 Y119.091
G1 F1500 X117.298 Y119.091 E181.71403
G1 X116.928 Y118.993 E181.72676
G1 X116.582 Y118.815 E181.7397
G1 X116.309 Y118.571 E181.75188
G1 X116.085 Y118.261 E181.7646
G1 X115.95 Y117.905 E181.77727
G1 X115.894 Y117.501 E181.79083
G1 X115.95 Y117.091 E181.80459
G1 X116.086 Y116.733 E181.81733
G1 X116.308 Y116.426 E181.82993
G1 X116.577 Y116.184 E181.84197
G1 X116.925 Y116 E181.85506
G1 X117.299 Y115.905 E181.86789
G1 X117.697 Y115.905 E181.88113
G1 X118.07 Y116.002 E181.89395
G1 X118.387 Y116.167 E181.90584
G1 X118.698 Y116.43 E181.91938
G1 X118.922 Y116.764 E181.93276
G1 X119.059 Y117.128 E181.9457
G1 X119.097 Y117.5 E181.95813
G1 X119.046 Y117.905 E181.97171
G1 X118.923 Y118.232 E181.98333
G1 X118.687 Y118.571 E181.99707
G1 X118.413 Y118.816 E182.00929
G1 X118.074 Y118.992 E182.022
G1 X117.699 Y119.091 E182.0349
G1 X117.5 Y119.091 E182.04152
G0 F9000 X117.5 Y118.692
;TYPE:WALL-OUTER
G1 F1500 X117.361 Y118.692 E182.04614
G1 X117.051 Y118.61 E182.0568
G1 X116.803 Y118.477 E182.06616
G1 X116.601 Y118.297 E182.07516
G1 X116.432 Y118.054 E182.08501
G1 X116.335 Y117.795 E182.09421
G1 X116.3 Y117.481 E182.10471
G1 X116.335 Y117.201 E182.1141
G1 X116.432 Y116.943 E182.12327
G1 X116.588 Y116.715 E182.13246
G1 X116.821 Y116.506 E182.14287
G1 X117.093 Y116.37 E182.15298
G1 X117.361 Y116.304 E182.16216
G1 X117.635 Y116.304 E182.17127
G1 X117.928 Y116.376 E182.18131
G1 X118.175 Y116.506 E182.19059
G1 X118.395 Y116.699 E182.20033
G1 X118.564 Y116.942 E182.21017
G1 X118.661 Y117.201 E182.21937
G1 X118.697 Y117.5 E182.22939
G1 X118.661 Y117.795 E182.23927
G1 X118.564 Y118.054 E182.24847
G1 X118.395 Y118.297 E182.25831
G1 X118.193 Y118.477 E182.26731
G1 X117.929 Y118.619 E182.27728
G1 X117.636 Y118.692 E182.28733
G1 X117.5 Y118.692 E182.29185
G1 F2700 E177.29185
G0 F9000 X117.5 Y119.403
G0 X117.5 Y120.573
G0 X117.5 Y121.28
G1 F2700 E182.29185
G1 F1500 X117.853 Y121.28 E182.30359
G1 X118.537 Y121.154 E182.32672
G1 X119.194 Y120.9 E182.35015
G1 X119.786 Y120.531 E182.37335
G1 X120.303 Y120.06 E182.39662
G1 X120.729 Y119.498 E182.42007
G1 X121.04 Y118.871 E182.44335
G1 X121.234 Y118.191 E182.46687
G1 X121.299 Y117.5 E182.48995
G1 X121.234 Y116.805 E182.51317
G1 X121.04 Y116.125 E182.53669
G1 X120.729 Y115.498 E182.55997
G1 X120.303 Y114.936 E182.58342
G1 X119.786 Y114.469 E182.60659
G1 X119.194 Y114.096 E182.62987
G1 X118.537 Y113.846 E182.65325
G1 X117.853 Y113.717 E182.6764
G1 X117.147 Y113.716 E182.69988
G1 X116.463 Y113.846 E182.72304
G1 X115.802 Y114.097 E182.74655
G1 X115.21 Y114.469 E182.76981
G1 X114.693 Y114.936 E182.79298
G1 X114.267 Y115.498 E182.81644
G1 X113.956 Y116.125 E182.83971
G1 X113.762 Y116.805 E182.86323
G1 X113.697 Y117.5 E182.88645
G1 X113.762 Y118.191 E182.90953
G1 X113.956 Y118.871 E182.93305
G1 X114.267 Y119.498 E182.95633
G1 X114.693 Y120.06 E182.97979
G1 X115.21 Y120.531 E183.00305
G1 X115.802 Y120.9 E183.02625
G1 X116.463 Y121.154 E183.0498
G1 X117.147 Y121.28 E183.07294
G1 X117.5 Y121.28 E183.08468
G0 F9000 X117.5 Y120.573
G0 X115.357 Y119.705
G0 X115.2 Y119.873
;TYPE:FILL
G1 F3000 X120.673 Y118.406 E183.27314
G1 X120.703 Y118.303
G1 X116.691 Y114.291 E183.46185
G1 X116.598 Y114.309
G1 X115.125 Y119.804 E183.65106
G0 F9000 X115.482 Y119.413
G1 F2700 E178.65106
;MESH:megav4.5-pcbfoot.stl(2)
G0 F9000 X121.009 Y118.154
G0 X122.098 Y118.254
G0 X123.01 Y117.977
G0 X123.882 Y117.317
G0 X126.266 Y117.986
G0 X126.266 Y118.296
;TYPE:WALL-INNER
G1 F2700 E183.65106
G1 F1500 X126.835 Y118.296 E183.66999
G1 X127.446 Y118.18 E183.69067
G1 X128.034 Y117.952 E183.71165
G1 X128.564 Y117.623 E183.7324
G1 X129.026 Y117.201 E183.75321
G1 X129.407 Y116.698 E183.7742
G1 X129.686 Y116.138 E183.79501
G1 X129.859 Y115.529 E183.81606
G1 X129.917 Y114.912 E183.83668
G1 X129.859 Y114.292 E183.85739
G1 X129.686 Y113.686 E183.87835
G1 X129.407 Y113.121 E183.89931
G1 X129.027 Y112.619 E183.92025
G1 X128.565 Y112.201 E183.94097
G1 X128.034 Y111.872 E183.96175
G1 X127.446 Y111.644 E183.98272
G1 X126.835 Y111.529 E184.0034
G1 X126.205 Y111.528 E184.02435
G1 X125.593 Y111.644 E184.04507
G1 X125.001 Y111.872 E184.06617
G1 X124.471 Y112.201 E184.08692
G1 X124.009 Y112.62 E184.10766
G1 X123.63 Y113.122 E184.12858
G1 X123.35 Y113.686 E184.14953
G1 X123.177 Y114.292 E184.17049
G1 X123.119 Y114.912 E184.1912
G1 X123.176 Y115.529 E184.21181
G1 X123.35 Y116.138 E184.23287
G1 X123.629 Y116.698 E184.25368
G1 X124.01 Y117.202 E184.2747
G1 X124.472 Y117.623 E184.29549
G1 X125.001 Y117.952 E184.31621
G1 X125.593 Y118.18 E184.33731
G1 X126.205 Y118.296 E184.35802
G1 X126.266 Y118.296 E184.36005
G0 F9000 X126.266 Y117.986
G0 X126.401 Y116.816
G0 X126.401 Y116.503
G1 F1500 X126.318 Y116.503 E184.36281
G1 X125.948 Y116.405 E184.37554
G1 X125.6 Y116.231 E184.38848
G1 X125.307 Y115.966 E184.40162
G1 X125.094 Y115.644 E184.41447
G1 X124.97 Y115.321 E184.42597
G1 X124.914 Y114.913 E184.43967
G1 X124.971 Y114.502 E184.45347
G1 X125.093 Y114.182 E184.46486
G1 X125.328 Y113.838 E184.47872
G1 X125.602 Y113.593 E184.49094
G1 X125.948 Y113.416 E184.50387
G1 X126.319 Y113.321 E184.51661
G1 X126.725 Y113.321 E184.53011
G1 X127.093 Y113.416 E184.54275
G1 X127.436 Y113.594 E184.5556
G1 X127.722 Y113.847 E184.5683
G1 X127.943 Y114.181 E184.58163
G1 X128.079 Y114.538 E184.59433
G1 X128.117 Y114.912 E184.60684
G1 X128.078 Y115.29 E184.61947
G1 X127.943 Y115.644 E184.63208
G1 X127.708 Y115.986 E184.64588
G1 X127.428 Y116.238 E184.65841
G1 X127.094 Y116.404 E184.67081
G1 X126.722 Y116.502 E184.68361
G1 X126.401 Y116.503 E184.69428
G0 F9000 X126.431 Y116.104
;TYPE:WALL-OUTER
G1 F1500 X126.381 Y116.104 E184.69595
G1 X126.092 Y116.031 E184.70586
G1 X125.842 Y115.906 E184.71516
G1 X125.621 Y115.713 E184.72492
G1 X125.452 Y115.466 E184.73487
G1 X125.355 Y115.211 E184.74394
G1 X125.32 Y114.931 E184.75333
G1 X125.355 Y114.612 E184.764
G1 X125.452 Y114.359 E184.77301
G1 X125.608 Y114.127 E184.78231
G1 X125.822 Y113.931 E184.79197
G1 X126.092 Y113.789 E184.80211
G1 X126.381 Y113.72 E184.81199
G1 X126.655 Y113.72 E184.82111
G1 X126.949 Y113.789 E184.83115
G1 X127.214 Y113.931 E184.84115
G1 X127.415 Y114.111 E184.85013
G1 X127.584 Y114.359 E184.86011
G1 X127.681 Y114.612 E184.86912
G1 X127.717 Y114.912 E184.87917
G1 X127.681 Y115.211 E184.88919
G1 X127.584 Y115.466 E184.89826
G1 X127.415 Y115.713 E184.90821
G1 X127.213 Y115.893 E184.91721
G1 X126.949 Y116.031 E184.92712
G1 X126.655 Y116.104 E184.9372
G1 X126.431 Y116.104 E184.94465
G1 F2700 E179.94465
G0 F9000 X126.431 Y116.816
G0 X126.236 Y117.986
G0 X126.236 Y118.696
G1 F2700 E184.94465
G1 F1500 X126.873 Y118.696 E184.96583
G1 X127.556 Y118.566 E184.98896
G1 X128.214 Y118.312 E185.01242
G1 X128.806 Y117.943 E185.03562
G1 X129.323 Y117.472 E185.05888
G1 X129.749 Y116.91 E185.08233
G1 X130.06 Y116.283 E185.10561
G1 X130.254 Y115.603 E185.12913
G1 X130.319 Y114.912 E185.15222
G1 X130.254 Y114.218 E185.1754
G1 X130.06 Y113.541 E185.19882
G1 X129.749 Y112.91 E185.22222
G1 X129.323 Y112.348 E185.24568
G1 X128.807 Y111.881 E185.26882
G1 X128.214 Y111.512 E185.29205
G1 X127.556 Y111.258 E185.31551
G1 X126.873 Y111.129 E185.33863
G1 X126.167 Y111.128 E185.36211
G1 X125.483 Y111.258 E185.38527
G1 X124.822 Y111.512 E185.40882
G1 X124.229 Y111.881 E185.43205
G1 X123.713 Y112.348 E185.4552
G1 X123.288 Y112.91 E185.47864
G1 X122.976 Y113.541 E185.50205
G1 X122.782 Y114.218 E185.52547
G1 X122.717 Y114.912 E185.54865
G1 X122.782 Y115.603 E185.57174
G1 X122.976 Y116.283 E185.59526
G1 X123.287 Y116.91 E185.61854
G1 X123.713 Y117.472 E185.64199
G1 X124.23 Y117.943 E185.66525
G1 X124.822 Y118.312 E185.68846
G1 X125.483 Y118.566 E185.71201
G1 X126.167 Y118.696 E185.73517
G1 X126.236 Y118.696 E185.73746
G0 F9000 X126.236 Y117.986
G0 X124.377 Y117.118
G0 X124.221 Y117.286
;TYPE:FILL
G1 F3000 X129.692 Y115.82 E185.92585
G1 X129.723 Y115.717
G1 X125.709 Y111.703 E186.11465
G1 X125.618 Y111.72
G1 X124.145 Y117.216 E186.3039
G0 F9000 X124.502 Y116.826
G1 F2700 E181.3039
;MESH:megav4.5-pcbfoot.stl(3)
G0 F9000 X124.932 Y118.11
G0 X124.356 Y119.041
G0 X122.455 Y122.521
G0 X121.969 Y123.501
G0 X121.446 Y127.05
G0 X121.283 Y127.359
G0 X120.012 Y128.441
G0 X120.05 Y128.133
;TYPE:WALL-INNER
G1 F2700 E186.3039
G1 F1500 X119.679 Y128.078 E186.31638
G1 X119.353 Y127.954 E186.32798
G1 X119.033 Y127.744 E186.34071
G1 X118.794 Y127.475 E186.35267
G1 X118.589 Y127.113 E186.36651
G1 X118.493 Y126.728 E186.37971
G1 X118.493 Y126.327 E186.39305
G1 X118.591 Y125.962 E186.40562
G1 X118.768 Y125.619 E186.41845
G1 X119.014 Y125.345 E186.4307
G1 X119.322 Y125.121 E186.44337
G1 X119.679 Y124.986 E186.45606
G1 X120.088 Y124.931 E186.46979
G1 X120.464 Y124.975 E186.48238
G1 X120.82 Y125.109 E186.49503
G1 X121.148 Y125.33 E186.50819
G1 X121.403 Y125.617 E186.52095
G1 X121.58 Y125.958 E186.53373
G1 X121.679 Y126.333 E186.54663
G1 X121.679 Y126.731 E186.55987
G1 X121.58 Y127.104 E186.57271
G1 X121.403 Y127.445 E186.58548
G1 X121.159 Y127.722 E186.59776
G1 X120.835 Y127.952 E186.61098
G1 X120.493 Y128.077 E186.62309
G1 X120.093 Y128.139 E186.63655
G1 X120.05 Y128.133 E186.638
G0 F9000 X120.012 Y128.441
G0 X120.036 Y129.616
G0 X120.007 Y129.922
G1 F1500 X120.088 Y129.929 E186.6407
G1 X120.706 Y129.875 E186.66133
G1 X121.314 Y129.702 E186.68236
G1 X121.873 Y129.424 E186.70312
G1 X122.377 Y129.039 E186.72422
G1 X122.8 Y128.579 E186.745
G1 X123.128 Y128.051 E186.76568
G1 X123.355 Y127.46 E186.78673
G1 X123.468 Y126.849 E186.8074
G1 X123.468 Y126.215 E186.82849
G1 X123.355 Y125.604 E186.84915
G1 X123.128 Y125.017 E186.87009
G1 X122.799 Y124.484 E186.89092
G1 X122.378 Y124.026 E186.91161
G1 X121.874 Y123.645 E186.93262
G1 X121.314 Y123.366 E186.95343
G1 X120.705 Y123.193 E186.97449
G1 X120.088 Y123.135 E186.9951
G1 X119.467 Y123.193 E187.01585
G1 X118.858 Y123.366 E187.0369
G1 X118.298 Y123.645 E187.05771
G1 X117.795 Y124.025 E187.07868
G1 X117.377 Y124.484 E187.09933
G1 X117.044 Y125.017 E187.12023
G1 X116.82 Y125.605 E187.14116
G1 X116.704 Y126.217 E187.16188
G1 X116.704 Y126.847 E187.18283
G1 X116.82 Y127.46 E187.20358
G1 X117.044 Y128.051 E187.2246
G1 X117.376 Y128.579 E187.24535
G1 X117.796 Y129.04 E187.26609
G1 X118.299 Y129.424 E187.28714
G1 X118.858 Y129.701 E187.30789
G1 X119.466 Y129.874 E187.32891
G1 X120.007 Y129.922 E187.34698
G0 F9000 X119.998 Y130.323
;TYPE:WALL-OUTER
G1 F1503.8 X120.088 Y130.331 E187.34997
G1 F1500 X120.779 Y130.27 E187.37305
G1 X121.459 Y130.076 E187.39656
G1 X122.085 Y129.765 E187.41981
G1 X122.648 Y129.335 E187.44338
G1 X123.12 Y128.822 E187.46656
G1 X123.488 Y128.23 E187.48975
G1 X123.742 Y127.569 E187.5133
G1 X123.868 Y126.885 E187.53643
G1 X123.868 Y126.179 E187.55991
G1 X123.742 Y125.495 E187.58304
G1 X123.488 Y124.838 E187.60647
G1 X123.119 Y124.242 E187.62979
G1 X122.648 Y123.729 E187.65295
G1 X122.086 Y123.303 E187.67641
G1 X121.459 Y122.992 E187.69968
G1 X120.779 Y122.798 E187.7232
G1 X120.088 Y122.733 E187.74629
G1 X119.393 Y122.798 E187.76951
G1 X118.713 Y122.992 E187.79302
G1 X118.086 Y123.303 E187.8163
G1 X117.524 Y123.729 E187.83976
G1 X117.057 Y124.242 E187.86283
G1 X116.684 Y124.838 E187.88622
G1 X116.434 Y125.495 E187.9096
G1 X116.304 Y126.179 E187.93275
G1 X116.304 Y126.885 E187.95624
G1 X116.434 Y127.569 E187.97939
G1 X116.684 Y128.23 E188.0029
G1 X117.056 Y128.822 E188.02615
G1 X117.524 Y129.336 E188.04927
G1 X118.087 Y129.765 E188.07282
G1 X118.713 Y130.076 E188.09606
G1 X119.393 Y130.27 E188.11958
G1 F1503.8 X119.998 Y130.323 E188.13973
G1 F2700 E183.13973
G0 F9000 X120.063 Y129.618
G0 X119.973 Y128.436
G0 X120.059 Y127.731
G1 F2700 E188.13973
G1 F1500 X119.789 Y127.693 E188.1488
G1 X119.531 Y127.596 E188.15797
G1 X119.287 Y127.431 E188.16777
G1 X119.094 Y127.207 E188.1776
G1 X118.965 Y126.959 E188.1869
G1 X118.892 Y126.667 E188.19691
G1 X118.892 Y126.397 E188.20589
G1 X118.965 Y126.104 E188.21593
G1 X119.094 Y125.858 E188.22517
G1 X119.287 Y125.637 E188.23493
G1 X119.53 Y125.468 E188.24477
G1 X119.789 Y125.371 E188.25397
G1 X120.088 Y125.331 E188.26401
G1 X120.357 Y125.365 E188.27302
G1 X120.642 Y125.468 E188.2831
G1 X120.869 Y125.624 E188.29226
G1 X121.079 Y125.858 E188.30272
G1 X121.207 Y126.103 E188.31192
G1 X121.28 Y126.396 E188.32196
G1 X121.28 Y126.668 E188.33101
G1 X121.198 Y126.982 E188.3418
G1 X121.078 Y127.206 E188.35025
G1 X120.87 Y127.443 E188.36074
G1 X120.642 Y127.595 E188.36985
G1 X120.383 Y127.693 E188.37906
G1 X120.07 Y127.732 E188.38955
G1 X120.059 Y127.731 E188.38992
G0 F9000 X119.973 Y128.436
G0 X117.953 Y128.754
G0 X117.783 Y128.908
;TYPE:FILL
G1 F3000 X123.278 Y127.435 E188.57914
G1 X123.297 Y127.343
G1 X119.283 Y123.329 E188.76795
G1 X119.182 Y123.358
G1 X117.715 Y128.832 E188.95644
G0 F9000 X118.107 Y128.477
G1 F2700 E183.95644
;MESH:NONMESH
G0 F300 X118.107 Y128.477 Z2.6
G0 F9000 X116.534 Y126.864
G0 X115.44 Y126.864
G0 X111.367 Y123.73
G0 X110.63 Y122.922
G0 X108.602 Y121.979
G0 X108.602 Y121.667
;TIME_ELAPSED:384.091012
;LAYER:12
;TYPE:WALL-INNER
;MESH:megav4.5-pcbfoot.stl(1)
G1 F2700 E188.95644
G1 F1500 X108.247 Y121.659 E188.96825
G1 X107.904 Y121.569 E188.98004
G1 X107.562 Y121.391 E188.99286
G1 X107.265 Y121.129 E189.00604
G1 X107.054 Y120.808 E189.01881
G1 X106.93 Y120.481 E189.03045
G1 X106.87 Y120.076 E189.04406
G1 X106.93 Y119.667 E189.05781
G1 X107.054 Y119.341 E189.06941
G1 X107.264 Y119.021 E189.08214
G1 X107.533 Y118.782 E189.09411
G1 X107.895 Y118.577 E189.10795
G1 X108.28 Y118.481 E189.12114
G1 X108.673 Y118.481 E189.13422
G1 X109.046 Y118.578 E189.14703
G1 X109.362 Y118.742 E189.15888
G1 X109.673 Y119.004 E189.1724
G1 X109.898 Y119.34 E189.18585
G1 X110.032 Y119.697 E189.19853
G1 X110.077 Y120.076 E189.21123
G1 X110.022 Y120.481 E189.22482
G1 X109.899 Y120.808 E189.23644
G1 X109.678 Y121.136 E189.2496
G1 X109.391 Y121.391 E189.26237
G1 X109.05 Y121.568 E189.27514
G1 X108.672 Y121.668 E189.28815
G1 X108.602 Y121.667 E189.29048
G0 F9000 X108.602 Y121.979
G0 X108.742 Y123.149
G0 X108.742 Y123.456
G1 F1500 X108.793 Y123.456 E189.29217
G1 X109.404 Y123.344 E189.31283
G1 X109.991 Y123.116 E189.33378
G1 X110.523 Y122.787 E189.35458
G1 X110.982 Y122.366 E189.3753
G1 X111.363 Y121.862 E189.39631
G1 X111.642 Y121.302 E189.41712
G1 X111.815 Y120.693 E189.43818
G1 X111.873 Y120.076 E189.45879
G1 X111.815 Y119.455 E189.47954
G1 X111.642 Y118.846 E189.50059
G1 X111.363 Y118.286 E189.5214
G1 X110.983 Y117.783 E189.54237
G1 X110.524 Y117.365 E189.56302
G1 X109.991 Y117.032 E189.58392
G1 X109.403 Y116.808 E189.60485
G1 X108.791 Y116.693 E189.62556
G1 X108.161 Y116.692 E189.64651
G1 X107.548 Y116.808 E189.66726
G1 X106.957 Y117.032 E189.68829
G1 X106.429 Y117.364 E189.70903
G1 X105.968 Y117.784 E189.72977
G1 X105.584 Y118.287 E189.75082
G1 X105.307 Y118.846 E189.77157
G1 X105.134 Y119.454 E189.79259
G1 X105.079 Y120.076 E189.81336
G1 X105.134 Y120.694 E189.834
G1 X105.307 Y121.302 E189.85502
G1 X105.584 Y121.861 E189.87577
G1 X105.969 Y122.365 E189.89687
G1 X106.429 Y122.788 E189.91765
G1 X106.957 Y123.115 E189.93831
G1 X107.548 Y123.343 E189.95938
G1 X108.159 Y123.456 E189.98005
G1 X108.742 Y123.456 E189.99944
G0 F9000 X108.774 Y123.856
;TYPE:WALL-OUTER
G1 F1500 X108.829 Y123.856 E190.00127
G1 X109.513 Y123.73 E190.0244
G1 X110.17 Y123.476 E190.04783
G1 X110.766 Y123.107 E190.07114
G1 X111.279 Y122.636 E190.0943
G1 X111.705 Y122.074 E190.11776
G1 X112.016 Y121.447 E190.14104
G1 X112.21 Y120.767 E190.16456
G1 X112.275 Y120.076 E190.18764
G1 X112.21 Y119.381 E190.21086
G1 X112.016 Y118.701 E190.23438
G1 X111.705 Y118.074 E190.25766
G1 X111.279 Y117.512 E190.28111
G1 X110.766 Y117.045 E190.30418
G1 X110.17 Y116.672 E190.32757
G1 X109.513 Y116.422 E190.35095
G1 X108.829 Y116.293 E190.3741
G1 X108.123 Y116.292 E190.39758
G1 X107.439 Y116.422 E190.42074
G1 X106.778 Y116.672 E190.44424
G1 X106.186 Y117.044 E190.4675
G1 X105.672 Y117.512 E190.49062
G1 X105.243 Y118.075 E190.51416
G1 X104.932 Y118.701 E190.53741
G1 X104.738 Y119.381 E190.56093
G1 X104.677 Y120.076 E190.58414
G1 X104.738 Y120.767 E190.60721
G1 X104.932 Y121.447 E190.63073
G1 X105.243 Y122.073 E190.65398
G1 X105.673 Y122.636 E190.67754
G1 X106.186 Y123.108 E190.70072
G1 X106.778 Y123.475 E190.72389
G1 X107.439 Y123.73 E190.74745
G1 X108.123 Y123.856 E190.77059
G1 X108.774 Y123.856 E190.79224
G1 F2700 E185.79224
G0 F9000 X108.763 Y123.15
G0 X108.571 Y121.979
G0 X108.571 Y121.268
G1 F2700 E190.79224
G1 F1500 X108.34 Y121.268 E190.79992
G1 X108.048 Y121.195 E190.80993
G1 X107.802 Y121.066 E190.81917
G1 X107.565 Y120.858 E190.82966
G1 X107.412 Y120.63 E190.83879
G1 X107.315 Y120.371 E190.84799
G1 X107.276 Y120.058 E190.85848
G1 X107.315 Y119.777 E190.86792
G1 X107.412 Y119.519 E190.87709
G1 X107.577 Y119.275 E190.88688
G1 X107.801 Y119.082 E190.89672
G1 X108.049 Y118.953 E190.90601
G1 X108.341 Y118.88 E190.91602
G1 X108.611 Y118.88 E190.92501
G1 X108.904 Y118.952 E190.93504
G1 X109.15 Y119.082 E190.94429
G1 X109.371 Y119.275 E190.95405
G1 X109.54 Y119.518 E190.9639
G1 X109.637 Y119.777 E190.9731
G1 X109.677 Y120.076 E190.98313
G1 X109.637 Y120.371 E190.99303
G1 X109.54 Y120.63 E191.00223
G1 X109.384 Y120.857 E191.01139
G1 X109.15 Y121.067 E191.02185
G1 X108.905 Y121.195 E191.03104
G1 X108.612 Y121.268 E191.04109
G1 X108.571 Y121.268 E191.04245
G0 F9000 X108.571 Y121.979
G0 X106.457 Y122.393
G0 X106.301 Y122.561
;TYPE:FILL
G1 F3000 X111.603 Y121.141 E191.22501
G0 F9000 X111.724 Y120.723
G1 F3000 X107.837 Y116.836 E191.40784
G0 F9000 X107.413 Y116.944
G1 F3000 X105.989 Y122.258 E191.59082
G0 F9000 X106.409 Y121.941
G1 F2700 E186.59082
;MESH:megav4.5-pcbfoot.stl
G0 F9000 X107.874 Y121.654
G0 X111.986 Y120.73
G0 X113.075 Y120.83
G0 X114.611 Y121.155
G0 X115.347 Y120.346
G0 X117.5 Y120.573
G0 X117.5 Y120.88
;TYPE:WALL-INNER
G1 F2700 E191.59082
G1 F1500 X117.817 Y120.88 E191.60137
G1 X118.428 Y120.768 E191.62203
G1 X119.014 Y120.54 E191.64294
G1 X119.544 Y120.211 E191.66369
G1 X120.006 Y119.789 E191.6845
G1 X120.387 Y119.286 E191.70549
G1 X120.666 Y118.726 E191.7263
G1 X120.839 Y118.117 E191.74735
G1 X120.897 Y117.5 E191.76797
G1 X120.839 Y116.879 E191.78871
G1 X120.666 Y116.27 E191.80977
G1 X120.387 Y115.71 E191.83058
G1 X120.007 Y115.207 E191.85154
G1 X119.544 Y114.789 E191.87229
G1 X119.014 Y114.456 E191.89311
G1 X118.427 Y114.232 E191.91401
G1 X117.815 Y114.117 E191.93472
G1 X117.185 Y114.116 E191.95567
G1 X116.572 Y114.232 E191.97642
G1 X115.981 Y114.457 E191.99745
G1 X115.452 Y114.789 E192.01823
G1 X114.989 Y115.208 E192.039
G1 X114.609 Y115.71 E192.05994
G1 X114.33 Y116.27 E192.08075
G1 X114.157 Y116.879 E192.1018
G1 X114.099 Y117.5 E192.12255
G1 X114.157 Y118.117 E192.14316
G1 X114.33 Y118.726 E192.16422
G1 X114.609 Y119.286 E192.18503
G1 X114.99 Y119.789 E192.20601
G1 X115.452 Y120.211 E192.22682
G1 X115.981 Y120.54 E192.24754
G1 X116.572 Y120.767 E192.2686
G1 X117.183 Y120.88 E192.28927
G1 X117.5 Y120.88 E192.29981
G0 F9000 X117.5 Y120.573
G0 X117.5 Y119.403
G0 X117.5 Y119.091
G1 F1500 X117.298 Y119.091 E192.30653
G1 X116.928 Y118.993 E192.31926
G1 X116.582 Y118.815 E192.3322
G1 X116.309 Y118.571 E192.34438
G1 X116.085 Y118.261 E192.3571
G1 X115.95 Y117.905 E192.36976
G1 X115.894 Y117.501 E192.38333
G1 X115.95 Y117.091 E192.39709
G1 X116.086 Y116.733 E192.40983
G1 X116.308 Y116.426 E192.42243
G1 X116.577 Y116.184 E192.43447
G1 X116.925 Y116 E192.44756
G1 X117.299 Y115.905 E192.46039
G1 X117.697 Y115.905 E192.47363
G1 X118.07 Y116.002 E192.48645
G1 X118.387 Y116.167 E192.49834
G1 X118.698 Y116.43 E192.51188
G1 X118.922 Y116.764 E192.52526
G1 X119.059 Y117.128 E192.53819
G1 X119.097 Y117.5 E192.55063
G1 X119.046 Y117.905 E192.56421
G1 X118.923 Y118.232 E192.57583
G1 X118.687 Y118.571 E192.58957
G1 X118.413 Y118.816 E192.60179
G1 X118.074 Y118.992 E192.6145
G1 X117.699 Y119.091 E192.6274
G1 X117.5 Y119.091 E192.63401
G0 F9000 X117.5 Y118.692
;TYPE:WALL-OUTER
G1 F1500 X117.361 Y118.692 E192.63864
G1 X117.051 Y118.61 E192.6493
G1 X116.803 Y118.477 E192.65866
G1 X116.601 Y118.297 E192.66766
G1 X116.432 Y118.054 E192.67751
G1 X116.335 Y117.795 E192.6867
G1 X116.3 Y117.481 E192.69721
G1 X116.335 Y117.201 E192.7066
G1 X116.432 Y116.943 E192.71577
G1 X116.588 Y116.715 E192.72495
G1 X116.821 Y116.506 E192.73536
G1 X117.093 Y116.37 E192.74548
G1 X117.361 Y116.304 E192.75466
G1 X117.635 Y116.304 E192.76377
G1 X117.928 Y116.376 E192.77381
G1 X118.175 Y116.506 E192.78309
G1 X118.395 Y116.699 E192.79283
G1 X118.564 Y116.942 E192.80267
G1 X118.661 Y117.201 E192.81187
G1 X118.697 Y117.5 E192.82189
G1 X118.661 Y117.795 E192.83177
G1 X118.564 Y118.054 E192.84097
G1 X118.395 Y118.297 E192.85081
G1 X118.193 Y118.477 E192.85981
G1 X117.929 Y118.619 E192.86978
G1 X117.636 Y118.692 E192.87983
G1 X117.5 Y118.692 E192.88435
G1 F2700 E187.88435
G0 F9000 X117.5 Y119.403
G0 X117.5 Y120.573
G0 X117.5 Y121.28
G1 F2700 E192.88435
G1 F1500 X117.853 Y121.28 E192.89609
G1 X118.537 Y121.154 E192.91922
G1 X119.194 Y120.9 E192.94265
G1 X119.786 Y120.531 E192.96585
G1 X120.303 Y120.06 E192.98911
G1 X120.729 Y119.498 E193.01257
G1 X121.04 Y118.871 E193.03585
G1 X121.234 Y118.191 E193.05937
G1 X121.299 Y117.5 E193.08245
G1 X121.234 Y116.805 E193.10567
G1 X121.04 Y116.125 E193.12919
G1 X120.729 Y115.498 E193.15247
G1 X120.303 Y114.936 E193.17592
G1 X119.786 Y114.469 E193.19909
G1 X119.194 Y114.096 E193.22237
G1 X118.537 Y113.846 E193.24575
G1 X117.853 Y113.717 E193.2689
G1 X117.147 Y113.716 E193.29238
G1 X116.463 Y113.846 E193.31554
G1 X115.802 Y114.097 E193.33905
G1 X115.21 Y114.469 E193.36231
G1 X114.693 Y114.936 E193.38548
G1 X114.267 Y115.498 E193.40893
G1 X113.956 Y116.125 E193.43221
G1 X113.762 Y116.805 E193.45573
G1 X113.697 Y117.5 E193.47895
G1 X113.762 Y118.191 E193.50203
G1 X113.956 Y118.871 E193.52555
G1 X114.267 Y119.498 E193.54883
G1 X114.693 Y120.06 E193.57229
G1 X115.21 Y120.531 E193.59555
G1 X115.802 Y120.9 E193.61875
G1 X116.463 Y121.154 E193.6423
G1 X117.147 Y121.28 E193.66543
G1 X117.5 Y121.28 E193.67718
G0 F9000 X117.5 Y120.573
G0 X115.48 Y119.817
G0 X115.323 Y119.986
;TYPE:FILL
G1 F3000 X120.627 Y118.564 E193.85982
G0 F9000 X120.747 Y118.148
G1 F3000 X116.859 Y114.259 E194.04272
G0 F9000 X116.436 Y114.369
G1 F3000 X115.011 Y119.684 E194.22574
G0 F9000 X115.433 Y119.366
G1 F2700 E189.22574
;MESH:megav4.5-pcbfoot.stl(2)
G0 F9000 X116.897 Y119.078
G0 X121.009 Y118.154
G0 X122.098 Y118.254
G0 X123.01 Y117.977
G0 X123.882 Y117.317
G0 X126.266 Y117.986
G0 X126.266 Y118.296
;TYPE:WALL-INNER
G1 F2700 E194.22574
G1 F1500 X126.835 Y118.296 E194.24467
G1 X127.446 Y118.18 E194.26535
G1 X128.034 Y117.952 E194.28633
G1 X128.564 Y117.623 E194.30707
G1 X129.026 Y117.201 E194.32789
G1 X129.407 Y116.698 E194.34887
G1 X129.686 Y116.138 E194.36968
G1 X129.859 Y115.529 E194.39074
G1 X129.917 Y114.912 E194.41135
G1 X129.859 Y114.292 E194.43206
G1 X129.686 Y113.686 E194.45302
G1 X129.407 Y113.121 E194.47398
G1 X129.027 Y112.619 E194.49492
G1 X128.565 Y112.201 E194.51565
G1 X128.034 Y111.872 E194.53642
G1 X127.446 Y111.644 E194.5574
G1 X126.835 Y111.529 E194.57808
G1 X126.205 Y111.528 E194.59903
G1 X125.593 Y111.644 E194.61975
G1 X125.001 Y111.872 E194.64085
G1 X124.471 Y112.201 E194.6616
G1 X124.009 Y112.62 E194.68234
G1 X123.63 Y113.122 E194.70326
G1 X123.35 Y113.686 E194.7242
G1 X123.177 Y114.292 E194.74516
G1 X123.119 Y114.912 E194.76588
G1 X123.176 Y115.529 E194.78649
G1 X123.35 Y116.138 E194.80755
G1 X123.629 Y116.698 E194.82836
G1 X124.01 Y117.202 E194.84937
G1 X124.472 Y117.623 E194.87016
G1 X125.001 Y117.952 E194.89088
G1 X125.593 Y118.18 E194.91198
G1 X126.205 Y118.296 E194.9327
G1 X126.266 Y118.296 E194.93473
G0 F9000 X126.266 Y117.986
G0 X126.401 Y116.816
G0 X126.401 Y116.503
G1 F1500 X126.318 Y116.503 E194.93749
G1 X125.948 Y116.405 E194.95022
G1 X125.6 Y116.231 E194.96316
G1 X125.307 Y115.966 E194.9763
G1 X125.094 Y115.644 E194.98914
G1 X124.97 Y115.321 E195.00065
G1 X124.914 Y114.913 E195.01435
G1 X124.971 Y114.502 E195.02815
G1 X125.093 Y114.182 E195.03954
G1 X125.328 Y113.838 E195.05339
G1 X125.602 Y113.593 E195.06562
G1 X125.948 Y113.416 E195.07855
G1 X126.319 Y113.321 E195.09128
G1 X126.725 Y113.321 E195.10479
G1 X127.093 Y113.416 E195.11743
G1 X127.436 Y113.594 E195.13028
G1 X127.722 Y113.847 E195.14298
G1 X127.943 Y114.181 E195.1563
G1 X128.079 Y114.538 E195.16901
G1 X128.117 Y114.912 E195.18151
G1 X128.078 Y115.29 E195.19415
G1 X127.943 Y115.644 E195.20675
G1 X127.708 Y115.986 E195.22055
G1 X127.428 Y116.238 E195.23308
G1 X127.094 Y116.404 E195.24549
G1 X126.722 Y116.502 E195.25828
G1 X126.401 Y116.503 E195.26896
G0 F9000 X126.431 Y116.104
;TYPE:WALL-OUTER
G1 F1500 X126.381 Y116.104 E195.27062
G1 X126.092 Y116.031 E195.28054
G1 X125.842 Y115.906 E195.28983
G1 X125.621 Y115.713 E195.29959
G1 X125.452 Y115.466 E195.30955
G1 X125.355 Y115.211 E195.31862
G1 X125.32 Y114.893 E195.32926
G1 X125.355 Y114.612 E195.33868
G1 X125.452 Y114.359 E195.34769
G1 X125.608 Y114.127 E195.35699
G1 X125.822 Y113.931 E195.36664
G1 X126.092 Y113.789 E195.37679
G1 X126.381 Y113.72 E195.38667
G1 X126.655 Y113.72 E195.39578
G1 X126.949 Y113.789 E195.40583
G1 X127.214 Y113.931 E195.41583
G1 X127.415 Y114.111 E195.4248
G1 X127.584 Y114.359 E195.43478
G1 X127.681 Y114.612 E195.4438
G1 X127.717 Y114.912 E195.45384
G1 X127.681 Y115.211 E195.46386
G1 X127.584 Y115.466 E195.47294
G1 X127.415 Y115.713 E195.48289
G1 X127.213 Y115.893 E195.49189
G1 X126.949 Y116.031 E195.5018
G1 X126.655 Y116.104 E195.51187
G1 X126.431 Y116.104 E195.51932
G1 F2700 E190.51932
G0 F9000 X126.431 Y116.816
G0 X126.236 Y117.986
G0 X126.236 Y118.696
G1 F2700 E195.51932
G1 F1500 X126.873 Y118.696 E195.54051
G1 X127.556 Y118.566 E195.56363
G1 X128.214 Y118.312 E195.58709
G1 X128.806 Y117.943 E195.61029
G1 X129.323 Y117.472 E195.63356
G1 X129.749 Y116.91 E195.65701
G1 X130.06 Y116.283 E195.68029
G1 X130.254 Y115.603 E195.70381
G1 X130.319 Y114.912 E195.72689
G1 X130.254 Y114.218 E195.75008
G1 X130.06 Y113.541 E195.7735
G1 X129.749 Y112.91 E195.7969
G1 X129.323 Y112.348 E195.82035
G1 X128.807 Y111.881 E195.8435
G1 X128.214 Y111.512 E195.86673
G1 X127.556 Y111.258 E195.89019
G1 X126.873 Y111.129 E195.91331
G1 X126.167 Y111.128 E195.93679
G1 X125.483 Y111.258 E195.95995
G1 X124.822 Y111.512 E195.9835
G1 X124.229 Y111.881 E196.00673
G1 X123.713 Y112.348 E196.02988
G1 X123.288 Y112.91 E196.05331
G1 X122.976 Y113.541 E196.07672
G1 X122.782 Y114.218 E196.10015
G1 X122.717 Y114.912 E196.12333
G1 X122.782 Y115.603 E196.14642
G1 X122.976 Y116.283 E196.16994
G1 X123.287 Y116.91 E196.19321
G1 X123.713 Y117.472 E196.21667
G1 X124.23 Y117.943 E196.23993
G1 X124.822 Y118.312 E196.26313
G1 X125.483 Y118.566 E196.28668
G1 X126.167 Y118.696 E196.30984
G1 X126.236 Y118.696 E196.31214
G0 F9000 X126.236 Y117.986
G0 X124.5 Y117.231
G0 X124.345 Y117.398
;TYPE:FILL
G1 F3000 X129.647 Y115.978 E196.4947
G0 F9000 X129.767 Y115.561
G1 F3000 X125.877 Y111.671 E196.67767
G0 F9000 X125.455 Y111.782
G1 F3000 X124.031 Y117.097 E196.86068
G0 F9000 X124.453 Y116.779
G1 F2700 E191.86068
;MESH:megav4.5-pcbfoot.stl(3)
G0 F9000 X124.367 Y117.759
G0 X123.791 Y118.69
G0 X122.087 Y122.338
G0 X121.601 Y123.317
G0 X121.53 Y126.709
G0 X121.446 Y127.05
G0 X121.283 Y127.359
G0 X120.012 Y128.441
G0 X120.05 Y128.133
;TYPE:WALL-INNER
G1 F2700 E196.86068
G1 F1500 X119.679 Y128.078 E196.87316
G1 X119.353 Y127.954 E196.88476
G1 X119.033 Y127.744 E196.89749
G1 X118.794 Y127.475 E196.90946
G1 X118.589 Y127.113 E196.92329
G1 X118.493 Y126.728 E196.93649
G1 X118.493 Y126.327 E196.94983
G1 X118.591 Y125.962 E196.9624
G1 X118.768 Y125.619 E196.97524
G1 X119.014 Y125.345 E196.98748
G1 X119.322 Y125.121 E197.00015
G1 X119.679 Y124.986 E197.01284
G1 X120.088 Y124.931 E197.02657
G1 X120.464 Y124.975 E197.03916
G1 X120.82 Y125.109 E197.05181
G1 X121.148 Y125.33 E197.06497
G1 X121.403 Y125.617 E197.07774
G1 X121.58 Y125.958 E197.09051
G1 X121.679 Y126.333 E197.10341
G1 X121.679 Y126.731 E197.11665
G1 X121.58 Y127.104 E197.12949
G1 X121.403 Y127.445 E197.14227
G1 X121.159 Y127.722 E197.15454
G1 X120.835 Y127.952 E197.16776
G1 X120.493 Y128.077 E197.17987
G1 X120.093 Y128.139 E197.19333
G1 X120.05 Y128.133 E197.19478
G0 F9000 X120.012 Y128.441
G0 X120.036 Y129.616
G0 X120.007 Y129.922
G1 F1500 X120.088 Y129.929 E197.19748
G1 X120.706 Y129.875 E197.21811
G1 X121.314 Y129.702 E197.23914
G1 X121.873 Y129.424 E197.2599
G1 X122.377 Y129.039 E197.281
G1 X122.8 Y128.579 E197.30178
G1 X123.128 Y128.051 E197.32246
G1 X123.355 Y127.46 E197.34351
G1 X123.468 Y126.849 E197.36418
G1 X123.468 Y126.215 E197.38527
G1 X123.355 Y125.604 E197.40593
G1 X123.128 Y125.017 E197.42687
G1 X122.799 Y124.484 E197.4477
G1 X122.378 Y124.026 E197.46839
G1 X121.874 Y123.645 E197.48941
G1 X121.314 Y123.366 E197.51021
G1 X120.705 Y123.193 E197.53127
G1 X120.088 Y123.135 E197.55188
G1 X119.467 Y123.193 E197.57263
G1 X118.858 Y123.366 E197.59368
G1 X118.298 Y123.645 E197.61449
G1 X117.795 Y124.025 E197.63546
G1 X117.377 Y124.484 E197.65611
G1 X117.044 Y125.017 E197.67701
G1 X116.82 Y125.605 E197.69794
G1 X116.704 Y126.217 E197.71866
G1 X116.704 Y126.847 E197.73961
G1 X116.82 Y127.46 E197.76036
G1 X117.044 Y128.051 E197.78138
G1 X117.376 Y128.579 E197.80213
G1 X117.796 Y129.04 E197.82287
G1 X118.299 Y129.424 E197.84392
G1 X118.858 Y129.701 E197.86467
G1 X119.466 Y129.874 E197.88569
G1 X120.007 Y129.922 E197.90376
G0 F9000 X119.998 Y130.323
;TYPE:WALL-OUTER
G1 F1503.8 X120.088 Y130.331 E197.90675
G1 F1500 X120.779 Y130.27 E197.92983
G1 X121.459 Y130.076 E197.95335
G1 X122.085 Y129.765 E197.97659
G1 X122.648 Y129.335 E198.00016
G1 X123.12 Y128.822 E198.02334
G1 X123.488 Y128.23 E198.04653
G1 X123.742 Y127.569 E198.07008
G1 X123.868 Y126.885 E198.09321
G1 X123.868 Y126.179 E198.11669
G1 X123.742 Y125.495 E198.13983
G1 X123.488 Y124.838 E198.16325
G1 X123.119 Y124.242 E198.18657
G1 X122.648 Y123.729 E198.20973
G1 X122.086 Y123.303 E198.23319
G1 X121.459 Y122.992 E198.25647
G1 X120.779 Y122.798 E198.27999
G1 X120.088 Y122.733 E198.30307
G1 X119.393 Y122.798 E198.32629
G1 X118.713 Y122.992 E198.34981
G1 X118.086 Y123.303 E198.37308
G1 X117.524 Y123.729 E198.39654
G1 X117.057 Y124.242 E198.41961
G1 X116.684 Y124.838 E198.443
G1 X116.434 Y125.495 E198.46638
G1 X116.304 Y126.179 E198.48954
G1 X116.304 Y126.885 E198.51302
G1 X116.434 Y127.569 E198.53618
G1 X116.684 Y128.23 E198.55968
G1 X117.056 Y128.822 E198.58293
G1 X117.524 Y129.336 E198.60606
G1 X118.087 Y129.765 E198.6296
G1 X118.713 Y130.076 E198.65285
G1 X119.393 Y130.27 E198.67637
G1 F1503.8 X119.998 Y130.323 E198.69651
G1 F2700 E193.69651
G0 F9000 X120.063 Y129.618
G0 X119.973 Y128.436
G0 X120.059 Y127.731
G1 F2700 E198.69651
G1 F1500 X119.789 Y127.693 E198.70558
G1 X119.531 Y127.596 E198.71475
G1 X119.287 Y127.431 E198.72455
G1 X119.094 Y127.207 E198.73438
G1 X118.965 Y126.959 E198.74368
G1 X118.892 Y126.667 E198.75369
G1 X118.892 Y126.397 E198.76267
G1 X118.965 Y126.104 E198.77271
G1 X119.094 Y125.858 E198.78195
G1 X119.287 Y125.637 E198.79171
G1 X119.53 Y125.468 E198.80156
G1 X119.789 Y125.371 E198.81075
G1 X120.088 Y125.331 E198.82079
G1 X120.357 Y125.365 E198.82981
G1 X120.642 Y125.468 E198.83989
G1 X120.869 Y125.624 E198.84905
G1 X121.079 Y125.858 E198.8595
G1 X121.207 Y126.103 E198.8687
G1 X121.28 Y126.396 E198.87874
G1 X121.28 Y126.668 E198.88779
G1 X121.198 Y126.982 E198.89858
G1 X121.078 Y127.206 E198.90703
G1 X120.87 Y127.443 E198.91752
G1 X120.642 Y127.595 E198.92664
G1 X120.383 Y127.693 E198.93585
G1 X120.07 Y127.732 E198.94634
G1 X120.059 Y127.731 E198.9467
G0 F9000 X119.973 Y128.436
G0 X118.042 Y128.841
G0 X117.903 Y129.022
;TYPE:FILL
G1 F3000 X123.216 Y127.598 E199.12965
G0 F9000 X123.327 Y127.174
G1 F3000 X119.438 Y123.285 E199.31258
G0 F9000 X119.024 Y123.402
G1 F3000 X117.602 Y128.708 E199.49528
G0 F9000 X117.993 Y128.353
G1 F2700 E194.49528
;MESH:NONMESH
G0 F300 X117.993 Y128.353 Z2.8
G0 F9000 X116.534 Y126.864
G0 X115.44 Y126.864
G0 X111.367 Y123.73
G0 X110.63 Y122.922
G0 X108.602 Y121.979
G0 X108.602 Y121.667
;TIME_ELAPSED:403.751207
;LAYER:13
;TYPE:WALL-INNER
;MESH:megav4.5-pcbfoot.stl(1)
G1 F2700 E199.49528
G1 F1500 X108.247 Y121.659 E199.5071
G1 X107.904 Y121.569 E199.51889
G1 X107.562 Y121.391 E199.53171
G1 X107.265 Y121.129 E199.54489
G1 X107.054 Y120.808 E199.55766
G1 X106.93 Y120.481 E199.56929
G1 X106.87 Y120.076 E199.58291
G1 X106.93 Y119.667 E199.59666
G1 X107.054 Y119.341 E199.60826
G1 X107.264 Y119.021 E199.62099
G1 X107.533 Y118.782 E199.63296
G1 X107.895 Y118.577 E199.6468
G1 X108.28 Y118.481 E199.65999
G1 X108.673 Y118.481 E199.67306
G1 X109.046 Y118.578 E199.68588
G1 X109.362 Y118.742 E199.69772
G1 X109.673 Y119.004 E199.71125
G1 X109.898 Y119.34 E199.7247
G1 X110.032 Y119.697 E199.73738
G1 X110.077 Y120.076 E199.75008
G1 X110.022 Y120.481 E199.76367
G1 X109.899 Y120.808 E199.77529
G1 X109.678 Y121.136 E199.78845
G1 X109.391 Y121.391 E199.80121
G1 X109.05 Y121.568 E199.81399
G1 X108.672 Y121.668 E199.827
G1 X108.602 Y121.667 E199.82933
G0 F9000 X108.602 Y121.979
G0 X108.742 Y123.149
G0 X108.742 Y123.456
G1 F1500 X108.793 Y123.456 E199.83102
G1 X109.404 Y123.344 E199.85168
G1 X109.991 Y123.116 E199.87263
G1 X110.523 Y122.787 E199.89343
G1 X110.982 Y122.366 E199.91415
G1 X111.363 Y121.862 E199.93516
G1 X111.642 Y121.302 E199.95597
G1 X111.815 Y120.693 E199.97703
G1 X111.873 Y120.076 E199.99764
G1 X111.815 Y119.455 E200.01838
G1 X111.642 Y118.846 E200.03944
G1 X111.363 Y118.286 E200.06025
G1 X110.983 Y117.783 E200.08122
G1 X110.524 Y117.365 E200.10187
G1 X109.991 Y117.032 E200.12277
G1 X109.403 Y116.808 E200.1437
G1 X108.791 Y116.693 E200.16441
G1 X108.161 Y116.692 E200.18536
G1 X107.548 Y116.808 E200.20611
G1 X106.957 Y117.032 E200.22713
G1 X106.429 Y117.364 E200.24788
G1 X105.968 Y117.784 E200.26862
G1 X105.584 Y118.287 E200.28967
G1 X105.307 Y118.846 E200.31042
G1 X105.134 Y119.454 E200.33144
G1 X105.079 Y120.076 E200.35221
G1 X105.134 Y120.694 E200.37285
G1 X105.307 Y121.302 E200.39387
G1 X105.584 Y121.861 E200.41462
G1 X105.969 Y122.365 E200.43572
G1 X106.429 Y122.788 E200.4565
G1 X106.957 Y123.115 E200.47716
G1 X107.548 Y123.343 E200.49823
G1 X108.159 Y123.456 E200.51889
G1 X108.742 Y123.456 E200.53828
G0 F9000 X108.774 Y123.856
;TYPE:WALL-OUTER
G1 F1500 X108.829 Y123.856 E200.54011
G1 X109.513 Y123.73 E200.56325
G1 X110.17 Y123.476 E200.58667
G1 X110.766 Y123.107 E200.60999
G1 X111.279 Y122.636 E200.63315
G1 X111.705 Y122.074 E200.65661
G1 X112.016 Y121.447 E200.67989
G1 X112.21 Y120.767 E200.70341
G1 X112.275 Y120.076 E200.72649
G1 X112.21 Y119.381 E200.74971
G1 X112.016 Y118.701 E200.77323
G1 X111.705 Y118.074 E200.7965
G1 X111.279 Y117.512 E200.81996
G1 X110.766 Y117.045 E200.84303
G1 X110.17 Y116.672 E200.86642
G1 X109.513 Y116.422 E200.8898
G1 X108.829 Y116.293 E200.91295
G1 X108.123 Y116.292 E200.93643
G1 X107.439 Y116.422 E200.95959
G1 X106.778 Y116.672 E200.98309
G1 X106.186 Y117.044 E201.00635
G1 X105.672 Y117.512 E201.02947
G1 X105.243 Y118.075 E201.05301
G1 X104.932 Y118.701 E201.07626
G1 X104.738 Y119.381 E201.09978
G1 X104.677 Y120.076 E201.12298
G1 X104.738 Y120.767 E201.14606
G1 X104.932 Y121.447 E201.16958
G1 X105.243 Y122.073 E201.19282
G1 X105.673 Y122.636 E201.21639
G1 X106.186 Y123.108 E201.23957
G1 X106.778 Y123.475 E201.26274
G1 X107.439 Y123.73 E201.2863
G1 X108.123 Y123.856 E201.30944
G1 X108.774 Y123.856 E201.33109
G1 F2700 E196.33109
G0 F9000 X108.763 Y123.15
G0 X108.571 Y121.979
G0 X108.571 Y121.268
G1 F2700 E201.33109
G1 F1500 X108.34 Y121.268 E201.33877
G1 X108.048 Y121.195 E201.34878
G1 X107.802 Y121.066 E201.35802
G1 X107.565 Y120.858 E201.36851
G1 X107.412 Y120.63 E201.37764
G1 X107.315 Y120.371 E201.38684
G1 X107.276 Y120.058 E201.39733
G1 X107.315 Y119.777 E201.40677
G1 X107.412 Y119.519 E201.41593
G1 X107.577 Y119.275 E201.42573
G1 X107.801 Y119.082 E201.43556
G1 X108.049 Y118.953 E201.44486
G1 X108.341 Y118.88 E201.45487
G1 X108.611 Y118.88 E201.46385
G1 X108.904 Y118.952 E201.47389
G1 X109.15 Y119.082 E201.48314
G1 X109.371 Y119.275 E201.4929
G1 X109.54 Y119.518 E201.50275
G1 X109.637 Y119.777 E201.51195
G1 X109.677 Y120.076 E201.52198
G1 X109.637 Y120.371 E201.53188
G1 X109.54 Y120.63 E201.54108
G1 X109.384 Y120.857 E201.55024
G1 X109.15 Y121.067 E201.5607
G1 X108.905 Y121.195 E201.56989
G1 X108.612 Y121.268 E201.57993
G1 X108.571 Y121.268 E201.5813
G0 F9000 X108.571 Y121.979
G0 X106.581 Y122.507
G0 X106.424 Y122.675
;TYPE:FILL
G1 F3000 X111.552 Y121.3 E201.75788
G0 F9000 X111.749 Y120.548
G1 F3000 X108.005 Y116.804 E201.93399
G0 F9000 X107.25 Y117.006
G1 F3000 X105.881 Y122.116 E202.10994
G0 F9000 X106.301 Y121.798
G1 F2700 E197.10994
;MESH:megav4.5-pcbfoot.stl
G0 F9000 X108.993 Y121.434
G0 X112.045 Y120.076
G0 X113.134 Y119.975
G0 X113.99 Y120.564
G0 X114.862 Y119.904
G0 X117.5 Y120.573
G0 X117.5 Y120.88
;TYPE:WALL-INNER
G1 F2700 E202.10994
G1 F1500 X117.817 Y120.88 E202.12048
G1 X118.428 Y120.768 E202.14114
G1 X119.014 Y120.54 E202.16206
G1 X119.544 Y120.211 E202.18281
G1 X120.006 Y119.789 E202.20362
G1 X120.387 Y119.286 E202.2246
G1 X120.666 Y118.726 E202.24541
G1 X120.839 Y118.117 E202.26647
G1 X120.897 Y117.5 E202.28708
G1 X120.839 Y116.879 E202.30783
G1 X120.666 Y116.27 E202.32888
G1 X120.387 Y115.71 E202.34969
G1 X120.007 Y115.207 E202.37066
G1 X119.544 Y114.789 E202.39141
G1 X119.014 Y114.456 E202.41223
G1 X118.427 Y114.232 E202.43312
G1 X117.815 Y114.117 E202.45383
G1 X117.185 Y114.116 E202.47479
G1 X116.572 Y114.232 E202.49554
G1 X115.981 Y114.457 E202.51657
G1 X115.452 Y114.789 E202.53734
G1 X114.989 Y115.208 E202.55811
G1 X114.609 Y115.71 E202.57905
G1 X114.33 Y116.27 E202.59986
G1 X114.157 Y116.879 E202.62092
G1 X114.099 Y117.5 E202.64166
G1 X114.157 Y118.117 E202.66228
G1 X114.33 Y118.726 E202.68333
G1 X114.609 Y119.286 E202.70414
G1 X114.99 Y119.789 E202.72513
G1 X115.452 Y120.211 E202.74594
G1 X115.981 Y120.54 E202.76666
G1 X116.572 Y120.767 E202.78772
G1 X117.183 Y120.88 E202.80839
G1 X117.5 Y120.88 E202.81893
G0 F9000 X117.5 Y120.573
G0 X117.5 Y119.403
G0 X117.5 Y119.091
G1 F1500 X117.298 Y119.091 E202.82565
G1 X116.928 Y118.993 E202.83838
G1 X116.582 Y118.815 E202.85132
G1 X116.309 Y118.571 E202.8635
G1 X116.085 Y118.261 E202.87622
G1 X115.95 Y117.905 E202.88888
G1 X115.894 Y117.501 E202.90245
G1 X115.95 Y117.091 E202.91621
G1 X116.086 Y116.733 E202.92895
G1 X116.308 Y116.426 E202.94155
G1 X116.577 Y116.184 E202.95358
G1 X116.925 Y116 E202.96668
G1 X117.299 Y115.905 E202.97951
G1 X117.697 Y115.905 E202.99275
G1 X118.07 Y116.002 E203.00557
G1 X118.387 Y116.167 E203.01745
G1 X118.698 Y116.43 E203.031
G1 X118.922 Y116.764 E203.04438
G1 X119.059 Y117.128 E203.05731
G1 X119.097 Y117.5 E203.06975
G1 X119.046 Y117.905 E203.08333
G1 X118.923 Y118.232 E203.09495
G1 X118.687 Y118.571 E203.10868
G1 X118.413 Y118.816 E203.12091
G1 X118.074 Y118.992 E203.13361
G1 X117.699 Y119.091 E203.14651
G1 X117.5 Y119.091 E203.15313
G0 F9000 X117.5 Y118.692
;TYPE:WALL-OUTER
G1 F1500 X117.361 Y118.692 E203.15775
G1 X117.051 Y118.61 E203.16842
G1 X116.803 Y118.477 E203.17778
G1 X116.601 Y118.297 E203.18678
G1 X116.432 Y118.054 E203.19662
G1 X116.335 Y117.795 E203.20582
G1 X116.3 Y117.481 E203.21633
G1 X116.335 Y117.201 E203.22572
G1 X116.432 Y116.943 E203.23488
G1 X116.588 Y116.715 E203.24407
G1 X116.821 Y116.506 E203.25448
G1 X117.093 Y116.37 E203.2646
G1 X117.361 Y116.304 E203.27378
G1 X117.635 Y116.304 E203.28289
G1 X117.928 Y116.376 E203.29293
G1 X118.175 Y116.506 E203.30221
G1 X118.395 Y116.699 E203.31194
G1 X118.564 Y116.942 E203.32179
G1 X118.661 Y117.201 E203.33099
G1 X118.697 Y117.5 E203.341
G1 X118.661 Y117.795 E203.35089
G1 X118.564 Y118.054 E203.36009
G1 X118.395 Y118.297 E203.36993
G1 X118.193 Y118.477 E203.37893
G1 X117.929 Y118.619 E203.3889
G1 X117.636 Y118.692 E203.39894
G1 X117.5 Y118.692 E203.40347
G1 F2700 E198.40347
G0 F9000 X117.5 Y119.403
G0 X117.5 Y120.573
G0 X117.5 Y121.28
G1 F2700 E203.40347
G1 F1500 X117.853 Y121.28 E203.41521
G1 X118.537 Y121.154 E203.43834
G1 X119.194 Y120.9 E203.46177
G1 X119.786 Y120.531 E203.48497
G1 X120.303 Y120.06 E203.50823
G1 X120.729 Y119.498 E203.53169
G1 X121.04 Y118.871 E203.55497
G1 X121.234 Y118.191 E203.57848
G1 X121.299 Y117.5 E203.60157
G1 X121.234 Y116.805 E203.62479
G1 X121.04 Y116.125 E203.6483
G1 X120.729 Y115.498 E203.67158
G1 X120.303 Y114.936 E203.69504
G1 X119.786 Y114.469 E203.71821
G1 X119.194 Y114.096 E203.74148
G1 X118.537 Y113.846 E203.76486
G1 X117.853 Y113.717 E203.78801
G1 X117.147 Y113.716 E203.8115
G1 X116.463 Y113.846 E203.83465
G1 X115.802 Y114.097 E203.85817
G1 X115.21 Y114.469 E203.88142
G1 X114.693 Y114.936 E203.9046
G1 X114.267 Y115.498 E203.92805
G1 X113.956 Y116.125 E203.95133
G1 X113.762 Y116.805 E203.97485
G1 X113.697 Y117.5 E203.99807
G1 X113.762 Y118.191 E204.02115
G1 X113.956 Y118.871 E204.04467
G1 X114.267 Y119.498 E204.06795
G1 X114.693 Y120.06 E204.0914
G1 X115.21 Y120.531 E204.11467
G1 X115.802 Y120.9 E204.13787
G1 X116.463 Y121.154 E204.16142
G1 X117.147 Y121.28 E204.18455
G1 X117.5 Y121.28 E204.19629
G0 F9000 X117.5 Y120.573
G0 X115.603 Y119.93
G0 X115.447 Y120.098
;TYPE:FILL
G1 F3000 X120.576 Y118.724 E204.3729
G0 F9000 X120.772 Y117.974
G1 F3000 X117.026 Y114.227 E204.54912
G0 F9000 X116.273 Y114.431
G1 F3000 X114.904 Y119.542 E204.72511
G0 F9000 X115.326 Y119.224
G1 F2700 E199.72511
;MESH:megav4.5-pcbfoot.stl(2)
G0 F9000 X117.747 Y118.895
G0 X121.009 Y118.154
G0 X122.098 Y118.254
G0 X123.01 Y117.977
G0 X123.882 Y117.317
G0 X126.266 Y117.986
G0 X126.266 Y118.296
;TYPE:WALL-INNER
G1 F2700 E204.72511
G1 F1500 X126.835 Y118.296 E204.74403
G1 X127.446 Y118.18 E204.76472
G1 X128.034 Y117.952 E204.78569
G1 X128.564 Y117.623 E204.80644
G1 X129.026 Y117.201 E204.82725
G1 X129.407 Y116.698 E204.84824
G1 X129.686 Y116.138 E204.86905
G1 X129.859 Y115.529 E204.89011
G1 X129.917 Y114.912 E204.91072
G1 X129.859 Y114.292 E204.93143
G1 X129.686 Y113.686 E204.95239
G1 X129.407 Y113.121 E204.97335
G1 X129.027 Y112.619 E204.99429
G1 X128.565 Y112.201 E205.01501
G1 X128.034 Y111.872 E205.03579
G1 X127.446 Y111.644 E205.05676
G1 X126.835 Y111.529 E205.07744
G1 X126.205 Y111.528 E205.0984
G1 X125.593 Y111.644 E205.11911
G1 X125.001 Y111.872 E205.14021
G1 X124.471 Y112.201 E205.16096
G1 X124.009 Y112.62 E205.18171
G1 X123.63 Y113.122 E205.20263
G1 X123.35 Y113.686 E205.22357
G1 X123.177 Y114.292 E205.24453
G1 X123.119 Y114.912 E205.26524
G1 X123.176 Y115.529 E205.28585
G1 X123.35 Y116.138 E205.30692
G1 X123.629 Y116.698 E205.32773
G1 X124.01 Y117.202 E205.34874
G1 X124.472 Y117.623 E205.36953
G1 X125.001 Y117.952 E205.39025
G1 X125.593 Y118.18 E205.41135
G1 X126.205 Y118.296 E205.43207
G1 X126.266 Y118.296 E205.4341
G0 F9000 X126.266 Y117.986
G0 X126.401 Y116.816
G0 X126.401 Y116.503
G1 F1500 X126.318 Y116.503 E205.43686
G1 X125.948 Y116.405 E205.44959
G1 X125.6 Y116.231 E205.46253
G1 X125.307 Y115.966 E205.47567
G1 X125.094 Y115.644 E205.48851
G1 X124.97 Y115.321 E205.50002
G1 X124.914 Y114.913 E205.51371
G1 X124.971 Y114.502 E205.52751
G1 X125.093 Y114.182 E205.53891
G1 X125.328 Y113.838 E205.55276
G1 X125.602 Y113.593 E205.56499
G1 X125.948 Y113.416 E205.57791
G1 X126.319 Y113.321 E205.59065
G1 X126.725 Y113.321 E205.60415
G1 X127.093 Y113.416 E205.6168
G1 X127.436 Y113.594 E205.62965
G1 X127.722 Y113.847 E205.64235
G1 X127.943 Y114.181 E205.65567
G1 X128.079 Y114.538 E205.66838
G1 X128.117 Y114.912 E205.68088
G1 X128.078 Y115.29 E205.69352
G1 X127.943 Y115.644 E205.70612
G1 X127.708 Y115.986 E205.71992
G1 X127.428 Y116.238 E205.73245
G1 X127.094 Y116.404 E205.74485
G1 X126.722 Y116.502 E205.75765
G1 X126.401 Y116.503 E205.76833
G0 F9000 X126.431 Y116.104
;TYPE:WALL-OUTER
G1 F1500 X126.381 Y116.104 E205.76999
G1 X126.092 Y116.031 E205.7799
G1 X125.842 Y115.906 E205.7892
G1 X125.621 Y115.713 E205.79896
G1 X125.452 Y115.466 E205.80891
G1 X125.355 Y115.211 E205.81799
G1 X125.32 Y114.893 E205.82863
G1 X125.355 Y114.612 E205.83805
G1 X125.452 Y114.359 E205.84706
G1 X125.608 Y114.127 E205.85636
G1 X125.822 Y113.931 E205.86601
G1 X126.092 Y113.789 E205.87615
G1 X126.381 Y113.72 E205.88604
G1 X126.655 Y113.72 E205.89515
G1 X126.949 Y113.789 E205.90519
G1 X127.214 Y113.931 E205.91519
G1 X127.415 Y114.111 E205.92417
G1 X127.584 Y114.359 E205.93415
G1 X127.681 Y114.612 E205.94316
G1 X127.717 Y114.912 E205.95321
G1 X127.681 Y115.211 E205.96323
G1 X127.584 Y115.466 E205.9723
G1 X127.415 Y115.713 E205.98226
G1 X127.213 Y115.893 E205.99126
G1 X126.949 Y116.031 E206.00116
G1 X126.655 Y116.104 E206.01124
G1 X126.431 Y116.104 E206.01869
G1 F2700 E201.01869
G0 F9000 X126.431 Y116.816
G0 X126.236 Y117.986
G0 X126.236 Y118.696
G1 F2700 E206.01869
G1 F1500 X126.873 Y118.696 E206.03988
G1 X127.556 Y118.566 E206.063
G1 X128.214 Y118.312 E206.08646
G1 X128.806 Y117.943 E206.10966
G1 X129.323 Y117.472 E206.13292
G1 X129.749 Y116.91 E206.15638
G1 X130.06 Y116.283 E206.17966
G1 X130.254 Y115.603 E206.20318
G1 X130.319 Y114.912 E206.22626
G1 X130.254 Y114.218 E206.24944
G1 X130.06 Y113.541 E206.27287
G1 X129.749 Y112.91 E206.29627
G1 X129.323 Y112.348 E206.31972
G1 X128.807 Y111.881 E206.34287
G1 X128.214 Y111.512 E206.3661
G1 X127.556 Y111.258 E206.38956
G1 X126.873 Y111.129 E206.41268
G1 X126.167 Y111.128 E206.43616
G1 X125.483 Y111.258 E206.45931
G1 X124.822 Y111.512 E206.48287
G1 X124.229 Y111.881 E206.5061
G1 X123.713 Y112.348 E206.52924
G1 X123.288 Y112.91 E206.55268
G1 X122.976 Y113.541 E206.57609
G1 X122.782 Y114.218 E206.59951
G1 X122.717 Y114.912 E206.6227
G1 X122.782 Y115.603 E206.64578
G1 X122.976 Y116.283 E206.6693
G1 X123.287 Y116.91 E206.69258
G1 X123.713 Y117.472 E206.71604
G1 X124.23 Y117.943 E206.7393
G1 X124.822 Y118.312 E206.7625
G1 X125.483 Y118.566 E206.78605
G1 X126.167 Y118.696 E206.80921
G1 X126.236 Y118.696 E206.8115
G0 F9000 X126.236 Y117.986
G0 X124.624 Y117.344
G0 X124.468 Y117.511
;TYPE:FILL
G1 F3000 X129.594 Y116.138 E206.988
G0 F9000 X129.793 Y115.388
G1 F3000 X126.045 Y111.639 E207.16432
G0 F9000 X125.293 Y111.845
G1 F3000 X123.924 Y116.954 E207.34024
G0 F9000 X124.345 Y116.636
G1 F2700 E202.34024
;MESH:megav4.5-pcbfoot.stl(3)
G0 F9000 X124.367 Y117.759
G0 X123.791 Y118.69
G0 X122.087 Y122.338
G0 X121.601 Y123.317
G0 X121.53 Y126.709
G0 X121.446 Y127.05
G0 X121.283 Y127.359
G0 X120.012 Y128.441
G0 X120.05 Y128.133
;TYPE:WALL-INNER
G1 F2700 E207.34024
G1 F1500 X119.679 Y128.078 E207.35272
G1 X119.353 Y127.954 E207.36432
G1 X119.033 Y127.744 E207.37705
G1 X118.794 Y127.475 E207.38902
G1 X118.589 Y127.113 E207.40285
G1 X118.493 Y126.728 E207.41605
G1 X118.493 Y126.327 E207.42939
G1 X118.591 Y125.962 E207.44196
G1 X118.768 Y125.619 E207.4548
G1 X119.014 Y125.345 E207.46704
G1 X119.322 Y125.121 E207.47971
G1 X119.679 Y124.986 E207.4924
G1 X120.088 Y124.931 E207.50613
G1 X120.464 Y124.975 E207.51872
G1 X120.82 Y125.109 E207.53137
G1 X121.148 Y125.33 E207.54453
G1 X121.403 Y125.617 E207.5573
G1 X121.58 Y125.958 E207.57008
G1 X121.679 Y126.333 E207.58298
G1 X121.679 Y126.731 E207.59621
G1 X121.58 Y127.104 E207.60905
G1 X121.403 Y127.445 E207.62183
G1 X121.159 Y127.722 E207.6341
G1 X120.835 Y127.952 E207.64732
G1 X120.493 Y128.077 E207.65943
G1 X120.093 Y128.139 E207.67289
G1 X120.05 Y128.133 E207.67434
G0 F9000 X120.012 Y128.441
G0 X120.036 Y129.616
G0 X120.007 Y129.922
G1 F1500 X120.088 Y129.929 E207.67704
G1 X120.706 Y129.875 E207.69768
G1 X121.314 Y129.702 E207.7187
G1 X121.873 Y129.424 E207.73946
G1 X122.377 Y129.039 E207.76056
G1 X122.8 Y128.579 E207.78134
G1 X123.128 Y128.051 E207.80202
G1 X123.355 Y127.46 E207.82308
G1 X123.468 Y126.849 E207.84374
G1 X123.468 Y126.215 E207.86483
G1 X123.355 Y125.604 E207.8855
G1 X123.128 Y125.017 E207.90643
G1 X122.799 Y124.484 E207.92726
G1 X122.378 Y124.026 E207.94795
G1 X121.874 Y123.645 E207.96897
G1 X121.314 Y123.366 E207.98978
G1 X120.705 Y123.193 E208.01083
G1 X120.088 Y123.135 E208.03144
G1 X119.467 Y123.193 E208.05219
G1 X118.858 Y123.366 E208.07325
G1 X118.298 Y123.645 E208.09405
G1 X117.795 Y124.025 E208.11502
G1 X117.377 Y124.484 E208.13567
G1 X117.044 Y125.017 E208.15657
G1 X116.82 Y125.605 E208.1775
G1 X116.704 Y126.217 E208.19822
G1 X116.704 Y126.847 E208.21917
G1 X116.82 Y127.46 E208.23992
G1 X117.044 Y128.051 E208.26094
G1 X117.376 Y128.579 E208.28169
G1 X117.796 Y129.04 E208.30243
G1 X118.299 Y129.424 E208.32348
G1 X118.858 Y129.701 E208.34423
G1 X119.466 Y129.874 E208.36525
G1 X120.007 Y129.922 E208.38332
G0 F9000 X119.998 Y130.323
;TYPE:WALL-OUTER
G1 F1503.8 X120.088 Y130.331 E208.38632
G1 F1500 X120.779 Y130.27 E208.40939
G1 X121.459 Y130.076 E208.43291
G1 X122.085 Y129.765 E208.45616
G1 X122.648 Y129.335 E208.47972
G1 X123.12 Y128.822 E208.5029
G1 X123.488 Y128.23 E208.52609
G1 X123.742 Y127.569 E208.54964
G1 X123.868 Y126.885 E208.57277
G1 X123.868 Y126.179 E208.59625
G1 X123.742 Y125.495 E208.61939
G1 X123.488 Y124.838 E208.64282
G1 X123.119 Y124.242 E208.66613
G1 X122.648 Y123.729 E208.68929
G1 X122.086 Y123.303 E208.71275
G1 X121.459 Y122.992 E208.73603
G1 X120.779 Y122.798 E208.75955
G1 X120.088 Y122.733 E208.78263
G1 X119.393 Y122.798 E208.80585
G1 X118.713 Y122.992 E208.82937
G1 X118.086 Y123.303 E208.85265
G1 X117.524 Y123.729 E208.8761
G1 X117.057 Y124.242 E208.89917
G1 X116.684 Y124.838 E208.92256
G1 X116.434 Y125.495 E208.94594
G1 X116.304 Y126.179 E208.9691
G1 X116.304 Y126.885 E208.99258
G1 X116.434 Y127.569 E209.01574
G1 X116.684 Y128.23 E209.03924
G1 X117.056 Y128.822 E209.0625
G1 X117.524 Y129.336 E209.08562
G1 X118.087 Y129.765 E209.10916
G1 X118.713 Y130.076 E209.13241
G1 X119.393 Y130.27 E209.15593
G1 F1503.8 X119.998 Y130.323 E209.17607
G1 F2700 E204.17607
G0 F9000 X120.063 Y129.618
G0 X119.973 Y128.436
G0 X120.059 Y127.731
G1 F2700 E209.17607
G1 F1500 X119.789 Y127.693 E209.18514
G1 X119.531 Y127.596 E209.19431
G1 X119.287 Y127.431 E209.20411
G1 X119.094 Y127.207 E209.21394
G1 X118.965 Y126.959 E209.22324
G1 X118.892 Y126.667 E209.23325
G1 X118.892 Y126.397 E209.24223
G1 X118.965 Y126.104 E209.25227
G1 X119.094 Y125.858 E209.26151
G1 X119.287 Y125.637 E209.27127
G1 X119.53 Y125.468 E209.28112
G1 X119.789 Y125.371 E209.29032
G1 X120.088 Y125.331 E209.30035
G1 X120.357 Y125.365 E209.30937
G1 X120.642 Y125.468 E209.31945
G1 X120.869 Y125.624 E209.32861
G1 X121.079 Y125.858 E209.33906
G1 X121.207 Y126.103 E209.34826
G1 X121.28 Y126.396 E209.3583
G1 X121.28 Y126.668 E209.36735
G1 X121.198 Y126.982 E209.37814
G1 X121.078 Y127.206 E209.38659
G1 X120.87 Y127.443 E209.39708
G1 X120.642 Y127.595 E209.4062
G1 X120.383 Y127.693 E209.41541
G1 X120.07 Y127.732 E209.4259
G1 X120.059 Y127.731 E209.42626
G0 F9000 X119.973 Y128.436
G0 X118.184 Y128.949
G0 X118.045 Y129.13
;TYPE:FILL
G1 F3000 X123.153 Y127.761 E209.60215
G0 F9000 X123.358 Y127.006
G1 F3000 X119.613 Y123.26 E209.77833
G0 F9000 X118.864 Y123.453
G1 F3000 X117.489 Y128.585 E209.95504
G0 F9000 X117.881 Y128.23
G1 F2700 E204.95504
;MESH:NONMESH
G0 F300 X117.881 Y128.23 Z3
G0 F9000 X116.534 Y126.864
G0 X115.44 Y126.864
G0 X111.367 Y123.73
G0 X110.63 Y122.922
G0 X108.602 Y121.979
G0 X108.602 Y121.667
;TIME_ELAPSED:423.540170
;LAYER:14
;TYPE:WALL-INNER
;MESH:megav4.5-pcbfoot.stl(1)
G1 F2700 E209.95504
G1 F1500 X108.247 Y121.659 E209.96685
G1 X107.904 Y121.569 E209.97865
G1 X107.562 Y121.391 E209.99147
G1 X107.265 Y121.129 E210.00464
G1 X107.054 Y120.808 E210.01742
G1 X106.93 Y120.481 E210.02905
G1 X106.87 Y120.076 E210.04267
G1 X106.93 Y119.667 E210.05642
G1 X107.054 Y119.341 E210.06802
G1 X107.264 Y119.021 E210.08075
G1 X107.533 Y118.782 E210.09272
G1 X107.895 Y118.577 E210.10655
G1 X108.28 Y118.481 E210.11975
G1 X108.673 Y118.481 E210.13282
G1 X109.046 Y118.578 E210.14564
G1 X109.362 Y118.742 E210.15748
G1 X109.673 Y119.004 E210.17101
G1 X109.898 Y119.34 E210.18446
G1 X110.032 Y119.697 E210.19714
G1 X110.077 Y120.076 E210.20983
G1 X110.022 Y120.481 E210.22343
G1 X109.899 Y120.808 E210.23505
G1 X109.678 Y121.136 E210.2482
G1 X109.391 Y121.391 E210.26097
G1 X109.05 Y121.568 E210.27375
G1 X108.672 Y121.668 E210.28675
G1 X108.602 Y121.667 E210.28908
G0 F9000 X108.602 Y121.979
G0 X108.742 Y123.149
G0 X108.742 Y123.456
G1 F1500 X108.793 Y123.456 E210.29078
G1 X109.404 Y123.344 E210.31144
G1 X109.991 Y123.116 E210.33238
G1 X110.523 Y122.787 E210.35319
G1 X110.982 Y122.366 E210.3739
G1 X111.363 Y121.862 E210.39492
G1 X111.642 Y121.302 E210.41573
G1 X111.815 Y120.693 E210.43678
G1 X111.873 Y120.076 E210.4574
G1 X111.815 Y119.455 E210.47814
G1 X111.642 Y118.846 E210.4992
G1 X111.363 Y118.286 E210.52001
G1 X110.983 Y117.783 E210.54097
G1 X110.524 Y117.365 E210.56162
G1 X109.991 Y117.032 E210.58253
G1 X109.403 Y116.808 E210.60345
G1 X108.791 Y116.693 E210.62417
G1 X108.161 Y116.692 E210.64512
G1 X107.548 Y116.808 E210.66587
G1 X106.957 Y117.032 E210.68689
G1 X106.429 Y117.364 E210.70764
G1 X105.968 Y117.784 E210.72838
G1 X105.584 Y118.287 E210.74943
G1 X105.307 Y118.846 E210.77018
G1 X105.134 Y119.454 E210.7912
G1 X105.079 Y120.076 E210.81197
G1 X105.134 Y120.694 E210.8326
G1 X105.307 Y121.302 E210.85363
G1 X105.584 Y121.861 E210.87438
G1 X105.969 Y122.365 E210.89547
G1 X106.429 Y122.788 E210.91626
G1 X106.957 Y123.115 E210.93692
G1 X107.548 Y123.343 E210.95798
G1 X108.159 Y123.456 E210.97865
G1 X108.742 Y123.456 E210.99804
G0 F9000 X108.774 Y123.856
;TYPE:WALL-OUTER
G1 F1500 X108.829 Y123.856 E210.99987
G1 X109.513 Y123.73 E211.023
G1 X110.17 Y123.476 E211.04643
G1 X110.766 Y123.107 E211.06975
G1 X111.279 Y122.636 E211.09291
G1 X111.705 Y122.074 E211.11636
G1 X112.016 Y121.447 E211.13964
G1 X112.21 Y120.767 E211.16316
G1 X112.275 Y120.076 E211.18625
G1 X112.21 Y119.381 E211.20946
G1 X112.016 Y118.701 E211.23298
G1 X111.705 Y118.074 E211.25626
G1 X111.279 Y117.512 E211.27972
G1 X110.766 Y117.045 E211.30279
G1 X110.17 Y116.672 E211.32618
G1 X109.513 Y116.422 E211.34956
G1 X108.829 Y116.293 E211.37271
G1 X108.123 Y116.292 E211.39619
G1 X107.439 Y116.422 E211.41935
G1 X106.778 Y116.672 E211.44285
G1 X106.186 Y117.044 E211.4661
G1 X105.672 Y117.512 E211.48923
G1 X105.243 Y118.075 E211.51277
G1 X104.932 Y118.701 E211.53602
G1 X104.738 Y119.381 E211.55954
G1 X104.677 Y120.076 E211.58274
G1 X104.738 Y120.767 E211.60581
G1 X104.932 Y121.447 E211.62933
G1 X105.243 Y122.073 E211.65258
G1 X105.673 Y122.636 E211.67614
G1 X106.186 Y123.108 E211.69933
G1 X106.778 Y123.475 E211.7225
G1 X107.439 Y123.73 E211.74606
G1 X108.123 Y123.856 E211.76919
G1 X108.774 Y123.856 E211.79084
G1 F2700 E206.79084
G0 F9000 X108.763 Y123.15
G0 X108.571 Y121.979
G0 X108.571 Y121.268
G1 F2700 E211.79084
G1 F1500 X108.34 Y121.268 E211.79853
G1 X108.048 Y121.195 E211.80854
G1 X107.802 Y121.066 E211.81778
G1 X107.565 Y120.858 E211.82827
G1 X107.412 Y120.63 E211.8374
G1 X107.315 Y120.371 E211.8466
G1 X107.276 Y120.058 E211.85709
G1 X107.315 Y119.777 E211.86652
G1 X107.412 Y119.519 E211.87569
G1 X107.577 Y119.275 E211.88549
G1 X107.801 Y119.082 E211.89532
G1 X108.049 Y118.953 E211.90462
G1 X108.341 Y118.88 E211.91463
G1 X108.611 Y118.88 E211.92361
G1 X108.904 Y118.952 E211.93365
G1 X109.15 Y119.082 E211.9429
G1 X109.371 Y119.275 E211.95266
G1 X109.54 Y119.518 E211.9625
G1 X109.637 Y119.777 E211.9717
G1 X109.677 Y120.076 E211.98174
G1 X109.637 Y120.371 E211.99164
G1 X109.54 Y120.63 E212.00084
G1 X109.384 Y120.857 E212.01
G1 X109.15 Y121.067 E212.02045
G1 X108.905 Y121.195 E212.02965
G1 X108.612 Y121.268 E212.03969
G1 X108.571 Y121.268 E212.04105
G0 F9000 X108.571 Y121.979
G0 X106.693 Y122.586
G0 X106.572 Y122.782
;TYPE:FILL
G1 F3000 X111.468 Y121.47 E212.20964
G0 F9000 X111.267 Y121.37
G0 X111.539 Y120.343
G0 X111.766 Y120.364
G1 F3000 X108.175 Y116.773 E212.37855
G0 F9000 X108.191 Y117.002
G0 X107.17 Y117.287
G0 X107.086 Y117.068
G1 F3000 X105.772 Y121.974 E212.54748
G0 F9000 X106.194 Y121.656
G1 F2700 E207.54748
;MESH:megav4.5-pcbfoot.stl
G0 F9000 X108.652 Y121.518
G0 X112.045 Y120.076
G0 X113.134 Y119.975
G0 X113.99 Y120.564
G0 X114.862 Y119.904
G0 X117.5 Y120.573
G0 X117.5 Y120.88
;TYPE:WALL-INNER
G1 F2700 E212.54748
G1 F1500 X117.817 Y120.88 E212.55802
G1 X118.428 Y120.768 E212.57868
G1 X119.014 Y120.54 E212.59959
G1 X119.544 Y120.211 E212.62034
G1 X120.006 Y119.789 E212.64115
G1 X120.387 Y119.286 E212.66214
G1 X120.666 Y118.726 E212.68295
G1 X120.839 Y118.117 E212.70401
G1 X120.897 Y117.5 E212.72462
G1 X120.839 Y116.879 E212.74536
G1 X120.666 Y116.27 E212.76642
G1 X120.387 Y115.71 E212.78723
G1 X120.007 Y115.207 E212.8082
G1 X119.544 Y114.789 E212.82894
G1 X119.014 Y114.456 E212.84976
G1 X118.427 Y114.232 E212.87066
G1 X117.815 Y114.117 E212.89137
G1 X117.185 Y114.116 E212.91233
G1 X116.572 Y114.232 E212.93308
G1 X115.981 Y114.457 E212.95411
G1 X115.452 Y114.789 E212.97488
G1 X114.989 Y115.208 E212.99565
G1 X114.609 Y115.71 E213.01659
G1 X114.33 Y116.27 E213.0374
G1 X114.157 Y116.879 E213.05846
G1 X114.099 Y117.5 E213.0792
G1 X114.157 Y118.117 E213.09981
G1 X114.33 Y118.726 E213.12087
G1 X114.609 Y119.286 E213.14168
G1 X114.99 Y119.789 E213.16267
G1 X115.452 Y120.211 E213.18348
G1 X115.981 Y120.54 E213.2042
G1 X116.572 Y120.767 E213.22526
G1 X117.183 Y120.88 E213.24592
G1 X117.5 Y120.88 E213.25647
G0 F9000 X117.5 Y120.573
G0 X117.5 Y119.403
G0 X117.5 Y119.091
G1 F1500 X117.298 Y119.091 E213.26318
G1 X116.928 Y118.993 E213.27591
G1 X116.582 Y118.815 E213.28886
G1 X116.309 Y118.571 E213.30103
G1 X116.085 Y118.261 E213.31376
G1 X115.95 Y117.905 E213.32642
G1 X115.894 Y117.501 E213.33998
G1 X115.95 Y117.091 E213.35375
G1 X116.086 Y116.733 E213.36648
G1 X116.308 Y116.426 E213.37909
G1 X116.577 Y116.184 E213.39112
G1 X116.925 Y116 E213.40421
G1 X117.299 Y115.905 E213.41705
G1 X117.697 Y115.905 E213.43029
G1 X118.07 Y116.002 E213.4431
G1 X118.387 Y116.167 E213.45499
G1 X118.698 Y116.43 E213.46854
G1 X118.922 Y116.764 E213.48191
G1 X119.059 Y117.128 E213.49485
G1 X119.097 Y117.5 E213.50729
G1 X119.046 Y117.905 E213.52086
G1 X118.923 Y118.232 E213.53248
G1 X118.687 Y118.571 E213.54622
G1 X118.413 Y118.816 E213.55845
G1 X118.074 Y118.992 E213.57115
G1 X117.699 Y119.091 E213.58405
G1 X117.5 Y119.091 E213.59067
G0 F9000 X117.5 Y118.692
;TYPE:WALL-OUTER
G1 F1500 X117.361 Y118.692 E213.59529
G1 X117.051 Y118.61 E213.60596
G1 X116.803 Y118.477 E213.61532
G1 X116.601 Y118.297 E213.62432
G1 X116.432 Y118.054 E213.63416
G1 X116.335 Y117.795 E213.64336
G1 X116.3 Y117.481 E213.65387
G1 X116.335 Y117.201 E213.66325
G1 X116.432 Y116.943 E213.67242
G1 X116.588 Y116.715 E213.68161
G1 X116.821 Y116.506 E213.69202
G1 X117.093 Y116.37 E213.70213
G1 X117.361 Y116.304 E213.71131
G1 X117.635 Y116.304 E213.72043
G1 X117.928 Y116.376 E213.73046
G1 X118.175 Y116.506 E213.73975
G1 X118.395 Y116.699 E213.74948
G1 X118.564 Y116.942 E213.75932
G1 X118.661 Y117.201 E213.76852
G1 X118.697 Y117.5 E213.77854
G1 X118.661 Y117.795 E213.78842
G1 X118.564 Y118.054 E213.79762
G1 X118.395 Y118.297 E213.80747
G1 X118.193 Y118.477 E213.81647
G1 X117.929 Y118.619 E213.82644
G1 X117.636 Y118.692 E213.83648
G1 X117.5 Y118.692 E213.841
G1 F2700 E208.841
G0 F9000 X117.5 Y119.403
G0 X117.5 Y120.573
G0 X117.5 Y121.28
G1 F2700 E213.841
G1 F1500 X117.853 Y121.28 E213.85274
G1 X118.537 Y121.154 E213.87588
G1 X119.194 Y120.9 E213.8993
G1 X119.786 Y120.531 E213.92251
G1 X120.303 Y120.06 E213.94577
G1 X120.729 Y119.498 E213.96922
G1 X121.04 Y118.871 E213.9925
G1 X121.234 Y118.191 E214.01602
G1 X121.299 Y117.5 E214.03911
G1 X121.234 Y116.805 E214.06232
G1 X121.04 Y116.125 E214.08584
G1 X120.729 Y115.498 E214.10912
G1 X120.303 Y114.936 E214.13258
G1 X119.786 Y114.469 E214.15575
G1 X119.194 Y114.096 E214.17902
G1 X118.537 Y113.846 E214.2024
G1 X117.853 Y113.717 E214.22555
G1 X117.147 Y113.716 E214.24903
G1 X116.463 Y113.846 E214.27219
G1 X115.802 Y114.097 E214.29571
G1 X115.21 Y114.469 E214.31896
G1 X114.693 Y114.936 E214.34213
G1 X114.267 Y115.498 E214.36559
G1 X113.956 Y116.125 E214.38887
G1 X113.762 Y116.805 E214.41239
G1 X113.697 Y117.5 E214.4356
G1 X113.762 Y118.191 E214.45869
G1 X113.956 Y118.871 E214.48221
G1 X114.267 Y119.498 E214.50549
G1 X114.693 Y120.06 E214.52894
G1 X115.21 Y120.531 E214.5522
G1 X115.802 Y120.9 E214.5754
G1 X116.463 Y121.154 E214.59896
G1 X117.147 Y121.28 E214.62209
G1 X117.5 Y121.28 E214.63383
G0 F9000 X117.5 Y120.573
G0 X115.716 Y120.01
G0 X115.595 Y120.206
;TYPE:FILL
G1 F3000 X120.492 Y118.894 E214.80245
G0 F9000 X120.29 Y118.793
G0 X120.562 Y117.77
G0 X120.79 Y117.791
G1 F3000 X117.197 Y114.197 E214.97148
G0 F9000 X117.214 Y114.426
G0 X116.192 Y114.711
G0 X116.109 Y114.494
G1 F3000 X114.795 Y119.398 E215.14034
G0 F9000 X115.217 Y119.08
G1 F2700 E210.14034
;MESH:megav4.5-pcbfoot.stl(2)
G0 F9000 X117.675 Y118.942
G0 X121.009 Y118.154
G0 X122.098 Y118.254
G0 X123.01 Y117.977
G0 X123.882 Y117.317
G0 X126.266 Y117.986
G0 X126.266 Y118.296
;TYPE:WALL-INNER
G1 F2700 E215.14034
G1 F1500 X126.835 Y118.296 E215.15926
G1 X127.446 Y118.18 E215.17995
G1 X128.034 Y117.952 E215.20092
G1 X128.564 Y117.623 E215.22167
G1 X129.026 Y117.201 E215.24248
G1 X129.407 Y116.698 E215.26347
G1 X129.686 Y116.138 E215.28428
G1 X129.859 Y115.529 E215.30534
G1 X129.917 Y114.912 E215.32595
G1 X129.859 Y114.292 E215.34666
G1 X129.686 Y113.686 E215.36762
G1 X129.407 Y113.121 E215.38858
G1 X129.027 Y112.619 E215.40952
G1 X128.565 Y112.201 E215.43024
G1 X128.034 Y111.872 E215.45102
G1 X127.446 Y111.644 E215.47199
G1 X126.835 Y111.529 E215.49267
G1 X126.205 Y111.528 E215.51363
G1 X125.593 Y111.644 E215.53434
G1 X125.001 Y111.872 E215.55544
G1 X124.471 Y112.201 E215.57619
G1 X124.009 Y112.62 E215.59694
G1 X123.63 Y113.122 E215.61786
G1 X123.35 Y113.686 E215.6388
G1 X123.177 Y114.292 E215.65976
G1 X123.119 Y114.912 E215.68047
G1 X123.176 Y115.529 E215.70108
G1 X123.35 Y116.138 E215.72215
G1 X123.629 Y116.698 E215.74296
G1 X124.01 Y117.202 E215.76397
G1 X124.472 Y117.623 E215.78476
G1 X125.001 Y117.952 E215.80548
G1 X125.593 Y118.18 E215.82658
G1 X126.205 Y118.296 E215.8473
G1 X126.266 Y118.296 E215.84933
G0 F9000 X126.266 Y117.986
G0 X126.401 Y116.816
G0 X126.401 Y116.503
G1 F1500 X126.318 Y116.503 E215.85209
G1 X125.948 Y116.405 E215.86482
G1 X125.6 Y116.231 E215.87776
G1 X125.307 Y115.966 E215.8909
G1 X125.094 Y115.644 E215.90374
G1 X124.97 Y115.321 E215.91525
G1 X124.914 Y114.913 E215.92894
G1 X124.971 Y114.502 E215.94274
G1 X125.093 Y114.182 E215.95413
G1 X125.328 Y113.838 E215.96799
G1 X125.602 Y113.593 E215.98022
G1 X125.948 Y113.416 E215.99314
G1 X126.319 Y113.321 E216.00588
G1 X126.725 Y113.321 E216.01938
G1 X127.093 Y113.416 E216.03202
G1 X127.436 Y113.594 E216.04488
G1 X127.722 Y113.847 E216.05758
G1 X127.943 Y114.181 E216.0709
G1 X128.079 Y114.538 E216.0836
G1 X128.117 Y114.912 E216.09611
G1 X128.078 Y115.29 E216.10875
G1 X127.943 Y115.644 E216.12135
G1 X127.708 Y115.986 E216.13515
G1 X127.428 Y116.238 E216.14768
G1 X127.094 Y116.404 E216.16008
G1 X126.722 Y116.502 E216.17288
G1 X126.401 Y116.503 E216.18356
G0 F9000 X126.431 Y116.104
;TYPE:WALL-OUTER
G1 F1500 X126.381 Y116.104 E216.18522
G1 X126.092 Y116.031 E216.19513
G1 X125.842 Y115.906 E216.20443
G1 X125.621 Y115.713 E216.21419
G1 X125.452 Y115.466 E216.22414
G1 X125.355 Y115.211 E216.23322
G1 X125.32 Y114.893 E216.24386
G1 X125.355 Y114.612 E216.25328
G1 X125.452 Y114.359 E216.26229
G1 X125.608 Y114.127 E216.27159
G1 X125.822 Y113.931 E216.28124
G1 X126.092 Y113.789 E216.29138
G1 X126.381 Y113.72 E216.30127
G1 X126.655 Y113.72 E216.31038
G1 X126.949 Y113.789 E216.32042
G1 X127.214 Y113.931 E216.33042
G1 X127.415 Y114.111 E216.3394
G1 X127.584 Y114.359 E216.34938
G1 X127.681 Y114.612 E216.35839
G1 X127.717 Y114.912 E216.36844
G1 X127.681 Y115.211 E216.37846
G1 X127.584 Y115.466 E216.38753
G1 X127.415 Y115.713 E216.39749
G1 X127.213 Y115.893 E216.40649
G1 X126.949 Y116.031 E216.41639
G1 X126.655 Y116.104 E216.42647
G1 X126.431 Y116.104 E216.43392
G1 F2700 E211.43392
G0 F9000 X126.431 Y116.816
G0 X126.236 Y117.986
G0 X126.236 Y118.696
G1 F2700 E216.43392
G1 F1500 X126.873 Y118.696 E216.45511
G1 X127.556 Y118.566 E216.47823
G1 X128.214 Y118.312 E216.50169
G1 X128.806 Y117.943 E216.52489
G1 X129.323 Y117.472 E216.54815
G1 X129.749 Y116.91 E216.57161
G1 X130.06 Y116.283 E216.59489
G1 X130.254 Y115.603 E216.61841
G1 X130.319 Y114.912 E216.64149
G1 X130.254 Y114.218 E216.66467
G1 X130.06 Y113.541 E216.6881
G1 X129.749 Y112.91 E216.71149
G1 X129.323 Y112.348 E216.73495
G1 X128.807 Y111.881 E216.7581
G1 X128.214 Y111.512 E216.78133
G1 X127.556 Y111.258 E216.80479
G1 X126.873 Y111.129 E216.8279
G1 X126.167 Y111.128 E216.85139
G1 X125.483 Y111.258 E216.87454
G1 X124.822 Y111.512 E216.8981
G1 X124.229 Y111.881 E216.92133
G1 X123.713 Y112.348 E216.94447
G1 X123.288 Y112.91 E216.96791
G1 X122.976 Y113.541 E216.99132
G1 X122.782 Y114.218 E217.01474
G1 X122.717 Y114.912 E217.03793
G1 X122.782 Y115.603 E217.06101
G1 X122.976 Y116.283 E217.08453
G1 X123.287 Y116.91 E217.10781
G1 X123.713 Y117.472 E217.13127
G1 X124.23 Y117.943 E217.15453
G1 X124.822 Y118.312 E217.17773
G1 X125.483 Y118.566 E217.20128
G1 X126.167 Y118.696 E217.22444
G1 X126.236 Y118.696 E217.22673
G0 F9000 X126.236 Y117.986
G0 X124.737 Y117.423
G0 X124.616 Y117.619
;TYPE:FILL
G1 F3000 X129.511 Y116.307 E217.39529
G0 F9000 X129.31 Y116.207
G0 X129.582 Y115.183
G0 X129.81 Y115.204
G1 F3000 X126.214 Y111.608 E217.56443
G0 F9000 X126.234 Y111.839
G0 X125.212 Y112.124
G0 X125.129 Y111.908
G1 F3000 X123.815 Y116.811 E217.73326
G0 F9000 X124.237 Y116.493
G1 F2700 E212.73326
;MESH:megav4.5-pcbfoot.stl(3)
G0 F9000 X124.367 Y117.759
G0 X123.791 Y118.69
G0 X122.087 Y122.338
G0 X121.601 Y123.317
G0 X121.53 Y126.709
G0 X121.446 Y127.05
G0 X121.283 Y127.359
G0 X120.012 Y128.441
G0 X120.05 Y128.133
;TYPE:WALL-INNER
G1 F2700 E217.73326
G1 F1500 X119.679 Y128.078 E217.74574
G1 X119.353 Y127.954 E217.75734
G1 X119.033 Y127.744 E217.77007
G1 X118.794 Y127.475 E217.78204
G1 X118.589 Y127.113 E217.79587
G1 X118.493 Y126.728 E217.80907
G1 X118.493 Y126.327 E217.82241
G1 X118.591 Y125.962 E217.83498
G1 X118.768 Y125.619 E217.84781
G1 X119.014 Y125.345 E217.86006
G1 X119.322 Y125.121 E217.87273
G1 X119.679 Y124.986 E217.88542
G1 X120.088 Y124.931 E217.89915
G1 X120.464 Y124.975 E217.91174
G1 X120.82 Y125.109 E217.92439
G1 X121.148 Y125.33 E217.93755
G1 X121.403 Y125.617 E217.95032
G1 X121.58 Y125.958 E217.96309
G1 X121.679 Y126.333 E217.97599
G1 X121.679 Y126.731 E217.98923
G1 X121.58 Y127.104 E218.00207
G1 X121.403 Y127.445 E218.01485
G1 X121.159 Y127.722 E218.02712
G1 X120.835 Y127.952 E218.04034
G1 X120.493 Y128.077 E218.05245
G1 X120.093 Y128.139 E218.06591
G1 X120.05 Y128.133 E218.06736
G0 F9000 X120.012 Y128.441
G0 X120.036 Y129.616
G0 X120.007 Y129.922
G1 F1500 X120.088 Y129.929 E218.07006
G1 X120.706 Y129.875 E218.09069
G1 X121.314 Y129.702 E218.11172
G1 X121.873 Y129.424 E218.13248
G1 X122.377 Y129.039 E218.15358
G1 X122.8 Y128.579 E218.17436
G1 X123.128 Y128.051 E218.19504
G1 X123.355 Y127.46 E218.21609
G1 X123.468 Y126.849 E218.23676
G1 X123.468 Y126.215 E218.25785
G1 X123.355 Y125.604 E218.27851
G1 X123.128 Y125.017 E218.29945
G1 X122.799 Y124.484 E218.32028
G1 X122.378 Y124.026 E218.34097
G1 X121.874 Y123.645 E218.36198
G1 X121.314 Y123.366 E218.38279
G1 X120.705 Y123.193 E218.40385
G1 X120.088 Y123.135 E218.42446
G1 X119.467 Y123.193 E218.44521
G1 X118.858 Y123.366 E218.46626
G1 X118.298 Y123.645 E218.48707
G1 X117.795 Y124.025 E218.50804
G1 X117.377 Y124.484 E218.52869
G1 X117.044 Y125.017 E218.54959
G1 X116.82 Y125.605 E218.57052
G1 X116.704 Y126.217 E218.59124
G1 X116.704 Y126.847 E218.61219
G1 X116.82 Y127.46 E218.63294
G1 X117.044 Y128.051 E218.65396
G1 X117.376 Y128.579 E218.67471
G1 X117.796 Y129.04 E218.69545
G1 X118.299 Y129.424 E218.7165
G1 X118.858 Y129.701 E218.73725
G1 X119.466 Y129.874 E218.75827
G1 X120.007 Y129.922 E218.77634
G0 F9000 X119.998 Y130.323
;TYPE:WALL-OUTER
G1 F1503.8 X120.088 Y130.331 E218.77933
G1 F1500 X120.779 Y130.27 E218.80241
G1 X121.459 Y130.076 E218.82593
G1 X122.085 Y129.765 E218.84917
G1 X122.648 Y129.335 E218.87274
G1 X123.12 Y128.822 E218.89592
G1 X123.488 Y128.23 E218.91911
G1 X123.742 Y127.569 E218.94266
G1 X123.868 Y126.885 E218.96579
G1 X123.868 Y126.179 E218.98927
G1 X123.742 Y125.495 E219.01241
G1 X123.488 Y124.838 E219.03583
G1 X123.119 Y124.242 E219.05915
G1 X122.648 Y123.729 E219.08231
G1 X122.086 Y123.303 E219.10577
G1 X121.459 Y122.992 E219.12905
G1 X120.779 Y122.798 E219.15257
G1 X120.088 Y122.733 E219.17565
G1 X119.393 Y122.798 E219.19887
G1 X118.713 Y122.992 E219.22239
G1 X118.086 Y123.303 E219.24566
G1 X117.524 Y123.729 E219.26912
G1 X117.057 Y124.242 E219.29219
G1 X116.684 Y124.838 E219.31558
G1 X116.434 Y125.495 E219.33896
G1 X116.304 Y126.179 E219.36212
G1 X116.304 Y126.885 E219.3856
G1 X116.434 Y127.569 E219.40875
G1 X116.684 Y128.23 E219.43226
G1 X117.056 Y128.822 E219.45551
G1 X117.524 Y129.336 E219.47863
G1 X118.087 Y129.765 E219.50218
G1 X118.713 Y130.076 E219.52543
G1 X119.393 Y130.27 E219.54894
G1 F1503.8 X119.998 Y130.323 E219.56909
G1 F2700 E214.56909
G0 F9000 X120.063 Y129.618
G0 X119.973 Y128.436
G0 X120.059 Y127.731
G1 F2700 E219.56909
G1 F1500 X119.789 Y127.693 E219.57816
G1 X119.531 Y127.596 E219.58733
G1 X119.287 Y127.431 E219.59713
G1 X119.094 Y127.207 E219.60696
G1 X118.965 Y126.959 E219.61626
G1 X118.892 Y126.667 E219.62627
G1 X118.892 Y126.397 E219.63525
G1 X118.965 Y126.104 E219.64529
G1 X119.094 Y125.858 E219.65453
G1 X119.287 Y125.637 E219.66429
G1 X119.53 Y125.468 E219.67413
G1 X119.789 Y125.371 E219.68333
G1 X120.088 Y125.331 E219.69337
G1 X120.357 Y125.365 E219.70239
G1 X120.642 Y125.468 E219.71246
G1 X120.869 Y125.624 E219.72163
G1 X121.079 Y125.858 E219.73208
G1 X121.207 Y126.103 E219.74128
G1 X121.28 Y126.396 E219.75132
G1 X121.28 Y126.668 E219.76037
G1 X121.198 Y126.982 E219.77116
G1 X121.078 Y127.206 E219.77961
G1 X120.87 Y127.443 E219.7901
G1 X120.642 Y127.595 E219.79921
G1 X120.383 Y127.693 E219.80842
G1 X120.07 Y127.732 E219.81892
G1 X120.059 Y127.731 E219.81928
G0 F9000 X119.973 Y128.436
G0 X118.328 Y129.057
G0 X118.188 Y129.239
;TYPE:FILL
G1 F3000 X123.091 Y127.925 E219.98811
G0 F9000 X122.878 Y127.842
G0 X123.162 Y126.82
G0 X123.388 Y126.834
G1 F3000 X119.797 Y123.243 E220.15702
G0 F9000 X119.817 Y123.473
G0 X118.795 Y123.744
G0 X118.694 Y123.538
G1 F3000 X117.382 Y128.437 E220.32571
G0 F9000 X117.833 Y128.159
G1 F2700 E215.32571
;MESH:NONMESH
G0 F300 X117.833 Y128.159 Z3.2
G0 F9000 X116.534 Y126.204
G0 X115.459 Y126.004
G0 X111.988 Y123.139
G0 X111.115 Y122.48
G0 X108.602 Y121.979
G0 X108.602 Y121.667
;TIME_ELAPSED:443.839123
;LAYER:15
;TYPE:WALL-INNER
;MESH:megav4.5-pcbfoot.stl(1)
G1 F2700 E220.32571
G1 F1500 X108.247 Y121.659 E220.33752
G1 X107.904 Y121.569 E220.34931
G1 X107.562 Y121.391 E220.36213
G1 X107.265 Y121.129 E220.37531
G1 X107.054 Y120.808 E220.38808
G1 X106.93 Y120.481 E220.39971
G1 X106.87 Y120.076 E220.41333
G1 X106.93 Y119.667 E220.42708
G1 X107.054 Y119.341 E220.43868
G1 X107.264 Y119.021 E220.45141
G1 X107.533 Y118.782 E220.46338
G1 X107.895 Y118.577 E220.47722
G1 X108.28 Y118.481 E220.49041
G1 X108.673 Y118.481 E220.50349
G1 X109.046 Y118.578 E220.5163
G1 X109.362 Y118.742 E220.52815
G1 X109.673 Y119.004 E220.54167
G1 X109.898 Y119.34 E220.55512
G1 X110.032 Y119.697 E220.5678
G1 X110.077 Y120.076 E220.5805
G1 X110.022 Y120.481 E220.59409
G1 X109.899 Y120.808 E220.60571
G1 X109.678 Y121.136 E220.61887
G1 X109.391 Y121.391 E220.63163
G1 X109.05 Y121.568 E220.64441
G1 X108.672 Y121.668 E220.65742
G1 X108.602 Y121.667 E220.65975
G0 F9000 X108.602 Y121.979
G0 X108.742 Y123.149
G0 X108.742 Y123.456
G1 F1500 X108.793 Y123.456 E220.66144
G1 X109.404 Y123.344 E220.6821
G1 X109.991 Y123.116 E220.70305
G1 X110.523 Y122.787 E220.72385
G1 X110.982 Y122.366 E220.74457
G1 X111.363 Y121.862 E220.76558
G1 X111.642 Y121.302 E220.78639
G1 X111.815 Y120.693 E220.80745
G1 X111.873 Y120.076 E220.82806
G1 X111.815 Y119.455 E220.8488
G1 X111.642 Y118.846 E220.86986
G1 X111.363 Y118.286 E220.89067
G1 X110.983 Y117.783 E220.91164
G1 X110.524 Y117.365 E220.93229
G1 X109.991 Y117.032 E220.95319
G1 X109.403 Y116.808 E220.97412
G1 X108.791 Y116.693 E220.99483
G1 X108.161 Y116.692 E221.01578
G1 X107.548 Y116.808 E221.03653
G1 X106.957 Y117.032 E221.05755
G1 X106.429 Y117.364 E221.0783
G1 X105.968 Y117.784 E221.09904
G1 X105.584 Y118.287 E221.12009
G1 X105.307 Y118.846 E221.14084
G1 X105.134 Y119.454 E221.16186
G1 X105.079 Y120.076 E221.18263
G1 X105.134 Y120.694 E221.20327
G1 X105.307 Y121.302 E221.22429
G1 X105.584 Y121.861 E221.24504
G1 X105.969 Y122.365 E221.26614
G1 X106.429 Y122.788 E221.28692
G1 X106.957 Y123.115 E221.30758
G1 X107.548 Y123.343 E221.32865
G1 X108.159 Y123.456 E221.34931
G1 X108.742 Y123.456 E221.36871
G0 F9000 X108.774 Y123.856
;TYPE:WALL-OUTER
G1 F1500 X108.829 Y123.856 E221.37053
G1 X109.513 Y123.73 E221.39367
G1 X110.17 Y123.476 E221.4171
G1 X110.766 Y123.107 E221.44041
G1 X111.279 Y122.636 E221.46357
G1 X111.705 Y122.074 E221.48703
G1 X112.016 Y121.447 E221.51031
G1 X112.21 Y120.767 E221.53383
G1 X112.275 Y120.076 E221.55691
G1 X112.21 Y119.381 E221.58013
G1 X112.016 Y118.701 E221.60365
G1 X111.705 Y118.074 E221.62693
G1 X111.279 Y117.512 E221.65038
G1 X110.766 Y117.045 E221.67345
G1 X110.17 Y116.672 E221.69684
G1 X109.513 Y116.422 E221.72022
G1 X108.829 Y116.293 E221.74337
G1 X108.123 Y116.292 E221.76685
G1 X107.439 Y116.422 E221.79001
G1 X106.778 Y116.672 E221.81351
G1 X106.186 Y117.044 E221.83677
G1 X105.672 Y117.512 E221.85989
G1 X105.243 Y118.075 E221.88343
G1 X104.932 Y118.701 E221.90668
G1 X104.738 Y119.381 E221.9302
G1 X104.677 Y120.076 E221.9534
G1 X104.738 Y120.767 E221.97648
G1 X104.932 Y121.447 E222
G1 X105.243 Y122.073 E222.02324
G1 X105.673 Y122.636 E222.04681
G1 X106.186 Y123.108 E222.06999
G1 X106.778 Y123.475 E222.09316
G1 X107.439 Y123.73 E222.11672
G1 X108.123 Y123.856 E222.13986
G1 X108.774 Y123.856 E222.16151
G1 F2700 E217.16151
G0 F9000 X108.763 Y123.15
G0 X108.571 Y121.979
G0 X108.571 Y121.268
G1 F2700 E222.16151
G1 F1500 X108.34 Y121.268 E222.16919
G1 X108.048 Y121.195 E222.1792
G1 X107.802 Y121.066 E222.18844
G1 X107.565 Y120.858 E222.19893
G1 X107.412 Y120.63 E222.20806
G1 X107.315 Y120.371 E222.21726
G1 X107.276 Y120.058 E222.22775
G1 X107.315 Y119.777 E222.23719
G1 X107.412 Y119.519 E222.24635
G1 X107.577 Y119.275 E222.25615
G1 X107.801 Y119.082 E222.26599
G1 X108.049 Y118.953 E222.27528
G1 X108.341 Y118.88 E222.28529
G1 X108.611 Y118.88 E222.29427
G1 X108.904 Y118.952 E222.30431
G1 X109.15 Y119.082 E222.31356
G1 X109.371 Y119.275 E222.32332
G1 X109.54 Y119.518 E222.33317
G1 X109.637 Y119.777 E222.34237
G1 X109.677 Y120.076 E222.3524
G1 X109.637 Y120.371 E222.3623
G1 X109.54 Y120.63 E222.3715
G1 X109.384 Y120.857 E222.38066
G1 X109.15 Y121.067 E222.39112
G1 X108.905 Y121.195 E222.40031
G1 X108.612 Y121.268 E222.41035
G1 X108.571 Y121.268 E222.41172
G0 F9000 X108.571 Y121.979
G0 X106.858 Y122.688
G0 X106.736 Y122.884
;TYPE:FILL
G1 F3000 X111.384 Y121.639 E222.57176
G0 F9000 X111.183 Y121.539
G0 X111.556 Y120.161
G0 X111.783 Y120.182
G1 F3000 X108.374 Y116.773 E222.73211
G0 F9000 X108.374 Y117.003
G0 X107.042 Y117.351
G0 X106.919 Y117.149
G1 F3000 X105.664 Y121.832 E222.89336
G0 F9000 X106.109 Y121.546
G1 F2700 E217.89336
;MESH:megav4.5-pcbfoot.stl
G0 F9000 X108.652 Y121.518
G0 X112.045 Y120.076
G0 X113.134 Y119.975
G0 X113.99 Y120.564
G0 X114.862 Y119.904
G0 X117.5 Y120.573
G0 X117.5 Y120.88
;TYPE:WALL-INNER
G1 F2700 E222.89336
G1 F1500 X117.817 Y120.88 E222.90391
G1 X118.428 Y120.768 E222.92457
G1 X119.014 Y120.54 E222.94548
G1 X119.544 Y120.211 E222.96623
G1 X120.006 Y119.789 E222.98704
G1 X120.387 Y119.286 E223.00803
G1 X120.666 Y118.726 E223.02884
G1 X120.839 Y118.117 E223.04989
G1 X120.897 Y117.5 E223.07051
G1 X120.839 Y116.879 E223.09125
G1 X120.666 Y116.27 E223.11231
G1 X120.387 Y115.71 E223.13312
G1 X120.007 Y115.207 E223.15408
G1 X119.544 Y114.789 E223.17483
G1 X119.014 Y114.456 E223.19565
G1 X118.427 Y114.232 E223.21655
G1 X117.815 Y114.117 E223.23726
G1 X117.185 Y114.116 E223.25821
G1 X116.572 Y114.232 E223.27896
G1 X115.981 Y114.457 E223.3
G1 X115.452 Y114.789 E223.32077
G1 X114.989 Y115.208 E223.34154
G1 X114.609 Y115.71 E223.36248
G1 X114.33 Y116.27 E223.38329
G1 X114.157 Y116.879 E223.40434
G1 X114.099 Y117.5 E223.42509
G1 X114.157 Y118.117 E223.4457
G1 X114.33 Y118.726 E223.46676
G1 X114.609 Y119.286 E223.48757
G1 X114.99 Y119.789 E223.50855
G1 X115.452 Y120.211 E223.52937
G1 X115.981 Y120.54 E223.55009
G1 X116.572 Y120.767 E223.57114
G1 X117.183 Y120.88 E223.59181
G1 X117.5 Y120.88 E223.60235
G0 F9000 X117.5 Y120.573
G0 X117.5 Y119.403
G0 X117.5 Y119.091
G1 F1500 X117.298 Y119.091 E223.60907
G1 X116.928 Y118.993 E223.6218
G1 X116.582 Y118.815 E223.63474
G1 X116.309 Y118.571 E223.64692
G1 X116.085 Y118.261 E223.65964
G1 X115.95 Y117.905 E223.67231
G1 X115.894 Y117.501 E223.68587
G1 X115.95 Y117.091 E223.69963
G1 X116.086 Y116.733 E223.71237
G1 X116.308 Y116.426 E223.72497
G1 X116.577 Y116.184 E223.73701
G1 X116.925 Y116 E223.7501
G1 X117.299 Y115.905 E223.76293
G1 X117.697 Y115.905 E223.77617
G1 X118.07 Y116.002 E223.78899
G1 X118.387 Y116.167 E223.80088
G1 X118.698 Y116.43 E223.81442
G1 X118.922 Y116.764 E223.8278
G1 X119.059 Y117.128 E223.84074
G1 X119.097 Y117.5 E223.85317
G1 X119.046 Y117.905 E223.86675
G1 X118.923 Y118.232 E223.87837
G1 X118.687 Y118.571 E223.89211
G1 X118.413 Y118.816 E223.90433
G1 X118.074 Y118.992 E223.91704
G1 X117.699 Y119.091 E223.92994
G1 X117.5 Y119.091 E223.93656
G0 F9000 X117.5 Y118.692
;TYPE:WALL-OUTER
G1 F1500 X117.361 Y118.692 E223.94118
G1 X117.051 Y118.61 E223.95184
G1 X116.803 Y118.477 E223.9612
G1 X116.601 Y118.297 E223.9702
G1 X116.432 Y118.054 E223.98005
G1 X116.335 Y117.795 E223.98925
G1 X116.3 Y117.481 E223.99975
G1 X116.335 Y117.201 E224.00914
G1 X116.432 Y116.943 E224.01831
G1 X116.588 Y116.715 E224.0275
G1 X116.821 Y116.506 E224.03791
G1 X117.093 Y116.37 E224.04802
G1 X117.361 Y116.304 E224.0572
G1 X117.635 Y116.304 E224.06631
G1 X117.928 Y116.376 E224.07635
G1 X118.175 Y116.506 E224.08563
G1 X118.395 Y116.699 E224.09537
G1 X118.564 Y116.942 E224.10521
G1 X118.661 Y117.201 E224.11441
G1 X118.697 Y117.5 E224.12443
G1 X118.661 Y117.795 E224.13431
G1 X118.564 Y118.054 E224.14351
G1 X118.395 Y118.297 E224.15335
G1 X118.193 Y118.477 E224.16235
G1 X117.929 Y118.619 E224.17232
G1 X117.636 Y118.692 E224.18237
G1 X117.5 Y118.692 E224.18689
G1 F2700 E219.18689
G0 F9000 X117.5 Y119.403
G0 X117.5 Y120.573
G0 X117.5 Y121.28
G1 F2700 E224.18689
G1 F1500 X117.853 Y121.28 E224.19863
G1 X118.537 Y121.154 E224.22176
G1 X119.194 Y120.9 E224.24519
G1 X119.786 Y120.531 E224.26839
G1 X120.303 Y120.06 E224.29165
G1 X120.729 Y119.498 E224.31511
G1 X121.04 Y118.871 E224.33839
G1 X121.234 Y118.191 E224.36191
G1 X121.299 Y117.5 E224.38499
G1 X121.234 Y116.805 E224.40821
G1 X121.04 Y116.125 E224.43173
G1 X120.729 Y115.498 E224.45501
G1 X120.303 Y114.936 E224.47846
G1 X119.786 Y114.469 E224.50163
G1 X119.194 Y114.096 E224.52491
G1 X118.537 Y113.846 E224.54829
G1 X117.853 Y113.717 E224.57144
G1 X117.147 Y113.716 E224.59492
G1 X116.463 Y113.846 E224.61808
G1 X115.802 Y114.097 E224.64159
G1 X115.21 Y114.469 E224.66485
G1 X114.693 Y114.936 E224.68802
G1 X114.267 Y115.498 E224.71148
G1 X113.956 Y116.125 E224.73475
G1 X113.762 Y116.805 E224.75827
G1 X113.697 Y117.5 E224.78149
G1 X113.762 Y118.191 E224.80457
G1 X113.956 Y118.871 E224.82809
G1 X114.267 Y119.498 E224.85137
G1 X114.693 Y120.06 E224.87483
G1 X115.21 Y120.531 E224.89809
G1 X115.802 Y120.9 E224.92129
G1 X116.463 Y121.154 E224.94484
G1 X117.147 Y121.28 E224.96798
G1 X117.5 Y121.28 E224.97972
G0 F9000 X117.5 Y120.573
G0 X115.88 Y120.111
G0 X115.758 Y120.308
;TYPE:FILL
G1 F3000 X120.407 Y119.062 E225.1398
G0 F9000 X120.206 Y118.962
G0 X120.579 Y117.587
G0 X120.807 Y117.608
G1 F3000 X117.396 Y114.197 E225.30024
G0 F9000 X117.396 Y114.427
G0 X116.063 Y114.776
G0 X115.941 Y114.576
G1 F3000 X114.687 Y119.255 E225.46136
G0 F9000 X115.132 Y118.97
G1 F2700 E220.46136
;MESH:megav4.5-pcbfoot.stl(2)
G0 F9000 X117.675 Y118.942
G0 X121.009 Y118.154
G0 X122.098 Y118.254
G0 X123.01 Y117.977
G0 X123.882 Y117.317
G0 X126.266 Y117.986
G0 X126.266 Y118.296
;TYPE:WALL-INNER
G1 F2700 E225.46136
G1 F1500 X126.835 Y118.296 E225.48028
G1 X127.446 Y118.18 E225.50097
G1 X128.034 Y117.952 E225.52195
G1 X128.564 Y117.623 E225.54269
G1 X129.026 Y117.201 E225.5635
G1 X129.407 Y116.698 E225.58449
G1 X129.686 Y116.138 E225.6053
G1 X129.859 Y115.529 E225.62636
G1 X129.917 Y114.912 E225.64697
G1 X129.859 Y114.292 E225.66768
G1 X129.686 Y113.686 E225.68864
G1 X129.407 Y113.121 E225.7096
G1 X129.027 Y112.619 E225.73054
G1 X128.565 Y112.201 E225.75126
G1 X128.034 Y111.872 E225.77204
G1 X127.446 Y111.644 E225.79302
G1 X126.835 Y111.529 E225.81369
G1 X126.205 Y111.528 E225.83465
G1 X125.593 Y111.644 E225.85537
G1 X125.001 Y111.872 E225.87647
G1 X124.471 Y112.201 E225.89721
G1 X124.009 Y112.62 E225.91796
G1 X123.63 Y113.122 E225.93888
G1 X123.35 Y113.686 E225.95982
G1 X123.177 Y114.292 E225.98078
G1 X123.119 Y114.912 E226.00149
G1 X123.176 Y115.529 E226.0221
G1 X123.35 Y116.138 E226.04317
G1 X123.629 Y116.698 E226.06398
G1 X124.01 Y117.202 E226.08499
G1 X124.472 Y117.623 E226.10578
G1 X125.001 Y117.952 E226.1265
G1 X125.593 Y118.18 E226.1476
G1 X126.205 Y118.296 E226.16832
G1 X126.266 Y118.296 E226.17035
G0 F9000 X126.266 Y117.986
G0 X126.401 Y116.816
G0 X126.401 Y116.503
G1 F1500 X126.318 Y116.503 E226.17311
G1 X125.948 Y116.405 E226.18584
G1 X125.6 Y116.231 E226.19878
G1 X125.307 Y115.966 E226.21192
G1 X125.094 Y115.644 E226.22476
G1 X124.97 Y115.321 E226.23627
G1 X124.914 Y114.913 E226.24997
G1 X124.971 Y114.502 E226.26377
G1 X125.093 Y114.182 E226.27516
G1 X125.328 Y113.838 E226.28901
G1 X125.602 Y113.593 E226.30124
G1 X125.948 Y113.416 E226.31416
G1 X126.319 Y113.321 E226.3269
G1 X126.725 Y113.321 E226.34041
G1 X127.093 Y113.416 E226.35305
G1 X127.436 Y113.594 E226.3659
G1 X127.722 Y113.847 E226.3786
G1 X127.943 Y114.181 E226.39192
G1 X128.079 Y114.538 E226.40463
G1 X128.117 Y114.912 E226.41713
G1 X128.078 Y115.29 E226.42977
G1 X127.943 Y115.644 E226.44237
G1 X127.708 Y115.986 E226.45617
G1 X127.428 Y116.238 E226.4687
G1 X127.094 Y116.404 E226.48111
G1 X126.722 Y116.502 E226.4939
G1 X126.401 Y116.503 E226.50458
G0 F9000 X126.431 Y116.104
;TYPE:WALL-OUTER
G1 F1500 X126.381 Y116.104 E226.50624
G1 X126.092 Y116.031 E226.51615
G1 X125.842 Y115.906 E226.52545
G1 X125.621 Y115.713 E226.53521
G1 X125.452 Y115.466 E226.54516
G1 X125.355 Y115.211 E226.55424
G1 X125.32 Y114.893 E226.56488
G1 X125.355 Y114.612 E226.5743
G1 X125.452 Y114.359 E226.58331
G1 X125.608 Y114.127 E226.59261
G1 X125.822 Y113.931 E226.60226
G1 X126.092 Y113.789 E226.61241
G1 X126.381 Y113.72 E226.62229
G1 X126.655 Y113.72 E226.6314
G1 X126.949 Y113.789 E226.64145
G1 X127.214 Y113.931 E226.65145
G1 X127.415 Y114.111 E226.66042
G1 X127.584 Y114.359 E226.6704
G1 X127.681 Y114.612 E226.67941
G1 X127.717 Y114.912 E226.68946
G1 X127.681 Y115.211 E226.69948
G1 X127.584 Y115.466 E226.70855
G1 X127.415 Y115.713 E226.71851
G1 X127.213 Y115.893 E226.72751
G1 X126.949 Y116.031 E226.73742
G1 X126.655 Y116.104 E226.74749
G1 X126.431 Y116.104 E226.75494
G1 F2700 E221.75494
G0 F9000 X126.431 Y116.816
G0 X126.236 Y117.986
G0 X126.236 Y118.696
G1 F2700 E226.75494
G1 F1500 X126.873 Y118.696 E226.77613
G1 X127.556 Y118.566 E226.79925
G1 X128.214 Y118.312 E226.82271
G1 X128.806 Y117.943 E226.84591
G1 X129.323 Y117.472 E226.86917
G1 X129.749 Y116.91 E226.89263
G1 X130.06 Y116.283 E226.91591
G1 X130.254 Y115.603 E226.93943
G1 X130.319 Y114.912 E226.96251
G1 X130.254 Y114.218 E226.9857
G1 X130.06 Y113.541 E227.00912
G1 X129.749 Y112.91 E227.03252
G1 X129.323 Y112.348 E227.05597
G1 X128.807 Y111.881 E227.07912
G1 X128.214 Y111.512 E227.10235
G1 X127.556 Y111.258 E227.12581
G1 X126.873 Y111.129 E227.14893
G1 X126.167 Y111.128 E227.17241
G1 X125.483 Y111.258 E227.19557
G1 X124.822 Y111.512 E227.21912
G1 X124.229 Y111.881 E227.24235
G1 X123.713 Y112.348 E227.2655
G1 X123.288 Y112.91 E227.28893
G1 X122.976 Y113.541 E227.31234
G1 X122.782 Y114.218 E227.33577
G1 X122.717 Y114.912 E227.35895
G1 X122.782 Y115.603 E227.38203
G1 X122.976 Y116.283 E227.40555
G1 X123.287 Y116.91 E227.42883
G1 X123.713 Y117.472 E227.45229
G1 X124.23 Y117.943 E227.47555
G1 X124.822 Y118.312 E227.49875
G1 X125.483 Y118.566 E227.5223
G1 X126.167 Y118.696 E227.54546
G1 X126.236 Y118.696 E227.54775
G0 F9000 X126.236 Y117.986
G0 X124.901 Y117.525
G0 X124.78 Y117.721
;TYPE:FILL
G1 F3000 X129.426 Y116.476 E227.70773
G0 F9000 X129.226 Y116.376
G0 X129.599 Y115
G0 X129.828 Y115.022
G1 F3000 X126.414 Y111.608 E227.86832
G0 F9000 X126.414 Y111.84
G0 X125.082 Y112.19
G0 X124.96 Y111.991
G1 F3000 X123.707 Y116.668 E228.02936
G0 F9000 X124.152 Y116.383
G1 F2700 E223.02936
;MESH:megav4.5-pcbfoot.stl(3)
G0 F9000 X124.367 Y117.759
G0 X123.791 Y118.69
G0 X122.087 Y122.338
G0 X121.601 Y123.317
G0 X121.53 Y126.709
G0 X121.446 Y127.05
G0 X121.283 Y127.359
G0 X120.012 Y128.441
G0 X120.05 Y128.133
;TYPE:WALL-INNER
G1 F2700 E228.02936
G1 F1500 X119.679 Y128.078 E228.04184
G1 X119.353 Y127.954 E228.05344
G1 X119.033 Y127.744 E228.06617
G1 X118.794 Y127.475 E228.07813
G1 X118.589 Y127.113 E228.09197
G1 X118.493 Y126.728 E228.10517
G1 X118.493 Y126.327 E228.11851
G1 X118.591 Y125.962 E228.13108
G1 X118.768 Y125.619 E228.14391
G1 X119.014 Y125.345 E228.15616
G1 X119.322 Y125.121 E228.16883
G1 X119.679 Y124.986 E228.18152
G1 X120.088 Y124.931 E228.19525
G1 X120.464 Y124.975 E228.20784
G1 X120.82 Y125.109 E228.22049
G1 X121.148 Y125.33 E228.23365
G1 X121.403 Y125.617 E228.24641
G1 X121.58 Y125.958 E228.25919
G1 X121.679 Y126.333 E228.27209
G1 X121.679 Y126.731 E228.28533
G1 X121.58 Y127.104 E228.29817
G1 X121.403 Y127.445 E228.31094
G1 X121.159 Y127.722 E228.32322
G1 X120.835 Y127.952 E228.33644
G1 X120.493 Y128.077 E228.34855
G1 X120.093 Y128.139 E228.36201
G1 X120.05 Y128.133 E228.36346
G0 F9000 X120.012 Y128.441
G0 X120.036 Y129.616
G0 X120.007 Y129.922
G1 F1500 X120.088 Y129.929 E228.36616
G1 X120.706 Y129.875 E228.38679
G1 X121.314 Y129.702 E228.40782
G1 X121.873 Y129.424 E228.42858
G1 X122.377 Y129.039 E228.44968
G1 X122.8 Y128.579 E228.47046
G1 X123.128 Y128.051 E228.49114
G1 X123.355 Y127.46 E228.51219
G1 X123.468 Y126.849 E228.53286
G1 X123.468 Y126.215 E228.55395
G1 X123.355 Y125.604 E228.57461
G1 X123.128 Y125.017 E228.59555
G1 X122.799 Y124.484 E228.61638
G1 X122.378 Y124.026 E228.63707
G1 X121.874 Y123.645 E228.65808
G1 X121.314 Y123.366 E228.67889
G1 X120.705 Y123.193 E228.69995
G1 X120.088 Y123.135 E228.72056
G1 X119.467 Y123.193 E228.74131
G1 X118.858 Y123.366 E228.76236
G1 X118.298 Y123.645 E228.78317
G1 X117.795 Y124.025 E228.80414
G1 X117.377 Y124.484 E228.82479
G1 X117.044 Y125.017 E228.84569
G1 X116.82 Y125.605 E228.86662
G1 X116.704 Y126.217 E228.88734
G1 X116.704 Y126.847 E228.90829
G1 X116.82 Y127.46 E228.92904
G1 X117.044 Y128.051 E228.95006
G1 X117.376 Y128.579 E228.97081
G1 X117.796 Y129.04 E228.99155
G1 X118.299 Y129.424 E229.0126
G1 X118.858 Y129.701 E229.03335
G1 X119.466 Y129.874 E229.05437
G1 X120.007 Y129.922 E229.07244
G0 F9000 X119.998 Y130.323
;TYPE:WALL-OUTER
G1 F1503.8 X120.088 Y130.331 E229.07543
G1 F1500 X120.779 Y130.27 E229.09851
G1 X121.459 Y130.076 E229.12202
G1 X122.085 Y129.765 E229.14527
G1 X122.648 Y129.335 E229.16884
G1 X123.12 Y128.822 E229.19202
G1 X123.488 Y128.23 E229.21521
G1 X123.742 Y127.569 E229.23876
G1 X123.868 Y126.885 E229.26189
G1 X123.868 Y126.179 E229.28537
G1 X123.742 Y125.495 E229.3085
G1 X123.488 Y124.838 E229.33193
G1 X123.119 Y124.242 E229.35525
G1 X122.648 Y123.729 E229.37841
G1 X122.086 Y123.303 E229.40187
G1 X121.459 Y122.992 E229.42514
G1 X120.779 Y122.798 E229.44866
G1 X120.088 Y122.733 E229.47175
G1 X119.393 Y122.798 E229.49496
G1 X118.713 Y122.992 E229.51848
G1 X118.086 Y123.303 E229.54176
G1 X117.524 Y123.729 E229.56522
G1 X117.057 Y124.242 E229.58829
G1 X116.684 Y124.838 E229.61168
G1 X116.434 Y125.495 E229.63506
G1 X116.304 Y126.179 E229.65821
G1 X116.304 Y126.885 E229.6817
G1 X116.434 Y127.569 E229.70485
G1 X116.684 Y128.23 E229.72836
G1 X117.056 Y128.822 E229.75161
G1 X117.524 Y129.336 E229.77473
G1 X118.087 Y129.765 E229.79828
G1 X118.713 Y130.076 E229.82152
G1 X119.393 Y130.27 E229.84504
G1 F1503.8 X119.998 Y130.323 E229.86519
G1 F2700 E224.86519
G0 F9000 X120.063 Y129.618
G0 X119.973 Y128.436
G0 X120.059 Y127.731
G1 F2700 E229.86519
G1 F1500 X119.789 Y127.693 E229.87426
G1 X119.531 Y127.596 E229.88343
G1 X119.287 Y127.431 E229.89323
G1 X119.094 Y127.207 E229.90306
G1 X118.965 Y126.959 E229.91236
G1 X118.892 Y126.667 E229.92237
G1 X118.892 Y126.397 E229.93135
G1 X118.965 Y126.104 E229.94139
G1 X119.094 Y125.858 E229.95063
G1 X119.287 Y125.637 E229.96039
G1 X119.53 Y125.468 E229.97023
G1 X119.789 Y125.371 E229.97943
G1 X120.088 Y125.331 E229.98947
G1 X120.357 Y125.365 E229.99848
G1 X120.642 Y125.468 E230.00856
G1 X120.869 Y125.624 E230.01772
G1 X121.079 Y125.858 E230.02818
G1 X121.207 Y126.103 E230.03738
G1 X121.28 Y126.396 E230.04742
G1 X121.28 Y126.668 E230.05647
G1 X121.198 Y126.982 E230.06726
G1 X121.078 Y127.206 E230.07571
G1 X120.87 Y127.443 E230.0862
G1 X120.642 Y127.595 E230.09531
G1 X120.383 Y127.693 E230.10452
G1 X120.07 Y127.732 E230.11501
G1 X120.059 Y127.731 E230.11538
G0 F9000 X119.973 Y128.436
G0 X118.461 Y129.158
G0 X118.329 Y129.346
;TYPE:FILL
G1 F3000 X123.007 Y128.093 E230.27646
G0 F9000 X122.812 Y127.972
G0 X123.161 Y126.635
G0 X123.388 Y126.635
G1 F3000 X119.978 Y123.225 E230.43685
G0 F9000 X119.999 Y123.456
G0 X118.628 Y123.827
G0 X118.526 Y123.621
G1 F3000 X117.279 Y128.275 E230.59711
G0 F9000 X117.733 Y127.997
G1 F2700 E225.59711
;MESH:NONMESH
G0 F300 X117.733 Y127.997 Z3.4
G0 F9000 X116.534 Y126.204
G0 X115.459 Y126.004
G0 X111.988 Y123.139
G0 X111.115 Y122.48
G0 X108.602 Y121.979
G0 X108.602 Y121.667
;TIME_ELAPSED:464.160954
;LAYER:16
;TYPE:WALL-INNER
;MESH:megav4.5-pcbfoot.stl(1)
G1 F2700 E230.59711
G1 F1500 X108.247 Y121.659 E230.60892
G1 X107.904 Y121.569 E230.62071
G1 X107.562 Y121.391 E230.63353
G1 X107.265 Y121.129 E230.64671
G1 X107.054 Y120.808 E230.65948
G1 X106.93 Y120.481 E230.67112
G1 X106.87 Y120.076 E230.68473
G1 X106.93 Y119.667 E230.69848
G1 X107.054 Y119.341 E230.71008
G1 X107.264 Y119.021 E230.72281
G1 X107.533 Y118.782 E230.73478
G1 X107.895 Y118.577 E230.74862
G1 X108.28 Y118.481 E230.76182
G1 X108.673 Y118.481 E230.77489
G1 X109.046 Y118.578 E230.78771
G1 X109.362 Y118.742 E230.79955
G1 X109.673 Y119.004 E230.81307
G1 X109.898 Y119.34 E230.82652
G1 X110.032 Y119.697 E230.8392
G1 X110.077 Y120.076 E230.8519
G1 X110.022 Y120.481 E230.86549
G1 X109.899 Y120.808 E230.87711
G1 X109.678 Y121.136 E230.89027
G1 X109.391 Y121.391 E230.90304
G1 X109.05 Y121.568 E230.91581
G1 X108.672 Y121.668 E230.92882
G1 X108.602 Y121.667 E230.93115
G0 F9000 X108.602 Y121.979
G0 X108.742 Y123.149
G0 X108.742 Y123.456
G1 F1500 X108.793 Y123.456 E230.93284
G1 X109.404 Y123.344 E230.9535
G1 X109.991 Y123.116 E230.97445
G1 X110.523 Y122.787 E230.99525
G1 X110.982 Y122.366 E231.01597
G1 X111.363 Y121.862 E231.03698
G1 X111.642 Y121.302 E231.05779
G1 X111.815 Y120.693 E231.07885
G1 X111.873 Y120.076 E231.09946
G1 X111.815 Y119.455 E231.12021
G1 X111.642 Y118.846 E231.14126
G1 X111.363 Y118.286 E231.16207
G1 X110.983 Y117.783 E231.18304
G1 X110.524 Y117.365 E231.20369
G1 X109.991 Y117.032 E231.22459
G1 X109.403 Y116.808 E231.24552
G1 X108.791 Y116.693 E231.26623
G1 X108.161 Y116.692 E231.28718
G1 X107.548 Y116.808 E231.30793
G1 X106.957 Y117.032 E231.32896
G1 X106.429 Y117.364 E231.3497
G1 X105.968 Y117.784 E231.37044
G1 X105.584 Y118.287 E231.39149
G1 X105.307 Y118.846 E231.41224
G1 X105.134 Y119.454 E231.43326
G1 X105.079 Y120.076 E231.45403
G1 X105.134 Y120.694 E231.47467
G1 X105.307 Y121.302 E231.49569
G1 X105.584 Y121.861 E231.51644
G1 X105.969 Y122.365 E231.53754
G1 X106.429 Y122.788 E231.55832
G1 X106.957 Y123.115 E231.57898
G1 X107.548 Y123.343 E231.60005
G1 X108.159 Y123.456 E231.62072
G1 X108.742 Y123.456 E231.64011
G0 F9000 X108.774 Y123.856
;TYPE:WALL-OUTER
G1 F1500 X108.829 Y123.856 E231.64194
G1 X109.513 Y123.73 E231.66507
G1 X110.17 Y123.476 E231.6885
G1 X110.766 Y123.107 E231.71181
G1 X111.279 Y122.636 E231.73497
G1 X111.705 Y122.074 E231.75843
G1 X112.016 Y121.447 E231.78171
G1 X112.21 Y120.767 E231.80523
G1 X112.275 Y120.076 E231.82831
G1 X112.21 Y119.381 E231.85153
G1 X112.016 Y118.701 E231.87505
G1 X111.705 Y118.074 E231.89833
G1 X111.279 Y117.512 E231.92178
G1 X110.766 Y117.045 E231.94485
G1 X110.17 Y116.672 E231.96824
G1 X109.513 Y116.422 E231.99162
G1 X108.829 Y116.293 E232.01477
G1 X108.123 Y116.292 E232.03825
G1 X107.439 Y116.422 E232.06141
G1 X106.778 Y116.672 E232.08492
G1 X106.186 Y117.044 E232.10817
G1 X105.672 Y117.512 E232.13129
G1 X105.243 Y118.075 E232.15483
G1 X104.932 Y118.701 E232.17808
G1 X104.738 Y119.381 E232.2016
G1 X104.677 Y120.076 E232.22481
G1 X104.738 Y120.767 E232.24788
G1 X104.932 Y121.447 E232.2714
G1 X105.243 Y122.073 E232.29465
G1 X105.673 Y122.636 E232.31821
G1 X106.186 Y123.108 E232.34139
G1 X106.778 Y123.475 E232.36456
G1 X107.439 Y123.73 E232.38812
G1 X108.123 Y123.856 E232.41126
G1 X108.774 Y123.856 E232.43291
G1 F2700 E227.43291
G0 F9000 X108.763 Y123.15
G0 X108.571 Y121.979
G0 X108.571 Y121.268
G1 F2700 E232.43291
G1 F1500 X108.34 Y121.268 E232.44059
G1 X108.048 Y121.195 E232.4506
G1 X107.802 Y121.066 E232.45984
G1 X107.565 Y120.858 E232.47033
G1 X107.412 Y120.63 E232.47946
G1 X107.315 Y120.371 E232.48866
G1 X107.276 Y120.058 E232.49915
G1 X107.315 Y119.777 E232.50859
G1 X107.412 Y119.519 E232.51776
G1 X107.577 Y119.275 E232.52755
G1 X107.801 Y119.082 E232.53739
G1 X108.049 Y118.953 E232.54668
G1 X108.341 Y118.88 E232.5567
G1 X108.611 Y118.88 E232.56568
G1 X108.904 Y118.952 E232.57571
G1 X109.15 Y119.082 E232.58496
G1 X109.371 Y119.275 E232.59472
G1 X109.54 Y119.518 E232.60457
G1 X109.637 Y119.777 E232.61377
G1 X109.677 Y120.076 E232.6238
G1 X109.637 Y120.371 E232.6337
G1 X109.54 Y120.63 E232.6429
G1 X109.384 Y120.857 E232.65206
G1 X109.15 Y121.067 E232.66252
G1 X108.905 Y121.195 E232.67171
G1 X108.612 Y121.268 E232.68176
G1 X108.571 Y121.268 E232.68312
G0 F9000 X108.571 Y121.979
G0 X107.023 Y122.79
G0 X106.901 Y122.987
;TYPE:FILL
G1 F3000 X111.299 Y121.808 E232.83456
G0 F9000 X111.099 Y121.708
G0 X111.556 Y120.003
G0 X111.784 Y119.983
G1 F3000 X108.575 Y116.773 E232.98553
G0 F9000 X108.575 Y117.003
G0 X106.865 Y117.46
G0 X106.742 Y117.26
G1 F3000 X105.567 Y121.645 E233.13652
G0 F9000 X106.042 Y121.411
G1 F2700 E228.13652
;MESH:megav4.5-pcbfoot.stl
G0 F9000 X108.652 Y121.518
G0 X112.045 Y120.076
G0 X113.134 Y119.975
G0 X113.99 Y120.564
G0 X114.862 Y119.904
G0 X117.5 Y120.573
G0 X117.5 Y120.88
;TYPE:WALL-INNER
G1 F2700 E233.13652
G1 F1500 X117.817 Y120.88 E233.14706
G1 X118.428 Y120.768 E233.16772
G1 X119.014 Y120.54 E233.18864
G1 X119.544 Y120.211 E233.20938
G1 X120.006 Y119.789 E233.2302
G1 X120.387 Y119.286 E233.25118
G1 X120.666 Y118.726 E233.27199
G1 X120.839 Y118.117 E233.29305
G1 X120.897 Y117.5 E233.31366
G1 X120.839 Y116.879 E233.33441
G1 X120.666 Y116.27 E233.35546
G1 X120.387 Y115.71 E233.37627
G1 X120.007 Y115.207 E233.39724
G1 X119.544 Y114.789 E233.41799
G1 X119.014 Y114.456 E233.4388
G1 X118.427 Y114.232 E233.4597
G1 X117.815 Y114.117 E233.48041
G1 X117.185 Y114.116 E233.50137
G1 X116.572 Y114.232 E233.52212
G1 X115.981 Y114.457 E233.54315
G1 X115.452 Y114.789 E233.56392
G1 X114.989 Y115.208 E233.58469
G1 X114.609 Y115.71 E233.60563
G1 X114.33 Y116.27 E233.62644
G1 X114.157 Y116.879 E233.6475
G1 X114.099 Y117.5 E233.66824
G1 X114.157 Y118.117 E233.68886
G1 X114.33 Y118.726 E233.70991
G1 X114.609 Y119.286 E233.73072
G1 X114.99 Y119.789 E233.75171
G1 X115.452 Y120.211 E233.77252
G1 X115.981 Y120.54 E233.79324
G1 X116.572 Y120.767 E233.8143
G1 X117.183 Y120.88 E233.83496
G1 X117.5 Y120.88 E233.84551
G0 F9000 X117.5 Y120.573
G0 X117.5 Y119.403
G0 X117.5 Y119.091
G1 F1500 X117.298 Y119.091 E233.85223
G1 X116.928 Y118.993 E233.86496
G1 X116.582 Y118.815 E233.8779
G1 X116.309 Y118.571 E233.89008
G1 X116.085 Y118.261 E233.9028
G1 X115.95 Y117.905 E233.91546
G1 X115.894 Y117.501 E233.92903
G1 X115.95 Y117.091 E233.94279
G1 X116.086 Y116.733 E233.95553
G1 X116.308 Y116.426 E233.96813
G1 X116.577 Y116.184 E233.98016
G1 X116.925 Y116 E233.99325
G1 X117.299 Y115.905 E234.00609
G1 X117.697 Y115.905 E234.01933
G1 X118.07 Y116.002 E234.03215
G1 X118.387 Y116.167 E234.04403
G1 X118.698 Y116.43 E234.05758
G1 X118.922 Y116.764 E234.07095
G1 X119.059 Y117.128 E234.08389
G1 X119.097 Y117.5 E234.09633
G1 X119.046 Y117.905 E234.1099
G1 X118.923 Y118.232 E234.12152
G1 X118.687 Y118.571 E234.13526
G1 X118.413 Y118.816 E234.14749
G1 X118.074 Y118.992 E234.16019
G1 X117.699 Y119.091 E234.17309
G1 X117.5 Y119.091 E234.17971
G0 F9000 X117.5 Y118.692
;TYPE:WALL-OUTER
G1 F1500 X117.361 Y118.692 E234.18433
G1 X117.051 Y118.61 E234.195
G1 X116.803 Y118.477 E234.20436
G1 X116.601 Y118.297 E234.21336
G1 X116.432 Y118.054 E234.2232
G1 X116.335 Y117.795 E234.2324
G1 X116.3 Y117.481 E234.24291
G1 X116.335 Y117.201 E234.25229
G1 X116.432 Y116.943 E234.26146
G1 X116.588 Y116.715 E234.27065
G1 X116.821 Y116.506 E234.28106
G1 X117.093 Y116.37 E234.29118
G1 X117.361 Y116.304 E234.30036
G1 X117.635 Y116.304 E234.30947
G1 X117.928 Y116.376 E234.3195
G1 X118.175 Y116.506 E234.32879
G1 X118.395 Y116.699 E234.33852
G1 X118.564 Y116.942 E234.34837
G1 X118.661 Y117.201 E234.35756
G1 X118.697 Y117.5 E234.36758
G1 X118.661 Y117.795 E234.37747
G1 X118.564 Y118.054 E234.38666
G1 X118.395 Y118.297 E234.39651
G1 X118.193 Y118.477 E234.40551
G1 X117.929 Y118.619 E234.41548
G1 X117.636 Y118.692 E234.42552
G1 X117.5 Y118.692 E234.43005
G1 F2700 E229.43005
G0 F9000 X117.5 Y119.403
G0 X117.5 Y120.573
G0 X117.5 Y121.28
G1 F2700 E234.43005
G1 F1500 X117.853 Y121.28 E234.44179
G1 X118.537 Y121.154 E234.46492
G1 X119.194 Y120.9 E234.48835
G1 X119.786 Y120.531 E234.51155
G1 X120.303 Y120.06 E234.53481
G1 X120.729 Y119.498 E234.55827
G1 X121.04 Y118.871 E234.58154
G1 X121.234 Y118.191 E234.60506
G1 X121.299 Y117.5 E234.62815
G1 X121.234 Y116.805 E234.65136
G1 X121.04 Y116.125 E234.67488
G1 X120.729 Y115.498 E234.69816
G1 X120.303 Y114.936 E234.72162
G1 X119.786 Y114.469 E234.74479
G1 X119.194 Y114.096 E234.76806
G1 X118.537 Y113.846 E234.79144
G1 X117.853 Y113.717 E234.81459
G1 X117.147 Y113.716 E234.83807
G1 X116.463 Y113.846 E234.86123
G1 X115.802 Y114.097 E234.88475
G1 X115.21 Y114.469 E234.908
G1 X114.693 Y114.936 E234.93118
G1 X114.267 Y115.498 E234.95463
G1 X113.956 Y116.125 E234.97791
G1 X113.762 Y116.805 E235.00143
G1 X113.697 Y117.5 E235.02465
G1 X113.762 Y118.191 E235.04773
G1 X113.956 Y118.871 E235.07125
G1 X114.267 Y119.498 E235.09453
G1 X114.693 Y120.06 E235.11798
G1 X115.21 Y120.531 E235.14124
G1 X115.802 Y120.9 E235.16445
G1 X116.463 Y121.154 E235.188
G1 X117.147 Y121.28 E235.21113
G1 X117.5 Y121.28 E235.22287
G0 F9000 X117.5 Y120.573
G0 X116.046 Y120.214
G0 X115.924 Y120.411
;TYPE:FILL
G1 F3000 X120.322 Y119.232 E235.37431
G0 F9000 X120.122 Y119.132
G0 X120.579 Y117.429
G0 X120.808 Y117.409
G1 F3000 X117.597 Y114.197 E235.52537
G0 F9000 X117.597 Y114.427
G0 X115.885 Y114.886
G0 X115.764 Y114.688
G1 F3000 X114.591 Y119.066 E235.67612
G0 F9000 X115.064 Y118.833
G1 F2700 E230.67612
;MESH:megav4.5-pcbfoot.stl(2)
G0 F9000 X117.675 Y118.942
G0 X121.009 Y118.154
G0 X122.098 Y118.254
G0 X123.01 Y117.977
G0 X123.882 Y117.317
G0 X126.266 Y117.986
G0 X126.266 Y118.296
;TYPE:WALL-INNER
G1 F2700 E235.67612
G1 F1500 X126.835 Y118.296 E235.69505
G1 X127.446 Y118.18 E235.71573
G1 X128.034 Y117.952 E235.73671
G1 X128.564 Y117.623 E235.75746
G1 X129.026 Y117.201 E235.77827
G1 X129.407 Y116.698 E235.79926
G1 X129.686 Y116.138 E235.82006
G1 X129.859 Y115.529 E235.84112
G1 X129.917 Y114.912 E235.86173
G1 X129.859 Y114.292 E235.88244
G1 X129.686 Y113.686 E235.90341
G1 X129.407 Y113.121 E235.92436
G1 X129.027 Y112.619 E235.9453
G1 X128.565 Y112.201 E235.96603
G1 X128.034 Y111.872 E235.9868
G1 X127.446 Y111.644 E236.00778
G1 X126.835 Y111.529 E236.02846
G1 X126.205 Y111.528 E236.04941
G1 X125.593 Y111.644 E236.07013
G1 X125.001 Y111.872 E236.09123
G1 X124.471 Y112.201 E236.11198
G1 X124.009 Y112.62 E236.13272
G1 X123.63 Y113.122 E236.15364
G1 X123.35 Y113.686 E236.17459
G1 X123.177 Y114.292 E236.19555
G1 X123.119 Y114.912 E236.21626
G1 X123.176 Y115.529 E236.23687
G1 X123.35 Y116.138 E236.25793
G1 X123.629 Y116.698 E236.27874
G1 X124.01 Y117.202 E236.29976
G1 X124.472 Y117.623 E236.32054
G1 X125.001 Y117.952 E236.34126
G1 X125.593 Y118.18 E236.36236
G1 X126.205 Y118.296 E236.38308
G1 X126.266 Y118.296 E236.38511
G0 F9000 X126.266 Y117.986
G0 X126.401 Y116.816
G0 X126.401 Y116.503
G1 F1500 X126.318 Y116.503 E236.38787
G1 X125.948 Y116.405 E236.4006
G1 X125.6 Y116.231 E236.41354
G1 X125.307 Y115.966 E236.42668
G1 X125.094 Y115.644 E236.43952
G1 X124.97 Y115.321 E236.45103
G1 X124.914 Y114.913 E236.46473
G1 X124.971 Y114.502 E236.47853
G1 X125.093 Y114.182 E236.48992
G1 X125.328 Y113.838 E236.50378
G1 X125.602 Y113.593 E236.516
G1 X125.948 Y113.416 E236.52893
G1 X126.319 Y113.321 E236.54167
G1 X126.725 Y113.321 E236.55517
G1 X127.093 Y113.416 E236.56781
G1 X127.436 Y113.594 E236.58066
G1 X127.722 Y113.847 E236.59336
G1 X127.943 Y114.181 E236.60668
G1 X128.079 Y114.538 E236.61939
G1 X128.117 Y114.912 E236.63189
G1 X128.078 Y115.29 E236.64453
G1 X127.943 Y115.644 E236.65713
G1 X127.708 Y115.986 E236.67093
G1 X127.428 Y116.238 E236.68346
G1 X127.094 Y116.404 E236.69587
G1 X126.722 Y116.502 E236.70866
G1 X126.401 Y116.503 E236.71934
G0 F9000 X126.431 Y116.104
;TYPE:WALL-OUTER
G1 F1500 X126.381 Y116.104 E236.721
G1 X126.092 Y116.031 E236.73092
G1 X125.842 Y115.906 E236.74021
G1 X125.621 Y115.713 E236.74997
G1 X125.452 Y115.466 E236.75993
G1 X125.355 Y115.211 E236.769
G1 X125.32 Y114.893 E236.77964
G1 X125.355 Y114.612 E236.78906
G1 X125.452 Y114.359 E236.79807
G1 X125.608 Y114.127 E236.80737
G1 X125.822 Y113.931 E236.81702
G1 X126.092 Y113.789 E236.82717
G1 X126.381 Y113.72 E236.83705
G1 X126.655 Y113.72 E236.84616
G1 X126.949 Y113.789 E236.85621
G1 X127.214 Y113.931 E236.86621
G1 X127.415 Y114.111 E236.87518
G1 X127.584 Y114.359 E236.88516
G1 X127.681 Y114.612 E236.89418
G1 X127.717 Y114.912 E236.90423
G1 X127.681 Y115.211 E236.91424
G1 X127.584 Y115.466 E236.92332
G1 X127.415 Y115.713 E236.93327
G1 X127.213 Y115.893 E236.94227
G1 X126.949 Y116.031 E236.95218
G1 X126.655 Y116.104 E236.96225
G1 X126.431 Y116.104 E236.9697
G1 F2700 E231.9697
G0 F9000 X126.431 Y116.816
G0 X126.236 Y117.986
G0 X126.236 Y118.696
G1 F2700 E236.9697
G1 F1500 X126.873 Y118.696 E236.99089
G1 X127.556 Y118.566 E237.01402
G1 X128.214 Y118.312 E237.03747
G1 X128.806 Y117.943 E237.06068
G1 X129.323 Y117.472 E237.08394
G1 X129.749 Y116.91 E237.10739
G1 X130.06 Y116.283 E237.13067
G1 X130.254 Y115.603 E237.15419
G1 X130.319 Y114.912 E237.17727
G1 X130.254 Y114.218 E237.20046
G1 X130.06 Y113.541 E237.22388
G1 X129.749 Y112.91 E237.24728
G1 X129.323 Y112.348 E237.27073
G1 X128.807 Y111.881 E237.29388
G1 X128.214 Y111.512 E237.31711
G1 X127.556 Y111.258 E237.34057
G1 X126.873 Y111.129 E237.36369
G1 X126.167 Y111.128 E237.38717
G1 X125.483 Y111.258 E237.41033
G1 X124.822 Y111.512 E237.43388
G1 X124.229 Y111.881 E237.45711
G1 X123.713 Y112.348 E237.48026
G1 X123.288 Y112.91 E237.50369
G1 X122.976 Y113.541 E237.52711
G1 X122.782 Y114.218 E237.55053
G1 X122.717 Y114.912 E237.57371
G1 X122.782 Y115.603 E237.5968
G1 X122.976 Y116.283 E237.62032
G1 X123.287 Y116.91 E237.64359
G1 X123.713 Y117.472 E237.66705
G1 X124.23 Y117.943 E237.69031
G1 X124.822 Y118.312 E237.71351
G1 X125.483 Y118.566 E237.73707
G1 X126.167 Y118.696 E237.76022
G1 X126.236 Y118.696 E237.76252
G0 F9000 X126.236 Y117.986
G0 X125.066 Y117.627
G0 X124.945 Y117.823
;TYPE:FILL
G1 F3000 X129.342 Y116.645 E237.91392
G0 F9000 X129.142 Y116.545
G0 X129.599 Y114.845
G0 X129.83 Y114.824
G1 F3000 X126.615 Y111.609 E238.06514
G0 F9000 X126.615 Y111.84
G0 X124.905 Y112.299
G0 X124.784 Y112.101
G1 F3000 X123.61 Y116.481 E238.21597
G0 F9000 X124.085 Y116.247
G1 F2700 E233.21597
;MESH:megav4.5-pcbfoot.stl(3)
G0 F9000 X124.367 Y117.759
G0 X123.791 Y118.69
G0 X122.087 Y122.338
G0 X121.601 Y123.317
G0 X121.53 Y126.709
G0 X121.446 Y127.05
G0 X121.283 Y127.359
G0 X120.012 Y128.441
G0 X120.05 Y128.133
;TYPE:WALL-INNER
G1 F2700 E238.21597
G1 F1500 X119.679 Y128.078 E238.22844
G1 X119.353 Y127.954 E238.24004
G1 X119.033 Y127.744 E238.25277
G1 X118.794 Y127.475 E238.26474
G1 X118.589 Y127.113 E238.27858
G1 X118.493 Y126.728 E238.29177
G1 X118.493 Y126.327 E238.30511
G1 X118.591 Y125.962 E238.31768
G1 X118.768 Y125.619 E238.33052
G1 X119.014 Y125.345 E238.34277
G1 X119.322 Y125.121 E238.35543
G1 X119.679 Y124.986 E238.36813
G1 X120.088 Y124.931 E238.38185
G1 X120.464 Y124.975 E238.39444
G1 X120.82 Y125.109 E238.4071
G1 X121.148 Y125.33 E238.42025
G1 X121.403 Y125.617 E238.43302
G1 X121.58 Y125.958 E238.4458
G1 X121.679 Y126.333 E238.4587
G1 X121.679 Y126.731 E238.47193
G1 X121.58 Y127.104 E238.48477
G1 X121.403 Y127.445 E238.49755
G1 X121.159 Y127.722 E238.50983
G1 X120.835 Y127.952 E238.52304
G1 X120.493 Y128.077 E238.53515
G1 X120.093 Y128.139 E238.54862
G1 X120.05 Y128.133 E238.55006
G0 F9000 X120.012 Y128.441
G0 X120.036 Y129.616
G0 X120.007 Y129.922
G1 F1500 X120.088 Y129.929 E238.55276
G1 X120.706 Y129.875 E238.5734
G1 X121.314 Y129.702 E238.59442
G1 X121.873 Y129.424 E238.61519
G1 X122.377 Y129.039 E238.63628
G1 X122.8 Y128.579 E238.65707
G1 X123.128 Y128.051 E238.67774
G1 X123.355 Y127.46 E238.6988
G1 X123.468 Y126.849 E238.71946
G1 X123.468 Y126.215 E238.74055
G1 X123.355 Y125.604 E238.76122
G1 X123.128 Y125.017 E238.78215
G1 X122.799 Y124.484 E238.80298
G1 X122.378 Y124.026 E238.82367
G1 X121.874 Y123.645 E238.84469
G1 X121.314 Y123.366 E238.8655
G1 X120.705 Y123.193 E238.88655
G1 X120.088 Y123.135 E238.90717
G1 X119.467 Y123.193 E238.92791
G1 X118.858 Y123.366 E238.94897
G1 X118.298 Y123.645 E238.96978
G1 X117.795 Y124.025 E238.99074
G1 X117.377 Y124.484 E239.01139
G1 X117.044 Y125.017 E239.0323
G1 X116.82 Y125.605 E239.05322
G1 X116.704 Y126.217 E239.07394
G1 X116.704 Y126.847 E239.09489
G1 X116.82 Y127.46 E239.11564
G1 X117.044 Y128.051 E239.13667
G1 X117.376 Y128.579 E239.15741
G1 X117.796 Y129.04 E239.17815
G1 X118.299 Y129.424 E239.1992
G1 X118.858 Y129.701 E239.21995
G1 X119.466 Y129.874 E239.24098
G1 X120.007 Y129.922 E239.25904
G0 F9000 X119.998 Y130.323
;TYPE:WALL-OUTER
G1 F1503.8 X120.088 Y130.331 E239.26204
G1 F1500 X120.779 Y130.27 E239.28511
G1 X121.459 Y130.076 E239.30863
G1 X122.085 Y129.765 E239.33188
G1 X122.648 Y129.335 E239.35544
G1 X123.12 Y128.822 E239.37863
G1 X123.488 Y128.23 E239.40181
G1 X123.742 Y127.569 E239.42536
G1 X123.868 Y126.885 E239.44849
G1 X123.868 Y126.179 E239.47198
G1 X123.742 Y125.495 E239.49511
G1 X123.488 Y124.838 E239.51854
G1 X123.119 Y124.242 E239.54185
G1 X122.648 Y123.729 E239.56502
G1 X122.086 Y123.303 E239.58847
G1 X121.459 Y122.992 E239.61175
G1 X120.779 Y122.798 E239.63527
G1 X120.088 Y122.733 E239.65835
G1 X119.393 Y122.798 E239.68157
G1 X118.713 Y122.992 E239.70509
G1 X118.086 Y123.303 E239.72837
G1 X117.524 Y123.729 E239.75182
G1 X117.057 Y124.242 E239.7749
G1 X116.684 Y124.838 E239.79828
G1 X116.434 Y125.495 E239.82166
G1 X116.304 Y126.179 E239.84482
G1 X116.304 Y126.885 E239.8683
G1 X116.434 Y127.569 E239.89146
G1 X116.684 Y128.23 E239.91496
G1 X117.056 Y128.822 E239.93822
G1 X117.524 Y129.336 E239.96134
G1 X118.087 Y129.765 E239.98488
G1 X118.713 Y130.076 E240.00813
G1 X119.393 Y130.27 E240.03165
G1 F1503.8 X119.998 Y130.323 E240.0518
G1 F2700 E235.0518
G0 F9000 X120.063 Y129.618
G0 X119.973 Y128.436
G0 X120.059 Y127.731
G1 F2700 E240.0518
G1 F1500 X119.789 Y127.693 E240.06087
G1 X119.531 Y127.596 E240.07003
G1 X119.287 Y127.431 E240.07983
G1 X119.094 Y127.207 E240.08966
G1 X118.965 Y126.959 E240.09896
G1 X118.892 Y126.667 E240.10897
G1 X118.892 Y126.397 E240.11795
G1 X118.965 Y126.104 E240.128
G1 X119.094 Y125.858 E240.13723
G1 X119.287 Y125.637 E240.14699
G1 X119.53 Y125.468 E240.15684
G1 X119.789 Y125.371 E240.16604
G1 X120.088 Y125.331 E240.17607
G1 X120.357 Y125.365 E240.18509
G1 X120.642 Y125.468 E240.19517
G1 X120.869 Y125.624 E240.20433
G1 X121.079 Y125.858 E240.21479
G1 X121.207 Y126.103 E240.22398
G1 X121.28 Y126.396 E240.23402
G1 X121.28 Y126.668 E240.24307
G1 X121.198 Y126.982 E240.25386
G1 X121.078 Y127.206 E240.26232
G1 X120.87 Y127.443 E240.2728
G1 X120.642 Y127.595 E240.28192
G1 X120.383 Y127.693 E240.29113
G1 X120.07 Y127.732 E240.30162
G1 X120.059 Y127.731 E240.30199
G0 F9000 X119.973 Y128.436
G0 X118.621 Y129.238
G0 X118.518 Y129.443
;TYPE:FILL
G1 F3000 X122.898 Y128.269 E240.45281
G0 F9000 X122.703 Y128.148
G0 X123.161 Y126.434
G0 X123.388 Y126.434
G1 F3000 X120.178 Y123.224 E240.6038
G0 F9000 X120.156 Y123.454
G0 X118.457 Y123.912
G0 X118.356 Y123.706
G1 F3000 X117.176 Y128.111 E240.75547
G0 F9000 X117.631 Y127.832
G1 F2700 E235.75547
;MESH:NONMESH
G0 F300 X117.631 Y127.832 Z3.6
G0 F9000 X116.534 Y126.204
G0 X115.459 Y126.004
G0 X111.988 Y123.139
G0 X111.115 Y122.48
G0 X108.602 Y121.979
G0 X108.602 Y121.667
;TIME_ELAPSED:484.493869
;LAYER:17
;TYPE:WALL-INNER
;MESH:megav4.5-pcbfoot.stl(1)
G1 F2700 E240.75547
G1 F1500 X108.247 Y121.659 E240.76728
G1 X107.904 Y121.569 E240.77908
G1 X107.562 Y121.391 E240.7919
G1 X107.265 Y121.129 E240.80507
G1 X107.054 Y120.808 E240.81785
G1 X106.93 Y120.481 E240.82948
G1 X106.87 Y120.076 E240.8431
G1 X106.93 Y119.667 E240.85685
G1 X107.054 Y119.341 E240.86845
G1 X107.264 Y119.021 E240.88118
G1 X107.533 Y118.782 E240.89315
G1 X107.895 Y118.577 E240.90698
G1 X108.28 Y118.481 E240.92018
G1 X108.673 Y118.481 E240.93325
G1 X109.046 Y118.578 E240.94607
G1 X109.362 Y118.742 E240.95791
G1 X109.673 Y119.004 E240.97144
G1 X109.898 Y119.34 E240.98489
G1 X110.032 Y119.697 E240.99757
G1 X110.077 Y120.076 E241.01027
G1 X110.022 Y120.481 E241.02386
G1 X109.899 Y120.808 E241.03548
G1 X109.678 Y121.136 E241.04863
G1 X109.391 Y121.391 E241.0614
G1 X109.05 Y121.568 E241.07418
G1 X108.672 Y121.668 E241.08719
G1 X108.602 Y121.667 E241.08951
G0 F9000 X108.602 Y121.979
G0 X108.742 Y123.149
G0 X108.742 Y123.456
G1 F1500 X108.793 Y123.456 E241.09121
G1 X109.404 Y123.344 E241.11187
G1 X109.991 Y123.116 E241.13282
G1 X110.523 Y122.787 E241.15362
G1 X110.982 Y122.366 E241.17434
G1 X111.363 Y121.862 E241.19535
G1 X111.642 Y121.302 E241.21616
G1 X111.815 Y120.693 E241.23722
G1 X111.873 Y120.076 E241.25783
G1 X111.815 Y119.455 E241.27857
G1 X111.642 Y118.846 E241.29963
G1 X111.363 Y118.286 E241.32044
G1 X110.983 Y117.783 E241.34141
G1 X110.524 Y117.365 E241.36205
G1 X109.991 Y117.032 E241.38296
G1 X109.403 Y116.808 E241.40389
G1 X108.791 Y116.693 E241.4246
G1 X108.161 Y116.692 E241.44555
G1 X107.548 Y116.808 E241.4663
G1 X106.957 Y117.032 E241.48732
G1 X106.429 Y117.364 E241.50807
G1 X105.968 Y117.784 E241.52881
G1 X105.584 Y118.287 E241.54986
G1 X105.307 Y118.846 E241.57061
G1 X105.134 Y119.454 E241.59163
G1 X105.079 Y120.076 E241.6124
G1 X105.134 Y120.694 E241.63304
G1 X105.307 Y121.302 E241.65406
G1 X105.584 Y121.861 E241.67481
G1 X105.969 Y122.365 E241.69591
G1 X106.429 Y122.788 E241.71669
G1 X106.957 Y123.115 E241.73735
G1 X107.548 Y123.343 E241.75842
G1 X108.159 Y123.456 E241.77908
G1 X108.742 Y123.456 E241.79847
G0 F9000 X108.774 Y123.856
;TYPE:WALL-OUTER
G1 F1500 X108.829 Y123.856 E241.8003
G1 X109.513 Y123.73 E241.82344
G1 X110.17 Y123.476 E241.84686
G1 X110.766 Y123.107 E241.87018
G1 X111.279 Y122.636 E241.89334
G1 X111.705 Y122.074 E241.9168
G1 X112.016 Y121.447 E241.94008
G1 X112.21 Y120.767 E241.96359
G1 X112.275 Y120.076 E241.98668
G1 X112.21 Y119.381 E242.0099
G1 X112.016 Y118.701 E242.03341
G1 X111.705 Y118.074 E242.05669
G1 X111.279 Y117.512 E242.08015
G1 X110.766 Y117.045 E242.10322
G1 X110.17 Y116.672 E242.12661
G1 X109.513 Y116.422 E242.14999
G1 X108.829 Y116.293 E242.17314
G1 X108.123 Y116.292 E242.19662
G1 X107.439 Y116.422 E242.21978
G1 X106.778 Y116.672 E242.24328
G1 X106.186 Y117.044 E242.26654
G1 X105.672 Y117.512 E242.28966
G1 X105.243 Y118.075 E242.3132
G1 X104.932 Y118.701 E242.33645
G1 X104.738 Y119.381 E242.35997
G1 X104.677 Y120.076 E242.38317
G1 X104.738 Y120.767 E242.40624
G1 X104.932 Y121.447 E242.42976
G1 X105.243 Y122.073 E242.45301
G1 X105.673 Y122.636 E242.47657
G1 X106.186 Y123.108 E242.49976
G1 X106.778 Y123.475 E242.52293
G1 X107.439 Y123.73 E242.54649
G1 X108.123 Y123.856 E242.56962
G1 X108.774 Y123.856 E242.59128
G1 F2700 E237.59128
G0 F9000 X108.763 Y123.15
G0 X108.571 Y121.979
G0 X108.571 Y121.268
G1 F2700 E242.59128
G1 F1500 X108.34 Y121.268 E242.59896
G1 X108.048 Y121.195 E242.60897
G1 X107.802 Y121.066 E242.61821
G1 X107.565 Y120.858 E242.6287
G1 X107.412 Y120.63 E242.63783
G1 X107.315 Y120.371 E242.64703
G1 X107.276 Y120.058 E242.65752
G1 X107.315 Y119.777 E242.66695
G1 X107.412 Y119.519 E242.67612
G1 X107.577 Y119.275 E242.68592
G1 X107.801 Y119.082 E242.69575
G1 X108.049 Y118.953 E242.70505
G1 X108.341 Y118.88 E242.71506
G1 X108.611 Y118.88 E242.72404
G1 X108.904 Y118.952 E242.73408
G1 X109.15 Y119.082 E242.74333
G1 X109.371 Y119.275 E242.75309
G1 X109.54 Y119.518 E242.76294
G1 X109.637 Y119.777 E242.77213
G1 X109.677 Y120.076 E242.78217
G1 X109.637 Y120.371 E242.79207
G1 X109.54 Y120.63 E242.80127
G1 X109.384 Y120.857 E242.81043
G1 X109.15 Y121.067 E242.82089
G1 X108.905 Y121.195 E242.83008
G1 X108.612 Y121.268 E242.84012
G1 X108.571 Y121.268 E242.84149
G0 F9000 X108.571 Y121.979
G0 X107.176 Y122.868
G0 X107.092 Y123.081
;TYPE:FILL
G1 F3000 X111.164 Y121.99 E242.9817
G0 F9000 X110.986 Y121.855
G0 X111.536 Y119.783
G0 X111.764 Y119.763
G1 F3000 X108.774 Y116.773 E243.12234
G0 F9000 X108.763 Y117.002
G0 X106.688 Y117.57
G0 X106.566 Y117.371
G1 F3000 X105.472 Y121.454 E243.26293
G0 F9000 X105.947 Y121.22
G1 F2700 E238.26293
;MESH:megav4.5-pcbfoot.stl
G0 F9000 X108.302 Y121.518
G0 X108.652 Y121.518
G0 X112.045 Y120.076
G0 X113.134 Y119.975
G0 X113.99 Y120.564
G0 X114.862 Y119.904
G0 X117.5 Y120.573
G0 X117.5 Y120.88
;TYPE:WALL-INNER
G1 F2700 E243.26293
G1 F1500 X117.817 Y120.88 E243.27347
G1 X118.428 Y120.768 E243.29413
G1 X119.014 Y120.54 E243.31505
G1 X119.544 Y120.211 E243.3358
G1 X120.006 Y119.789 E243.35661
G1 X120.387 Y119.286 E243.3776
G1 X120.666 Y118.726 E243.3984
G1 X120.839 Y118.117 E243.41946
G1 X120.897 Y117.5 E243.44007
G1 X120.839 Y116.879 E243.46082
G1 X120.666 Y116.27 E243.48187
G1 X120.387 Y115.71 E243.50268
G1 X120.007 Y115.207 E243.52365
G1 X119.544 Y114.789 E243.5444
G1 X119.014 Y114.456 E243.56522
G1 X118.427 Y114.232 E243.58611
G1 X117.815 Y114.117 E243.60683
G1 X117.185 Y114.116 E243.62778
G1 X116.572 Y114.232 E243.64853
G1 X115.981 Y114.457 E243.66956
G1 X115.452 Y114.789 E243.69034
G1 X114.989 Y115.208 E243.7111
G1 X114.609 Y115.71 E243.73204
G1 X114.33 Y116.27 E243.75285
G1 X114.157 Y116.879 E243.77391
G1 X114.099 Y117.5 E243.79466
G1 X114.157 Y118.117 E243.81527
G1 X114.33 Y118.726 E243.83632
G1 X114.609 Y119.286 E243.85713
G1 X114.99 Y119.789 E243.87812
G1 X115.452 Y120.211 E243.89893
G1 X115.981 Y120.54 E243.91965
G1 X116.572 Y120.767 E243.94071
G1 X117.183 Y120.88 E243.96138
G1 X117.5 Y120.88 E243.97192
G0 F9000 X117.5 Y120.573
G0 X117.5 Y119.403
G0 X117.5 Y119.091
G1 F1500 X117.298 Y119.091 E243.97864
G1 X116.928 Y118.993 E243.99137
G1 X116.582 Y118.815 E244.00431
G1 X116.309 Y118.571 E244.01649
G1 X116.085 Y118.261 E244.02921
G1 X115.95 Y117.905 E244.04187
G1 X115.894 Y117.501 E244.05544
G1 X115.95 Y117.091 E244.0692
G1 X116.086 Y116.733 E244.08194
G1 X116.308 Y116.426 E244.09454
G1 X116.577 Y116.184 E244.10657
G1 X116.925 Y116 E244.11967
G1 X117.299 Y115.905 E244.1325
G1 X117.697 Y115.905 E244.14574
G1 X118.07 Y116.002 E244.15856
G1 X118.387 Y116.167 E244.17044
G1 X118.698 Y116.43 E244.18399
G1 X118.922 Y116.764 E244.19737
G1 X119.059 Y117.128 E244.2103
G1 X119.097 Y117.5 E244.22274
G1 X119.046 Y117.905 E244.23632
G1 X118.923 Y118.232 E244.24794
G1 X118.687 Y118.571 E244.26167
G1 X118.413 Y118.816 E244.2739
G1 X118.074 Y118.992 E244.2866
G1 X117.699 Y119.091 E244.2995
G1 X117.5 Y119.091 E244.30612
G0 F9000 X117.5 Y118.692
;TYPE:WALL-OUTER
G1 F1500 X117.361 Y118.692 E244.31075
G1 X117.051 Y118.61 E244.32141
G1 X116.803 Y118.477 E244.33077
G1 X116.601 Y118.297 E244.33977
G1 X116.432 Y118.054 E244.34961
G1 X116.335 Y117.795 E244.35881
G1 X116.3 Y117.481 E244.36932
G1 X116.335 Y117.201 E244.37871
G1 X116.432 Y116.943 E244.38787
G1 X116.588 Y116.715 E244.39706
G1 X116.821 Y116.506 E244.40747
G1 X117.093 Y116.37 E244.41759
G1 X117.361 Y116.304 E244.42677
G1 X117.635 Y116.304 E244.43588
G1 X117.928 Y116.376 E244.44592
G1 X118.175 Y116.506 E244.4552
G1 X118.395 Y116.699 E244.46493
G1 X118.564 Y116.942 E244.47478
G1 X118.661 Y117.201 E244.48398
G1 X118.697 Y117.5 E244.49399
G1 X118.661 Y117.795 E244.50388
G1 X118.564 Y118.054 E244.51308
G1 X118.395 Y118.297 E244.52292
G1 X118.193 Y118.477 E244.53192
G1 X117.929 Y118.619 E244.54189
G1 X117.636 Y118.692 E244.55193
G1 X117.5 Y118.692 E244.55646
G1 F2700 E239.55646
G0 F9000 X117.5 Y119.403
G0 X117.5 Y120.573
G0 X117.5 Y121.28
G1 F2700 E244.55646
G1 F1500 X117.853 Y121.28 E244.5682
G1 X118.537 Y121.154 E244.59133
G1 X119.194 Y120.9 E244.61476
G1 X119.786 Y120.531 E244.63796
G1 X120.303 Y120.06 E244.66122
G1 X120.729 Y119.498 E244.68468
G1 X121.04 Y118.871 E244.70796
G1 X121.234 Y118.191 E244.73147
G1 X121.299 Y117.5 E244.75456
G1 X121.234 Y116.805 E244.77778
G1 X121.04 Y116.125 E244.8013
G1 X120.729 Y115.498 E244.82457
G1 X120.303 Y114.936 E244.84803
G1 X119.786 Y114.469 E244.8712
G1 X119.194 Y114.096 E244.89447
G1 X118.537 Y113.846 E244.91785
G1 X117.853 Y113.717 E244.941
G1 X117.147 Y113.716 E244.96449
G1 X116.463 Y113.846 E244.98764
G1 X115.802 Y114.097 E245.01116
G1 X115.21 Y114.469 E245.03442
G1 X114.693 Y114.936 E245.05759
G1 X114.267 Y115.498 E245.08104
G1 X113.956 Y116.125 E245.10432
G1 X113.762 Y116.805 E245.12784
G1 X113.697 Y117.5 E245.15106
G1 X113.762 Y118.191 E245.17414
G1 X113.956 Y118.871 E245.19766
G1 X114.267 Y119.498 E245.22094
G1 X114.693 Y120.06 E245.24439
G1 X115.21 Y120.531 E245.26766
G1 X115.802 Y120.9 E245.29086
G1 X116.463 Y121.154 E245.31441
G1 X117.147 Y121.28 E245.33754
G1 X117.5 Y121.28 E245.34928
G0 F9000 X117.5 Y120.573
G0 X116.198 Y120.292
G0 X116.114 Y120.506
;TYPE:FILL
G1 F3000 X120.189 Y119.414 E245.4896
G0 F9000 X120.01 Y119.278
G0 X120.559 Y117.209
G0 X120.788 Y117.189
G1 F3000 X117.796 Y114.197 E245.63034
G0 F9000 X117.786 Y114.426
G0 X115.709 Y114.995
G0 X115.589 Y114.798
G1 F3000 X114.496 Y118.876 E245.77076
G0 F9000 X114.97 Y118.643
G1 F2700 E240.77076
;MESH:megav4.5-pcbfoot.stl(2)
G0 F9000 X117.325 Y118.942
G0 X121.009 Y118.154
G0 X122.098 Y118.254
G0 X123.01 Y117.977
G0 X123.882 Y117.317
G0 X126.266 Y117.986
G0 X126.266 Y118.296
;TYPE:WALL-INNER
G1 F2700 E245.77076
G1 F1500 X126.835 Y118.296 E245.78968
G1 X127.446 Y118.18 E245.81037
G1 X128.034 Y117.952 E245.83134
G1 X128.564 Y117.623 E245.85209
G1 X129.026 Y117.201 E245.8729
G1 X129.407 Y116.698 E245.89389
G1 X129.686 Y116.138 E245.9147
G1 X129.859 Y115.529 E245.93576
G1 X129.917 Y114.912 E245.95637
G1 X129.859 Y114.292 E245.97708
G1 X129.686 Y113.686 E245.99804
G1 X129.407 Y113.121 E246.019
G1 X129.027 Y112.619 E246.03994
G1 X128.565 Y112.201 E246.06066
G1 X128.034 Y111.872 E246.08144
G1 X127.446 Y111.644 E246.10241
G1 X126.835 Y111.529 E246.12309
G1 X126.205 Y111.528 E246.14405
G1 X125.593 Y111.644 E246.16476
G1 X125.001 Y111.872 E246.18586
G1 X124.471 Y112.201 E246.20661
G1 X124.009 Y112.62 E246.22736
G1 X123.63 Y113.122 E246.24828
G1 X123.35 Y113.686 E246.26922
G1 X123.177 Y114.292 E246.29018
G1 X123.119 Y114.912 E246.31089
G1 X123.176 Y115.529 E246.3315
G1 X123.35 Y116.138 E246.35257
G1 X123.629 Y116.698 E246.37338
G1 X124.01 Y117.202 E246.39439
G1 X124.472 Y117.623 E246.41518
G1 X125.001 Y117.952 E246.4359
G1 X125.593 Y118.18 E246.457
G1 X126.205 Y118.296 E246.47772
G1 X126.266 Y118.296 E246.47975
G0 F9000 X126.266 Y117.986
G0 X126.401 Y116.816
G0 X126.401 Y116.503
G1 F1500 X126.318 Y116.503 E246.48251
G1 X125.948 Y116.405 E246.49524
G1 X125.6 Y116.231 E246.50818
G1 X125.307 Y115.966 E246.52132
G1 X125.094 Y115.644 E246.53416
G1 X124.97 Y115.321 E246.54567
G1 X124.914 Y114.913 E246.55936
G1 X124.971 Y114.502 E246.57316
G1 X125.093 Y114.182 E246.58455
G1 X125.328 Y113.838 E246.59841
G1 X125.602 Y113.593 E246.61064
G1 X125.948 Y113.416 E246.62356
G1 X126.319 Y113.321 E246.6363
G1 X126.725 Y113.321 E246.6498
G1 X127.093 Y113.416 E246.66244
G1 X127.436 Y113.594 E246.6753
G1 X127.722 Y113.847 E246.688
G1 X127.943 Y114.181 E246.70132
G1 X128.079 Y114.538 E246.71402
G1 X128.117 Y114.912 E246.72653
G1 X128.078 Y115.29 E246.73917
G1 X127.943 Y115.644 E246.75177
G1 X127.708 Y115.986 E246.76557
G1 X127.428 Y116.238 E246.7781
G1 X127.094 Y116.404 E246.7905
G1 X126.722 Y116.502 E246.8033
G1 X126.401 Y116.503 E246.81398
G0 F9000 X126.431 Y116.104
;TYPE:WALL-OUTER
G1 F1500 X126.381 Y116.104 E246.81564
G1 X126.092 Y116.031 E246.82555
G1 X125.842 Y115.906 E246.83485
G1 X125.621 Y115.713 E246.84461
G1 X125.452 Y115.466 E246.85456
G1 X125.355 Y115.211 E246.86364
G1 X125.32 Y114.893 E246.87428
G1 X125.355 Y114.612 E246.8837
G1 X125.452 Y114.359 E246.89271
G1 X125.608 Y114.127 E246.90201
G1 X125.822 Y113.931 E246.91166
G1 X126.092 Y113.789 E246.9218
G1 X126.381 Y113.72 E246.93169
G1 X126.655 Y113.72 E246.9408
G1 X126.949 Y113.789 E246.95084
G1 X127.214 Y113.931 E246.96084
G1 X127.415 Y114.111 E246.96982
G1 X127.584 Y114.359 E246.9798
G1 X127.681 Y114.612 E246.98881
G1 X127.717 Y114.912 E246.99886
G1 X127.681 Y115.211 E247.00888
G1 X127.584 Y115.466 E247.01795
G1 X127.415 Y115.713 E247.02791
G1 X127.213 Y115.893 E247.0369
G1 X126.949 Y116.031 E247.04681
G1 X126.655 Y116.104 E247.05689
G1 X126.431 Y116.104 E247.06434
G1 F2700 E242.06434
G0 F9000 X126.431 Y116.816
G0 X126.236 Y117.986
G0 X126.236 Y118.696
G1 F2700 E247.06434
G1 F1500 X126.873 Y118.696 E247.08553
G1 X127.556 Y118.566 E247.10865
G1 X128.214 Y118.312 E247.13211
G1 X128.806 Y117.943 E247.15531
G1 X129.323 Y117.472 E247.17857
G1 X129.749 Y116.91 E247.20203
G1 X130.06 Y116.283 E247.22531
G1 X130.254 Y115.603 E247.24883
G1 X130.319 Y114.912 E247.27191
G1 X130.254 Y114.218 E247.29509
G1 X130.06 Y113.541 E247.31852
G1 X129.749 Y112.91 E247.34191
G1 X129.323 Y112.348 E247.36537
G1 X128.807 Y111.881 E247.38852
G1 X128.214 Y111.512 E247.41175
G1 X127.556 Y111.258 E247.43521
G1 X126.873 Y111.129 E247.45832
G1 X126.167 Y111.128 E247.48181
G1 X125.483 Y111.258 E247.50496
G1 X124.822 Y111.512 E247.52852
G1 X124.229 Y111.881 E247.55175
G1 X123.713 Y112.348 E247.57489
G1 X123.288 Y112.91 E247.59833
G1 X122.976 Y113.541 E247.62174
G1 X122.782 Y114.218 E247.64516
G1 X122.717 Y114.912 E247.66835
G1 X122.782 Y115.603 E247.69143
G1 X122.976 Y116.283 E247.71495
G1 X123.287 Y116.91 E247.73823
G1 X123.713 Y117.472 E247.76168
G1 X124.23 Y117.943 E247.78495
G1 X124.822 Y118.312 E247.80815
G1 X125.483 Y118.566 E247.8317
G1 X126.167 Y118.696 E247.85486
G1 X126.236 Y118.696 E247.85715
G0 F9000 X126.236 Y117.986
G0 X125.219 Y117.705
G0 X125.136 Y117.918
;TYPE:FILL
G1 F3000 X129.207 Y116.828 E247.99732
G0 F9000 X129.029 Y116.692
G0 X129.579 Y114.623
G0 X129.809 Y114.603
G1 F3000 X126.815 Y111.609 E248.13815
G0 F9000 X126.806 Y111.839
G0 X124.73 Y112.407
G0 X124.609 Y112.21
G1 F3000 X123.515 Y116.291 E248.27868
G0 F9000 X123.99 Y116.057
G1 F2700 E243.27868
;MESH:megav4.5-pcbfoot.stl(3)
G0 F9000 X124.367 Y117.759
G0 X123.791 Y118.69
G0 X122.087 Y122.338
G0 X121.601 Y123.317
G0 X121.53 Y126.709
G0 X121.446 Y127.05
G0 X121.283 Y127.359
G0 X120.012 Y128.441
G0 X120.05 Y128.133
;TYPE:WALL-INNER
G1 F2700 E248.27868
G1 F1500 X119.679 Y128.078 E248.29115
G1 X119.353 Y127.954 E248.30275
G1 X119.033 Y127.744 E248.31549
G1 X118.794 Y127.475 E248.32745
G1 X118.589 Y127.113 E248.34129
G1 X118.493 Y126.728 E248.35449
G1 X118.493 Y126.327 E248.36782
G1 X118.591 Y125.962 E248.38039
G1 X118.768 Y125.619 E248.39323
G1 X119.014 Y125.345 E248.40548
G1 X119.322 Y125.121 E248.41815
G1 X119.679 Y124.986 E248.43084
G1 X120.088 Y124.931 E248.44457
G1 X120.464 Y124.975 E248.45716
G1 X120.82 Y125.109 E248.46981
G1 X121.148 Y125.33 E248.48296
G1 X121.403 Y125.617 E248.49573
G1 X121.58 Y125.958 E248.50851
G1 X121.679 Y126.333 E248.52141
G1 X121.679 Y126.731 E248.53465
G1 X121.58 Y127.104 E248.54748
G1 X121.403 Y127.445 E248.56026
G1 X121.159 Y127.722 E248.57254
G1 X120.835 Y127.952 E248.58576
G1 X120.493 Y128.077 E248.59787
G1 X120.093 Y128.139 E248.61133
G1 X120.05 Y128.133 E248.61277
G0 F9000 X120.012 Y128.441
G0 X120.036 Y129.616
G0 X120.007 Y129.922
G1 F1500 X120.088 Y129.929 E248.61548
G1 X120.706 Y129.875 E248.63611
G1 X121.314 Y129.702 E248.65714
G1 X121.873 Y129.424 E248.6779
G1 X122.377 Y129.039 E248.699
G1 X122.8 Y128.579 E248.71978
G1 X123.128 Y128.051 E248.74045
G1 X123.355 Y127.46 E248.76151
G1 X123.468 Y126.849 E248.78218
G1 X123.468 Y126.215 E248.80326
G1 X123.355 Y125.604 E248.82393
G1 X123.128 Y125.017 E248.84486
G1 X122.799 Y124.484 E248.8657
G1 X122.378 Y124.026 E248.88639
G1 X121.874 Y123.645 E248.9074
G1 X121.314 Y123.366 E248.92821
G1 X120.705 Y123.193 E248.94927
G1 X120.088 Y123.135 E248.96988
G1 X119.467 Y123.193 E248.99062
G1 X118.858 Y123.366 E249.01168
G1 X118.298 Y123.645 E249.03249
G1 X117.795 Y124.025 E249.05346
G1 X117.377 Y124.484 E249.07411
G1 X117.044 Y125.017 E249.09501
G1 X116.82 Y125.605 E249.11594
G1 X116.704 Y126.217 E249.13665
G1 X116.704 Y126.847 E249.15761
G1 X116.82 Y127.46 E249.17836
G1 X117.044 Y128.051 E249.19938
G1 X117.376 Y128.579 E249.22012
G1 X117.796 Y129.04 E249.24087
G1 X118.299 Y129.424 E249.26191
G1 X118.858 Y129.701 E249.28266
G1 X119.466 Y129.874 E249.30369
G1 X120.007 Y129.922 E249.32175
G0 F9000 X119.998 Y130.323
;TYPE:WALL-OUTER
G1 F1503.8 X120.088 Y130.331 E249.32475
G1 F1500 X120.779 Y130.27 E249.34782
G1 X121.459 Y130.076 E249.37134
G1 X122.085 Y129.765 E249.39459
G1 X122.648 Y129.335 E249.41815
G1 X123.12 Y128.822 E249.44134
G1 X123.488 Y128.23 E249.46452
G1 X123.742 Y127.569 E249.48808
G1 X123.868 Y126.885 E249.51121
G1 X123.868 Y126.179 E249.53469
G1 X123.742 Y125.495 E249.55782
G1 X123.488 Y124.838 E249.58125
G1 X123.119 Y124.242 E249.60457
G1 X122.648 Y123.729 E249.62773
G1 X122.086 Y123.303 E249.65118
G1 X121.459 Y122.992 E249.67446
G1 X120.779 Y122.798 E249.69798
G1 X120.088 Y122.733 E249.72107
G1 X119.393 Y122.798 E249.74428
G1 X118.713 Y122.992 E249.7678
G1 X118.086 Y123.303 E249.79108
G1 X117.524 Y123.729 E249.81454
G1 X117.057 Y124.242 E249.83761
G1 X116.684 Y124.838 E249.861
G1 X116.434 Y125.495 E249.88438
G1 X116.304 Y126.179 E249.90753
G1 X116.304 Y126.885 E249.93101
G1 X116.434 Y127.569 E249.95417
G1 X116.684 Y128.23 E249.97768
G1 X117.056 Y128.822 E250.00093
G1 X117.524 Y129.336 E250.02405
G1 X118.087 Y129.765 E250.04759
G1 X118.713 Y130.076 E250.07084
G1 X119.393 Y130.27 E250.09436
G1 F1503.8 X119.998 Y130.323 E250.11451
G1 F2700 E245.11451
G0 F9000 X120.063 Y129.618
G0 X119.973 Y128.436
G0 X120.059 Y127.731
G1 F2700 E250.11451
G1 F1500 X119.789 Y127.693 E250.12358
G1 X119.531 Y127.596 E250.13275
G1 X119.287 Y127.431 E250.14254
G1 X119.094 Y127.207 E250.15238
G1 X118.965 Y126.959 E250.16168
G1 X118.892 Y126.667 E250.17169
G1 X118.892 Y126.397 E250.18067
G1 X118.965 Y126.104 E250.19071
G1 X119.094 Y125.858 E250.19995
G1 X119.287 Y125.637 E250.20971
G1 X119.53 Y125.468 E250.21955
G1 X119.789 Y125.371 E250.22875
G1 X120.088 Y125.331 E250.23878
G1 X120.357 Y125.365 E250.2478
G1 X120.642 Y125.468 E250.25788
G1 X120.869 Y125.624 E250.26704
G1 X121.079 Y125.858 E250.2775
G1 X121.207 Y126.103 E250.28669
G1 X121.28 Y126.396 E250.29674
G1 X121.28 Y126.668 E250.30578
G1 X121.198 Y126.982 E250.31658
G1 X121.078 Y127.206 E250.32503
G1 X120.87 Y127.443 E250.33552
G1 X120.642 Y127.595 E250.34463
G1 X120.383 Y127.693 E250.35384
G1 X120.07 Y127.732 E250.36433
G1 X120.059 Y127.731 E250.3647
G0 F9000 X119.973 Y128.436
G0 X118.813 Y129.333
G0 X118.709 Y129.538
;TYPE:FILL
G1 F3000 X122.789 Y128.445 E250.50519
G0 F9000 X122.594 Y128.324
G0 X123.162 Y126.248
G0 X123.388 Y126.235
G1 F3000 X120.398 Y123.245 E250.64583
G0 F9000 X120.377 Y123.474
G0 X118.313 Y124.022
G0 X118.175 Y123.839
G1 F3000 X117.081 Y127.923 E250.78645
G0 F9000 X117.578 Y127.732
G1 F2700 E245.78645
;MESH:NONMESH
G0 F300 X117.578 Y127.732 Z3.8
G0 F9000 X116.534 Y126.204
G0 X115.459 Y126.004
G0 X111.988 Y123.139
G0 X111.115 Y122.48
G0 X108.602 Y121.979
G0 X108.602 Y121.667
;TIME_ELAPSED:504.812132
;LAYER:18
;TYPE:WALL-INNER
;MESH:megav4.5-pcbfoot.stl(1)
G1 F2700 E250.78645
G1 F1500 X108.247 Y121.659 E250.79826
G1 X107.904 Y121.569 E250.81006
G1 X107.562 Y121.391 E250.82288
G1 X107.265 Y121.129 E250.83605
G1 X107.054 Y120.808 E250.84883
G1 X106.93 Y120.481 E250.86046
G1 X106.87 Y120.076 E250.87408
G1 X106.93 Y119.667 E250.88783
G1 X107.054 Y119.341 E250.89943
G1 X107.264 Y119.021 E250.91216
G1 X107.533 Y118.782 E250.92413
G1 X107.895 Y118.577 E250.93796
G1 X108.28 Y118.481 E250.95116
G1 X108.673 Y118.481 E250.96423
G1 X109.046 Y118.578 E250.97705
G1 X109.362 Y118.742 E250.98889
G1 X109.673 Y119.004 E251.00242
G1 X109.898 Y119.34 E251.01587
G1 X110.032 Y119.697 E251.02855
G1 X110.077 Y120.076 E251.04124
G1 X110.022 Y120.481 E251.05484
G1 X109.899 Y120.808 E251.06646
G1 X109.678 Y121.136 E251.07961
G1 X109.391 Y121.391 E251.09238
G1 X109.05 Y121.568 E251.10516
G1 X108.672 Y121.668 E251.11816
G1 X108.602 Y121.667 E251.12049
G0 F9000 X108.602 Y121.979
G0 X108.742 Y123.149
G0 X108.742 Y123.456
G1 F1500 X108.793 Y123.456 E251.12219
G1 X109.404 Y123.344 E251.14285
G1 X109.991 Y123.116 E251.16379
G1 X110.523 Y122.787 E251.1846
G1 X110.982 Y122.366 E251.20531
G1 X111.363 Y121.862 E251.22633
G1 X111.642 Y121.302 E251.24714
G1 X111.815 Y120.693 E251.26819
G1 X111.873 Y120.076 E251.28881
G1 X111.815 Y119.455 E251.30955
G1 X111.642 Y118.846 E251.33061
G1 X111.363 Y118.286 E251.35142
G1 X110.983 Y117.783 E251.37238
G1 X110.524 Y117.365 E251.39303
G1 X109.991 Y117.032 E251.41394
G1 X109.403 Y116.808 E251.43486
G1 X108.791 Y116.693 E251.45557
G1 X108.161 Y116.692 E251.47653
G1 X107.548 Y116.808 E251.49728
G1 X106.957 Y117.032 E251.5183
G1 X106.429 Y117.364 E251.53904
G1 X105.968 Y117.784 E251.55979
G1 X105.584 Y118.287 E251.58083
G1 X105.307 Y118.846 E251.60158
G1 X105.134 Y119.454 E251.62261
G1 X105.079 Y120.076 E251.64338
G1 X105.134 Y120.694 E251.66401
G1 X105.307 Y121.302 E251.68504
G1 X105.584 Y121.861 E251.70579
G1 X105.969 Y122.365 E251.72688
G1 X106.429 Y122.788 E251.74767
G1 X106.957 Y123.115 E251.76832
G1 X107.548 Y123.343 E251.78939
G1 X108.159 Y123.456 E251.81006
G1 X108.742 Y123.456 E251.82945
G0 F9000 X108.774 Y123.856
;TYPE:WALL-OUTER
G1 F1500 X108.829 Y123.856 E251.83128
G1 X109.513 Y123.73 E251.85441
G1 X110.17 Y123.476 E251.87784
G1 X110.766 Y123.107 E251.90116
G1 X111.279 Y122.636 E251.92432
G1 X111.705 Y122.074 E251.94777
G1 X112.016 Y121.447 E251.97105
G1 X112.21 Y120.767 E251.99457
G1 X112.275 Y120.076 E252.01766
G1 X112.21 Y119.381 E252.04087
G1 X112.016 Y118.701 E252.06439
G1 X111.705 Y118.074 E252.08767
G1 X111.279 Y117.512 E252.11113
G1 X110.766 Y117.045 E252.1342
G1 X110.17 Y116.672 E252.15758
G1 X109.513 Y116.422 E252.18097
G1 X108.829 Y116.293 E252.20412
G1 X108.123 Y116.292 E252.2276
G1 X107.439 Y116.422 E252.25075
G1 X106.778 Y116.672 E252.27426
G1 X106.186 Y117.044 E252.29751
G1 X105.672 Y117.512 E252.32064
G1 X105.243 Y118.075 E252.34418
G1 X104.932 Y118.701 E252.36743
G1 X104.738 Y119.381 E252.39095
G1 X104.677 Y120.076 E252.41415
G1 X104.738 Y120.767 E252.43722
G1 X104.932 Y121.447 E252.46074
G1 X105.243 Y122.073 E252.48399
G1 X105.673 Y122.636 E252.50755
G1 X106.186 Y123.108 E252.53074
G1 X106.778 Y123.475 E252.5539
G1 X107.439 Y123.73 E252.57747
G1 X108.123 Y123.856 E252.6006
G1 X108.774 Y123.856 E252.62225
G1 F2700 E247.62225
G0 F9000 X108.763 Y123.15
G0 X108.571 Y121.979
G0 X108.571 Y121.268
G1 F2700 E252.62225
G1 F1500 X108.34 Y121.268 E252.62994
G1 X108.048 Y121.195 E252.63995
G1 X107.802 Y121.066 E252.64919
G1 X107.565 Y120.858 E252.65967
G1 X107.412 Y120.63 E252.66881
G1 X107.315 Y120.371 E252.67801
G1 X107.276 Y120.058 E252.6885
G1 X107.315 Y119.777 E252.69793
G1 X107.412 Y119.519 E252.7071
G1 X107.577 Y119.275 E252.7169
G1 X107.801 Y119.082 E252.72673
G1 X108.049 Y118.953 E252.73603
G1 X108.341 Y118.88 E252.74604
G1 X108.611 Y118.88 E252.75502
G1 X108.904 Y118.952 E252.76506
G1 X109.15 Y119.082 E252.77431
G1 X109.371 Y119.275 E252.78407
G1 X109.54 Y119.518 E252.79391
G1 X109.637 Y119.777 E252.80311
G1 X109.677 Y120.076 E252.81314
G1 X109.637 Y120.371 E252.82305
G1 X109.54 Y120.63 E252.83225
G1 X109.384 Y120.857 E252.84141
G1 X109.15 Y121.067 E252.85186
G1 X108.905 Y121.195 E252.86106
G1 X108.612 Y121.268 E252.8711
G1 X108.571 Y121.268 E252.87246
G0 F9000 X108.571 Y121.979
G0 X107.4 Y122.955
G0 X107.316 Y123.168
;TYPE:FILL
G1 F3000 X111.025 Y122.175 E253.00017
G0 F9000 X110.847 Y122.039
G0 X111.515 Y119.561
G0 X111.743 Y119.541
G1 F3000 X109.02 Y116.818 E253.12825
G0 F9000 X108.978 Y117.043
G0 X106.537 Y117.686
G0 X106.381 Y117.515
G1 F3000 X105.378 Y121.257 E253.25711
G0 F9000 X105.894 Y121.112
G1 F2700 E248.25711
;MESH:megav4.5-pcbfoot.stl
G0 F9000 X108.302 Y121.518
G0 X108.652 Y121.518
G0 X112.045 Y120.076
G0 X113.134 Y119.975
G0 X113.99 Y120.564
G0 X114.862 Y119.904
G0 X117.5 Y120.573
G0 X117.5 Y120.88
;TYPE:WALL-INNER
G1 F2700 E253.25711
G1 F1500 X117.817 Y120.88 E253.26765
G1 X118.428 Y120.768 E253.28831
G1 X119.014 Y120.54 E253.30922
G1 X119.544 Y120.211 E253.32997
G1 X120.006 Y119.789 E253.35078
G1 X120.387 Y119.286 E253.37177
G1 X120.666 Y118.726 E253.39258
G1 X120.839 Y118.117 E253.41364
G1 X120.897 Y117.5 E253.43425
G1 X120.839 Y116.879 E253.45499
G1 X120.666 Y116.27 E253.47605
G1 X120.387 Y115.71 E253.49686
G1 X120.007 Y115.207 E253.51783
G1 X119.544 Y114.789 E253.53857
G1 X119.014 Y114.456 E253.55939
G1 X118.427 Y114.232 E253.58029
G1 X117.815 Y114.117 E253.601
G1 X117.185 Y114.116 E253.62195
G1 X116.572 Y114.232 E253.6427
G1 X115.981 Y114.457 E253.66374
G1 X115.452 Y114.789 E253.68451
G1 X114.989 Y115.208 E253.70528
G1 X114.609 Y115.71 E253.72622
G1 X114.33 Y116.27 E253.74703
G1 X114.157 Y116.879 E253.76809
G1 X114.099 Y117.5 E253.78883
G1 X114.157 Y118.117 E253.80944
G1 X114.33 Y118.726 E253.8305
G1 X114.609 Y119.286 E253.85131
G1 X114.99 Y119.789 E253.8723
G1 X115.452 Y120.211 E253.89311
G1 X115.981 Y120.54 E253.91383
G1 X116.572 Y120.767 E253.93488
G1 X117.183 Y120.88 E253.95555
G1 X117.5 Y120.88 E253.96609
G0 F9000 X117.5 Y120.573
G0 X117.5 Y119.403
G0 X117.5 Y119.091
G1 F1500 X117.298 Y119.091 E253.97281
G1 X116.928 Y118.993 E253.98554
G1 X116.582 Y118.815 E253.99848
G1 X116.309 Y118.571 E254.01066
G1 X116.085 Y118.261 E254.02338
G1 X115.95 Y117.905 E254.03605
G1 X115.894 Y117.501 E254.04961
G1 X115.95 Y117.091 E254.06338
G1 X116.086 Y116.733 E254.07611
G1 X116.308 Y116.426 E254.08871
G1 X116.577 Y116.184 E254.10075
G1 X116.925 Y116 E254.11384
G1 X117.299 Y115.905 E254.12668
G1 X117.697 Y115.905 E254.13991
G1 X118.07 Y116.002 E254.15273
G1 X118.387 Y116.167 E254.16462
G1 X118.698 Y116.43 E254.17816
G1 X118.922 Y116.764 E254.19154
G1 X119.059 Y117.128 E254.20448
G1 X119.097 Y117.5 E254.21691
G1 X119.046 Y117.905 E254.23049
G1 X118.923 Y118.232 E254.24211
G1 X118.687 Y118.571 E254.25585
G1 X118.413 Y118.816 E254.26807
G1 X118.074 Y118.992 E254.28078
G1 X117.699 Y119.091 E254.29368
G1 X117.5 Y119.091 E254.3003
G0 F9000 X117.5 Y118.692
;TYPE:WALL-OUTER
G1 F1500 X117.361 Y118.692 E254.30492
G1 X117.051 Y118.61 E254.31559
G1 X116.803 Y118.477 E254.32494
G1 X116.601 Y118.297 E254.33394
G1 X116.432 Y118.054 E254.34379
G1 X116.335 Y117.795 E254.35299
G1 X116.3 Y117.481 E254.3635
G1 X116.335 Y117.201 E254.37288
G1 X116.432 Y116.943 E254.38205
G1 X116.588 Y116.715 E254.39124
G1 X116.821 Y116.506 E254.40165
G1 X117.093 Y116.37 E254.41176
G1 X117.361 Y116.304 E254.42094
G1 X117.635 Y116.304 E254.43006
G1 X117.928 Y116.376 E254.44009
G1 X118.175 Y116.506 E254.44937
G1 X118.395 Y116.699 E254.45911
G1 X118.564 Y116.942 E254.46895
G1 X118.661 Y117.201 E254.47815
G1 X118.697 Y117.5 E254.48817
G1 X118.661 Y117.795 E254.49805
G1 X118.564 Y118.054 E254.50725
G1 X118.395 Y118.297 E254.5171
G1 X118.193 Y118.477 E254.52609
G1 X117.929 Y118.619 E254.53606
G1 X117.636 Y118.692 E254.54611
G1 X117.5 Y118.692 E254.55063
G1 F2700 E249.55063
G0 F9000 X117.5 Y119.403
G0 X117.5 Y120.573
G0 X117.5 Y121.28
G1 F2700 E254.55063
G1 F1500 X117.853 Y121.28 E254.56237
G1 X118.537 Y121.154 E254.5855
G1 X119.194 Y120.9 E254.60893
G1 X119.786 Y120.531 E254.63213
G1 X120.303 Y120.06 E254.6554
G1 X120.729 Y119.498 E254.67885
G1 X121.04 Y118.871 E254.70213
G1 X121.234 Y118.191 E254.72565
G1 X121.299 Y117.5 E254.74873
G1 X121.234 Y116.805 E254.77195
G1 X121.04 Y116.125 E254.79547
G1 X120.729 Y115.498 E254.81875
G1 X120.303 Y114.936 E254.8422
G1 X119.786 Y114.469 E254.86538
G1 X119.194 Y114.096 E254.88865
G1 X118.537 Y113.846 E254.91203
G1 X117.853 Y113.717 E254.93518
G1 X117.147 Y113.716 E254.95866
G1 X116.463 Y113.846 E254.98182
G1 X115.802 Y114.097 E255.00533
G1 X115.21 Y114.469 E255.02859
G1 X114.693 Y114.936 E255.05176
G1 X114.267 Y115.498 E255.07522
G1 X113.956 Y116.125 E255.0985
G1 X113.762 Y116.805 E255.12201
G1 X113.697 Y117.5 E255.14523
G1 X113.762 Y118.191 E255.16832
G1 X113.956 Y118.871 E255.19184
G1 X114.267 Y119.498 E255.21511
G1 X114.693 Y120.06 E255.23857
G1 X115.21 Y120.531 E255.26183
G1 X115.802 Y120.9 E255.28503
G1 X116.463 Y121.154 E255.30858
G1 X117.147 Y121.28 E255.33172
G1 X117.5 Y121.28 E255.34346
G0 F9000 X117.5 Y120.573
G0 X116.423 Y120.379
G0 X116.339 Y120.592
;TYPE:FILL
G1 F3000 X120.05 Y119.598 E255.47124
G0 F9000 X119.871 Y119.461
G0 X120.539 Y116.987
G0 X120.767 Y116.967
G1 F3000 X118.041 Y114.241 E255.59946
G0 F9000 X117.998 Y114.466
G0 X115.557 Y115.112
G0 X115.403 Y114.942
G1 F3000 X114.402 Y118.679 E255.72813
G0 F9000 X114.916 Y118.534
G1 F2700 E250.72813
;MESH:megav4.5-pcbfoot.stl(2)
G0 F9000 X117.325 Y118.942
G0 X121.009 Y118.154
G0 X122.098 Y118.254
G0 X123.01 Y117.977
G0 X123.882 Y117.317
G0 X126.266 Y117.986
G0 X126.266 Y118.296
;TYPE:WALL-INNER
G1 F2700 E255.72813
G1 F1500 X126.835 Y118.296 E255.74706
G1 X127.446 Y118.18 E255.76774
G1 X128.034 Y117.952 E255.78872
G1 X128.564 Y117.623 E255.80947
G1 X129.026 Y117.201 E255.83028
G1 X129.407 Y116.698 E255.85127
G1 X129.686 Y116.138 E255.87208
G1 X129.859 Y115.529 E255.89313
G1 X129.917 Y114.912 E255.91375
G1 X129.859 Y114.292 E255.93446
G1 X129.686 Y113.686 E255.95542
G1 X129.407 Y113.121 E255.97638
G1 X129.027 Y112.619 E255.99732
G1 X128.565 Y112.201 E256.01804
G1 X128.034 Y111.872 E256.03882
G1 X127.446 Y111.644 E256.05979
G1 X126.835 Y111.529 E256.08047
G1 X126.205 Y111.528 E256.10142
G1 X125.593 Y111.644 E256.12214
G1 X125.001 Y111.872 E256.14324
G1 X124.471 Y112.201 E256.16399
G1 X124.009 Y112.62 E256.18473
G1 X123.63 Y113.122 E256.20565
G1 X123.35 Y113.686 E256.2266
G1 X123.177 Y114.292 E256.24756
G1 X123.119 Y114.912 E256.26827
G1 X123.176 Y115.529 E256.28888
G1 X123.35 Y116.138 E256.30994
G1 X123.629 Y116.698 E256.33075
G1 X124.01 Y117.202 E256.35177
G1 X124.472 Y117.623 E256.37256
G1 X125.001 Y117.952 E256.39328
G1 X125.593 Y118.18 E256.41438
G1 X126.205 Y118.296 E256.43509
G1 X126.266 Y118.296 E256.43712
G0 F9000 X126.266 Y117.986
G0 X126.401 Y116.816
G0 X126.401 Y116.503
G1 F1500 X126.318 Y116.503 E256.43988
G1 X125.948 Y116.405 E256.45261
G1 X125.6 Y116.231 E256.46556
G1 X125.307 Y115.966 E256.47869
G1 X125.094 Y115.644 E256.49154
G1 X124.97 Y115.321 E256.50304
G1 X124.914 Y114.913 E256.51674
G1 X124.971 Y114.502 E256.53054
G1 X125.093 Y114.182 E256.54193
G1 X125.328 Y113.838 E256.55579
G1 X125.602 Y113.593 E256.56801
G1 X125.948 Y113.416 E256.58094
G1 X126.319 Y113.321 E256.59368
G1 X126.725 Y113.321 E256.60718
G1 X127.093 Y113.416 E256.61982
G1 X127.436 Y113.594 E256.63267
G1 X127.722 Y113.847 E256.64538
G1 X127.943 Y114.181 E256.6587
G1 X128.079 Y114.538 E256.6714
G1 X128.117 Y114.912 E256.68391
G1 X128.078 Y115.29 E256.69654
G1 X127.943 Y115.644 E256.70915
G1 X127.708 Y115.986 E256.72295
G1 X127.428 Y116.238 E256.73548
G1 X127.094 Y116.404 E256.74788
G1 X126.722 Y116.502 E256.76068
G1 X126.401 Y116.503 E256.77135
G0 F9000 X126.431 Y116.104
;TYPE:WALL-OUTER
G1 F1500 X126.381 Y116.104 E256.77302
G1 X126.092 Y116.031 E256.78293
G1 X125.842 Y115.906 E256.79223
G1 X125.621 Y115.713 E256.80199
G1 X125.452 Y115.466 E256.81194
G1 X125.355 Y115.211 E256.82101
G1 X125.32 Y114.893 E256.83165
G1 X125.355 Y114.612 E256.84107
G1 X125.452 Y114.359 E256.85008
G1 X125.608 Y114.127 E256.85938
G1 X125.822 Y113.931 E256.86904
G1 X126.092 Y113.789 E256.87918
G1 X126.381 Y113.72 E256.88906
G1 X126.655 Y113.72 E256.89818
G1 X126.949 Y113.789 E256.90822
G1 X127.214 Y113.931 E256.91822
G1 X127.415 Y114.111 E256.9272
G1 X127.584 Y114.359 E256.93718
G1 X127.681 Y114.612 E256.94619
G1 X127.717 Y114.912 E256.95624
G1 X127.681 Y115.211 E256.96626
G1 X127.584 Y115.466 E256.97533
G1 X127.415 Y115.713 E256.98528
G1 X127.213 Y115.893 E256.99428
G1 X126.949 Y116.031 E257.00419
G1 X126.655 Y116.104 E257.01427
G1 X126.431 Y116.104 E257.02172
G1 F2700 E252.02172
G0 F9000 X126.431 Y116.816
G0 X126.236 Y117.986
G0 X126.236 Y118.696
G1 F2700 E257.02172
G1 F1500 X126.873 Y118.696 E257.0429
G1 X127.556 Y118.566 E257.06603
G1 X128.214 Y118.312 E257.08949
G1 X128.806 Y117.943 E257.11269
G1 X129.323 Y117.472 E257.13595
G1 X129.749 Y116.91 E257.15941
G1 X130.06 Y116.283 E257.18268
G1 X130.254 Y115.603 E257.2062
G1 X130.319 Y114.912 E257.22929
G1 X130.254 Y114.218 E257.25247
G1 X130.06 Y113.541 E257.27589
G1 X129.749 Y112.91 E257.29929
G1 X129.323 Y112.348 E257.32275
G1 X128.807 Y111.881 E257.34589
G1 X128.214 Y111.512 E257.36912
G1 X127.556 Y111.258 E257.39258
G1 X126.873 Y111.129 E257.4157
G1 X126.167 Y111.128 E257.43918
G1 X125.483 Y111.258 E257.46234
G1 X124.822 Y111.512 E257.48589
G1 X124.229 Y111.881 E257.50912
G1 X123.713 Y112.348 E257.53227
G1 X123.288 Y112.91 E257.55571
G1 X122.976 Y113.541 E257.57912
G1 X122.782 Y114.218 E257.60254
G1 X122.717 Y114.912 E257.62573
G1 X122.782 Y115.603 E257.64881
G1 X122.976 Y116.283 E257.67233
G1 X123.287 Y116.91 E257.69561
G1 X123.713 Y117.472 E257.71906
G1 X124.23 Y117.943 E257.74232
G1 X124.822 Y118.312 E257.76553
G1 X125.483 Y118.566 E257.78908
G1 X126.167 Y118.696 E257.81224
G1 X126.236 Y118.696 E257.81453
G0 F9000 X126.236 Y117.986
G0 X125.444 Y117.792
G0 X125.361 Y118.005
;TYPE:FILL
G1 F3000 X129.069 Y117.012 E257.9422
G0 F9000 X128.89 Y116.876
G0 X129.559 Y114.401
G0 X129.787 Y114.381
G1 F3000 X127.059 Y111.653 E258.07052
G0 F9000 X127.016 Y111.879
G0 X125.71 Y111.939
G0 X125.668 Y111.711
G1 F3000 X125.58 Y111.735 E258.07356
G0 F9000 X125.662 Y111.95
G0 X124.579 Y112.523
G0 X124.424 Y112.353
G1 F3000 X123.421 Y116.095 E258.20241
G0 F9000 X123.937 Y115.949
G1 F2700 E253.20241
;MESH:megav4.5-pcbfoot.stl(3)
G0 F9000 X124.367 Y117.759
G0 X123.791 Y118.69
G0 X122.087 Y122.338
G0 X121.601 Y123.317
G0 X121.53 Y126.709
G0 X121.446 Y127.05
G0 X121.283 Y127.359
G0 X120.012 Y128.441
G0 X120.05 Y128.133
;TYPE:WALL-INNER
G1 F2700 E258.20241
G1 F1500 X119.679 Y128.078 E258.21488
G1 X119.353 Y127.954 E258.22648
G1 X119.033 Y127.744 E258.23921
G1 X118.794 Y127.475 E258.25118
G1 X118.589 Y127.113 E258.26502
G1 X118.493 Y126.728 E258.27822
G1 X118.493 Y126.327 E258.29155
G1 X118.591 Y125.962 E258.30412
G1 X118.768 Y125.619 E258.31696
G1 X119.014 Y125.345 E258.32921
G1 X119.322 Y125.121 E258.34187
G1 X119.679 Y124.986 E258.35457
G1 X120.088 Y124.931 E258.36829
G1 X120.464 Y124.975 E258.38089
G1 X120.82 Y125.109 E258.39354
G1 X121.148 Y125.33 E258.40669
G1 X121.403 Y125.617 E258.41946
G1 X121.58 Y125.958 E258.43224
G1 X121.679 Y126.333 E258.44514
G1 X121.679 Y126.731 E258.45838
G1 X121.58 Y127.104 E258.47121
G1 X121.403 Y127.445 E258.48399
G1 X121.159 Y127.722 E258.49627
G1 X120.835 Y127.952 E258.50948
G1 X120.493 Y128.077 E258.5216
G1 X120.093 Y128.139 E258.53506
G1 X120.05 Y128.133 E258.5365
G0 F9000 X120.012 Y128.441
G0 X120.036 Y129.616
G0 X120.007 Y129.922
G1 F1500 X120.088 Y129.929 E258.53921
G1 X120.706 Y129.875 E258.55984
G1 X121.314 Y129.702 E258.58086
G1 X121.873 Y129.424 E258.60163
G1 X122.377 Y129.039 E258.62272
G1 X122.8 Y128.579 E258.64351
G1 X123.128 Y128.051 E258.66418
G1 X123.355 Y127.46 E258.68524
G1 X123.468 Y126.849 E258.70591
G1 X123.468 Y126.215 E258.72699
G1 X123.355 Y125.604 E258.74766
G1 X123.128 Y125.017 E258.76859
G1 X122.799 Y124.484 E258.78943
G1 X122.378 Y124.026 E258.81012
G1 X121.874 Y123.645 E258.83113
G1 X121.314 Y123.366 E258.85194
G1 X120.705 Y123.193 E258.873
G1 X120.088 Y123.135 E258.89361
G1 X119.467 Y123.193 E258.91435
G1 X118.858 Y123.366 E258.93541
G1 X118.298 Y123.645 E258.95622
G1 X117.795 Y124.025 E258.97719
G1 X117.377 Y124.484 E258.99783
G1 X117.044 Y125.017 E259.01874
G1 X116.82 Y125.605 E259.03967
G1 X116.704 Y126.217 E259.06038
G1 X116.704 Y126.847 E259.08134
G1 X116.82 Y127.46 E259.10209
G1 X117.044 Y128.051 E259.12311
G1 X117.376 Y128.579 E259.14385
G1 X117.796 Y129.04 E259.1646
G1 X118.299 Y129.424 E259.18564
G1 X118.858 Y129.701 E259.20639
G1 X119.466 Y129.874 E259.22742
G1 X120.007 Y129.922 E259.24548
G0 F9000 X119.998 Y130.323
;TYPE:WALL-OUTER
G1 F1503.8 X120.088 Y130.331 E259.24848
G1 F1500 X120.779 Y130.27 E259.27155
G1 X121.459 Y130.076 E259.29507
G1 X122.085 Y129.765 E259.31832
G1 X122.648 Y129.335 E259.34188
G1 X123.12 Y128.822 E259.36507
G1 X123.488 Y128.23 E259.38825
G1 X123.742 Y127.569 E259.4118
G1 X123.868 Y126.885 E259.43494
G1 X123.868 Y126.179 E259.45842
G1 X123.742 Y125.495 E259.48155
G1 X123.488 Y124.838 E259.50498
G1 X123.119 Y124.242 E259.52829
G1 X122.648 Y123.729 E259.55146
G1 X122.086 Y123.303 E259.57491
G1 X121.459 Y122.992 E259.59819
G1 X120.779 Y122.798 E259.62171
G1 X120.088 Y122.733 E259.6448
G1 X119.393 Y122.798 E259.66801
G1 X118.713 Y122.992 E259.69153
G1 X118.086 Y123.303 E259.71481
G1 X117.524 Y123.729 E259.73827
G1 X117.057 Y124.242 E259.76134
G1 X116.684 Y124.838 E259.78472
G1 X116.434 Y125.495 E259.8081
G1 X116.304 Y126.179 E259.83126
G1 X116.304 Y126.885 E259.85474
G1 X116.434 Y127.569 E259.8779
G1 X116.684 Y128.23 E259.9014
G1 X117.056 Y128.822 E259.92466
G1 X117.524 Y129.336 E259.94778
G1 X118.087 Y129.765 E259.97132
G1 X118.713 Y130.076 E259.99457
G1 X119.393 Y130.27 E260.01809
G1 F1503.8 X119.998 Y130.323 E260.03824
G1 F2700 E255.03824
G0 F9000 X120.063 Y129.618
G0 X119.973 Y128.436
G0 X120.059 Y127.731
G1 F2700 E260.03824
G1 F1500 X119.789 Y127.693 E260.04731
G1 X119.531 Y127.596 E260.05648
G1 X119.287 Y127.431 E260.06627
G1 X119.094 Y127.207 E260.07611
G1 X118.965 Y126.959 E260.0854
G1 X118.892 Y126.667 E260.09542
G1 X118.892 Y126.397 E260.1044
G1 X118.965 Y126.104 E260.11444
G1 X119.094 Y125.858 E260.12368
G1 X119.287 Y125.637 E260.13344
G1 X119.53 Y125.468 E260.14328
G1 X119.789 Y125.371 E260.15248
G1 X120.088 Y125.331 E260.16251
G1 X120.357 Y125.365 E260.17153
G1 X120.642 Y125.468 E260.18161
G1 X120.869 Y125.624 E260.19077
G1 X121.079 Y125.858 E260.20123
G1 X121.207 Y126.103 E260.21042
G1 X121.28 Y126.396 E260.22047
G1 X121.28 Y126.668 E260.22951
G1 X121.198 Y126.982 E260.24031
G1 X121.078 Y127.206 E260.24876
G1 X120.87 Y127.443 E260.25925
G1 X120.642 Y127.595 E260.26836
G1 X120.383 Y127.693 E260.27757
G1 X120.07 Y127.732 E260.28806
G1 X120.059 Y127.731 E260.28843
G0 F9000 X119.973 Y128.436
G0 X118.97 Y129.411
G0 X118.907 Y129.632
;TYPE:FILL
G1 F3000 X122.644 Y128.63 E260.41711
G0 F9000 X122.477 Y128.476
G0 X123.121 Y126.033
G0 X123.346 Y125.992
G1 F3000 X120.62 Y123.266 E260.54534
G0 F9000 X120.599 Y123.494
G0 X118.129 Y124.161
G0 X117.991 Y123.978
G1 F3000 X116.995 Y127.695 E260.67332
G0 F9000 X117.49 Y127.504
G1 F2700 E255.67332
;MESH:NONMESH
G0 F300 X117.49 Y127.504 Z4
G0 F9000 X116.534 Y126.204
G0 X115.459 Y126.004
G0 X111.988 Y123.139
G0 X111.115 Y122.48
G0 X108.602 Y121.979
G0 X108.602 Y121.667
;TIME_ELAPSED:525.173305
;LAYER:19
;TYPE:WALL-INNER
;MESH:megav4.5-pcbfoot.stl(1)
G1 F2700 E260.67332
G1 F1500 X108.247 Y121.659 E260.68513
G1 X107.904 Y121.569 E260.69693
G1 X107.562 Y121.391 E260.70975
G1 X107.265 Y121.129 E260.72293
G1 X107.054 Y120.808 E260.7357
G1 X106.93 Y120.481 E260.74733
G1 X106.87 Y120.076 E260.76095
G1 X106.93 Y119.667 E260.7747
G1 X107.054 Y119.341 E260.7863
G1 X107.264 Y119.021 E260.79903
G1 X107.533 Y118.782 E260.811
G1 X107.895 Y118.577 E260.82484
G1 X108.28 Y118.481 E260.83803
G1 X108.673 Y118.481 E260.8511
G1 X109.046 Y118.578 E260.86392
G1 X109.362 Y118.742 E260.87576
G1 X109.673 Y119.004 E260.88929
G1 X109.898 Y119.34 E260.90274
G1 X110.032 Y119.697 E260.91542
G1 X110.077 Y120.076 E260.92812
G1 X110.022 Y120.481 E260.94171
G1 X109.899 Y120.808 E260.95333
G1 X109.678 Y121.136 E260.96648
G1 X109.391 Y121.391 E260.97925
G1 X109.05 Y121.568 E260.99203
G1 X108.672 Y121.668 E261.00504
G1 X108.602 Y121.667 E261.00737
G0 F9000 X108.602 Y121.979
G0 X108.742 Y123.149
G0 X108.742 Y123.456
G1 F1500 X108.793 Y123.456 E261.00906
G1 X109.404 Y123.344 E261.02972
G1 X109.991 Y123.116 E261.05067
G1 X110.523 Y122.787 E261.07147
G1 X110.982 Y122.366 E261.09219
G1 X111.363 Y121.862 E261.1132
G1 X111.642 Y121.302 E261.13401
G1 X111.815 Y120.693 E261.15507
G1 X111.873 Y120.076 E261.17568
G1 X111.815 Y119.455 E261.19642
G1 X111.642 Y118.846 E261.21748
G1 X111.363 Y118.286 E261.23829
G1 X110.983 Y117.783 E261.25926
G1 X110.524 Y117.365 E261.27991
G1 X109.991 Y117.032 E261.30081
G1 X109.403 Y116.808 E261.32174
G1 X108.791 Y116.693 E261.34245
G1 X108.161 Y116.692 E261.3634
G1 X107.548 Y116.808 E261.38415
G1 X106.957 Y117.032 E261.40517
G1 X106.429 Y117.364 E261.42592
G1 X105.968 Y117.784 E261.44666
G1 X105.584 Y118.287 E261.46771
G1 X105.307 Y118.846 E261.48846
G1 X105.134 Y119.454 E261.50948
G1 X105.079 Y120.076 E261.53025
G1 X105.134 Y120.694 E261.55089
G1 X105.307 Y121.302 E261.57191
G1 X105.584 Y121.861 E261.59266
G1 X105.969 Y122.365 E261.61376
G1 X106.429 Y122.788 E261.63454
G1 X106.957 Y123.115 E261.6552
G1 X107.548 Y123.343 E261.67627
G1 X108.159 Y123.456 E261.69693
G1 X108.742 Y123.456 E261.71632
G0 F9000 X108.774 Y123.856
;TYPE:WALL-OUTER
G1 F1500 X108.829 Y123.856 E261.71815
G1 X109.513 Y123.73 E261.74129
G1 X110.17 Y123.476 E261.76471
G1 X110.766 Y123.107 E261.78803
G1 X111.279 Y122.636 E261.81119
G1 X111.705 Y122.074 E261.83465
G1 X112.016 Y121.447 E261.85793
G1 X112.21 Y120.767 E261.88145
G1 X112.275 Y120.076 E261.90453
G1 X112.21 Y119.381 E261.92775
G1 X112.016 Y118.701 E261.95127
G1 X111.705 Y118.074 E261.97454
G1 X111.279 Y117.512 E261.998
G1 X110.766 Y117.045 E262.02107
G1 X110.17 Y116.672 E262.04446
G1 X109.513 Y116.422 E262.06784
G1 X108.829 Y116.293 E262.09099
G1 X108.123 Y116.292 E262.11447
G1 X107.439 Y116.422 E262.13763
G1 X106.778 Y116.672 E262.16113
G1 X106.186 Y117.044 E262.18439
G1 X105.672 Y117.512 E262.20751
G1 X105.243 Y118.075 E262.23105
G1 X104.932 Y118.701 E262.2543
G1 X104.738 Y119.381 E262.27782
G1 X104.677 Y120.076 E262.30102
G1 X104.738 Y120.767 E262.3241
G1 X104.932 Y121.447 E262.34761
G1 X105.243 Y122.073 E262.37086
G1 X105.673 Y122.636 E262.39443
G1 X106.186 Y123.108 E262.41761
G1 X106.778 Y123.475 E262.44078
G1 X107.439 Y123.73 E262.46434
G1 X108.123 Y123.856 E262.48748
G1 X108.774 Y123.856 E262.50913
G1 F2700 E257.50913
G0 F9000 X108.763 Y123.15
G0 X108.571 Y121.979
G0 X108.571 Y121.268
G1 F2700 E262.50913
G1 F1500 X108.34 Y121.268 E262.51681
G1 X108.048 Y121.195 E262.52682
G1 X107.802 Y121.066 E262.53606
G1 X107.565 Y120.858 E262.54655
G1 X107.412 Y120.63 E262.55568
G1 X107.315 Y120.371 E262.56488
G1 X107.276 Y120.094 E262.57418
G1 X107.315 Y119.777 E262.58481
G1 X107.412 Y119.519 E262.59397
G1 X107.577 Y119.275 E262.60377
G1 X107.801 Y119.082 E262.6136
G1 X108.049 Y118.953 E262.6229
G1 X108.341 Y118.88 E262.63291
G1 X108.611 Y118.88 E262.64189
G1 X108.904 Y118.952 E262.65193
G1 X109.15 Y119.082 E262.66118
G1 X109.371 Y119.275 E262.67094
G1 X109.54 Y119.518 E262.68079
G1 X109.637 Y119.777 E262.68999
G1 X109.677 Y120.076 E262.70002
G1 X109.637 Y120.371 E262.70992
G1 X109.54 Y120.63 E262.71912
G1 X109.384 Y120.857 E262.72828
G1 X109.15 Y121.067 E262.73874
G1 X108.905 Y121.195 E262.74793
G1 X108.612 Y121.268 E262.75797
G1 X108.571 Y121.268 E262.75934
G0 F9000 X108.571 Y121.979
G0 X107.623 Y123.041
G0 X107.539 Y123.255
;TYPE:FILL
G1 F3000 X110.866 Y122.363 E262.8739
G0 F9000 X111.292 Y121.822
G1 F3000 X111.785 Y119.984 E262.9372
G0 F9000 X111.682 Y119.28
G1 F3000 X109.264 Y116.863 E263.05091
G0 F9000 X108.55 Y116.772
G1 F3000 X106.755 Y117.253 E263.11272
G0 F9000 X106.187 Y117.692
G1 F3000 X105.303 Y120.994 E263.22641
G0 F9000 X105.572 Y121.656
G1 F3000 X106.904 Y122.988 E263.28906
G0 F9000 X107.184 Y122.537
G1 F2700 E258.28906
;MESH:megav4.5-pcbfoot.stl
G0 F9000 X111.986 Y120.73
G0 X113.075 Y120.83
G0 X114.611 Y121.155
G0 X115.347 Y120.346
G0 X117.5 Y120.573
G0 X117.5 Y120.88
;TYPE:WALL-INNER
G1 F2700 E263.28906
G1 F1500 X117.817 Y120.88 E263.2996
G1 X118.428 Y120.768 E263.32027
G1 X119.014 Y120.54 E263.34118
G1 X119.544 Y120.211 E263.36193
G1 X120.006 Y119.789 E263.38274
G1 X120.387 Y119.286 E263.40373
G1 X120.666 Y118.726 E263.42454
G1 X120.839 Y118.117 E263.44559
G1 X120.897 Y117.5 E263.4662
G1 X120.839 Y116.879 E263.48695
G1 X120.666 Y116.27 E263.50801
G1 X120.387 Y115.71 E263.52881
G1 X120.007 Y115.207 E263.54978
G1 X119.544 Y114.789 E263.57053
G1 X119.014 Y114.456 E263.59135
G1 X118.427 Y114.232 E263.61224
G1 X117.815 Y114.117 E263.63296
G1 X117.185 Y114.116 E263.65391
G1 X116.572 Y114.232 E263.67466
G1 X115.981 Y114.457 E263.69569
G1 X115.452 Y114.789 E263.71647
G1 X114.989 Y115.208 E263.73723
G1 X114.609 Y115.71 E263.75818
G1 X114.33 Y116.27 E263.77899
G1 X114.157 Y116.879 E263.80004
G1 X114.099 Y117.5 E263.82079
G1 X114.157 Y118.117 E263.8414
G1 X114.33 Y118.726 E263.86246
G1 X114.609 Y119.286 E263.88326
G1 X114.99 Y119.789 E263.90425
G1 X115.452 Y120.211 E263.92506
G1 X115.981 Y120.54 E263.94578
G1 X116.572 Y120.767 E263.96684
G1 X117.183 Y120.88 E263.98751
G1 X117.5 Y120.88 E263.99805
G0 F9000 X117.5 Y120.573
G0 X117.5 Y119.403
G0 X117.5 Y119.091
G1 F1500 X117.298 Y119.091 E264.00477
G1 X116.928 Y118.993 E264.0175
G1 X116.582 Y118.815 E264.03044
G1 X116.309 Y118.571 E264.04262
G1 X116.085 Y118.261 E264.05534
G1 X115.95 Y117.905 E264.068
G1 X115.894 Y117.501 E264.08157
G1 X115.95 Y117.091 E264.09533
G1 X116.086 Y116.733 E264.10807
G1 X116.308 Y116.426 E264.12067
G1 X116.577 Y116.184 E264.1327
G1 X116.925 Y116 E264.1458
G1 X117.299 Y115.905 E264.15863
G1 X117.697 Y115.905 E264.17187
G1 X118.07 Y116.002 E264.18469
G1 X118.387 Y116.167 E264.19657
G1 X118.698 Y116.43 E264.21012
G1 X118.922 Y116.764 E264.2235
G1 X119.059 Y117.128 E264.23643
G1 X119.097 Y117.5 E264.24887
G1 X119.046 Y117.905 E264.26245
G1 X118.923 Y118.232 E264.27407
G1 X118.687 Y118.571 E264.2878
G1 X118.413 Y118.816 E264.30003
G1 X118.074 Y118.992 E264.31273
G1 X117.699 Y119.091 E264.32563
G1 X117.5 Y119.091 E264.33225
G0 F9000 X117.5 Y118.692
;TYPE:WALL-OUTER
G1 F1500 X117.361 Y118.692 E264.33688
G1 X117.051 Y118.61 E264.34754
G1 X116.803 Y118.477 E264.3569
G1 X116.601 Y118.297 E264.3659
G1 X116.432 Y118.054 E264.37574
G1 X116.335 Y117.795 E264.38494
G1 X116.3 Y117.481 E264.39545
G1 X116.335 Y117.201 E264.40484
G1 X116.432 Y116.943 E264.414
G1 X116.588 Y116.715 E264.42319
G1 X116.821 Y116.506 E264.4336
G1 X117.093 Y116.37 E264.44372
G1 X117.361 Y116.304 E264.4529
G1 X117.635 Y116.304 E264.46201
G1 X117.928 Y116.376 E264.47205
G1 X118.175 Y116.506 E264.48133
G1 X118.395 Y116.699 E264.49106
G1 X118.564 Y116.942 E264.50091
G1 X118.661 Y117.201 E264.51011
G1 X118.697 Y117.5 E264.52012
G1 X118.661 Y117.795 E264.53001
G1 X118.564 Y118.054 E264.53921
G1 X118.395 Y118.297 E264.54905
G1 X118.193 Y118.477 E264.55805
G1 X117.929 Y118.619 E264.56802
G1 X117.636 Y118.692 E264.57806
G1 X117.5 Y118.692 E264.58259
G1 F2700 E259.58259
G0 F9000 X117.5 Y119.403
G0 X117.5 Y120.573
G0 X117.5 Y121.28
G1 F2700 E264.58259
G1 F1500 X117.853 Y121.28 E264.59433
G1 X118.537 Y121.154 E264.61746
G1 X119.194 Y120.9 E264.64089
G1 X119.786 Y120.531 E264.66409
G1 X120.303 Y120.06 E264.68735
G1 X120.729 Y119.498 E264.71081
G1 X121.04 Y118.871 E264.73409
G1 X121.234 Y118.191 E264.75761
G1 X121.299 Y117.5 E264.78069
G1 X121.234 Y116.805 E264.80391
G1 X121.04 Y116.125 E264.82743
G1 X120.729 Y115.498 E264.8507
G1 X120.303 Y114.936 E264.87416
G1 X119.786 Y114.469 E264.89733
G1 X119.194 Y114.096 E264.9206
G1 X118.537 Y113.846 E264.94398
G1 X117.853 Y113.717 E264.96714
G1 X117.147 Y113.716 E264.99062
G1 X116.463 Y113.846 E265.01377
G1 X115.802 Y114.097 E265.03729
G1 X115.21 Y114.469 E265.06055
G1 X114.693 Y114.936 E265.08372
G1 X114.267 Y115.498 E265.10717
G1 X113.956 Y116.125 E265.13045
G1 X113.762 Y116.805 E265.15397
G1 X113.697 Y117.5 E265.17719
G1 X113.762 Y118.191 E265.20027
G1 X113.956 Y118.871 E265.22379
G1 X114.267 Y119.498 E265.24707
G1 X114.693 Y120.06 E265.27053
G1 X115.21 Y120.531 E265.29379
G1 X115.802 Y120.9 E265.31699
G1 X116.463 Y121.154 E265.34054
G1 X117.147 Y121.28 E265.36367
G1 X117.5 Y121.28 E265.37541
G0 F9000 X117.5 Y120.573
G0 X116.646 Y120.465
G0 X116.562 Y120.679
;TYPE:FILL
G1 F3000 X119.89 Y119.787 E265.49001
G0 F9000 X120.315 Y119.247
G1 F3000 X120.808 Y117.409 E265.5533
G0 F9000 X120.707 Y116.708
G1 F3000 X118.286 Y114.287 E265.66718
G0 F9000 X117.571 Y114.196
G1 F3000 X115.784 Y114.675 E265.72871
G0 F9000 X115.21 Y115.117
G1 F3000 X114.326 Y118.416 E265.84231
G0 F9000 X114.599 Y119.085
G1 F3000 X115.925 Y120.411 E265.90468
G0 F9000 X116.205 Y119.959
G1 F2700 E260.90468
;MESH:megav4.5-pcbfoot.stl(2)
G0 F9000 X120.829 Y118.787
G0 X121.881 Y119.085
G0 X123.631 Y118.568
G0 X124.367 Y117.759
G0 X126.266 Y117.986
G0 X126.266 Y118.296
;TYPE:WALL-INNER
G1 F2700 E265.90468
G1 F1500 X126.835 Y118.296 E265.92361
G1 X127.446 Y118.18 E265.94429
G1 X128.034 Y117.952 E265.96527
G1 X128.564 Y117.623 E265.98602
G1 X129.026 Y117.201 E266.00683
G1 X129.407 Y116.698 E266.02781
G1 X129.686 Y116.138 E266.04862
G1 X129.859 Y115.529 E266.06968
G1 X129.917 Y114.912 E266.09029
G1 X129.859 Y114.292 E266.111
G1 X129.686 Y113.686 E266.13196
G1 X129.407 Y113.121 E266.15292
G1 X129.027 Y112.619 E266.17386
G1 X128.565 Y112.201 E266.19459
G1 X128.034 Y111.872 E266.21536
G1 X127.446 Y111.644 E266.23634
G1 X126.835 Y111.529 E266.25702
G1 X126.205 Y111.528 E266.27797
G1 X125.593 Y111.644 E266.29869
G1 X125.001 Y111.872 E266.31979
G1 X124.471 Y112.201 E266.34054
G1 X124.009 Y112.62 E266.36128
G1 X123.63 Y113.122 E266.3822
G1 X123.35 Y113.686 E266.40314
G1 X123.177 Y114.292 E266.42411
G1 X123.119 Y114.912 E266.44482
G1 X123.176 Y115.529 E266.46543
G1 X123.35 Y116.138 E266.48649
G1 X123.629 Y116.698 E266.5073
G1 X124.01 Y117.202 E266.52831
G1 X124.472 Y117.623 E266.5491
G1 X125.001 Y117.952 E266.56982
G1 X125.593 Y118.18 E266.59092
G1 X126.205 Y118.296 E266.61164
G1 X126.266 Y118.296 E266.61367
G0 F9000 X126.266 Y117.986
G0 X126.401 Y116.816
G0 X126.401 Y116.503
G1 F1500 X126.318 Y116.503 E266.61643
G1 X125.948 Y116.405 E266.62916
G1 X125.6 Y116.231 E266.6421
G1 X125.307 Y115.966 E266.65524
G1 X125.094 Y115.644 E266.66808
G1 X124.97 Y115.321 E266.67959
G1 X124.914 Y114.913 E266.69329
G1 X124.971 Y114.502 E266.70709
G1 X125.093 Y114.182 E266.71848
G1 X125.328 Y113.838 E266.73234
G1 X125.602 Y113.593 E266.74456
G1 X125.948 Y113.416 E266.75749
G1 X126.319 Y113.321 E266.77022
G1 X126.725 Y113.321 E266.78373
G1 X127.093 Y113.416 E266.79637
G1 X127.436 Y113.594 E266.80922
G1 X127.722 Y113.847 E266.82192
G1 X127.943 Y114.181 E266.83524
G1 X128.079 Y114.538 E266.84795
G1 X128.117 Y114.912 E266.86045
G1 X128.078 Y115.29 E266.87309
G1 X127.943 Y115.644 E266.88569
G1 X127.708 Y115.986 E266.89949
G1 X127.428 Y116.238 E266.91202
G1 X127.094 Y116.404 E266.92443
G1 X126.722 Y116.502 E266.93722
G1 X126.401 Y116.503 E266.9479
G0 F9000 X126.431 Y116.104
;TYPE:WALL-OUTER
G1 F1500 X126.381 Y116.104 E266.94956
G1 X126.092 Y116.031 E266.95948
G1 X125.842 Y115.906 E266.96877
G1 X125.621 Y115.713 E266.97853
G1 X125.452 Y115.466 E266.98849
G1 X125.355 Y115.211 E266.99756
G1 X125.32 Y114.893 E267.0082
G1 X125.355 Y114.612 E267.01762
G1 X125.452 Y114.359 E267.02663
G1 X125.608 Y114.127 E267.03593
G1 X125.822 Y113.931 E267.04558
G1 X126.092 Y113.789 E267.05573
G1 X126.381 Y113.72 E267.06561
G1 X126.655 Y113.72 E267.07472
G1 X126.949 Y113.789 E267.08477
G1 X127.214 Y113.931 E267.09477
G1 X127.415 Y114.111 E267.10374
G1 X127.584 Y114.359 E267.11372
G1 X127.681 Y114.612 E267.12274
G1 X127.717 Y114.912 E267.13279
G1 X127.681 Y115.211 E267.1428
G1 X127.584 Y115.466 E267.15188
G1 X127.415 Y115.713 E267.16183
G1 X127.213 Y115.893 E267.17083
G1 X126.949 Y116.031 E267.18074
G1 X126.655 Y116.104 E267.19081
G1 X126.431 Y116.104 E267.19826
G1 F2700 E262.19826
G0 F9000 X126.431 Y116.816
G0 X126.236 Y117.986
G0 X126.236 Y118.696
G1 F2700 E267.19826
G1 F1500 X126.873 Y118.696 E267.21945
G1 X127.556 Y118.566 E267.24257
G1 X128.214 Y118.312 E267.26603
G1 X128.806 Y117.943 E267.28924
G1 X129.323 Y117.472 E267.3125
G1 X129.749 Y116.91 E267.33595
G1 X130.06 Y116.283 E267.35923
G1 X130.254 Y115.603 E267.38275
G1 X130.319 Y114.912 E267.40583
G1 X130.254 Y114.218 E267.42902
G1 X130.06 Y113.541 E267.45244
G1 X129.749 Y112.91 E267.47584
G1 X129.323 Y112.348 E267.49929
G1 X128.807 Y111.881 E267.52244
G1 X128.214 Y111.512 E267.54567
G1 X127.556 Y111.258 E267.56913
G1 X126.873 Y111.129 E267.59225
G1 X126.167 Y111.128 E267.61573
G1 X125.483 Y111.258 E267.63889
G1 X124.822 Y111.512 E267.66244
G1 X124.229 Y111.881 E267.68567
G1 X123.713 Y112.348 E267.70882
G1 X123.288 Y112.91 E267.73225
G1 X122.976 Y113.541 E267.75566
G1 X122.782 Y114.218 E267.77909
G1 X122.717 Y114.912 E267.80227
G1 X122.782 Y115.603 E267.82536
G1 X122.976 Y116.283 E267.84888
G1 X123.287 Y116.91 E267.87215
G1 X123.713 Y117.472 E267.89561
G1 X124.23 Y117.943 E267.91887
G1 X124.822 Y118.312 E267.94207
G1 X125.483 Y118.566 E267.96562
G1 X126.167 Y118.696 E267.98878
G1 X126.236 Y118.696 E267.99108
G0 F9000 X125.583 Y118.091
;TYPE:FILL
G1 F3000 X128.907 Y117.201 E268.10553
G0 F9000 X129.336 Y116.658
G1 F3000 X129.828 Y114.82 E268.16881
G0 F9000 X129.727 Y114.121
G1 F3000 X127.305 Y111.699 E268.28274
G0 F9000 X126.595 Y111.609
G1 F3000 X124.804 Y112.089 E268.34441
G0 F9000 X124.231 Y112.528
G1 F3000 X123.346 Y115.83 E268.45811
G0 F9000 X123.619 Y116.498
G1 F3000 X124.939 Y117.819 E268.52022
G0 F9000 X125.218 Y117.368
G1 F2700 E263.52022
;MESH:megav4.5-pcbfoot.stl(3)
G0 F9000 X124.932 Y118.11
G0 X124.356 Y119.041
G0 X122.455 Y122.521
G0 X121.969 Y123.501
G0 X121.446 Y127.05
G0 X121.283 Y127.359
G0 X120.012 Y128.441
G0 X120.05 Y128.133
;TYPE:WALL-INNER
G1 F2700 E268.52022
G1 F1500 X119.679 Y128.078 E268.53269
G1 X119.353 Y127.954 E268.5443
G1 X119.033 Y127.744 E268.55703
G1 X118.794 Y127.475 E268.56899
G1 X118.589 Y127.113 E268.58283
G1 X118.493 Y126.728 E268.59603
G1 X118.493 Y126.327 E268.60937
G1 X118.591 Y125.962 E268.62194
G1 X118.768 Y125.619 E268.63477
G1 X119.014 Y125.345 E268.64702
G1 X119.322 Y125.121 E268.65969
G1 X119.679 Y124.986 E268.67238
G1 X120.088 Y124.931 E268.68611
G1 X120.464 Y124.975 E268.6987
G1 X120.82 Y125.109 E268.71135
G1 X121.148 Y125.33 E268.7245
G1 X121.403 Y125.617 E268.73727
G1 X121.58 Y125.958 E268.75005
G1 X121.679 Y126.333 E268.76295
G1 X121.679 Y126.731 E268.77619
G1 X121.58 Y127.104 E268.78903
G1 X121.403 Y127.445 E268.8018
G1 X121.159 Y127.722 E268.81408
G1 X120.835 Y127.952 E268.8273
G1 X120.493 Y128.077 E268.83941
G1 X120.093 Y128.139 E268.85287
G1 X120.05 Y128.133 E268.85432
G0 F9000 X120.012 Y128.441
G0 X120.036 Y129.616
G0 X120.007 Y129.922
G1 F1500 X120.088 Y129.929 E268.85702
G1 X120.706 Y129.875 E268.87765
G1 X121.314 Y129.702 E268.89868
G1 X121.873 Y129.424 E268.91944
G1 X122.377 Y129.039 E268.94054
G1 X122.8 Y128.579 E268.96132
G1 X123.128 Y128.051 E268.982
G1 X123.355 Y127.46 E269.00305
G1 X123.468 Y126.849 E269.02372
G1 X123.468 Y126.215 E269.04481
G1 X123.355 Y125.604 E269.06547
G1 X123.128 Y125.017 E269.0864
G1 X122.799 Y124.484 E269.10724
G1 X122.378 Y124.026 E269.12793
G1 X121.874 Y123.645 E269.14894
G1 X121.314 Y123.366 E269.16975
G1 X120.705 Y123.193 E269.19081
G1 X120.088 Y123.135 E269.21142
G1 X119.467 Y123.193 E269.23217
G1 X118.858 Y123.366 E269.25322
G1 X118.298 Y123.645 E269.27403
G1 X117.795 Y124.025 E269.295
G1 X117.377 Y124.484 E269.31565
G1 X117.044 Y125.017 E269.33655
G1 X116.82 Y125.605 E269.35748
G1 X116.704 Y126.217 E269.3782
G1 X116.704 Y126.847 E269.39915
G1 X116.82 Y127.46 E269.4199
G1 X117.044 Y128.051 E269.44092
G1 X117.376 Y128.579 E269.46167
G1 X117.796 Y129.04 E269.48241
G1 X118.299 Y129.424 E269.50346
G1 X118.858 Y129.701 E269.52421
G1 X119.466 Y129.874 E269.54523
G1 X120.007 Y129.922 E269.56329
G0 F9000 X119.998 Y130.323
;TYPE:WALL-OUTER
G1 F1503.8 X120.088 Y130.331 E269.56629
G1 F1500 X120.779 Y130.27 E269.58936
G1 X121.459 Y130.076 E269.61288
G1 X122.085 Y129.765 E269.63613
G1 X122.648 Y129.335 E269.65969
G1 X123.12 Y128.822 E269.68288
G1 X123.488 Y128.23 E269.70606
G1 X123.742 Y127.569 E269.72962
G1 X123.868 Y126.885 E269.75275
G1 X123.868 Y126.179 E269.77623
G1 X123.742 Y125.495 E269.79936
G1 X123.488 Y124.838 E269.82279
G1 X123.119 Y124.242 E269.84611
G1 X122.648 Y123.729 E269.86927
G1 X122.086 Y123.303 E269.89273
G1 X121.459 Y122.992 E269.916
G1 X120.779 Y122.798 E269.93952
G1 X120.088 Y122.733 E269.96261
G1 X119.393 Y122.798 E269.98582
G1 X118.713 Y122.992 E270.00934
G1 X118.086 Y123.303 E270.03262
G1 X117.524 Y123.729 E270.05608
G1 X117.057 Y124.242 E270.07915
G1 X116.684 Y124.838 E270.10254
G1 X116.434 Y125.495 E270.12592
G1 X116.304 Y126.179 E270.14907
G1 X116.304 Y126.885 E270.17256
G1 X116.434 Y127.569 E270.19571
G1 X116.684 Y128.23 E270.21922
G1 X117.056 Y128.822 E270.24247
G1 X117.524 Y129.336 E270.26559
G1 X118.087 Y129.765 E270.28913
G1 X118.713 Y130.076 E270.31238
G1 X119.393 Y130.27 E270.3359
G1 F1503.8 X119.998 Y130.323 E270.35605
G1 F2700 E265.35605
G0 F9000 X120.063 Y129.618
G0 X119.973 Y128.436
G0 X120.059 Y127.731
G1 F2700 E270.35605
G1 F1500 X119.789 Y127.693 E270.36512
G1 X119.531 Y127.596 E270.37429
G1 X119.287 Y127.431 E270.38408
G1 X119.094 Y127.207 E270.39392
G1 X118.965 Y126.959 E270.40322
G1 X118.892 Y126.667 E270.41323
G1 X118.892 Y126.397 E270.42221
G1 X118.965 Y126.104 E270.43225
G1 X119.094 Y125.858 E270.44149
G1 X119.287 Y125.637 E270.45125
G1 X119.53 Y125.468 E270.46109
G1 X119.789 Y125.371 E270.47029
G1 X120.088 Y125.331 E270.48033
G1 X120.357 Y125.365 E270.48934
G1 X120.642 Y125.468 E270.49942
G1 X120.869 Y125.624 E270.50858
G1 X121.079 Y125.858 E270.51904
G1 X121.207 Y126.103 E270.52824
G1 X121.28 Y126.396 E270.53828
G1 X121.28 Y126.668 E270.54733
G1 X121.198 Y126.982 E270.55812
G1 X121.078 Y127.206 E270.56657
G1 X120.87 Y127.443 E270.57706
G1 X120.642 Y127.595 E270.58617
G1 X120.383 Y127.693 E270.59538
G1 X120.07 Y127.732 E270.60587
G1 X120.059 Y127.731 E270.60624
G0 F9000 X119.973 Y128.436
G0 X119.232 Y129.486
G0 X119.169 Y129.707
;TYPE:FILL
G1 F3000 X122.465 Y128.824 E270.71973
G0 F9000 X122.912 Y128.247
G1 F3000 X123.388 Y126.473 E270.78082
G0 F9000 X123.301 Y125.748
G1 F3000 X120.881 Y123.327 E270.89468
G0 F9000 X120.183 Y123.224
G1 F3000 X118.333 Y123.72 E270.95838
G0 F9000 X117.802 Y124.135
G1 F3000 X116.909 Y127.469 E271.07318
G0 F9000 X117.17 Y128.102
G1 F3000 X118.504 Y129.436 E271.13593
G0 F9000 X118.74 Y128.963
G1 F2700 E266.13593
;MESH:NONMESH
G0 F300 X118.74 Y128.963 Z4.2
G0 F9000 X116.534 Y126.864
G0 X115.44 Y126.864
G0 X111.367 Y123.73
G0 X110.63 Y122.922
G0 X108.602 Y121.979
G0 X108.602 Y121.667
;TIME_ELAPSED:545.860117
;LAYER:20
;TYPE:WALL-INNER
;MESH:megav4.5-pcbfoot.stl(1)
G1 F2700 E271.13593
G1 F1500 X108.247 Y121.659 E271.14774
G1 X107.904 Y121.569 E271.15953
G1 X107.562 Y121.391 E271.17235
G1 X107.265 Y121.129 E271.18553
G1 X107.054 Y120.808 E271.1983
G1 X106.93 Y120.481 E271.20993
G1 X106.87 Y120.076 E271.22355
G1 X106.93 Y119.667 E271.2373
G1 X107.054 Y119.341 E271.2489
G1 X107.264 Y119.021 E271.26163
G1 X107.533 Y118.782 E271.2736
G1 X107.895 Y118.577 E271.28744
G1 X108.28 Y118.481 E271.30063
G1 X108.673 Y118.481 E271.31371
G1 X109.046 Y118.578 E271.32652
G1 X109.362 Y118.742 E271.33837
G1 X109.673 Y119.004 E271.35189
G1 X109.898 Y119.34 E271.36534
G1 X110.032 Y119.697 E271.37802
G1 X110.077 Y120.076 E271.39072
G1 X110.022 Y120.481 E271.40431
G1 X109.899 Y120.808 E271.41593
G1 X109.678 Y121.136 E271.42909
G1 X109.391 Y121.391 E271.44186
G1 X109.05 Y121.568 E271.45463
G1 X108.672 Y121.668 E271.46764
G1 X108.602 Y121.667 E271.46997
G0 F9000 X108.602 Y121.979
G0 X108.742 Y123.149
G0 X108.742 Y123.456
G1 F1500 X108.793 Y123.456 E271.47166
G1 X109.404 Y123.344 E271.49232
G1 X109.991 Y123.116 E271.51327
G1 X110.523 Y122.787 E271.53407
G1 X110.982 Y122.366 E271.55479
G1 X111.363 Y121.862 E271.5758
G1 X111.642 Y121.302 E271.59661
G1 X111.815 Y120.693 E271.61767
G1 X111.873 Y120.076 E271.63828
G1 X111.815 Y119.455 E271.65903
G1 X111.642 Y118.846 E271.68008
G1 X111.363 Y118.286 E271.70089
G1 X110.983 Y117.783 E271.72186
G1 X110.524 Y117.365 E271.74251
G1 X109.991 Y117.032 E271.76341
G1 X109.403 Y116.808 E271.78434
G1 X108.791 Y116.693 E271.80505
G1 X108.161 Y116.692 E271.826
G1 X107.548 Y116.808 E271.84675
G1 X106.957 Y117.032 E271.86778
G1 X106.429 Y117.364 E271.88852
G1 X105.968 Y117.784 E271.90926
G1 X105.584 Y118.287 E271.93031
G1 X105.307 Y118.846 E271.95106
G1 X105.134 Y119.454 E271.97208
G1 X105.079 Y120.076 E271.99285
G1 X105.134 Y120.694 E272.01349
G1 X105.307 Y121.302 E272.03451
G1 X105.584 Y121.861 E272.05526
G1 X105.969 Y122.365 E272.07636
G1 X106.429 Y122.788 E272.09714
G1 X106.957 Y123.115 E272.1178
G1 X107.548 Y123.343 E272.13887
G1 X108.159 Y123.456 E272.15953
G1 X108.742 Y123.456 E272.17893
G0 F9000 X108.774 Y123.856
;TYPE:WALL-OUTER
G1 F1500 X108.829 Y123.856 E272.18075
G1 X109.513 Y123.73 E272.20389
G1 X110.17 Y123.476 E272.22732
G1 X110.766 Y123.107 E272.25063
G1 X111.279 Y122.636 E272.27379
G1 X111.705 Y122.074 E272.29725
G1 X112.016 Y121.447 E272.32053
G1 X112.21 Y120.767 E272.34405
G1 X112.275 Y120.076 E272.36713
G1 X112.21 Y119.381 E272.39035
G1 X112.016 Y118.701 E272.41387
G1 X111.705 Y118.074 E272.43715
G1 X111.279 Y117.512 E272.4606
G1 X110.766 Y117.045 E272.48367
G1 X110.17 Y116.672 E272.50706
G1 X109.513 Y116.422 E272.53044
G1 X108.829 Y116.293 E272.55359
G1 X108.123 Y116.292 E272.57707
G1 X107.439 Y116.422 E272.60023
G1 X106.778 Y116.672 E272.62373
G1 X106.186 Y117.044 E272.64699
G1 X105.672 Y117.512 E272.67011
G1 X105.243 Y118.075 E272.69365
G1 X104.932 Y118.701 E272.7169
G1 X104.738 Y119.381 E272.74042
G1 X104.677 Y120.076 E272.76362
G1 X104.738 Y120.767 E272.7867
G1 X104.932 Y121.447 E272.81022
G1 X105.243 Y122.073 E272.83347
G1 X105.673 Y122.636 E272.85703
G1 X106.186 Y123.108 E272.88021
G1 X106.778 Y123.475 E272.90338
G1 X107.439 Y123.73 E272.92694
G1 X108.123 Y123.856 E272.95008
G1 X108.774 Y123.856 E272.97173
G1 F2700 E267.97173
G0 F9000 X108.763 Y123.15
G0 X108.571 Y121.979
G0 X108.571 Y121.268
G1 F2700 E272.97173
G1 F1500 X108.34 Y121.268 E272.97941
G1 X108.048 Y121.195 E272.98942
G1 X107.802 Y121.066 E272.99866
G1 X107.565 Y120.858 E273.00915
G1 X107.412 Y120.63 E273.01828
G1 X107.315 Y120.371 E273.02748
G1 X107.276 Y120.058 E273.03797
G1 X107.315 Y119.777 E273.04741
G1 X107.412 Y119.519 E273.05657
G1 X107.577 Y119.275 E273.06637
G1 X107.801 Y119.082 E273.07621
G1 X108.049 Y118.953 E273.0855
G1 X108.341 Y118.88 E273.09551
G1 X108.611 Y118.88 E273.10449
G1 X108.904 Y118.952 E273.11453
G1 X109.15 Y119.082 E273.12378
G1 X109.371 Y119.275 E273.13354
G1 X109.54 Y119.518 E273.14339
G1 X109.637 Y119.777 E273.15259
G1 X109.677 Y120.076 E273.16262
G1 X109.637 Y120.371 E273.17252
G1 X109.54 Y120.63 E273.18172
G1 X109.384 Y120.857 E273.19088
G1 X109.15 Y121.067 E273.20134
G1 X108.905 Y121.195 E273.21053
G1 X108.612 Y121.268 E273.22058
G1 X108.571 Y121.268 E273.22194
G0 F9000 X108.662 Y121.866
;TYPE:FILL
G1 F3000 X109.626 Y122.841 E273.26754
G0 F9000 X109.181 Y122.96
G1 F3000 X108.046 Y121.812 E273.32124
G0 F9000 X108.019 Y121.923
G0 X107.719 Y123.061
G0 X107.699 Y123.167
G1 F3000 X105.377 Y120.819 E273.43107
G1 X105.227 Y120.731
G1 X105.36 Y120.233 E273.44821
G1 X108.293 Y123.2 E273.58697
G1 X107.849 Y123.318 E273.60225
G0 F9000 X108.293 Y123.2
G1 F3000 X108.737 Y123.08 E273.61755
G1 X105.48 Y119.785 E273.77165
G1 X105.36 Y120.233 E273.78707
G0 F9000 X105.48 Y119.785
G1 F3000 X105.989 Y117.888 E273.8524
G0 F9000 X106.406 Y117.493
G1 F3000 X108.33 Y116.978 E273.91864
G0 F9000 X107.885 Y117.097
G1 F3000 X109.213 Y118.44 E273.98146
G0 F9000 X108.493 Y118.281
G1 F3000 X107.44 Y117.216 E274.03128
G0 F9000 X108.797 Y117.009
G0 X108.817 Y116.902
G1 F3000 X111.643 Y119.76 E274.16496
G0 F9000 X111.747 Y119.582
G1 F3000 X111.567 Y120.253 E274.18806
G1 X108.33 Y116.978 E274.34122
G1 X108.966 Y116.807 E274.36312
G0 F9000 X109.55 Y116.949
G1 F3000 X111.603 Y119.002 E274.45969
G0 F9000 X111.384 Y119.064
G0 X111.548 Y120.251
G0 X111.567 Y120.253
G1 F3000 X111.066 Y122.121 E274.52402
G0 F9000 X110.642 Y122.569
G1 F3000 X108.737 Y123.08 E274.58962
G0 F9000 X107.345 Y122.934
G0 X107.262 Y123.147
G1 F3000 X105.379 Y121.264 E274.67819
G0 F9000 X105.599 Y121.192
G0 X106.61 Y120.483
G0 X106.719 Y120.47
G1 F3000 X105.6 Y119.337 E274.73115
G0 F9000 X105.72 Y118.89
G1 F3000 X106.698 Y119.879 E274.77741
G0 F9000 X106.587 Y119.865
G0 X106.834 Y119.214
G0 X107.088 Y118.846
G0 X107.424 Y118.549
G0 X107.818 Y118.341
G0 X108.253 Y118.234
G0 X108.701 Y118.234
G0 X109.136 Y118.341
G0 X109.53 Y118.549
G0 X109.72 Y118.717
G0 X110.222 Y119.313
G0 X110.115 Y119.353
G1 F3000 X111.448 Y120.701 E274.84047
G0 F9000 X111.328 Y121.149
G1 F3000 X110.276 Y120.085 E274.89023
G0 F9000 X110.688 Y120.135
G1 F2700 E269.89023
;MESH:megav4.5-pcbfoot.stl
G0 F9000 X112.045 Y120.076
G0 X113.134 Y119.975
G0 X113.99 Y120.564
G0 X114.862 Y119.904
G0 X117.5 Y120.573
G0 X117.5 Y120.88
;TYPE:WALL-INNER
G1 F2700 E274.89023
G1 F1500 X117.817 Y120.88 E274.90078
G1 X118.428 Y120.768 E274.92144
G1 X119.014 Y120.54 E274.94235
G1 X119.544 Y120.211 E274.9631
G1 X120.006 Y119.789 E274.98391
G1 X120.387 Y119.286 E275.0049
G1 X120.666 Y118.726 E275.02571
G1 X120.839 Y118.117 E275.04676
G1 X120.897 Y117.5 E275.06738
G1 X120.839 Y116.879 E275.08812
G1 X120.666 Y116.27 E275.10918
G1 X120.387 Y115.71 E275.12999
G1 X120.007 Y115.207 E275.15095
G1 X119.544 Y114.789 E275.1717
G1 X119.014 Y114.456 E275.19252
G1 X118.427 Y114.232 E275.21342
G1 X117.815 Y114.117 E275.23413
G1 X117.185 Y114.116 E275.25508
G1 X116.572 Y114.232 E275.27583
G1 X115.981 Y114.457 E275.29686
G1 X115.452 Y114.789 E275.31764
G1 X114.989 Y115.208 E275.33841
G1 X114.609 Y115.71 E275.35935
G1 X114.33 Y116.27 E275.38016
G1 X114.157 Y116.879 E275.40121
G1 X114.099 Y117.5 E275.42196
G1 X114.157 Y118.117 E275.44257
G1 X114.33 Y118.726 E275.46363
G1 X114.609 Y119.286 E275.48444
G1 X114.99 Y119.789 E275.50542
G1 X115.452 Y120.211 E275.52623
G1 X115.981 Y120.54 E275.54695
G1 X116.572 Y120.767 E275.56801
G1 X117.183 Y120.88 E275.58868
G1 X117.5 Y120.88 E275.59922
G0 F9000 X117.5 Y120.573
G0 X117.5 Y119.403
G0 X117.5 Y119.091
G1 F1500 X117.298 Y119.091 E275.60594
G1 X116.928 Y118.993 E275.61867
G1 X116.582 Y118.815 E275.63161
G1 X116.309 Y118.571 E275.64379
G1 X116.085 Y118.261 E275.65651
G1 X115.95 Y117.905 E275.66917
G1 X115.894 Y117.501 E275.68274
G1 X115.95 Y117.091 E275.6965
G1 X116.086 Y116.733 E275.70924
G1 X116.308 Y116.426 E275.72184
G1 X116.577 Y116.184 E275.73388
G1 X116.925 Y116 E275.74697
G1 X117.299 Y115.905 E275.7598
G1 X117.697 Y115.905 E275.77304
G1 X118.07 Y116.002 E275.78586
G1 X118.387 Y116.167 E275.79775
G1 X118.698 Y116.43 E275.81129
G1 X118.922 Y116.764 E275.82467
G1 X119.059 Y117.128 E275.8376
G1 X119.097 Y117.5 E275.85004
G1 X119.046 Y117.905 E275.86362
G1 X118.923 Y118.232 E275.87524
G1 X118.687 Y118.571 E275.88898
G1 X118.413 Y118.816 E275.9012
G1 X118.074 Y118.992 E275.91391
G1 X117.699 Y119.091 E275.92681
G1 X117.5 Y119.091 E275.93342
G0 F9000 X117.5 Y118.692
;TYPE:WALL-OUTER
G1 F1500 X117.361 Y118.692 E275.93805
G1 X117.051 Y118.61 E275.94871
G1 X116.803 Y118.477 E275.95807
G1 X116.601 Y118.297 E275.96707
G1 X116.432 Y118.054 E275.97692
G1 X116.335 Y117.795 E275.98612
G1 X116.3 Y117.481 E275.99662
G1 X116.335 Y117.201 E276.00601
G1 X116.432 Y116.943 E276.01518
G1 X116.588 Y116.715 E276.02436
G1 X116.821 Y116.506 E276.03478
G1 X117.093 Y116.37 E276.04489
G1 X117.361 Y116.304 E276.05407
G1 X117.635 Y116.304 E276.06318
G1 X117.928 Y116.376 E276.07322
G1 X118.175 Y116.506 E276.0825
G1 X118.395 Y116.699 E276.09224
G1 X118.564 Y116.942 E276.10208
G1 X118.661 Y117.201 E276.11128
G1 X118.697 Y117.5 E276.1213
G1 X118.661 Y117.795 E276.13118
G1 X118.564 Y118.054 E276.14038
G1 X118.395 Y118.297 E276.15022
G1 X118.193 Y118.477 E276.15922
G1 X117.929 Y118.619 E276.16919
G1 X117.636 Y118.692 E276.17924
G1 X117.5 Y118.692 E276.18376
G1 F2700 E271.18376
G0 F9000 X117.5 Y119.403
G0 X117.5 Y120.573
G0 X117.5 Y121.28
G1 F2700 E276.18376
G1 F1500 X117.853 Y121.28 E276.1955
G1 X118.537 Y121.154 E276.21863
G1 X119.194 Y120.9 E276.24206
G1 X119.786 Y120.531 E276.26526
G1 X120.303 Y120.06 E276.28852
G1 X120.729 Y119.498 E276.31198
G1 X121.04 Y118.871 E276.33526
G1 X121.234 Y118.191 E276.35878
G1 X121.299 Y117.5 E276.38186
G1 X121.234 Y116.805 E276.40508
G1 X121.04 Y116.125 E276.4286
G1 X120.729 Y115.498 E276.45188
G1 X120.303 Y114.936 E276.47533
G1 X119.786 Y114.469 E276.4985
G1 X119.194 Y114.096 E276.52178
G1 X118.537 Y113.846 E276.54516
G1 X117.853 Y113.717 E276.56831
G1 X117.147 Y113.716 E276.59179
G1 X116.463 Y113.846 E276.61495
G1 X115.802 Y114.097 E276.63846
G1 X115.21 Y114.469 E276.66172
G1 X114.693 Y114.936 E276.68489
G1 X114.267 Y115.498 E276.70834
G1 X113.956 Y116.125 E276.73162
G1 X113.762 Y116.805 E276.75514
G1 X113.697 Y117.5 E276.77836
G1 X113.762 Y118.191 E276.80144
G1 X113.956 Y118.871 E276.82496
G1 X114.267 Y119.498 E276.84824
G1 X114.693 Y120.06 E276.8717
G1 X115.21 Y120.531 E276.89496
G1 X115.802 Y120.9 E276.91816
G1 X116.463 Y121.154 E276.94171
G1 X117.147 Y121.28 E276.96484
G1 X117.5 Y121.28 E276.97659
G0 F9000 X116.872 Y120.742
;TYPE:FILL
G1 F3000 X118.615 Y120.274 E277.03661
G1 X115.91 Y120.196 E277.12662
G1 X114.404 Y118.691 E277.19743
G1 X114.49 Y118.554
G1 X116.085 Y118.6 E277.2505
G0 F9000 X115.846 Y118.193
G1 F3000 X114.374 Y118.151 E277.29948
G1 X114.251 Y118.152
G1 X115.012 Y115.311 E277.39731
G1 X115.118 Y115.371
G1 X119.701 Y115.503 E277.5498
G0 F9000 X119.29 Y115.091
G1 F3000 X115.537 Y114.983 E277.67468
G1 X115.432 Y114.916
G1 X117.987 Y114.231 E277.76266
G0 F9000 X118.571 Y114.372
G1 F3000 X120.627 Y116.429 E277.85939
G1 X120.47 Y116.326
G1 X118.819 Y116.278 E277.91433
G0 F9000 X119.105 Y116.686
G1 F3000 X120.588 Y116.729 E277.96367
G0 F9000 X120.77 Y117.003
G1 F3000 X120.088 Y119.549 E278.05134
G1 X119.964 Y119.513
G1 X115.085 Y119.372 E278.21368
G0 F9000 X115.498 Y119.784
G1 F3000 X119.586 Y119.902 E278.3497
G1 X119.664 Y119.993
G1 X118.615 Y120.274 E278.38582
G0 F9000 X118.417 Y119.167
G0 X118.365 Y119.066
G1 F3000 X120.204 Y119.119 E278.44702
G0 F9000 X120.31 Y118.722
G1 F3000 X118.863 Y118.68 E278.49516
G0 F9000 X119.115 Y118.288
G1 F3000 X120.417 Y118.325 E278.53849
G0 F9000 X120.523 Y117.928
G1 F3000 X119.256 Y117.891 E278.58064
G0 F9000 X119.296 Y117.492
G1 F3000 X120.63 Y117.531 E278.62503
G0 F9000 X120.662 Y117.132
G1 F3000 X119.257 Y117.091 E278.67178
G0 F9000 X119.366 Y117.078
G0 X120.113 Y115.915
G1 F3000 X118.23 Y115.861 E278.73444
G0 F9000 X118.282 Y115.762
G0 X117.724 Y115.658
G0 X116.785 Y115.726
G0 X116.834 Y115.821
G1 F3000 X114.89 Y115.765 E278.79912
G0 F9000 X114.784 Y116.162
G1 F3000 X116.257 Y116.204 E278.84813
G0 F9000 X115.939 Y116.595
G1 F3000 X114.678 Y116.559 E278.89009
G0 F9000 X114.572 Y116.956
G1 F3000 X115.775 Y116.991 E278.93012
G0 F9000 X115.707 Y117.389
G1 F3000 X114.465 Y117.353 E278.97145
G0 F9000 X114.36 Y117.75
G1 F3000 X115.728 Y117.79 E279.01697
G0 F9000 X115.62 Y117.803
G0 X115.857 Y118.362
G0 X116.478 Y119.112
G0 X116.53 Y119.013
G1 F3000 X114.67 Y118.959 E279.07886
G0 F9000 X114.769 Y118.911
G0 X115.94 Y120.148
G0 X115.91 Y120.196
G1 F3000 X116.284 Y120.571 E279.09647
G0 F9000 X116.475 Y120.077
G1 F2700 E274.09647
;MESH:megav4.5-pcbfoot.stl(2)
G0 F9000 X120.829 Y118.787
G0 X121.881 Y119.085
G0 X123.631 Y118.568
G0 X124.367 Y117.759
G0 X126.266 Y117.986
G0 X126.266 Y118.296
;TYPE:WALL-INNER
G1 F2700 E279.09647
G1 F1500 X126.835 Y118.296 E279.1154
G1 X127.446 Y118.18 E279.13608
G1 X128.034 Y117.952 E279.15706
G1 X128.564 Y117.623 E279.1778
G1 X129.026 Y117.201 E279.19862
G1 X129.407 Y116.698 E279.2196
G1 X129.686 Y116.138 E279.24041
G1 X129.859 Y115.529 E279.26147
G1 X129.917 Y114.912 E279.28208
G1 X129.859 Y114.292 E279.30279
G1 X129.686 Y113.686 E279.32375
G1 X129.407 Y113.121 E279.34471
G1 X129.027 Y112.619 E279.36565
G1 X128.565 Y112.201 E279.38638
G1 X128.034 Y111.872 E279.40715
G1 X127.446 Y111.644 E279.42813
G1 X126.835 Y111.529 E279.44881
G1 X126.205 Y111.528 E279.46976
G1 X125.593 Y111.644 E279.49048
G1 X125.001 Y111.872 E279.51158
G1 X124.471 Y112.201 E279.53233
G1 X124.009 Y112.62 E279.55307
G1 X123.63 Y113.122 E279.57399
G1 X123.35 Y113.686 E279.59493
G1 X123.177 Y114.292 E279.61589
G1 X123.119 Y114.912 E279.63661
G1 X123.176 Y115.529 E279.65722
G1 X123.35 Y116.138 E279.67828
G1 X123.629 Y116.698 E279.69909
G1 X124.01 Y117.202 E279.7201
G1 X124.472 Y117.623 E279.74089
G1 X125.001 Y117.952 E279.76161
G1 X125.593 Y118.18 E279.78271
G1 X126.205 Y118.296 E279.80343
G1 X126.266 Y118.296 E279.80546
G0 F9000 X126.266 Y117.986
G0 X126.401 Y116.816
G0 X126.401 Y116.503
G1 F1500 X126.318 Y116.503 E279.80822
G1 X125.948 Y116.405 E279.82095
G1 X125.6 Y116.231 E279.83389
G1 X125.307 Y115.966 E279.84703
G1 X125.094 Y115.644 E279.85987
G1 X124.97 Y115.321 E279.87138
G1 X124.914 Y114.913 E279.88508
G1 X124.971 Y114.502 E279.89888
G1 X125.093 Y114.182 E279.91027
G1 X125.328 Y113.838 E279.92412
G1 X125.602 Y113.593 E279.93635
G1 X125.948 Y113.416 E279.94928
G1 X126.319 Y113.321 E279.96201
G1 X126.725 Y113.321 E279.97552
G1 X127.093 Y113.416 E279.98816
G1 X127.436 Y113.594 E280.00101
G1 X127.722 Y113.847 E280.01371
G1 X127.943 Y114.181 E280.02703
G1 X128.079 Y114.538 E280.03974
G1 X128.117 Y114.912 E280.05224
G1 X128.078 Y115.29 E280.06488
G1 X127.943 Y115.644 E280.07748
G1 X127.708 Y115.986 E280.09128
G1 X127.428 Y116.238 E280.10381
G1 X127.094 Y116.404 E280.11622
G1 X126.722 Y116.502 E280.12901
G1 X126.401 Y116.503 E280.13969
G0 F9000 X126.431 Y116.104
;TYPE:WALL-OUTER
G1 F1500 X126.381 Y116.104 E280.14135
G1 X126.092 Y116.031 E280.15127
G1 X125.842 Y115.906 E280.16056
G1 X125.621 Y115.713 E280.17032
G1 X125.452 Y115.466 E280.18028
G1 X125.355 Y115.211 E280.18935
G1 X125.32 Y114.893 E280.19999
G1 X125.355 Y114.612 E280.20941
G1 X125.452 Y114.359 E280.21842
G1 X125.608 Y114.127 E280.22772
G1 X125.822 Y113.931 E280.23737
G1 X126.092 Y113.789 E280.24752
G1 X126.381 Y113.72 E280.2574
G1 X126.655 Y113.72 E280.26651
G1 X126.949 Y113.789 E280.27656
G1 X127.214 Y113.931 E280.28656
G1 X127.415 Y114.111 E280.29553
G1 X127.584 Y114.359 E280.30551
G1 X127.681 Y114.612 E280.31453
G1 X127.717 Y114.912 E280.32457
G1 X127.681 Y115.211 E280.33459
G1 X127.584 Y115.466 E280.34367
G1 X127.415 Y115.713 E280.35362
G1 X127.213 Y115.893 E280.36262
G1 X126.949 Y116.031 E280.37253
G1 X126.655 Y116.104 E280.3826
G1 X126.431 Y116.104 E280.39005
G1 F2700 E275.39005
G0 F9000 X126.431 Y116.816
G0 X126.236 Y117.986
G0 X126.236 Y118.696
G1 F2700 E280.39005
G1 F1500 X126.873 Y118.696 E280.41124
G1 X127.556 Y118.566 E280.43436
G1 X128.214 Y118.312 E280.45782
G1 X128.806 Y117.943 E280.48102
G1 X129.323 Y117.472 E280.50429
G1 X129.749 Y116.91 E280.52774
G1 X130.06 Y116.283 E280.55102
G1 X130.254 Y115.603 E280.57454
G1 X130.319 Y114.912 E280.59762
G1 X130.254 Y114.218 E280.62081
G1 X130.06 Y113.541 E280.64423
G1 X129.749 Y112.91 E280.66763
G1 X129.323 Y112.348 E280.69108
G1 X128.807 Y111.881 E280.71423
G1 X128.214 Y111.512 E280.73746
G1 X127.556 Y111.258 E280.76092
G1 X126.873 Y111.129 E280.78404
G1 X126.167 Y111.128 E280.80752
G1 X125.483 Y111.258 E280.83068
G1 X124.822 Y111.512 E280.85423
G1 X124.229 Y111.881 E280.87746
G1 X123.713 Y112.348 E280.90061
G1 X123.288 Y112.91 E280.92404
G1 X122.976 Y113.541 E280.94745
G1 X122.782 Y114.218 E280.97088
G1 X122.717 Y114.912 E280.99406
G1 X122.782 Y115.603 E281.01715
G1 X122.976 Y116.283 E281.04067
G1 X123.287 Y116.91 E281.06394
G1 X123.713 Y117.472 E281.0874
G1 X124.23 Y117.943 E281.11066
G1 X124.822 Y118.312 E281.13386
G1 X125.483 Y118.566 E281.15741
G1 X126.167 Y118.696 E281.18057
G1 X126.236 Y118.696 E281.18287
G0 F9000 X126.138 Y118.079
;TYPE:FILL
G1 F3000 X123.486 Y114.762 E281.32412
G0 F9000 X123.357 Y115.242
G1 F3000 X125.508 Y117.932 E281.43867
G0 F9000 X125.301 Y117.981
G1 F3000 X123.422 Y116.102 E281.52706
G0 F9000 X123.271 Y115.566
G1 F3000 X123.614 Y114.281 E281.57129
G1 X126.565 Y117.974 E281.72852
G1 X125.89 Y118.155 E281.75176
G0 F9000 X126.565 Y117.974
G1 F3000 X128.68 Y117.408 E281.82458
G1 X128.601 Y117.317
G1 X127.734 Y116.233 E281.87075
G0 F9000 X127.026 Y116.628
G1 F3000 X127.831 Y117.634 E281.9136
G0 F9000 X126.987 Y117.861
G1 F3000 X125.998 Y116.624 E281.96628
G0 F9000 X125.97 Y116.737
G0 X125.467 Y116.44
G0 X125.131 Y116.143
G0 X124.925 Y115.845
G0 X124.619 Y115.048
G0 X124.728 Y115.035
G1 F3000 X123.743 Y113.802 E282.01877
G0 F9000 X123.614 Y114.281
G1 F3000 X124.032 Y112.723 E282.07242
G1 X124.047 Y112.902
G1 X124.948 Y114.028 E282.12039
G0 F9000 X125.49 Y113.426
G1 F3000 X124.625 Y112.343 E282.16649
G1 X124.451 Y112.329
G1 X126.695 Y111.73 E282.24374
G0 F9000 X127.011 Y111.643
G1 F3000 X126.695 Y111.73 E282.25464
G1 X129.553 Y115.305 E282.40687
G1 X129.79 Y114.417 E282.43744
G0 F9000 X129.682 Y114.826
G1 F3000 X127.278 Y111.818 E282.56551
G0 F9000 X127.591 Y111.786
G1 F3000 X129.647 Y113.842 E282.66222
G0 F9000 X129.428 Y113.904
G0 X129.553 Y115.305
G1 F3000 X129.109 Y116.958 E282.71914
G0 F9000 X129.143 Y116.714
G1 F3000 X128.198 Y115.532 E282.76948
G0 F9000 X128.306 Y115.026
G1 F3000 X129.295 Y116.264 E282.82218
G0 F9000 X129.424 Y115.784
G1 F3000 X128.168 Y114.212 E282.8891
G0 F9000 X128.274 Y114.173
G0 X127.585 Y113.324
G0 X127.534 Y113.419
G1 F3000 X126.273 Y111.842 E282.95626
G0 F9000 X125.851 Y111.955
G1 F3000 X126.791 Y113.131 E283.00634
G0 F9000 X126.275 Y113.126
G1 F3000 X125.429 Y112.067 E283.05142
G0 F9000 X125.527 Y112.324
G1 F2700 E278.05142
;MESH:megav4.5-pcbfoot.stl(3)
G0 F9000 X124.367 Y117.759
G0 X123.791 Y118.69
G0 X122.087 Y122.338
G0 X121.601 Y123.317
G0 X121.53 Y126.709
G0 X121.446 Y127.05
G0 X121.283 Y127.359
G0 X120.012 Y128.441
G0 X120.05 Y128.133
;TYPE:WALL-INNER
G1 F2700 E283.05142
G1 F1500 X119.679 Y128.078 E283.06389
G1 X119.353 Y127.954 E283.07549
G1 X119.033 Y127.744 E283.08822
G1 X118.794 Y127.475 E283.10019
G1 X118.589 Y127.113 E283.11403
G1 X118.493 Y126.728 E283.12722
G1 X118.493 Y126.327 E283.14056
G1 X118.591 Y125.962 E283.15313
G1 X118.768 Y125.619 E283.16597
G1 X119.014 Y125.345 E283.17822
G1 X119.322 Y125.121 E283.19088
G1 X119.679 Y124.986 E283.20358
G1 X120.088 Y124.931 E283.2173
G1 X120.464 Y124.975 E283.2299
G1 X120.82 Y125.109 E283.24255
G1 X121.148 Y125.33 E283.2557
G1 X121.403 Y125.617 E283.26847
G1 X121.58 Y125.958 E283.28125
G1 X121.679 Y126.333 E283.29415
G1 X121.679 Y126.731 E283.30739
G1 X121.58 Y127.104 E283.32022
G1 X121.403 Y127.445 E283.333
G1 X121.159 Y127.722 E283.34528
G1 X120.835 Y127.952 E283.35849
G1 X120.493 Y128.077 E283.3706
G1 X120.093 Y128.139 E283.38407
G1 X120.05 Y128.133 E283.38551
G0 F9000 X120.012 Y128.441
G0 X120.036 Y129.616
G0 X120.007 Y129.922
G1 F1500 X120.088 Y129.929 E283.38822
G1 X120.706 Y129.875 E283.40885
G1 X121.314 Y129.702 E283.42987
G1 X121.873 Y129.424 E283.45064
G1 X122.377 Y129.039 E283.47173
G1 X122.8 Y128.579 E283.49252
G1 X123.128 Y128.051 E283.51319
G1 X123.355 Y127.46 E283.53425
G1 X123.468 Y126.849 E283.55492
G1 X123.468 Y126.215 E283.576
G1 X123.355 Y125.604 E283.59667
G1 X123.128 Y125.017 E283.6176
G1 X122.799 Y124.484 E283.63843
G1 X122.378 Y124.026 E283.65913
G1 X121.874 Y123.645 E283.68014
G1 X121.314 Y123.366 E283.70095
G1 X120.705 Y123.193 E283.72201
G1 X120.088 Y123.135 E283.74262
G1 X119.467 Y123.193 E283.76336
G1 X118.858 Y123.366 E283.78442
G1 X118.298 Y123.645 E283.80523
G1 X117.795 Y124.025 E283.8262
G1 X117.377 Y124.484 E283.84684
G1 X117.044 Y125.017 E283.86775
G1 X116.82 Y125.605 E283.88867
G1 X116.704 Y126.217 E283.90939
G1 X116.704 Y126.847 E283.93035
G1 X116.82 Y127.46 E283.9511
G1 X117.044 Y128.051 E283.97212
G1 X117.376 Y128.579 E283.99286
G1 X117.796 Y129.04 E284.0136
G1 X118.299 Y129.424 E284.03465
G1 X118.858 Y129.701 E284.0554
G1 X119.466 Y129.874 E284.07643
G1 X120.007 Y129.922 E284.09449
G0 F9000 X119.998 Y130.323
;TYPE:WALL-OUTER
G1 F1503.8 X120.088 Y130.331 E284.09749
G1 F1500 X120.779 Y130.27 E284.12056
G1 X121.459 Y130.076 E284.14408
G1 X122.085 Y129.765 E284.16733
G1 X122.648 Y129.335 E284.19089
G1 X123.12 Y128.822 E284.21408
G1 X123.488 Y128.23 E284.23726
G1 X123.742 Y127.569 E284.26081
G1 X123.868 Y126.885 E284.28395
G1 X123.868 Y126.179 E284.30743
G1 X123.742 Y125.495 E284.33056
G1 X123.488 Y124.838 E284.35399
G1 X123.119 Y124.242 E284.3773
G1 X122.648 Y123.729 E284.40047
G1 X122.086 Y123.303 E284.42392
G1 X121.459 Y122.992 E284.4472
G1 X120.779 Y122.798 E284.47072
G1 X120.088 Y122.733 E284.4938
G1 X119.393 Y122.798 E284.51702
G1 X118.713 Y122.992 E284.54054
G1 X118.086 Y123.303 E284.56382
G1 X117.524 Y123.729 E284.58727
G1 X117.057 Y124.242 E284.61035
G1 X116.684 Y124.838 E284.63373
G1 X116.434 Y125.495 E284.65711
G1 X116.304 Y126.179 E284.68027
G1 X116.304 Y126.885 E284.70375
G1 X116.434 Y127.569 E284.72691
G1 X116.684 Y128.23 E284.75041
G1 X117.056 Y128.822 E284.77367
G1 X117.524 Y129.336 E284.79679
G1 X118.087 Y129.765 E284.82033
G1 X118.713 Y130.076 E284.84358
G1 X119.393 Y130.27 E284.8671
G1 F1503.8 X119.998 Y130.323 E284.88725
G1 F2700 E279.88725
G0 F9000 X120.063 Y129.618
G0 X119.973 Y128.436
G0 X120.059 Y127.731
G1 F2700 E284.88725
G1 F1500 X119.789 Y127.693 E284.89632
G1 X119.531 Y127.596 E284.90548
G1 X119.287 Y127.431 E284.91528
G1 X119.094 Y127.207 E284.92512
G1 X118.965 Y126.959 E284.93441
G1 X118.892 Y126.667 E284.94442
G1 X118.892 Y126.397 E284.9534
G1 X118.965 Y126.104 E284.96345
G1 X119.094 Y125.858 E284.97269
G1 X119.287 Y125.637 E284.98245
G1 X119.53 Y125.468 E284.99229
G1 X119.789 Y125.371 E285.00149
G1 X120.088 Y125.331 E285.01152
G1 X120.357 Y125.365 E285.02054
G1 X120.642 Y125.468 E285.03062
G1 X120.869 Y125.624 E285.03978
G1 X121.079 Y125.858 E285.05024
G1 X121.207 Y126.103 E285.05943
G1 X121.28 Y126.396 E285.06948
G1 X121.28 Y126.668 E285.07852
G1 X121.198 Y126.982 E285.08932
G1 X121.078 Y127.206 E285.09777
G1 X120.87 Y127.443 E285.10826
G1 X120.642 Y127.595 E285.11737
G1 X120.383 Y127.693 E285.12658
G1 X120.07 Y127.732 E285.13707
G1 X120.059 Y127.731 E285.13744
G0 F9000 X120.176 Y128.322
;TYPE:FILL
G1 F3000 X121.194 Y129.31 E285.18462
G0 F9000 X120.744 Y129.43
G1 F3000 X119.5 Y128.223 E285.24227
G0 F9000 X119.459 Y128.33
G0 X119.851 Y129.599
G0 X119.844 Y129.672
G1 F3000 X120.294 Y129.551 E285.25777
G1 X117.048 Y126.401 E285.40821
G1 X116.93 Y126.844 E285.42346
G0 F9000 X116.845 Y127.163
G1 F3000 X116.93 Y126.844 E285.43444
G1 X119.844 Y129.672 E285.5695
G1 X119.433 Y129.783 E285.58366
G0 F9000 X118.896 Y129.629
G1 F3000 X117.013 Y127.746 E285.67223
G0 F9000 X117.23 Y127.663
G0 X117.048 Y126.401
G1 F3000 X117.596 Y124.363 E285.74242
G1 X117.787 Y124.331
G1 X118.786 Y125.3 E285.78871
G0 F9000 X119.093 Y125.041
G1 F3000 X118.082 Y124.06 E285.83556
G1 X118.033 Y123.946
G1 X119.78 Y123.478 E285.89572
G0 F9000 X120.23 Y123.358
G1 F3000 X123.268 Y126.306 E286.03652
G0 F9000 X123.355 Y126.049
G1 F3000 X123.165 Y126.763 E286.06109
G1 X119.78 Y123.478 E286.21798
G1 X120.585 Y123.263 E286.24569
G0 F9000 X120.91 Y123.46
G1 F3000 X123.154 Y125.638 E286.3497
G1 X123.215 Y125.463
G1 X121.159 Y123.406 E286.44643
G0 F9000 X121.096 Y123.625
G0 X120.609 Y124.698
G0 X120.569 Y124.802
G1 F3000 X119.33 Y123.599 E286.50387
G0 F9000 X118.879 Y123.719
G1 F3000 X119.939 Y124.748 E286.553
G0 F9000 X119.926 Y124.637
G0 X120.532 Y124.733
G0 X120.95 Y124.891
G0 X121.318 Y125.145
G0 X121.908 Y125.965
G0 X121.795 Y125.991
G1 F3000 X123.046 Y127.205 E286.61098
G0 F9000 X123.165 Y126.763
G1 F3000 X122.672 Y128.601 E286.67428
G1 X122.628 Y128.471
G1 X121.61 Y127.483 E286.72146
G0 F9000 X121.359 Y127.797
G1 F3000 X122.356 Y128.765 E286.76768
G0 F9000 X122.265 Y129.024
G1 F3000 X120.294 Y129.551 E286.83554
G0 F9000 X118.89 Y127.96
G0 X118.285 Y127.172
G0 X118.391 Y127.147
G1 F3000 X117.168 Y125.96 E286.89222
G0 F9000 X117.286 Y125.517
G1 F3000 X118.294 Y126.495 E286.93894
G0 F9000 X118.185 Y126.495
G0 X118.353 Y127.193
G0 X118.561 Y127.587
G0 X118.858 Y127.923
G0 X119.226 Y128.177
G0 X119.644 Y128.335
G0 X120.088 Y128.39
G0 X120.532 Y128.335
G0 X120.95 Y128.177
G0 X121.318 Y127.923
G0 X121.615 Y127.587
G0 X121.733 Y127.363
G0 X121.991 Y126.629
G0 X121.878 Y126.629
G1 F3000 X122.927 Y127.647 E286.98755
G0 F9000 X122.67 Y127.546
G1 F2700 E281.98755
;MESH:NONMESH
G0 F300 X122.67 Y127.546 Z4.4
G0 F9000 X121.051 Y125.447
G0 X120.763 Y125.248
G0 X120.435 Y125.124
G0 X116.809 Y125.159
G0 X115.788 Y124.765
G0 X112.383 Y122.616
G0 X111.51 Y121.957
G0 X108.602 Y121.979
G0 X108.602 Y121.667
;TIME_ELAPSED:578.516391
;LAYER:21
;TYPE:WALL-INNER
;MESH:megav4.5-pcbfoot.stl(1)
G1 F2700 E286.98755
G1 F1500 X108.247 Y121.659 E286.99936
G1 X107.904 Y121.569 E287.01116
G1 X107.562 Y121.391 E287.02398
G1 X107.265 Y121.129 E287.03716
G1 X107.054 Y120.808 E287.04993
G1 X106.93 Y120.481 E287.06156
G1 X106.87 Y120.076 E287.07518
G1 X106.93 Y119.667 E287.08893
G1 X107.054 Y119.341 E287.10053
G1 X107.264 Y119.021 E287.11326
G1 X107.533 Y118.782 E287.12523
G1 X107.895 Y118.577 E287.13907
G1 X108.28 Y118.481 E287.15226
G1 X108.673 Y118.481 E287.16533
G1 X109.046 Y118.578 E287.17815
G1 X109.362 Y118.742 E287.18999
G1 X109.673 Y119.004 E287.20352
G1 X109.898 Y119.34 E287.21697
G1 X110.032 Y119.697 E287.22965
G1 X110.077 Y120.076 E287.24235
G1 X110.022 Y120.481 E287.25594
G1 X109.899 Y120.808 E287.26756
G1 X109.678 Y121.136 E287.28071
G1 X109.391 Y121.391 E287.29348
G1 X109.05 Y121.568 E287.30626
G1 X108.672 Y121.668 E287.31927
G1 X108.602 Y121.667 E287.3216
G1 F2700 E282.3216
G0 F9000 X108.952 Y123.224
G0 X108.742 Y123.456
G1 F2700 E287.3216
G1 F1500 X108.793 Y123.456 E287.32329
G1 X109.404 Y123.344 E287.34395
G1 X109.991 Y123.116 E287.3649
G1 X110.523 Y122.787 E287.3857
G1 X110.982 Y122.366 E287.40642
G1 X111.363 Y121.862 E287.42743
G1 X111.642 Y121.302 E287.44824
G1 X111.815 Y120.693 E287.4693
G1 X111.873 Y120.076 E287.48991
G1 X111.815 Y119.455 E287.51065
G1 X111.642 Y118.846 E287.53171
G1 X111.363 Y118.286 E287.55252
G1 X110.983 Y117.783 E287.57349
G1 X110.524 Y117.365 E287.59414
G1 X109.991 Y117.032 E287.61504
G1 X109.403 Y116.808 E287.63597
G1 X108.791 Y116.693 E287.65668
G1 X108.161 Y116.692 E287.67763
G1 X107.548 Y116.808 E287.69838
G1 X106.957 Y117.032 E287.7194
G1 X106.429 Y117.364 E287.74015
G1 X105.968 Y117.784 E287.76089
G1 X105.584 Y118.287 E287.78194
G1 X105.307 Y118.846 E287.80269
G1 X105.134 Y119.454 E287.82371
G1 X105.079 Y120.076 E287.84448
G1 X105.134 Y120.694 E287.86512
G1 X105.307 Y121.302 E287.88614
G1 X105.584 Y121.861 E287.90689
G1 X105.969 Y122.365 E287.92799
G1 X106.429 Y122.788 E287.94877
G1 X106.957 Y123.115 E287.96943
G1 X107.548 Y123.343 E287.9905
G1 X108.159 Y123.456 E288.01116
G1 X108.742 Y123.456 E288.03055
G0 F9000 X108.774 Y123.856
;TYPE:WALL-OUTER
G1 F1500 X108.829 Y123.856 E288.03238
G1 X109.513 Y123.73 E288.05552
G1 X110.17 Y123.476 E288.07894
G1 X110.766 Y123.107 E288.10226
G1 X111.279 Y122.636 E288.12542
G1 X111.705 Y122.074 E288.14888
G1 X112.016 Y121.447 E288.17216
G1 X112.21 Y120.767 E288.19568
G1 X112.275 Y120.076 E288.21876
G1 X112.21 Y119.381 E288.24198
G1 X112.016 Y118.701 E288.2655
G1 X111.705 Y118.074 E288.28877
G1 X111.279 Y117.512 E288.31223
G1 X110.766 Y117.045 E288.3353
G1 X110.17 Y116.672 E288.35869
G1 X109.513 Y116.422 E288.38207
G1 X108.829 Y116.293 E288.40522
G1 X108.123 Y116.292 E288.4287
G1 X107.439 Y116.422 E288.45186
G1 X106.778 Y116.672 E288.47536
G1 X106.186 Y117.044 E288.49862
G1 X105.672 Y117.512 E288.52174
G1 X105.243 Y118.075 E288.54528
G1 X104.932 Y118.701 E288.56853
G1 X104.738 Y119.381 E288.59205
G1 X104.677 Y120.076 E288.61525
G1 X104.738 Y120.767 E288.63833
G1 X104.932 Y121.447 E288.66184
G1 X105.243 Y122.073 E288.68509
G1 X105.673 Y122.636 E288.70866
G1 X106.186 Y123.108 E288.73184
G1 X106.778 Y123.475 E288.75501
G1 X107.439 Y123.73 E288.77857
G1 X108.123 Y123.856 E288.80171
G1 X108.774 Y123.856 E288.82336
G1 F2700 E283.82336
G0 F9000 X108.774 Y123.549
G0 X108.571 Y123.256
G0 X108.571 Y121.846
G0 X108.571 Y121.268
G1 F2700 E288.82336
G1 F1500 X108.34 Y121.268 E288.83104
G1 X108.048 Y121.195 E288.84105
G1 X107.802 Y121.066 E288.85029
G1 X107.565 Y120.858 E288.86078
G1 X107.412 Y120.63 E288.86991
G1 X107.315 Y120.371 E288.87911
G1 X107.276 Y120.058 E288.8896
G1 X107.315 Y119.777 E288.89904
G1 X107.412 Y119.519 E288.9082
G1 X107.577 Y119.275 E288.918
G1 X107.801 Y119.082 E288.92783
G1 X108.049 Y118.953 E288.93713
G1 X108.341 Y118.88 E288.94714
G1 X108.611 Y118.88 E288.95612
G1 X108.904 Y118.952 E288.96616
G1 X109.15 Y119.082 E288.97541
G1 X109.371 Y119.275 E288.98517
G1 X109.54 Y119.518 E288.99502
G1 X109.637 Y119.777 E289.00421
G1 X109.677 Y120.076 E289.01425
G1 X109.637 Y120.371 E289.02415
G1 X109.54 Y120.63 E289.03335
G1 X109.384 Y120.857 E289.04251
G1 X109.15 Y121.067 E289.05297
G1 X108.905 Y121.195 E289.06216
G1 X108.612 Y121.268 E289.0722
G1 X108.571 Y121.268 E289.07357
G1 F2700 E284.07357
G0 F9000 X108.571 Y121.579
G0 X108.701 Y121.847
G0 X108.952 Y123.224
G0 X108.714 Y123.096
;TYPE:SKIN
G1 F2700 E289.07357
G1 F1500 X108.187 Y123.096 E289.0911
G1 X107.647 Y122.994 E289.10937
G1 X107.115 Y122.788 E289.12835
G1 X106.655 Y122.5 E289.1464
G1 X106.232 Y122.116 E289.1654
G1 X105.891 Y121.67 E289.18407
G1 X105.644 Y121.171 E289.20259
G1 X105.486 Y120.619 E289.22169
G1 X105.437 Y120.076 E289.23982
G1 X105.486 Y119.525 E289.25822
G1 X105.644 Y118.973 E289.27732
G1 X105.891 Y118.475 E289.29581
G1 X106.233 Y118.028 E289.31453
G1 X106.642 Y117.652 E289.33301
G1 X107.121 Y117.352 E289.3518
G1 X107.639 Y117.158 E289.3702
G1 X108.191 Y117.052 E289.3889
G1 X108.761 Y117.052 E289.40785
G1 X109.301 Y117.154 E289.42613
G1 X109.826 Y117.353 E289.44481
G1 X110.306 Y117.652 E289.46362
G1 X110.711 Y118.024 E289.48191
G1 X111.053 Y118.474 E289.5007
G1 X111.3 Y118.973 E289.51922
G1 X111.458 Y119.526 E289.53835
G1 X111.511 Y120.076 E289.55673
G1 X111.458 Y120.618 E289.57484
G1 X111.3 Y121.171 E289.59397
G1 X111.052 Y121.67 E289.61251
G1 X110.715 Y122.12 E289.6312
G1 X110.298 Y122.499 E289.64995
G1 X109.834 Y122.788 E289.66813
G1 X109.297 Y122.995 E289.68727
G1 X108.761 Y123.096 E289.70541
G1 X108.714 Y123.096 E289.70697
G0 F9000 X108.672 Y122.559
G1 F881.1 X108.172 Y122.556 E289.73529
G1 F878.5 X107.798 Y122.469 E289.75709
G1 F875.9 X107.358 Y122.299 E289.78396
G1 F890.2 X107.029 Y122.114 E289.80511
G1 F903.6 X106.612 Y121.741 E289.836
G1 F888.9 X106.352 Y121.383 E289.86084
G1 F875.9 X106.152 Y120.976 E289.88667
G1 F877.2 X106.027 Y120.598 E289.90931
G1 F883.7 X105.975 Y120.076 E289.93893
G1 X106.027 Y119.536 E289.96956
G1 F875.9 X106.152 Y119.164 E289.99191
G1 F874.6 X106.354 Y118.762 E290.01757
G1 F888.9 X106.626 Y118.385 E290.04367
G1 F894.2 X107.01 Y118.041 E290.07243
G1 F882.4 X107.36 Y117.84 E290.09525
G1 F890.2 X107.687 Y117.698 E290.11523
G1 F895.5 X108.178 Y117.588 E290.14326
G1 F890.2 X108.755 Y117.586 E290.1756
G1 F885 X109.25 Y117.699 E290.20422
G1 F879.8 X109.581 Y117.84 E290.22463
G1 F891.5 X109.92 Y118.029 E290.24635
G1 F895.5 X110.349 Y118.415 E290.2785
G1 F885 X110.639 Y118.827 E290.3069
G1 F879.8 X110.789 Y119.163 E290.32777
G1 X110.915 Y119.542 E290.35042
G1 F885 X110.969 Y120.076 E290.38067
G1 F887.6 X110.915 Y120.604 E290.41051
G1 F885 X110.794 Y120.972 E290.43235
G1 X110.65 Y121.299 E290.45249
G1 F896.9 X110.331 Y121.745 E290.48299
G1 F895.5 X109.922 Y122.11 E290.51353
G1 F877.2 X109.59 Y122.3 E290.53529
G1 F875.9 X109.146 Y122.47 E290.56237
G1 F881.1 X108.754 Y122.56 E290.58514
G1 F883.7 X108.672 Y122.559 E290.58977
G0 F9000 X108.63 Y122.021
G1 F1500 X108.734 Y122.021 E290.59323
G1 X109.181 Y121.903 E290.60861
G1 X109.586 Y121.694 E290.62377
G1 X109.942 Y121.382 E290.63951
G1 X110.22 Y120.97 E290.65604
G1 X110.381 Y120.539 E290.67134
G1 X110.436 Y120.076 E290.68685
G1 X110.381 Y119.608 E290.70252
G1 X110.22 Y119.178 E290.7178
G1 X109.95 Y118.774 E290.73396
G1 X109.583 Y118.449 E290.75026
G1 X109.175 Y118.24 E290.76551
G1 X108.729 Y118.123 E290.78085
G1 X108.214 Y118.123 E290.79797
G1 X107.769 Y118.236 E290.81325
G1 X107.361 Y118.454 E290.82863
G1 X106.989 Y118.778 E290.84504
G1 X106.728 Y119.183 E290.86106
G1 X106.567 Y119.601 E290.87596
G1 X106.516 Y120.058 E290.89126
G1 X106.567 Y120.54 E290.90738
G1 X106.728 Y120.97 E290.92265
G1 X106.981 Y121.354 E290.93794
G1 X107.361 Y121.69 E290.95481
G1 X107.775 Y121.903 E290.9703
G1 X108.215 Y122.021 E290.98545
G1 X108.63 Y122.021 E290.99925
G1 F2700 E285.99925
;MESH:megav4.5-pcbfoot.stl
G0 F9000 X108.63 Y121.766
G0 X110.061 Y120.888
G0 X115.347 Y120.346
G0 X117.5 Y120.88
;TYPE:WALL-INNER
G1 F2700 E290.99925
G1 F1500 X117.817 Y120.88 E291.0098
G1 X118.428 Y120.768 E291.03046
G1 X119.014 Y120.54 E291.05137
G1 X119.544 Y120.211 E291.07212
G1 X120.006 Y119.789 E291.09293
G1 X120.387 Y119.286 E291.11392
G1 X120.666 Y118.726 E291.13473
G1 X120.839 Y118.117 E291.15579
G1 X120.897 Y117.5 E291.1764
G1 X120.839 Y116.879 E291.19714
G1 X120.666 Y116.27 E291.2182
G1 X120.387 Y115.71 E291.23901
G1 X120.007 Y115.207 E291.25998
G1 X119.544 Y114.789 E291.28072
G1 X119.014 Y114.456 E291.30154
G1 X118.427 Y114.232 E291.32244
G1 X117.815 Y114.117 E291.34315
G1 X117.185 Y114.116 E291.3641
G1 X116.572 Y114.232 E291.38485
G1 X115.981 Y114.457 E291.40589
G1 X115.452 Y114.789 E291.42666
G1 X114.989 Y115.208 E291.44743
G1 X114.609 Y115.71 E291.46837
G1 X114.33 Y116.27 E291.48918
G1 X114.157 Y116.879 E291.51023
G1 X114.099 Y117.5 E291.53098
G1 X114.157 Y118.117 E291.55159
G1 X114.33 Y118.726 E291.57265
G1 X114.609 Y119.286 E291.59346
G1 X114.99 Y119.789 E291.61444
G1 X115.452 Y120.211 E291.63526
G1 X115.981 Y120.54 E291.65598
G1 X116.572 Y120.767 E291.67703
G1 X117.183 Y120.88 E291.6977
G1 X117.5 Y120.88 E291.70824
G1 F2700 E286.70824
G0 F9000 X117.5 Y119.27
G0 X117.5 Y119.091
G1 F2700 E291.70824
G1 F1500 X117.298 Y119.091 E291.71496
G1 X116.928 Y118.993 E291.72769
G1 X116.582 Y118.815 E291.74063
G1 X116.309 Y118.571 E291.75281
G1 X116.085 Y118.261 E291.76553
G1 X115.95 Y117.905 E291.7782
G1 X115.894 Y117.501 E291.79176
G1 X115.95 Y117.091 E291.80552
G1 X116.086 Y116.733 E291.81826
G1 X116.308 Y116.426 E291.83086
G1 X116.577 Y116.184 E291.8429
G1 X116.925 Y116 E291.85599
G1 X117.299 Y115.905 E291.86882
G1 X117.697 Y115.905 E291.88206
G1 X118.07 Y116.002 E291.89488
G1 X118.387 Y116.167 E291.90677
G1 X118.698 Y116.43 E291.92031
G1 X118.922 Y116.764 E291.93369
G1 X119.059 Y117.128 E291.94663
G1 X119.097 Y117.5 E291.95906
G1 X119.046 Y117.905 E291.97264
G1 X118.923 Y118.232 E291.98426
G1 X118.687 Y118.571 E291.998
G1 X118.413 Y118.816 E292.01022
G1 X118.074 Y118.992 E292.02293
G1 X117.699 Y119.091 E292.03583
G1 X117.5 Y119.091 E292.04245
G0 F9000 X117.5 Y118.692
;TYPE:WALL-OUTER
G1 F1500 X117.361 Y118.692 E292.04707
G1 X117.051 Y118.61 E292.05773
G1 X116.803 Y118.477 E292.06709
G1 X116.601 Y118.297 E292.07609
G1 X116.432 Y118.054 E292.08594
G1 X116.335 Y117.795 E292.09514
G1 X116.3 Y117.481 E292.10564
G1 X116.335 Y117.201 E292.11503
G1 X116.432 Y116.943 E292.1242
G1 X116.588 Y116.715 E292.13339
G1 X116.821 Y116.506 E292.1438
G1 X117.093 Y116.37 E292.15391
G1 X117.361 Y116.304 E292.16309
G1 X117.635 Y116.304 E292.1722
G1 X117.928 Y116.376 E292.18224
G1 X118.175 Y116.506 E292.19152
G1 X118.395 Y116.699 E292.20126
G1 X118.564 Y116.942 E292.2111
G1 X118.661 Y117.201 E292.2203
G1 X118.697 Y117.5 E292.23032
G1 X118.661 Y117.795 E292.2402
G1 X118.564 Y118.054 E292.2494
G1 X118.395 Y118.297 E292.25924
G1 X118.193 Y118.477 E292.26824
G1 X117.929 Y118.619 E292.27821
G1 X117.636 Y118.692 E292.28826
G1 X117.5 Y118.692 E292.29278
G1 F2700 E287.29278
G0 F9000 X117.5 Y119.003
G0 X117.5 Y119.27
G0 X117.5 Y120.68
G0 X117.5 Y121.28
G1 F2700 E292.29278
G1 F1500 X117.853 Y121.28 E292.30452
G1 X118.537 Y121.154 E292.32765
G1 X119.194 Y120.9 E292.35108
G1 X119.786 Y120.531 E292.37428
G1 X120.303 Y120.06 E292.39755
G1 X120.729 Y119.498 E292.421
G1 X121.04 Y118.871 E292.44428
G1 X121.234 Y118.191 E292.4678
G1 X121.299 Y117.5 E292.49088
G1 X121.234 Y116.805 E292.5141
G1 X121.04 Y116.125 E292.53762
G1 X120.729 Y115.498 E292.5609
G1 X120.303 Y114.936 E292.58435
G1 X119.786 Y114.469 E292.60752
G1 X119.194 Y114.096 E292.6308
G1 X118.537 Y113.846 E292.65418
G1 X117.853 Y113.717 E292.67733
G1 X117.147 Y113.716 E292.70081
G1 X116.463 Y113.846 E292.72397
G1 X115.802 Y114.097 E292.74748
G1 X115.21 Y114.469 E292.77074
G1 X114.693 Y114.936 E292.79391
G1 X114.267 Y115.498 E292.81737
G1 X113.956 Y116.125 E292.84064
G1 X113.762 Y116.805 E292.86416
G1 X113.697 Y117.5 E292.88738
G1 X113.762 Y118.191 E292.91046
G1 X113.956 Y118.871 E292.93398
G1 X114.267 Y119.498 E292.95726
G1 X114.693 Y120.06 E292.98072
G1 X115.21 Y120.531 E293.00398
G1 X115.802 Y120.9 E293.02718
G1 X116.463 Y121.154 E293.05073
G1 X117.147 Y121.28 E293.07387
G1 X117.5 Y121.28 E293.08561
G1 F2700 E288.08561
G0 F9000 X117.5 Y120.973
G0 X117.5 Y120.68
G0 X117.5 Y119.27
G0 X117.5 Y119.445
;TYPE:SKIN
G1 F2700 E293.08561
G1 F1500 X117.758 Y119.445 E293.09419
G1 X118.205 Y119.327 E293.10956
G1 X118.607 Y119.118 E293.12463
G1 X118.98 Y118.789 E293.14118
G1 X119.248 Y118.39 E293.15716
G1 X119.405 Y117.967 E293.17217
G1 X119.456 Y117.517 E293.18723
G1 X119.404 Y117.025 E293.20369
G1 X119.244 Y116.602 E293.21873
G1 X118.975 Y116.203 E293.23474
G1 X118.624 Y115.886 E293.25047
G1 X118.222 Y115.674 E293.26558
G1 X117.753 Y115.547 E293.28174
G1 X117.235 Y115.547 E293.29897
G1 X116.792 Y115.661 E293.31419
G1 X116.38 Y115.879 E293.32969
G1 X116.054 Y116.166 E293.34413
G1 X115.781 Y116.539 E293.35951
G1 X115.593 Y116.998 E293.37601
G1 X115.532 Y117.48 E293.39217
G1 X115.587 Y117.968 E293.4085
G1 X115.764 Y118.426 E293.42483
G1 X116.045 Y118.817 E293.44084
G1 X116.377 Y119.114 E293.45566
G1 X116.776 Y119.319 E293.47058
G1 X117.239 Y119.445 E293.48654
G1 X117.5 Y119.445 E293.49522
G0 F9000 X117.5 Y119.982
G1 F882.4 X117.197 Y119.98 E293.51235
G1 F878.5 X116.819 Y119.893 E293.53438
G1 F875.9 X116.389 Y119.728 E293.56062
G1 F877.2 X116.036 Y119.527 E293.58372
G1 F886.3 X115.654 Y119.181 E293.61273
G1 F887.6 X115.326 Y118.739 E293.64367
G1 F879.8 X115.171 Y118.396 E293.66502
G1 F878.5 X115.049 Y118.023 E293.6873
G1 F887.6 X114.993 Y117.496 E293.71709
G1 F890.2 X115.047 Y116.962 E293.74717
G1 F885 X115.17 Y116.596 E293.76894
G1 F883.7 X115.325 Y116.252 E293.79024
G1 F894.2 X115.65 Y115.809 E293.8209
G1 X116.046 Y115.458 E293.85042
G1 F882.4 X116.39 Y115.259 E293.87289
G1 F890.2 X116.688 Y115.124 E293.89123
G1 F892.9 X117.194 Y115.012 E293.92018
G1 F888.9 X117.78 Y115.01 E293.95307
G1 F886.3 X118.176 Y115.097 E293.9759
G1 F882.4 X118.595 Y115.258 E294.00128
G1 F892.9 X118.956 Y115.466 E294.02456
G1 F894.2 X119.374 Y115.843 E294.05596
G1 F882.4 X119.612 Y116.183 E294.07943
G1 F878.5 X119.813 Y116.588 E294.10511
G1 F882.4 X119.944 Y116.986 E294.1288
G1 F887.6 X119.993 Y117.496 E294.1576
G1 F898.2 X119.938 Y118.032 E294.18753
G1 F911.9 X119.775 Y118.527 E294.21604
G1 F902.3 X119.614 Y118.81 E294.23404
G1 F896.9 X119.352 Y119.173 E294.25895
G1 F898.2 X118.943 Y119.533 E294.28921
G1 F885 X118.611 Y119.723 E294.31078
G1 F879.8 X118.165 Y119.895 E294.33788
G1 F881.1 X117.777 Y119.984 E294.36043
G1 F885 X117.5 Y119.982 E294.37604
G0 F9000 X117.5 Y120.52
G1 F1500 X117.211 Y120.52 E294.38565
G1 X116.671 Y120.418 E294.40393
G1 X116.142 Y120.216 E294.42277
G1 X115.67 Y119.92 E294.4413
G1 X115.257 Y119.544 E294.45987
G1 X114.916 Y119.094 E294.47865
G1 X114.668 Y118.595 E294.49719
G1 X114.51 Y118.042 E294.51631
G1 X114.458 Y117.496 E294.53456
G1 X114.51 Y116.95 E294.5528
G1 X114.668 Y116.397 E294.57193
G1 X114.915 Y115.902 E294.59033
G1 X115.257 Y115.448 E294.60923
G1 X115.666 Y115.08 E294.62753
G1 X116.146 Y114.776 E294.64643
G1 X116.671 Y114.578 E294.66509
G1 X117.215 Y114.476 E294.6835
G1 X117.785 Y114.476 E294.70246
G1 X118.325 Y114.578 E294.72074
G1 X118.845 Y114.776 E294.73924
G1 X119.326 Y115.08 E294.75817
G1 X119.74 Y115.452 E294.77668
G1 X120.077 Y115.898 E294.79527
G1 X120.324 Y116.397 E294.81379
G1 X120.482 Y116.95 E294.83292
G1 X120.535 Y117.496 E294.85117
G1 X120.482 Y118.042 E294.86941
G1 X120.324 Y118.595 E294.88854
G1 X120.077 Y119.094 E294.90706
G1 X119.735 Y119.544 E294.92586
G1 X119.322 Y119.919 E294.94441
G1 X118.854 Y120.212 E294.96278
G1 X118.321 Y120.419 E294.98179
G1 X117.785 Y120.52 E294.99994
G1 X117.5 Y120.52 E295.00941
G1 F2700 E290.00941
;MESH:megav4.5-pcbfoot.stl(2)
G0 F9000 X117.5 Y120.78
G0 X118.383 Y120.613
G0 X118.836 Y120.437
G0 X120.533 Y119.381
G0 X121.513 Y119.867
G0 X124.356 Y119.041
G0 X126.266 Y118.296
;TYPE:WALL-INNER
G1 F2700 E295.00941
G1 F1500 X126.835 Y118.296 E295.02834
G1 X127.446 Y118.18 E295.04902
G1 X128.034 Y117.952 E295.07
G1 X128.564 Y117.623 E295.09075
G1 X129.026 Y117.201 E295.11156
G1 X129.407 Y116.698 E295.13255
G1 X129.686 Y116.138 E295.15336
G1 X129.859 Y115.529 E295.17441
G1 X129.917 Y114.912 E295.19503
G1 X129.859 Y114.292 E295.21574
G1 X129.686 Y113.686 E295.2367
G1 X129.407 Y113.121 E295.25766
G1 X129.027 Y112.619 E295.2786
G1 X128.565 Y112.201 E295.29932
G1 X128.034 Y111.872 E295.3201
G1 X127.446 Y111.644 E295.34107
G1 X126.835 Y111.529 E295.36175
G1 X126.205 Y111.528 E295.3827
G1 X125.593 Y111.644 E295.40342
G1 X125.001 Y111.872 E295.42452
G1 X124.471 Y112.201 E295.44527
G1 X124.009 Y112.62 E295.46601
G1 X123.63 Y113.122 E295.48693
G1 X123.35 Y113.686 E295.50788
G1 X123.177 Y114.292 E295.52884
G1 X123.119 Y114.912 E295.54955
G1 X123.176 Y115.529 E295.57016
G1 X123.35 Y116.138 E295.59122
G1 X123.629 Y116.698 E295.61203
G1 X124.01 Y117.202 E295.63305
G1 X124.472 Y117.623 E295.65384
G1 X125.001 Y117.952 E295.67456
G1 X125.593 Y118.18 E295.69566
G1 X126.205 Y118.296 E295.71637
G1 X126.266 Y118.296 E295.7184
G1 F2700 E290.7184
G0 F9000 X126.401 Y116.682
G0 X126.401 Y116.503
G1 F2700 E295.7184
G1 F1500 X126.318 Y116.503 E295.72116
G1 X125.948 Y116.405 E295.73389
G1 X125.6 Y116.231 E295.74683
G1 X125.307 Y115.966 E295.75997
G1 X125.094 Y115.644 E295.77282
G1 X124.97 Y115.321 E295.78432
G1 X124.914 Y114.913 E295.79802
G1 X124.971 Y114.502 E295.81182
G1 X125.093 Y114.182 E295.82321
G1 X125.328 Y113.838 E295.83707
G1 X125.602 Y113.593 E295.84929
G1 X125.948 Y113.416 E295.86222
G1 X126.319 Y113.321 E295.87496
G1 X126.725 Y113.321 E295.88846
G1 X127.093 Y113.416 E295.9011
G1 X127.436 Y113.594 E295.91395
G1 X127.722 Y113.847 E295.92665
G1 X127.943 Y114.181 E295.93998
G1 X128.079 Y114.538 E295.95268
G1 X128.117 Y114.912 E295.96519
G1 X128.078 Y115.29 E295.97782
G1 X127.943 Y115.644 E295.99043
G1 X127.708 Y115.986 E296.00423
G1 X127.428 Y116.238 E296.01676
G1 X127.094 Y116.404 E296.02916
G1 X126.722 Y116.502 E296.04196
G1 X126.401 Y116.503 E296.05263
G0 F9000 X126.431 Y116.104
;TYPE:WALL-OUTER
G1 F1500 X126.381 Y116.104 E296.0543
G1 X126.092 Y116.031 E296.06421
G1 X125.842 Y115.906 E296.07351
G1 X125.621 Y115.713 E296.08327
G1 X125.452 Y115.466 E296.09322
G1 X125.355 Y115.211 E296.10229
G1 X125.32 Y114.893 E296.11293
G1 X125.355 Y114.612 E296.12235
G1 X125.452 Y114.359 E296.13136
G1 X125.608 Y114.127 E296.14066
G1 X125.822 Y113.931 E296.15031
G1 X126.092 Y113.789 E296.16046
G1 X126.381 Y113.72 E296.17034
G1 X126.655 Y113.72 E296.17946
G1 X126.949 Y113.789 E296.1895
G1 X127.214 Y113.931 E296.1995
G1 X127.415 Y114.111 E296.20847
G1 X127.584 Y114.359 E296.21846
G1 X127.681 Y114.612 E296.22747
G1 X127.717 Y114.912 E296.23752
G1 X127.681 Y115.211 E296.24753
G1 X127.584 Y115.466 E296.25661
G1 X127.415 Y115.713 E296.26656
G1 X127.213 Y115.893 E296.27556
G1 X126.949 Y116.031 E296.28547
G1 X126.655 Y116.104 E296.29555
G1 X126.431 Y116.104 E296.303
G1 F2700 E291.303
G0 F9000 X126.431 Y116.416
G0 X126.29 Y116.683
G0 X126.025 Y118.078
G0 X126.236 Y118.696
G1 F2700 E296.303
G1 F1500 X126.873 Y118.696 E296.32418
G1 X127.556 Y118.566 E296.34731
G1 X128.214 Y118.312 E296.37077
G1 X128.806 Y117.943 E296.39397
G1 X129.323 Y117.472 E296.41723
G1 X129.749 Y116.91 E296.44068
G1 X130.06 Y116.283 E296.46396
G1 X130.254 Y115.603 E296.48748
G1 X130.319 Y114.912 E296.51057
G1 X130.254 Y114.218 E296.53375
G1 X130.06 Y113.541 E296.55717
G1 X129.749 Y112.91 E296.58057
G1 X129.323 Y112.348 E296.60403
G1 X128.807 Y111.881 E296.62717
G1 X128.214 Y111.512 E296.6504
G1 X127.556 Y111.258 E296.67386
G1 X126.873 Y111.129 E296.69698
G1 X126.167 Y111.128 E296.72046
G1 X125.483 Y111.258 E296.74362
G1 X124.822 Y111.512 E296.76717
G1 X124.229 Y111.881 E296.7904
G1 X123.713 Y112.348 E296.81355
G1 X123.288 Y112.91 E296.83699
G1 X122.976 Y113.541 E296.8604
G1 X122.782 Y114.218 E296.88382
G1 X122.717 Y114.912 E296.907
G1 X122.782 Y115.603 E296.93009
G1 X122.976 Y116.283 E296.95361
G1 X123.287 Y116.91 E296.97689
G1 X123.713 Y117.472 E297.00034
G1 X124.23 Y117.943 E297.0236
G1 X124.822 Y118.312 E297.04681
G1 X125.483 Y118.566 E297.07036
G1 X126.167 Y118.696 E297.09351
G1 X126.236 Y118.696 E297.09581
G1 F2700 E292.09581
G0 F9000 X126.236 Y118.386
G0 X126.374 Y118.096
G0 X126.374 Y116.682
G0 X126.374 Y116.857
;TYPE:SKIN
G1 F2700 E297.09581
G1 F1500 X126.775 Y116.857 E297.10915
G1 X127.221 Y116.739 E297.12449
G1 X127.631 Y116.531 E297.13978
G1 X127.983 Y116.225 E297.1553
G1 X128.264 Y115.806 E297.17208
G1 X128.424 Y115.388 E297.18696
G1 X128.476 Y114.912 E297.20289
G1 X128.429 Y114.448 E297.2184
G1 X128.264 Y114.019 E297.23369
G1 X127.979 Y113.59 E297.25082
G1 X127.63 Y113.29 E297.26612
G1 X127.221 Y113.081 E297.2814
G1 X126.781 Y112.963 E297.29655
G1 X126.255 Y112.963 E297.31405
G1 X125.841 Y113.07 E297.32827
G1 X125.401 Y113.29 E297.34463
G1 X125.044 Y113.604 E297.36044
G1 X124.773 Y114.006 E297.37657
G1 X124.607 Y114.433 E297.39181
G1 X124.552 Y114.893 E297.40722
G1 X124.607 Y115.387 E297.42375
G1 X124.761 Y115.785 E297.43794
G1 X125.02 Y116.185 E297.45379
G1 X125.401 Y116.53 E297.47089
G1 X125.836 Y116.746 E297.48704
G1 X126.254 Y116.857 E297.50142
G1 X126.374 Y116.857 E297.50542
G0 F9000 X126.333 Y117.397
G1 F882.4 X126.24 Y117.398 E297.51067
G1 X125.743 Y117.286 E297.53948
G1 F878.5 X125.405 Y117.14 E297.56039
G1 F879.8 X125.064 Y116.944 E297.5827
G1 F888.9 X124.642 Y116.569 E297.61438
G1 F890.2 X124.348 Y116.153 E297.64293
G1 F885 X124.189 Y115.805 E297.6645
G1 X124.07 Y115.445 E297.68587
G1 F887.6 X124.015 Y114.908 E297.71622
G1 X124.069 Y114.371 E297.74655
G1 F885 X124.19 Y114.008 E297.76813
G1 F895.5 X124.34 Y113.671 E297.78868
G1 F903.6 X124.671 Y113.222 E297.81947
G1 F890.2 X125.064 Y112.873 E297.84893
G1 F877.2 X125.41 Y112.676 E297.87157
G1 F874.6 X125.746 Y112.531 E297.89245
G1 F879.8 X126.218 Y112.426 E297.91987
G1 F885 X126.802 Y112.424 E297.95279
G1 F883.7 X127.186 Y112.51 E297.97501
G1 F878.5 X127.634 Y112.683 E298.00228
G1 F881.1 X127.967 Y112.874 E298.02402
G1 F896.9 X128.367 Y113.224 E298.05359
G1 F895.5 X128.633 Y113.594 E298.07898
G1 F883.7 X128.835 Y114.002 E298.10468
G1 F885 X128.961 Y114.38 E298.12714
G1 F887.6 X129.013 Y114.908 E298.15696
G1 F898.2 X128.96 Y115.436 E298.18644
G1 F892.9 X128.834 Y115.813 E298.20865
G1 F882.4 X128.633 Y116.221 E298.23437
G1 F896.9 X128.371 Y116.588 E298.25945
G1 F899.6 X127.962 Y116.948 E298.28967
G1 F883.7 X127.634 Y117.134 E298.31096
G1 F878.5 X127.184 Y117.307 E298.33834
G1 F877.2 X126.811 Y117.393 E298.36011
G1 F878.5 X126.333 Y117.397 E298.38726
G0 F9000 X126.293 Y117.936
G1 F1500 X126.237 Y117.936 E298.38912
G1 X125.691 Y117.83 E298.40762
G1 X125.158 Y117.628 E298.42658
G1 X124.69 Y117.332 E298.44499
G1 X124.277 Y116.96 E298.46348
G1 X123.935 Y116.506 E298.48239
G1 X123.684 Y116.003 E298.50108
G1 X123.53 Y115.455 E298.52002
G1 X123.478 Y114.912 E298.53816
G1 X123.53 Y114.366 E298.5564
G1 X123.688 Y113.809 E298.57566
G1 X123.935 Y113.314 E298.59406
G1 X124.277 Y112.86 E298.61296
G1 X124.689 Y112.489 E298.6314
G1 X125.162 Y112.192 E298.64998
G1 X125.691 Y111.989 E298.66883
G1 X126.235 Y111.888 E298.68723
G1 X126.805 Y111.888 E298.70619
G1 X127.341 Y111.989 E298.72433
G1 X127.874 Y112.196 E298.74335
G1 X128.343 Y112.489 E298.76174
G1 X128.76 Y112.864 E298.78039
G1 X129.096 Y113.31 E298.79896
G1 X129.344 Y113.813 E298.81762
G1 X129.502 Y114.366 E298.83675
G1 X129.555 Y114.912 E298.85499
G1 X129.502 Y115.454 E298.8731
G1 X129.344 Y116.007 E298.89223
G1 X129.097 Y116.506 E298.91075
G1 X128.755 Y116.956 E298.92955
G1 X128.342 Y117.331 E298.9481
G1 X127.874 Y117.624 E298.96647
G1 X127.34 Y117.831 E298.98552
G1 X126.8 Y117.936 E299.00381
G1 X126.293 Y117.936 E299.02068
G1 F2700 E294.02068
;MESH:megav4.5-pcbfoot.stl(3)
G0 F9000 X126.293 Y118.196
G0 X124.932 Y118.11
G0 X120.9 Y124.947
G0 X120.05 Y128.133
;TYPE:WALL-INNER
G1 F2700 E299.02068
G1 F1500 X119.679 Y128.078 E299.03315
G1 X119.353 Y127.954 E299.04475
G1 X119.033 Y127.744 E299.05748
G1 X118.794 Y127.475 E299.06945
G1 X118.589 Y127.113 E299.08329
G1 X118.493 Y126.728 E299.09649
G1 X118.493 Y126.327 E299.10982
G1 X118.591 Y125.962 E299.12239
G1 X118.768 Y125.619 E299.13523
G1 X119.014 Y125.345 E299.14748
G1 X119.322 Y125.121 E299.16014
G1 X119.679 Y124.986 E299.17284
G1 X120.088 Y124.931 E299.18656
G1 X120.464 Y124.975 E299.19916
G1 X120.82 Y125.109 E299.21181
G1 X121.148 Y125.33 E299.22496
G1 X121.403 Y125.617 E299.23773
G1 X121.58 Y125.958 E299.25051
G1 X121.679 Y126.333 E299.26341
G1 X121.679 Y126.731 E299.27665
G1 X121.58 Y127.104 E299.28948
G1 X121.403 Y127.445 E299.30226
G1 X121.159 Y127.722 E299.31454
G1 X120.835 Y127.952 E299.32775
G1 X120.493 Y128.077 E299.33987
G1 X120.093 Y128.139 E299.35333
G1 X120.05 Y128.133 E299.35477
G1 F2700 E294.35477
G0 F9000 X119.961 Y129.736
G0 X120.007 Y129.922
G1 F2700 E299.35477
G1 F1500 X120.088 Y129.929 E299.35748
G1 X120.706 Y129.875 E299.37811
G1 X121.314 Y129.702 E299.39913
G1 X121.873 Y129.424 E299.4199
G1 X122.377 Y129.039 E299.44099
G1 X122.8 Y128.579 E299.46178
G1 X123.128 Y128.051 E299.48245
G1 X123.355 Y127.46 E299.50351
G1 X123.468 Y126.849 E299.52418
G1 X123.468 Y126.215 E299.54526
G1 X123.355 Y125.604 E299.56593
G1 X123.128 Y125.017 E299.58686
G1 X122.799 Y124.484 E299.60769
G1 X122.378 Y124.026 E299.62839
G1 X121.874 Y123.645 E299.6494
G1 X121.314 Y123.366 E299.67021
G1 X120.705 Y123.193 E299.69127
G1 X120.088 Y123.135 E299.71188
G1 X119.467 Y123.193 E299.73262
G1 X118.858 Y123.366 E299.75368
G1 X118.298 Y123.645 E299.77449
G1 X117.795 Y124.025 E299.79546
G1 X117.377 Y124.484 E299.8161
G1 X117.044 Y125.017 E299.83701
G1 X116.82 Y125.605 E299.85793
G1 X116.704 Y126.217 E299.87865
G1 X116.704 Y126.847 E299.89961
G1 X116.82 Y127.46 E299.92036
G1 X117.044 Y128.051 E299.94138
G1 X117.376 Y128.579 E299.96212
G1 X117.796 Y129.04 E299.98286
G1 X118.299 Y129.424 E300.00391
G1 X118.858 Y129.701 E300.02466
G1 X119.466 Y129.874 E300.04569
G1 X120.007 Y129.922 E300.06375
G0 F9000 X119.998 Y130.323
;TYPE:WALL-OUTER
G1 F1503.8 X120.088 Y130.331 E300.06675
G1 F1500 X120.779 Y130.27 E300.08982
G1 X121.459 Y130.076 E300.11334
G1 X122.085 Y129.765 E300.13659
G1 X122.648 Y129.335 E300.16015
G1 X123.12 Y128.822 E300.18334
G1 X123.488 Y128.23 E300.20652
G1 X123.742 Y127.569 E300.23007
G1 X123.868 Y126.885 E300.25321
G1 X123.868 Y126.179 E300.27669
G1 X123.742 Y125.495 E300.29982
G1 X123.488 Y124.838 E300.32325
G1 X123.119 Y124.242 E300.34656
G1 X122.648 Y123.729 E300.36973
G1 X122.086 Y123.303 E300.39318
G1 X121.459 Y122.992 E300.41646
G1 X120.779 Y122.798 E300.43998
G1 X120.088 Y122.733 E300.46306
G1 X119.393 Y122.798 E300.48628
G1 X118.713 Y122.992 E300.5098
G1 X118.086 Y123.303 E300.53308
G1 X117.524 Y123.729 E300.55653
G1 X117.057 Y124.242 E300.57961
G1 X116.684 Y124.838 E300.60299
G1 X116.434 Y125.495 E300.62637
G1 X116.304 Y126.179 E300.64953
G1 X116.304 Y126.885 E300.67301
G1 X116.434 Y127.569 E300.69617
G1 X116.684 Y128.23 E300.71967
G1 X117.056 Y128.822 E300.74293
G1 X117.524 Y129.336 E300.76605
G1 X118.087 Y129.765 E300.78959
G1 X118.713 Y130.076 E300.81284
G1 X119.393 Y130.27 E300.83636
G1 F1503.8 X119.998 Y130.323 E300.85651
G1 F2700 E295.85651
G0 F9000 X120.027 Y130.017
G0 X119.87 Y129.728
G0 X120.028 Y128.307
G0 X120.059 Y127.731
G1 F2700 E300.85651
G1 F1500 X119.789 Y127.693 E300.86558
G1 X119.531 Y127.596 E300.87475
G1 X119.287 Y127.431 E300.88454
G1 X119.094 Y127.207 E300.89438
G1 X118.965 Y126.959 E300.90367
G1 X118.892 Y126.667 E300.91368
G1 X118.892 Y126.397 E300.92267
G1 X118.965 Y126.104 E300.93271
G1 X119.094 Y125.858 E300.94195
G1 X119.287 Y125.637 E300.95171
G1 X119.53 Y125.468 E300.96155
G1 X119.789 Y125.371 E300.97075
G1 X120.088 Y125.331 E300.98078
G1 X120.357 Y125.365 E300.9898
G1 X120.642 Y125.468 E300.99988
G1 X120.869 Y125.624 E301.00904
G1 X121.079 Y125.858 E301.0195
G1 X121.207 Y126.103 E301.02869
G1 X121.28 Y126.396 E301.03874
G1 X121.28 Y126.668 E301.04778
G1 X121.198 Y126.982 E301.05858
G1 X121.078 Y127.206 E301.06703
G1 X120.87 Y127.443 E301.07752
G1 X120.642 Y127.595 E301.08663
G1 X120.383 Y127.693 E301.09584
G1 X120.07 Y127.732 E301.10633
G1 X120.059 Y127.731 E301.1067
G1 F2700 E296.1067
G0 F9000 X120.021 Y128.039
G0 X120.088 Y128.312
G0 X119.961 Y129.736
G0 X120.016 Y129.561
;TYPE:SKIN
G1 F2700 E301.1067
G1 F1500 X119.537 Y129.518 E301.12269
G1 X118.985 Y129.36 E301.14179
G1 X118.487 Y129.113 E301.16028
G1 X118.04 Y128.771 E301.179
G1 X117.664 Y128.362 E301.19748
G1 X117.364 Y127.883 E301.21628
G1 X117.17 Y127.365 E301.23467
G1 X117.064 Y126.813 E301.25337
G1 X117.064 Y126.247 E301.27219
G1 X117.166 Y125.702 E301.29064
G1 X117.364 Y125.178 E301.30927
G1 X117.664 Y124.703 E301.32795
G1 X118.036 Y124.293 E301.34637
G1 X118.486 Y123.951 E301.36516
G1 X118.985 Y123.704 E301.38368
G1 X119.542 Y123.546 E301.40294
G1 X120.084 Y123.494 E301.42105
G1 X120.63 Y123.546 E301.43929
G1 X121.183 Y123.704 E301.45842
G1 X121.682 Y123.951 E301.47694
G1 X122.132 Y124.293 E301.49574
G1 X122.512 Y124.706 E301.5144
G1 X122.804 Y125.174 E301.53275
G1 X123.007 Y125.707 E301.55172
G1 X123.108 Y126.243 E301.56986
G1 X123.108 Y126.817 E301.58895
G1 X123.006 Y127.357 E301.60723
G1 X122.804 Y127.89 E301.62619
G1 X122.511 Y128.354 E301.64444
G1 X122.128 Y128.775 E301.66337
G1 X121.685 Y129.109 E301.68183
G1 X121.178 Y129.364 E301.7007
G1 X120.631 Y129.522 E301.71964
G1 X120.089 Y129.567 E301.73773
G1 X120.016 Y129.561 E301.74016
G0 F9000 X120.029 Y129.021
G1 F881.1 X119.545 Y128.972 E301.76771
G1 F877.2 X119.175 Y128.847 E301.78992
G1 F874.6 X118.774 Y128.65 E301.81541
G1 F890.2 X118.403 Y128.381 E301.84109
G1 F896.9 X118.053 Y127.99 E301.87028
G1 F882.4 X117.852 Y127.64 E301.8931
G1 F891.5 X117.713 Y127.328 E301.91222
G1 F895.5 X117.6 Y126.823 E301.94105
G1 F887.6 X117.598 Y126.253 E301.97309
G1 F882.4 X117.687 Y125.844 E301.99675
G1 F875.9 X117.848 Y125.426 E302.02227
G1 F877.2 X118.049 Y125.075 E302.04527
G1 F886.3 X118.4 Y124.689 E302.07464
G1 F885 X118.842 Y124.357 E302.1058
G1 F879.8 X119.179 Y124.212 E302.12661
G1 X119.554 Y124.087 E302.14902
G1 F885 X120.084 Y124.031 E302.17907
G1 F886.3 X120.621 Y124.088 E302.20947
G1 F883.7 X120.988 Y124.21 E302.2313
G1 X121.388 Y124.41 E302.25655
G1 F898.2 X121.768 Y124.683 E302.28254
G1 X122.119 Y125.073 E302.31169
G1 F879.8 X122.36 Y125.498 E302.33939
G1 F877.2 X122.482 Y125.855 E302.36085
G1 F890.2 X122.569 Y126.249 E302.38346
G1 F895.5 X122.572 Y126.81 E302.41472
G1 X122.452 Y127.337 E302.44483
G1 F888.9 X122.315 Y127.643 E302.46365
G1 F877.2 X122.119 Y127.978 E302.48572
G1 F890.2 X121.766 Y128.378 E302.51562
G1 F891.5 X121.321 Y128.707 E302.54659
G1 F881.1 X120.987 Y128.853 E302.56723
G1 F879.8 X120.604 Y128.978 E302.59008
G1 F887.6 X120.089 Y129.027 E302.61915
G1 F890.2 X120.029 Y129.021 E302.62253
G0 F9000 X120.041 Y128.487
G1 F1500 X120.089 Y128.493 E302.62414
G1 X120.544 Y128.441 E302.63937
G1 X120.986 Y128.279 E302.65503
G1 X121.39 Y128.002 E302.67132
G1 X121.702 Y127.643 E302.68714
G1 X121.919 Y127.243 E302.70228
G1 X122.031 Y126.796 E302.71761
G1 X122.033 Y126.27 E302.7351
G1 X121.915 Y125.824 E302.75045
G1 X121.71 Y125.43 E302.76522
G1 X121.377 Y125.048 E302.78207
G1 X120.977 Y124.784 E302.79801
G1 X120.555 Y124.623 E302.81304
G1 X120.107 Y124.568 E302.82805
G1 X119.617 Y124.623 E302.84445
G1 X119.154 Y124.8 E302.86093
G1 X118.755 Y125.093 E302.8774
G1 X118.466 Y125.417 E302.89184
G1 X118.252 Y125.829 E302.90728
G1 X118.135 Y126.275 E302.92262
G1 X118.135 Y126.79 E302.93975
G1 X118.248 Y127.235 E302.95502
G1 X118.466 Y127.643 E302.9704
G1 X118.779 Y128.01 E302.98644
G1 X119.195 Y128.276 E303.00287
G1 X119.613 Y128.437 E303.01777
G1 X120.041 Y128.487 E303.0321
G1 F2700 E298.0321
;MESH:NONMESH
G0 F300 X120.041 Y128.487 Z4.6
G0 F9000 X120.069 Y128.23
G0 X119.125 Y127.621
G0 X118.313 Y126.307
G0 X109.491 Y121.543
G0 X108.602 Y121.667
;TIME_ELAPSED:608.090066
;LAYER:22
;TYPE:WALL-INNER
;MESH:megav4.5-pcbfoot.stl(1)
G1 F2700 E303.0321
G1 F1500 X108.247 Y121.659 E303.04391
G1 X107.904 Y121.569 E303.0557
G1 X107.562 Y121.391 E303.06853
G1 X107.265 Y121.129 E303.0817
G1 X107.054 Y120.808 E303.09448
G1 X106.93 Y120.481 E303.10611
G1 X106.87 Y120.076 E303.11972
G1 X106.93 Y119.667 E303.13347
G1 X107.054 Y119.341 E303.14507
G1 X107.264 Y119.021 E303.1578
G1 X107.533 Y118.782 E303.16977
G1 X107.895 Y118.577 E303.18361
G1 X108.28 Y118.481 E303.19681
G1 X108.673 Y118.481 E303.20988
G1 X109.046 Y118.578 E303.2227
G1 X109.362 Y118.742 E303.23454
G1 X109.673 Y119.004 E303.24806
G1 X109.898 Y119.34 E303.26151
G1 X110.032 Y119.697 E303.2742
G1 X110.077 Y120.076 E303.28689
G1 X110.022 Y120.481 E303.30048
G1 X109.899 Y120.808 E303.3121
G1 X109.678 Y121.136 E303.32526
G1 X109.391 Y121.391 E303.33803
G1 X109.05 Y121.568 E303.35081
G1 X108.672 Y121.668 E303.36381
G1 X108.602 Y121.667 E303.36614
G1 F2700 E298.36614
G0 F9000 X108.952 Y123.224
G0 X108.742 Y123.456
G1 F2700 E303.36614
G1 F1500 X108.793 Y123.456 E303.36784
G1 X109.404 Y123.344 E303.3885
G1 X109.991 Y123.116 E303.40944
G1 X110.523 Y122.787 E303.43025
G1 X110.982 Y122.366 E303.45096
G1 X111.363 Y121.862 E303.47198
G1 X111.642 Y121.302 E303.49278
G1 X111.815 Y120.693 E303.51384
G1 X111.873 Y120.076 E303.53445
G1 X111.815 Y119.455 E303.5552
G1 X111.642 Y118.846 E303.57625
G1 X111.363 Y118.286 E303.59706
G1 X110.983 Y117.783 E303.61803
G1 X110.524 Y117.365 E303.63868
G1 X109.991 Y117.032 E303.65958
G1 X109.403 Y116.808 E303.68051
G1 X108.791 Y116.693 E303.70122
G1 X108.161 Y116.692 E303.72218
G1 X107.548 Y116.808 E303.74293
G1 X106.957 Y117.032 E303.76395
G1 X106.429 Y117.364 E303.78469
G1 X105.968 Y117.784 E303.80543
G1 X105.584 Y118.287 E303.82648
G1 X105.307 Y118.846 E303.84723
G1 X105.134 Y119.454 E303.86826
G1 X105.079 Y120.076 E303.88903
G1 X105.134 Y120.694 E303.90966
G1 X105.307 Y121.302 E303.93069
G1 X105.584 Y121.861 E303.95144
G1 X105.969 Y122.365 E303.97253
G1 X106.429 Y122.788 E303.99332
G1 X106.957 Y123.115 E304.01397
G1 X107.548 Y123.343 E304.03504
G1 X108.159 Y123.456 E304.05571
G1 X108.742 Y123.456 E304.0751
G0 F9000 X108.774 Y123.856
;TYPE:WALL-OUTER
G1 F1500 X108.829 Y123.856 E304.07693
G1 X109.513 Y123.73 E304.10006
G1 X110.17 Y123.476 E304.12349
G1 X110.766 Y123.107 E304.1468
G1 X111.279 Y122.636 E304.16997
G1 X111.705 Y122.074 E304.19342
G1 X112.016 Y121.447 E304.2167
G1 X112.21 Y120.767 E304.24022
G1 X112.275 Y120.076 E304.2633
G1 X112.21 Y119.381 E304.28652
G1 X112.016 Y118.701 E304.31004
G1 X111.705 Y118.074 E304.33332
G1 X111.279 Y117.512 E304.35677
G1 X110.766 Y117.045 E304.37985
G1 X110.17 Y116.672 E304.40323
G1 X109.513 Y116.422 E304.42661
G1 X108.829 Y116.293 E304.44976
G1 X108.123 Y116.292 E304.47325
G1 X107.439 Y116.422 E304.4964
G1 X106.778 Y116.672 E304.51991
G1 X106.186 Y117.044 E304.54316
G1 X105.672 Y117.512 E304.56628
G1 X105.243 Y118.075 E304.58982
G1 X104.932 Y118.701 E304.61307
G1 X104.738 Y119.381 E304.63659
G1 X104.677 Y120.076 E304.6598
G1 X104.738 Y120.767 E304.68287
G1 X104.932 Y121.447 E304.70639
G1 X105.243 Y122.073 E304.72964
G1 X105.673 Y122.636 E304.7532
G1 X106.186 Y123.108 E304.77639
G1 X106.778 Y123.475 E304.79955
G1 X107.439 Y123.73 E304.82312
G1 X108.123 Y123.856 E304.84625
G1 X108.774 Y123.856 E304.8679
G1 F2700 E299.8679
G0 F9000 X108.774 Y123.549
G0 X108.571 Y123.256
G0 X108.571 Y121.846
G0 X108.571 Y121.268
G1 F2700 E304.8679
G1 F1500 X108.34 Y121.268 E304.87558
G1 X108.048 Y121.195 E304.8856
G1 X107.802 Y121.066 E304.89483
G1 X107.565 Y120.858 E304.90532
G1 X107.412 Y120.63 E304.91445
G1 X107.315 Y120.371 E304.92365
G1 X107.276 Y120.058 E304.93414
G1 X107.315 Y119.777 E304.94358
G1 X107.412 Y119.519 E304.95275
G1 X107.577 Y119.275 E304.96254
G1 X107.801 Y119.082 E304.97238
G1 X108.049 Y118.953 E304.98168
G1 X108.341 Y118.88 E304.99169
G1 X108.611 Y118.88 E305.00067
G1 X108.904 Y118.952 E305.0107
G1 X109.15 Y119.082 E305.01996
G1 X109.371 Y119.275 E305.02972
G1 X109.54 Y119.518 E305.03956
G1 X109.637 Y119.777 E305.04876
G1 X109.677 Y120.076 E305.05879
G1 X109.637 Y120.371 E305.06869
G1 X109.54 Y120.63 E305.07789
G1 X109.384 Y120.857 E305.08705
G1 X109.15 Y121.067 E305.09751
G1 X108.905 Y121.195 E305.1067
G1 X108.612 Y121.268 E305.11675
G1 X108.571 Y121.268 E305.11811
G1 F2700 E300.11811
G0 F9000 X108.571 Y121.579
G0 X108.701 Y121.847
G0 X108.952 Y123.224
G0 X108.714 Y123.096
;TYPE:SKIN
G1 F2700 E305.11811
G1 F1500 X108.187 Y123.096 E305.13564
G1 X107.647 Y122.994 E305.15392
G1 X107.115 Y122.788 E305.17289
G1 X106.655 Y122.5 E305.19094
G1 X106.232 Y122.116 E305.20994
G1 X105.891 Y121.67 E305.22862
G1 X105.644 Y121.171 E305.24714
G1 X105.486 Y120.619 E305.26623
G1 X105.437 Y120.076 E305.28437
G1 X105.486 Y119.525 E305.30277
G1 X105.644 Y118.973 E305.32186
G1 X105.891 Y118.475 E305.34035
G1 X106.233 Y118.028 E305.35907
G1 X106.642 Y117.652 E305.37755
G1 X107.121 Y117.352 E305.39635
G1 X107.639 Y117.158 E305.41475
G1 X108.191 Y117.052 E305.43344
G1 X108.761 Y117.052 E305.4524
G1 X109.301 Y117.154 E305.47068
G1 X109.826 Y117.353 E305.48935
G1 X110.306 Y117.652 E305.50816
G1 X110.711 Y118.024 E305.52645
G1 X111.053 Y118.474 E305.54525
G1 X111.3 Y118.973 E305.56377
G1 X111.458 Y119.526 E305.5829
G1 X111.511 Y120.076 E305.60127
G1 X111.458 Y120.618 E305.61939
G1 X111.3 Y121.171 E305.63852
G1 X111.052 Y121.67 E305.65705
G1 X110.715 Y122.12 E305.67575
G1 X110.298 Y122.499 E305.69449
G1 X109.834 Y122.788 E305.71267
G1 X109.297 Y122.995 E305.73181
G1 X108.761 Y123.096 E305.74995
G1 X108.714 Y123.096 E305.75152
G0 F9000 X108.672 Y122.559
G1 F881.1 X108.172 Y122.556 E305.77983
G1 F878.5 X107.798 Y122.469 E305.80164
G1 F875.9 X107.358 Y122.299 E305.82851
G1 F890.2 X107.029 Y122.114 E305.84966
G1 F903.6 X106.612 Y121.741 E305.88055
G1 F888.9 X106.352 Y121.383 E305.90538
G1 F875.9 X106.152 Y120.976 E305.93121
G1 F877.2 X106.027 Y120.598 E305.95386
G1 F883.7 X105.975 Y120.076 E305.98347
G1 X106.027 Y119.536 E306.0141
G1 F875.9 X106.152 Y119.164 E306.03645
G1 F874.6 X106.354 Y118.762 E306.06212
G1 F888.9 X106.626 Y118.385 E306.08821
G1 F894.2 X107.01 Y118.041 E306.11697
G1 F882.4 X107.36 Y117.84 E306.13979
G1 F890.2 X107.687 Y117.698 E306.15977
G1 F895.5 X108.178 Y117.588 E306.18781
G1 F890.2 X108.755 Y117.586 E306.22014
G1 F885 X109.25 Y117.699 E306.24877
G1 F879.8 X109.581 Y117.84 E306.26917
G1 F891.5 X109.92 Y118.029 E306.29089
G1 F895.5 X110.349 Y118.415 E306.32304
G1 F885 X110.639 Y118.827 E306.35144
G1 F879.8 X110.789 Y119.163 E306.37231
G1 X110.915 Y119.542 E306.39496
G1 F885 X110.969 Y120.076 E306.42522
G1 F887.6 X110.915 Y120.604 E306.45505
G1 F885 X110.794 Y120.972 E306.47689
G1 X110.65 Y121.299 E306.49703
G1 F896.9 X110.331 Y121.745 E306.52754
G1 F895.5 X109.922 Y122.11 E306.55808
G1 F877.2 X109.59 Y122.3 E306.57983
G1 F875.9 X109.146 Y122.47 E306.60691
G1 F881.1 X108.754 Y122.56 E306.62969
G1 F883.7 X108.672 Y122.559 E306.63432
G0 F9000 X108.63 Y122.021
G1 F1500 X108.734 Y122.021 E306.63778
G1 X109.181 Y121.903 E306.65315
G1 X109.586 Y121.694 E306.66831
G1 X109.942 Y121.382 E306.68405
G1 X110.22 Y120.97 E306.70059
G1 X110.381 Y120.539 E306.71589
G1 X110.436 Y120.076 E306.7314
G1 X110.381 Y119.608 E306.74707
G1 X110.22 Y119.178 E306.76234
G1 X109.95 Y118.774 E306.7785
G1 X109.583 Y118.449 E306.79481
G1 X109.175 Y118.24 E306.81005
G1 X108.729 Y118.123 E306.82539
G1 X108.214 Y118.123 E306.84252
G1 X107.769 Y118.236 E306.85779
G1 X107.361 Y118.454 E306.87317
G1 X106.989 Y118.778 E306.88958
G1 X106.728 Y119.183 E306.90561
G1 X106.567 Y119.601 E306.92051
G1 X106.516 Y120.058 E306.9358
G1 X106.567 Y120.54 E306.95192
G1 X106.728 Y120.97 E306.96719
G1 X106.981 Y121.354 E306.98249
G1 X107.361 Y121.69 E306.99936
G1 X107.775 Y121.903 E307.01484
G1 X108.215 Y122.021 E307.03
G1 X108.63 Y122.021 E307.0438
G1 F2700 E302.0438
;MESH:megav4.5-pcbfoot.stl
G0 F9000 X108.63 Y121.766
G0 X110.061 Y120.888
G0 X115.347 Y120.346
G0 X117.5 Y120.88
;TYPE:WALL-INNER
G1 F2700 E307.0438
G1 F1500 X117.817 Y120.88 E307.05434
G1 X118.428 Y120.768 E307.075
G1 X119.014 Y120.54 E307.09592
G1 X119.544 Y120.211 E307.11666
G1 X120.006 Y119.789 E307.13748
G1 X120.387 Y119.286 E307.15846
G1 X120.666 Y118.726 E307.17927
G1 X120.839 Y118.117 E307.20033
G1 X120.897 Y117.5 E307.22094
G1 X120.839 Y116.879 E307.24169
G1 X120.666 Y116.27 E307.26274
G1 X120.387 Y115.71 E307.28355
G1 X120.007 Y115.207 E307.30452
G1 X119.544 Y114.789 E307.32527
G1 X119.014 Y114.456 E307.34608
G1 X118.427 Y114.232 E307.36698
G1 X117.815 Y114.117 E307.38769
G1 X117.185 Y114.116 E307.40865
G1 X116.572 Y114.232 E307.4294
G1 X115.981 Y114.457 E307.45043
G1 X115.452 Y114.789 E307.4712
G1 X114.989 Y115.208 E307.49197
G1 X114.609 Y115.71 E307.51291
G1 X114.33 Y116.27 E307.53372
G1 X114.157 Y116.879 E307.55478
G1 X114.099 Y117.5 E307.57552
G1 X114.157 Y118.117 E307.59614
G1 X114.33 Y118.726 E307.61719
G1 X114.609 Y119.286 E307.638
G1 X114.99 Y119.789 E307.65899
G1 X115.452 Y120.211 E307.6798
G1 X115.981 Y120.54 E307.70052
G1 X116.572 Y120.767 E307.72158
G1 X117.183 Y120.88 E307.74224
G1 X117.5 Y120.88 E307.75279
G1 F2700 E302.75279
G0 F9000 X117.5 Y119.27
G0 X117.5 Y119.091
G1 F2700 E307.75279
G1 F1500 X117.298 Y119.091 E307.75951
G1 X116.928 Y118.993 E307.77224
G1 X116.582 Y118.815 E307.78518
G1 X116.309 Y118.571 E307.79736
G1 X116.085 Y118.261 E307.81008
G1 X115.95 Y117.905 E307.82274
G1 X115.894 Y117.501 E307.83631
G1 X115.95 Y117.091 E307.85007
G1 X116.086 Y116.733 E307.86281
G1 X116.308 Y116.426 E307.87541
G1 X116.577 Y116.184 E307.88744
G1 X116.925 Y116 E307.90053
G1 X117.299 Y115.905 E307.91337
G1 X117.697 Y115.905 E307.92661
G1 X118.07 Y116.002 E307.93942
G1 X118.387 Y116.167 E307.95131
G1 X118.698 Y116.43 E307.96486
G1 X118.922 Y116.764 E307.97823
G1 X119.059 Y117.128 E307.99117
G1 X119.097 Y117.5 E308.00361
G1 X119.046 Y117.905 E308.01718
G1 X118.923 Y118.232 E308.0288
G1 X118.687 Y118.571 E308.04254
G1 X118.413 Y118.816 E308.05477
G1 X118.074 Y118.992 E308.06747
G1 X117.699 Y119.091 E308.08037
G1 X117.5 Y119.091 E308.08699
G0 F9000 X117.5 Y118.692
;TYPE:WALL-OUTER
G1 F1500 X117.361 Y118.692 E308.09161
G1 X117.051 Y118.61 E308.10228
G1 X116.803 Y118.477 E308.11164
G1 X116.601 Y118.297 E308.12064
G1 X116.432 Y118.054 E308.13048
G1 X116.335 Y117.795 E308.13968
G1 X116.3 Y117.481 E308.15019
G1 X116.335 Y117.201 E308.15957
G1 X116.432 Y116.943 E308.16874
G1 X116.588 Y116.715 E308.17793
G1 X116.821 Y116.506 E308.18834
G1 X117.093 Y116.37 E308.19846
G1 X117.361 Y116.304 E308.20764
G1 X117.635 Y116.304 E308.21675
G1 X117.928 Y116.376 E308.22678
G1 X118.175 Y116.506 E308.23607
G1 X118.395 Y116.699 E308.2458
G1 X118.564 Y116.942 E308.25565
G1 X118.661 Y117.201 E308.26484
G1 X118.697 Y117.5 E308.27486
G1 X118.661 Y117.795 E308.28475
G1 X118.564 Y118.054 E308.29394
G1 X118.395 Y118.297 E308.30379
G1 X118.193 Y118.477 E308.31279
G1 X117.929 Y118.619 E308.32276
G1 X117.636 Y118.692 E308.3328
G1 X117.5 Y118.692 E308.33732
G1 F2700 E303.33732
G0 F9000 X117.5 Y119.003
G0 X117.5 Y119.27
G0 X117.5 Y120.68
G0 X117.5 Y121.28
G1 F2700 E308.33732
G1 F1500 X117.853 Y121.28 E308.34907
G1 X118.537 Y121.154 E308.3722
G1 X119.194 Y120.9 E308.39563
G1 X119.786 Y120.531 E308.41883
G1 X120.303 Y120.06 E308.44209
G1 X120.729 Y119.498 E308.46554
G1 X121.04 Y118.871 E308.48882
G1 X121.234 Y118.191 E308.51234
G1 X121.299 Y117.5 E308.53543
G1 X121.234 Y116.805 E308.55864
G1 X121.04 Y116.125 E308.58216
G1 X120.729 Y115.498 E308.60544
G1 X120.303 Y114.936 E308.6289
G1 X119.786 Y114.469 E308.65207
G1 X119.194 Y114.096 E308.67534
G1 X118.537 Y113.846 E308.69872
G1 X117.853 Y113.717 E308.72187
G1 X117.147 Y113.716 E308.74535
G1 X116.463 Y113.846 E308.76851
G1 X115.802 Y114.097 E308.79203
G1 X115.21 Y114.469 E308.81528
G1 X114.693 Y114.936 E308.83845
G1 X114.267 Y115.498 E308.86191
G1 X113.956 Y116.125 E308.88519
G1 X113.762 Y116.805 E308.90871
G1 X113.697 Y117.5 E308.93192
G1 X113.762 Y118.191 E308.95501
G1 X113.956 Y118.871 E308.97853
G1 X114.267 Y119.498 E309.00181
G1 X114.693 Y120.06 E309.02526
G1 X115.21 Y120.531 E309.04852
G1 X115.802 Y120.9 E309.07173
G1 X116.463 Y121.154 E309.09528
G1 X117.147 Y121.28 E309.11841
G1 X117.5 Y121.28 E309.13015
G1 F2700 E304.13015
G0 F9000 X117.5 Y120.973
G0 X117.5 Y120.68
G0 X117.5 Y119.27
G0 X117.5 Y119.445
;TYPE:SKIN
G1 F2700 E309.13015
G1 F1500 X117.758 Y119.445 E309.13873
G1 X118.205 Y119.327 E309.15411
G1 X118.607 Y119.118 E309.16918
G1 X118.98 Y118.789 E309.18572
G1 X119.248 Y118.39 E309.20171
G1 X119.405 Y117.967 E309.21671
G1 X119.456 Y117.517 E309.23178
G1 X119.404 Y117.025 E309.24823
G1 X119.244 Y116.602 E309.26327
G1 X118.975 Y116.203 E309.27928
G1 X118.624 Y115.886 E309.29501
G1 X118.222 Y115.674 E309.31013
G1 X117.753 Y115.547 E309.32629
G1 X117.235 Y115.547 E309.34352
G1 X116.792 Y115.661 E309.35873
G1 X116.38 Y115.879 E309.37423
G1 X116.054 Y116.166 E309.38868
G1 X115.781 Y116.539 E309.40405
G1 X115.593 Y116.998 E309.42055
G1 X115.532 Y117.48 E309.43671
G1 X115.587 Y117.968 E309.45304
G1 X115.764 Y118.426 E309.46937
G1 X116.045 Y118.817 E309.48539
G1 X116.377 Y119.114 E309.5002
G1 X116.776 Y119.319 E309.51512
G1 X117.239 Y119.445 E309.53108
G1 X117.5 Y119.445 E309.53976
G0 F9000 X117.5 Y119.982
G1 F882.4 X117.197 Y119.98 E309.5569
G1 F878.5 X116.819 Y119.893 E309.57893
G1 F875.9 X116.389 Y119.728 E309.60516
G1 F877.2 X116.036 Y119.527 E309.62826
G1 F886.3 X115.654 Y119.181 E309.65728
G1 F887.6 X115.326 Y118.739 E309.68821
G1 F879.8 X115.171 Y118.396 E309.70956
G1 F878.5 X115.049 Y118.023 E309.73185
G1 F887.6 X114.993 Y117.496 E309.76164
G1 F890.2 X115.047 Y116.962 E309.79172
G1 F885 X115.17 Y116.596 E309.81348
G1 F883.7 X115.325 Y116.252 E309.83479
G1 F894.2 X115.65 Y115.809 E309.86544
G1 X116.046 Y115.458 E309.89496
G1 F882.4 X116.39 Y115.259 E309.91744
G1 F890.2 X116.688 Y115.124 E309.93577
G1 F892.9 X117.194 Y115.012 E309.96473
G1 F888.9 X117.78 Y115.01 E309.99762
G1 F886.3 X118.176 Y115.097 E310.02044
G1 F882.4 X118.595 Y115.258 E310.04582
G1 F892.9 X118.956 Y115.466 E310.0691
G1 F894.2 X119.374 Y115.843 E310.10051
G1 F882.4 X119.612 Y116.183 E310.12398
G1 F878.5 X119.813 Y116.588 E310.14965
G1 F882.4 X119.944 Y116.986 E310.17334
G1 F887.6 X119.993 Y117.496 E310.20214
G1 F898.2 X119.938 Y118.032 E310.23207
G1 F911.9 X119.775 Y118.527 E310.26058
G1 F902.3 X119.614 Y118.81 E310.27859
G1 F896.9 X119.352 Y119.173 E310.30349
G1 F898.2 X118.943 Y119.533 E310.33376
G1 F885 X118.611 Y119.723 E310.35532
G1 F879.8 X118.165 Y119.895 E310.38243
G1 F881.1 X117.777 Y119.984 E310.40497
G1 F885 X117.5 Y119.982 E310.42059
G0 F9000 X117.5 Y120.52
G1 F1500 X117.211 Y120.52 E310.4302
G1 X116.671 Y120.418 E310.44848
G1 X116.142 Y120.216 E310.46731
G1 X115.67 Y119.92 E310.48584
G1 X115.257 Y119.544 E310.50442
G1 X114.916 Y119.094 E310.5232
G1 X114.668 Y118.595 E310.54173
G1 X114.51 Y118.042 E310.56086
G1 X114.458 Y117.496 E310.5791
G1 X114.51 Y116.95 E310.59734
G1 X114.668 Y116.397 E310.61647
G1 X114.915 Y115.902 E310.63487
G1 X115.257 Y115.448 E310.65378
G1 X115.666 Y115.08 E310.67208
G1 X116.146 Y114.776 E310.69097
G1 X116.671 Y114.578 E310.70964
G1 X117.215 Y114.476 E310.72804
G1 X117.785 Y114.476 E310.747
G1 X118.325 Y114.578 E310.76528
G1 X118.845 Y114.776 E310.78379
G1 X119.326 Y115.08 E310.80271
G1 X119.74 Y115.452 E310.82122
G1 X120.077 Y115.898 E310.83982
G1 X120.324 Y116.397 E310.85834
G1 X120.482 Y116.95 E310.87746
G1 X120.535 Y117.496 E310.89571
G1 X120.482 Y118.042 E310.91396
G1 X120.324 Y118.595 E310.93308
G1 X120.077 Y119.094 E310.9516
G1 X119.735 Y119.544 E310.9704
G1 X119.322 Y119.919 E310.98896
G1 X118.854 Y120.212 E311.00732
G1 X118.321 Y120.419 E311.02634
G1 X117.785 Y120.52 E311.04448
G1 X117.5 Y120.52 E311.05396
G1 F2700 E306.05396
;MESH:megav4.5-pcbfoot.stl(2)
G0 F9000 X117.5 Y120.78
G0 X118.383 Y120.613
G0 X118.836 Y120.437
G0 X120.533 Y119.381
G0 X121.513 Y119.867
G0 X124.356 Y119.041
G0 X126.266 Y118.296
;TYPE:WALL-INNER
G1 F2700 E311.05396
G1 F1500 X126.835 Y118.296 E311.07288
G1 X127.446 Y118.18 E311.09357
G1 X128.034 Y117.952 E311.11454
G1 X128.564 Y117.623 E311.13529
G1 X129.026 Y117.201 E311.1561
G1 X129.407 Y116.698 E311.17709
G1 X129.686 Y116.138 E311.1979
G1 X129.859 Y115.529 E311.21896
G1 X129.917 Y114.912 E311.23957
G1 X129.859 Y114.292 E311.26028
G1 X129.686 Y113.686 E311.28124
G1 X129.407 Y113.121 E311.3022
G1 X129.027 Y112.619 E311.32314
G1 X128.565 Y112.201 E311.34386
G1 X128.034 Y111.872 E311.36464
G1 X127.446 Y111.644 E311.38561
G1 X126.835 Y111.529 E311.40629
G1 X126.205 Y111.528 E311.42725
G1 X125.593 Y111.644 E311.44797
G1 X125.001 Y111.872 E311.46906
G1 X124.471 Y112.201 E311.48981
G1 X124.009 Y112.62 E311.51056
G1 X123.63 Y113.122 E311.53148
G1 X123.35 Y113.686 E311.55242
G1 X123.177 Y114.292 E311.57338
G1 X123.119 Y114.912 E311.59409
G1 X123.176 Y115.529 E311.6147
G1 X123.35 Y116.138 E311.63577
G1 X123.629 Y116.698 E311.65658
G1 X124.01 Y117.202 E311.67759
G1 X124.472 Y117.623 E311.69838
G1 X125.001 Y117.952 E311.7191
G1 X125.593 Y118.18 E311.7402
G1 X126.205 Y118.296 E311.76092
G1 X126.266 Y118.296 E311.76295
G1 F2700 E306.76295
G0 F9000 X126.401 Y116.682
G0 X126.401 Y116.503
G1 F2700 E311.76295
G1 F1500 X126.318 Y116.503 E311.76571
G1 X125.948 Y116.405 E311.77844
G1 X125.6 Y116.231 E311.79138
G1 X125.307 Y115.966 E311.80452
G1 X125.094 Y115.644 E311.81736
G1 X124.97 Y115.321 E311.82887
G1 X124.914 Y114.913 E311.84256
G1 X124.971 Y114.502 E311.85637
G1 X125.093 Y114.182 E311.86776
G1 X125.328 Y113.838 E311.88161
G1 X125.602 Y113.593 E311.89384
G1 X125.948 Y113.416 E311.90676
G1 X126.319 Y113.321 E311.9195
G1 X126.725 Y113.321 E311.933
G1 X127.093 Y113.416 E311.94565
G1 X127.436 Y113.594 E311.9585
G1 X127.722 Y113.847 E311.9712
G1 X127.943 Y114.181 E311.98452
G1 X128.079 Y114.538 E311.99723
G1 X128.117 Y114.912 E312.00973
G1 X128.078 Y115.29 E312.02237
G1 X127.943 Y115.644 E312.03497
G1 X127.708 Y115.986 E312.04877
G1 X127.428 Y116.238 E312.0613
G1 X127.094 Y116.404 E312.07371
G1 X126.722 Y116.502 E312.0865
G1 X126.401 Y116.503 E312.09718
G0 F9000 X126.431 Y116.104
;TYPE:WALL-OUTER
G1 F1500 X126.381 Y116.104 E312.09884
G1 X126.092 Y116.031 E312.10875
G1 X125.842 Y115.906 E312.11805
G1 X125.621 Y115.713 E312.12781
G1 X125.452 Y115.466 E312.13776
G1 X125.355 Y115.211 E312.14684
G1 X125.32 Y114.893 E312.15748
G1 X125.355 Y114.612 E312.1669
G1 X125.452 Y114.359 E312.17591
G1 X125.608 Y114.127 E312.18521
G1 X125.822 Y113.931 E312.19486
G1 X126.092 Y113.789 E312.20501
G1 X126.381 Y113.72 E312.21489
G1 X126.655 Y113.72 E312.224
G1 X126.949 Y113.789 E312.23405
G1 X127.214 Y113.931 E312.24404
G1 X127.415 Y114.111 E312.25302
G1 X127.584 Y114.359 E312.263
G1 X127.681 Y114.612 E312.27201
G1 X127.717 Y114.912 E312.28206
G1 X127.681 Y115.211 E312.29208
G1 X127.584 Y115.466 E312.30115
G1 X127.415 Y115.713 E312.31111
G1 X127.213 Y115.893 E312.32011
G1 X126.949 Y116.031 E312.33001
G1 X126.655 Y116.104 E312.34009
G1 X126.431 Y116.104 E312.34754
G1 F2700 E307.34754
G0 F9000 X126.431 Y116.416
G0 X126.29 Y116.683
G0 X126.025 Y118.078
G0 X126.236 Y118.696
G1 F2700 E312.34754
G1 F1500 X126.873 Y118.696 E312.36873
G1 X127.556 Y118.566 E312.39185
G1 X128.214 Y118.312 E312.41531
G1 X128.806 Y117.943 E312.43851
G1 X129.323 Y117.472 E312.46177
G1 X129.749 Y116.91 E312.48523
G1 X130.06 Y116.283 E312.50851
G1 X130.254 Y115.603 E312.53203
G1 X130.319 Y114.912 E312.55511
G1 X130.254 Y114.218 E312.57829
G1 X130.06 Y113.541 E312.60172
G1 X129.749 Y112.91 E312.62512
G1 X129.323 Y112.348 E312.64857
G1 X128.807 Y111.881 E312.67172
G1 X128.214 Y111.512 E312.69495
G1 X127.556 Y111.258 E312.71841
G1 X126.873 Y111.129 E312.74153
G1 X126.167 Y111.128 E312.76501
G1 X125.483 Y111.258 E312.78816
G1 X124.822 Y111.512 E312.81172
G1 X124.229 Y111.881 E312.83495
G1 X123.713 Y112.348 E312.85809
G1 X123.288 Y112.91 E312.88153
G1 X122.976 Y113.541 E312.90494
G1 X122.782 Y114.218 E312.92837
G1 X122.717 Y114.912 E312.95155
G1 X122.782 Y115.603 E312.97463
G1 X122.976 Y116.283 E312.99815
G1 X123.287 Y116.91 E313.02143
G1 X123.713 Y117.472 E313.04489
G1 X124.23 Y117.943 E313.06815
G1 X124.822 Y118.312 E313.09135
G1 X125.483 Y118.566 E313.1149
G1 X126.167 Y118.696 E313.13806
G1 X126.236 Y118.696 E313.14035
G1 F2700 E308.14035
G0 F9000 X126.236 Y118.386
G0 X126.374 Y118.096
G0 X126.374 Y116.682
G0 X126.374 Y116.857
;TYPE:SKIN
G1 F2700 E313.14035
G1 F1500 X126.775 Y116.857 E313.15369
G1 X127.221 Y116.739 E313.16904
G1 X127.631 Y116.531 E313.18433
G1 X127.983 Y116.225 E313.19984
G1 X128.264 Y115.806 E313.21662
G1 X128.424 Y115.388 E313.23151
G1 X128.476 Y114.912 E313.24743
G1 X128.429 Y114.448 E313.26294
G1 X128.264 Y114.019 E313.27823
G1 X127.979 Y113.59 E313.29536
G1 X127.63 Y113.29 E313.31067
G1 X127.221 Y113.081 E313.32594
G1 X126.781 Y112.963 E313.3411
G1 X126.255 Y112.963 E313.35859
G1 X125.841 Y113.07 E313.37281
G1 X125.401 Y113.29 E313.38918
G1 X125.044 Y113.604 E313.40499
G1 X124.773 Y114.006 E313.42111
G1 X124.607 Y114.433 E313.43635
G1 X124.552 Y114.893 E313.45176
G1 X124.607 Y115.387 E313.46829
G1 X124.761 Y115.785 E313.48249
G1 X125.02 Y116.185 E313.49834
G1 X125.401 Y116.53 E313.51543
G1 X125.836 Y116.746 E313.53158
G1 X126.254 Y116.857 E313.54597
G1 X126.374 Y116.857 E313.54996
G0 F9000 X126.333 Y117.397
G1 F882.4 X126.24 Y117.398 E313.55522
G1 X125.743 Y117.286 E313.58402
G1 F878.5 X125.405 Y117.14 E313.60493
G1 F879.8 X125.064 Y116.944 E313.62724
G1 F888.9 X124.642 Y116.569 E313.65892
G1 F890.2 X124.348 Y116.153 E313.68747
G1 F885 X124.189 Y115.805 E313.70904
G1 X124.07 Y115.445 E313.73042
G1 F887.6 X124.015 Y114.908 E313.76076
G1 X124.069 Y114.371 E313.7911
G1 F885 X124.19 Y114.008 E313.81267
G1 F895.5 X124.34 Y113.671 E313.83322
G1 F903.6 X124.671 Y113.222 E313.86402
G1 F890.2 X125.064 Y112.873 E313.89347
G1 F877.2 X125.41 Y112.676 E313.91612
G1 F874.6 X125.746 Y112.531 E313.93699
G1 F879.8 X126.218 Y112.426 E313.96441
G1 F885 X126.802 Y112.424 E313.99734
G1 F883.7 X127.186 Y112.51 E314.01955
G1 F878.5 X127.634 Y112.683 E314.04683
G1 F881.1 X127.967 Y112.874 E314.06857
G1 F896.9 X128.367 Y113.224 E314.09813
G1 F895.5 X128.633 Y113.594 E314.12352
G1 F883.7 X128.835 Y114.002 E314.14922
G1 F885 X128.961 Y114.38 E314.17169
G1 F887.6 X129.013 Y114.908 E314.20151
G1 F898.2 X128.96 Y115.436 E314.23098
G1 F892.9 X128.834 Y115.813 E314.25319
G1 F882.4 X128.633 Y116.221 E314.27891
G1 F896.9 X128.371 Y116.588 E314.304
G1 F899.6 X127.962 Y116.948 E314.33421
G1 F883.7 X127.634 Y117.134 E314.3555
G1 F878.5 X127.184 Y117.307 E314.38288
G1 F877.2 X126.811 Y117.393 E314.40465
G1 F878.5 X126.333 Y117.397 E314.4318
G0 F9000 X126.293 Y117.936
G1 F1500 X126.237 Y117.936 E314.43366
G1 X125.691 Y117.83 E314.45216
G1 X125.158 Y117.628 E314.47112
G1 X124.69 Y117.332 E314.48954
G1 X124.277 Y116.96 E314.50803
G1 X123.935 Y116.506 E314.52693
G1 X123.684 Y116.003 E314.54563
G1 X123.53 Y115.455 E314.56456
G1 X123.478 Y114.912 E314.5827
G1 X123.53 Y114.366 E314.60095
G1 X123.688 Y113.809 E314.6202
G1 X123.935 Y113.314 E314.6386
G1 X124.277 Y112.86 E314.65751
G1 X124.689 Y112.489 E314.67595
G1 X125.162 Y112.192 E314.69452
G1 X125.691 Y111.989 E314.71337
G1 X126.235 Y111.888 E314.73177
G1 X126.805 Y111.888 E314.75073
G1 X127.341 Y111.989 E314.76887
G1 X127.874 Y112.196 E314.78789
G1 X128.343 Y112.489 E314.80628
G1 X128.76 Y112.864 E314.82494
G1 X129.096 Y113.31 E314.84351
G1 X129.344 Y113.813 E314.86216
G1 X129.502 Y114.366 E314.88129
G1 X129.555 Y114.912 E314.89953
G1 X129.502 Y115.454 E314.91765
G1 X129.344 Y116.007 E314.93678
G1 X129.097 Y116.506 E314.9553
G1 X128.755 Y116.956 E314.97409
G1 X128.342 Y117.331 E314.99265
G1 X127.874 Y117.624 E315.01101
G1 X127.34 Y117.831 E315.03006
G1 X126.8 Y117.936 E315.04836
G1 X126.293 Y117.936 E315.06522
G1 F2700 E310.06522
;MESH:megav4.5-pcbfoot.stl(3)
G0 F9000 X126.293 Y118.196
G0 X124.932 Y118.11
G0 X120.9 Y124.947
G0 X120.05 Y128.133
;TYPE:WALL-INNER
G1 F2700 E315.06522
G1 F1500 X119.679 Y128.078 E315.0777
G1 X119.353 Y127.954 E315.0893
G1 X119.033 Y127.744 E315.10203
G1 X118.794 Y127.475 E315.114
G1 X118.589 Y127.113 E315.12783
G1 X118.493 Y126.728 E315.14103
G1 X118.493 Y126.327 E315.15437
G1 X118.591 Y125.962 E315.16694
G1 X118.768 Y125.619 E315.17977
G1 X119.014 Y125.345 E315.19202
G1 X119.322 Y125.121 E315.20469
G1 X119.679 Y124.986 E315.21738
G1 X120.088 Y124.931 E315.23111
G1 X120.464 Y124.975 E315.2437
G1 X120.82 Y125.109 E315.25635
G1 X121.148 Y125.33 E315.26951
G1 X121.403 Y125.617 E315.28227
G1 X121.58 Y125.958 E315.29505
G1 X121.679 Y126.333 E315.30795
G1 X121.679 Y126.731 E315.32119
G1 X121.58 Y127.104 E315.33403
G1 X121.403 Y127.445 E315.34681
G1 X121.159 Y127.722 E315.35908
G1 X120.835 Y127.952 E315.3723
G1 X120.493 Y128.077 E315.38441
G1 X120.093 Y128.139 E315.39787
G1 X120.05 Y128.133 E315.39932
G1 F2700 E310.39932
G0 F9000 X119.961 Y129.736
G0 X120.007 Y129.922
G1 F2700 E315.39932
G1 F1500 X120.088 Y129.929 E315.40202
G1 X120.706 Y129.875 E315.42265
G1 X121.314 Y129.702 E315.44368
G1 X121.873 Y129.424 E315.46444
G1 X122.377 Y129.039 E315.48554
G1 X122.8 Y128.579 E315.50632
G1 X123.128 Y128.051 E315.527
G1 X123.355 Y127.46 E315.54805
G1 X123.468 Y126.849 E315.56872
G1 X123.468 Y126.215 E315.58981
G1 X123.355 Y125.604 E315.61047
G1 X123.128 Y125.017 E315.63141
G1 X122.799 Y124.484 E315.65224
G1 X122.378 Y124.026 E315.67293
G1 X121.874 Y123.645 E315.69394
G1 X121.314 Y123.366 E315.71475
G1 X120.705 Y123.193 E315.73581
G1 X120.088 Y123.135 E315.75642
G1 X119.467 Y123.193 E315.77717
G1 X118.858 Y123.366 E315.79822
G1 X118.298 Y123.645 E315.81903
G1 X117.795 Y124.025 E315.84
G1 X117.377 Y124.484 E315.86065
G1 X117.044 Y125.017 E315.88155
G1 X116.82 Y125.605 E315.90248
G1 X116.704 Y126.217 E315.9232
G1 X116.704 Y126.847 E315.94415
G1 X116.82 Y127.46 E315.9649
G1 X117.044 Y128.051 E315.98592
G1 X117.376 Y128.579 E316.00667
G1 X117.796 Y129.04 E316.02741
G1 X118.299 Y129.424 E316.04846
G1 X118.858 Y129.701 E316.06921
G1 X119.466 Y129.874 E316.09023
G1 X120.007 Y129.922 E316.1083
G0 F9000 X119.998 Y130.323
;TYPE:WALL-OUTER
G1 F1503.8 X120.088 Y130.331 E316.11129
G1 F1500 X120.779 Y130.27 E316.13437
G1 X121.459 Y130.076 E316.15788
G1 X122.085 Y129.765 E316.18113
G1 X122.648 Y129.335 E316.2047
G1 X123.12 Y128.822 E316.22788
G1 X123.488 Y128.23 E316.25107
G1 X123.742 Y127.569 E316.27462
G1 X123.868 Y126.885 E316.29775
G1 X123.868 Y126.179 E316.32123
G1 X123.742 Y125.495 E316.34437
G1 X123.488 Y124.838 E316.36779
G1 X123.119 Y124.242 E316.39111
G1 X122.648 Y123.729 E316.41427
G1 X122.086 Y123.303 E316.43773
G1 X121.459 Y122.992 E316.46101
G1 X120.779 Y122.798 E316.48452
G1 X120.088 Y122.733 E316.50761
G1 X119.393 Y122.798 E316.53083
G1 X118.713 Y122.992 E316.55434
G1 X118.086 Y123.303 E316.57762
G1 X117.524 Y123.729 E316.60108
G1 X117.057 Y124.242 E316.62415
G1 X116.684 Y124.838 E316.64754
G1 X116.434 Y125.495 E316.67092
G1 X116.304 Y126.179 E316.69407
G1 X116.304 Y126.885 E316.71756
G1 X116.434 Y127.569 E316.74071
G1 X116.684 Y128.23 E316.76422
G1 X117.056 Y128.822 E316.78747
G1 X117.524 Y129.336 E316.81059
G1 X118.087 Y129.765 E316.83414
G1 X118.713 Y130.076 E316.85738
G1 X119.393 Y130.27 E316.8809
G1 F1503.8 X119.998 Y130.323 E316.90105
G1 F2700 E311.90105
G0 F9000 X120.027 Y130.017
G0 X119.87 Y129.728
G0 X120.028 Y128.307
G0 X120.059 Y127.731
G1 F2700 E316.90105
G1 F1500 X119.789 Y127.693 E316.91012
G1 X119.531 Y127.596 E316.91929
G1 X119.287 Y127.431 E316.92909
G1 X119.094 Y127.207 E316.93892
G1 X118.965 Y126.959 E316.94822
G1 X118.892 Y126.667 E316.95823
G1 X118.892 Y126.397 E316.96721
G1 X118.965 Y126.104 E316.97725
G1 X119.094 Y125.858 E316.98649
G1 X119.287 Y125.637 E316.99625
G1 X119.53 Y125.468 E317.00609
G1 X119.789 Y125.371 E317.01529
G1 X120.088 Y125.331 E317.02533
G1 X120.357 Y125.365 E317.03434
G1 X120.642 Y125.468 E317.04442
G1 X120.869 Y125.624 E317.05358
G1 X121.079 Y125.858 E317.06404
G1 X121.207 Y126.103 E317.07324
G1 X121.28 Y126.396 E317.08328
G1 X121.28 Y126.668 E317.09233
G1 X121.198 Y126.982 E317.10312
G1 X121.078 Y127.206 E317.11157
G1 X120.87 Y127.443 E317.12206
G1 X120.642 Y127.595 E317.13117
G1 X120.383 Y127.693 E317.14038
G1 X120.07 Y127.732 E317.15088
G1 X120.059 Y127.731 E317.15124
G1 F2700 E312.15124
G0 F9000 X120.021 Y128.039
G0 X120.088 Y128.312
G0 X119.961 Y129.736
G0 X120.016 Y129.561
;TYPE:SKIN
G1 F2700 E317.15124
G1 F1500 X119.537 Y129.518 E317.16724
G1 X118.985 Y129.36 E317.18634
G1 X118.487 Y129.113 E317.20482
G1 X118.04 Y128.771 E317.22354
G1 X117.664 Y128.362 E317.24202
G1 X117.364 Y127.883 E317.26082
G1 X117.17 Y127.365 E317.27922
G1 X117.064 Y126.813 E317.29791
G1 X117.064 Y126.247 E317.31674
G1 X117.166 Y125.702 E317.33518
G1 X117.364 Y125.178 E317.35381
G1 X117.664 Y124.703 E317.3725
G1 X118.036 Y124.293 E317.39091
G1 X118.486 Y123.951 E317.40971
G1 X118.985 Y123.704 E317.42823
G1 X119.542 Y123.546 E317.44748
G1 X120.084 Y123.494 E317.46559
G1 X120.63 Y123.546 E317.48384
G1 X121.183 Y123.704 E317.50296
G1 X121.682 Y123.951 E317.52148
G1 X122.132 Y124.293 E317.54028
G1 X122.512 Y124.706 E317.55895
G1 X122.804 Y125.174 E317.5773
G1 X123.007 Y125.707 E317.59627
G1 X123.108 Y126.243 E317.61441
G1 X123.108 Y126.817 E317.6335
G1 X123.006 Y127.357 E317.65178
G1 X122.804 Y127.89 E317.67073
G1 X122.511 Y128.354 E317.68899
G1 X122.128 Y128.775 E317.70792
G1 X121.685 Y129.109 E317.72637
G1 X121.178 Y129.364 E317.74524
G1 X120.631 Y129.522 E317.76418
G1 X120.089 Y129.567 E317.78227
G1 X120.016 Y129.561 E317.78471
G0 F9000 X120.029 Y129.021
G1 F881.1 X119.545 Y128.972 E317.81225
G1 F877.2 X119.175 Y128.847 E317.83447
G1 F874.6 X118.774 Y128.65 E317.85995
G1 F890.2 X118.403 Y128.381 E317.88563
G1 F896.9 X118.053 Y127.99 E317.91482
G1 F882.4 X117.852 Y127.64 E317.93765
G1 F891.5 X117.713 Y127.328 E317.95676
G1 F895.5 X117.6 Y126.823 E317.98559
G1 F887.6 X117.598 Y126.253 E318.01763
G1 F882.4 X117.687 Y125.844 E318.0413
G1 F875.9 X117.848 Y125.426 E318.06681
G1 F877.2 X118.049 Y125.075 E318.08981
G1 F886.3 X118.4 Y124.689 E318.11918
G1 F885 X118.842 Y124.357 E318.15035
G1 F879.8 X119.179 Y124.212 E318.17115
G1 X119.554 Y124.087 E318.19357
G1 F885 X120.084 Y124.031 E318.22361
G1 F886.3 X120.621 Y124.088 E318.25401
G1 F883.7 X120.988 Y124.21 E318.27585
G1 X121.388 Y124.41 E318.3011
G1 F898.2 X121.768 Y124.683 E318.32709
G1 X122.119 Y125.073 E318.35623
G1 F879.8 X122.36 Y125.498 E318.38394
G1 F877.2 X122.482 Y125.855 E318.40539
G1 F890.2 X122.569 Y126.249 E318.42801
G1 F895.5 X122.572 Y126.81 E318.45926
G1 X122.452 Y127.337 E318.48937
G1 F888.9 X122.315 Y127.643 E318.50819
G1 F877.2 X122.119 Y127.978 E318.53026
G1 F890.2 X121.766 Y128.378 E318.56016
G1 F891.5 X121.321 Y128.707 E318.59113
G1 F881.1 X120.987 Y128.853 E318.61177
G1 F879.8 X120.604 Y128.978 E318.63462
G1 F887.6 X120.089 Y129.027 E318.6637
G1 F890.2 X120.029 Y129.021 E318.66708
G0 F9000 X120.041 Y128.487
G1 F1500 X120.089 Y128.493 E318.66869
G1 X120.544 Y128.441 E318.68392
G1 X120.986 Y128.279 E318.69958
G1 X121.39 Y128.002 E318.71587
G1 X121.702 Y127.643 E318.73169
G1 X121.919 Y127.243 E318.74682
G1 X122.031 Y126.796 E318.76215
G1 X122.033 Y126.27 E318.77965
G1 X121.915 Y125.824 E318.79499
G1 X121.71 Y125.43 E318.80976
G1 X121.377 Y125.048 E318.82662
G1 X120.977 Y124.784 E318.84256
G1 X120.555 Y124.623 E318.85758
G1 X120.107 Y124.568 E318.87259
G1 X119.617 Y124.623 E318.88899
G1 X119.154 Y124.8 E318.90548
G1 X118.755 Y125.093 E318.92194
G1 X118.466 Y125.417 E318.93638
G1 X118.252 Y125.829 E318.95182
G1 X118.135 Y126.275 E318.96716
G1 X118.135 Y126.79 E318.98429
G1 X118.248 Y127.235 E318.99956
G1 X118.466 Y127.643 E319.01495
G1 X118.779 Y128.01 E319.03099
G1 X119.195 Y128.276 E319.04741
G1 X119.613 Y128.437 E319.06231
G1 X120.041 Y128.487 E319.07664
G1 F2700 E314.07664
;MESH:NONMESH
G0 F300 X120.041 Y128.487 Z4.8
G0 F9000 X120.069 Y128.23
G0 X119.125 Y127.621
G0 X118.313 Y126.307
G0 X109.491 Y121.543
G0 X108.602 Y121.667
;TIME_ELAPSED:637.663740
;LAYER:23
;TYPE:WALL-INNER
;MESH:megav4.5-pcbfoot.stl(1)
G1 F2700 E319.07664
G1 F1500 X108.247 Y121.659 E319.08845
G1 X107.904 Y121.569 E319.10025
G1 X107.562 Y121.391 E319.11307
G1 X107.265 Y121.129 E319.12624
G1 X107.054 Y120.808 E319.13902
G1 X106.93 Y120.481 E319.15065
G1 X106.87 Y120.076 E319.16427
G1 X106.93 Y119.667 E319.17802
G1 X107.054 Y119.341 E319.18962
G1 X107.264 Y119.021 E319.20235
G1 X107.533 Y118.782 E319.21432
G1 X107.895 Y118.577 E319.22815
G1 X108.28 Y118.481 E319.24135
G1 X108.673 Y118.481 E319.25442
G1 X109.046 Y118.578 E319.26724
G1 X109.362 Y118.742 E319.27908
G1 X109.673 Y119.004 E319.29261
G1 X109.898 Y119.34 E319.30606
G1 X110.032 Y119.697 E319.31874
G1 X110.077 Y120.076 E319.33143
G1 X110.022 Y120.481 E319.34503
G1 X109.899 Y120.808 E319.35665
G1 X109.678 Y121.136 E319.3698
G1 X109.391 Y121.391 E319.38257
G1 X109.05 Y121.568 E319.39535
G1 X108.672 Y121.668 E319.40836
G1 X108.602 Y121.667 E319.41068
G1 F2700 E314.41068
G0 F9000 X108.952 Y123.224
G0 X108.742 Y123.456
G1 F2700 E319.41068
G1 F1500 X108.793 Y123.456 E319.41238
G1 X109.404 Y123.344 E319.43304
G1 X109.991 Y123.116 E319.45399
G1 X110.523 Y122.787 E319.47479
G1 X110.982 Y122.366 E319.49551
G1 X111.363 Y121.862 E319.51652
G1 X111.642 Y121.302 E319.53733
G1 X111.815 Y120.693 E319.55839
G1 X111.873 Y120.076 E319.579
G1 X111.815 Y119.455 E319.59974
G1 X111.642 Y118.846 E319.6208
G1 X111.363 Y118.286 E319.64161
G1 X110.983 Y117.783 E319.66258
G1 X110.524 Y117.365 E319.68322
G1 X109.991 Y117.032 E319.70413
G1 X109.403 Y116.808 E319.72505
G1 X108.791 Y116.693 E319.74577
G1 X108.161 Y116.692 E319.76672
G1 X107.548 Y116.808 E319.78747
G1 X106.957 Y117.032 E319.80849
G1 X106.429 Y117.364 E319.82924
G1 X105.968 Y117.784 E319.84998
G1 X105.584 Y118.287 E319.87103
G1 X105.307 Y118.846 E319.89178
G1 X105.134 Y119.454 E319.9128
G1 X105.079 Y120.076 E319.93357
G1 X105.134 Y120.694 E319.95421
G1 X105.307 Y121.302 E319.97523
G1 X105.584 Y121.861 E319.99598
G1 X105.969 Y122.365 E320.01707
G1 X106.429 Y122.788 E320.03786
G1 X106.957 Y123.115 E320.05852
G1 X107.548 Y123.343 E320.07958
G1 X108.159 Y123.456 E320.10025
G1 X108.742 Y123.456 E320.11964
G0 F9000 X108.774 Y123.856
;TYPE:WALL-OUTER
G1 F1500 X108.829 Y123.856 E320.12147
G1 X109.513 Y123.73 E320.1446
G1 X110.17 Y123.476 E320.16803
G1 X110.766 Y123.107 E320.19135
G1 X111.279 Y122.636 E320.21451
G1 X111.705 Y122.074 E320.23797
G1 X112.016 Y121.447 E320.26124
G1 X112.21 Y120.767 E320.28476
G1 X112.275 Y120.076 E320.30785
G1 X112.21 Y119.381 E320.33106
G1 X112.016 Y118.701 E320.35458
G1 X111.705 Y118.074 E320.37786
G1 X111.279 Y117.512 E320.40132
G1 X110.766 Y117.045 E320.42439
G1 X110.17 Y116.672 E320.44778
G1 X109.513 Y116.422 E320.47116
G1 X108.829 Y116.293 E320.49431
G1 X108.123 Y116.292 E320.51779
G1 X107.439 Y116.422 E320.54095
G1 X106.778 Y116.672 E320.56445
G1 X106.186 Y117.044 E320.58771
G1 X105.672 Y117.512 E320.61083
G1 X105.243 Y118.075 E320.63437
G1 X104.932 Y118.701 E320.65762
G1 X104.738 Y119.381 E320.68114
G1 X104.677 Y120.076 E320.70434
G1 X104.738 Y120.767 E320.72741
G1 X104.932 Y121.447 E320.75093
G1 X105.243 Y122.073 E320.77418
G1 X105.673 Y122.636 E320.79774
G1 X106.186 Y123.108 E320.82093
G1 X106.778 Y123.475 E320.8441
G1 X107.439 Y123.73 E320.86766
G1 X108.123 Y123.856 E320.89079
G1 X108.774 Y123.856 E320.91245
G1 F2700 E315.91245
G0 F9000 X108.774 Y123.549
G0 X108.571 Y123.256
G0 X108.571 Y121.846
G0 X108.571 Y121.268
G1 F2700 E320.91245
G1 F1500 X108.34 Y121.268 E320.92013
G1 X108.048 Y121.195 E320.93014
G1 X107.802 Y121.066 E320.93938
G1 X107.565 Y120.858 E320.94987
G1 X107.412 Y120.63 E320.959
G1 X107.315 Y120.371 E320.9682
G1 X107.276 Y120.058 E320.97869
G1 X107.315 Y119.777 E320.98812
G1 X107.412 Y119.519 E320.99729
G1 X107.577 Y119.275 E321.00709
G1 X107.801 Y119.082 E321.01692
G1 X108.049 Y118.953 E321.02622
G1 X108.341 Y118.88 E321.03623
G1 X108.611 Y118.88 E321.04521
G1 X108.904 Y118.952 E321.05525
G1 X109.15 Y119.082 E321.0645
G1 X109.371 Y119.275 E321.07426
G1 X109.54 Y119.518 E321.0841
G1 X109.637 Y119.777 E321.0933
G1 X109.677 Y120.076 E321.10334
G1 X109.637 Y120.371 E321.11324
G1 X109.54 Y120.63 E321.12244
G1 X109.384 Y120.857 E321.1316
G1 X109.15 Y121.067 E321.14205
G1 X108.905 Y121.195 E321.15125
G1 X108.612 Y121.268 E321.16129
G1 X108.571 Y121.268 E321.16266
G1 F2700 E316.16266
G0 F9000 X108.571 Y121.579
G0 X108.701 Y121.847
G0 X108.952 Y123.224
G0 X108.714 Y123.096
;TYPE:SKIN
G1 F2700 E321.16266
G1 F1500 X108.187 Y123.096 E321.18018
G1 X107.647 Y122.994 E321.19846
G1 X107.115 Y122.788 E321.21744
G1 X106.655 Y122.5 E321.23549
G1 X106.232 Y122.116 E321.25449
G1 X105.891 Y121.67 E321.27316
G1 X105.644 Y121.171 E321.29168
G1 X105.486 Y120.619 E321.31078
G1 X105.437 Y120.076 E321.32891
G1 X105.486 Y119.525 E321.34731
G1 X105.644 Y118.973 E321.36641
G1 X105.891 Y118.475 E321.3849
G1 X106.233 Y118.028 E321.40362
G1 X106.642 Y117.652 E321.42209
G1 X107.121 Y117.352 E321.44089
G1 X107.639 Y117.158 E321.45929
G1 X108.191 Y117.052 E321.47798
G1 X108.761 Y117.052 E321.49694
G1 X109.301 Y117.154 E321.51522
G1 X109.826 Y117.353 E321.53389
G1 X110.306 Y117.652 E321.5527
G1 X110.711 Y118.024 E321.57099
G1 X111.053 Y118.474 E321.58979
G1 X111.3 Y118.973 E321.60831
G1 X111.458 Y119.526 E321.62744
G1 X111.511 Y120.076 E321.64582
G1 X111.458 Y120.618 E321.66393
G1 X111.3 Y121.171 E321.68306
G1 X111.052 Y121.67 E321.70159
G1 X110.715 Y122.12 E321.72029
G1 X110.298 Y122.499 E321.73903
G1 X109.834 Y122.788 E321.75722
G1 X109.297 Y122.995 E321.77636
G1 X108.761 Y123.096 E321.7945
G1 X108.714 Y123.096 E321.79606
G0 F9000 X108.672 Y122.559
G1 F881.1 X108.172 Y122.556 E321.82438
G1 F878.5 X107.798 Y122.469 E321.84618
G1 F875.9 X107.358 Y122.299 E321.87305
G1 F890.2 X107.029 Y122.114 E321.8942
G1 F903.6 X106.612 Y121.741 E321.92509
G1 F888.9 X106.352 Y121.383 E321.94993
G1 F875.9 X106.152 Y120.976 E321.97576
G1 F877.2 X106.027 Y120.598 E321.9984
G1 F883.7 X105.975 Y120.076 E322.02802
G1 X106.027 Y119.536 E322.05865
G1 F875.9 X106.152 Y119.164 E322.081
G1 F874.6 X106.354 Y118.762 E322.10666
G1 F888.9 X106.626 Y118.385 E322.13275
G1 F894.2 X107.01 Y118.041 E322.16152
G1 F882.4 X107.36 Y117.84 E322.18434
G1 F890.2 X107.687 Y117.698 E322.20432
G1 F895.5 X108.178 Y117.588 E322.23235
G1 F890.2 X108.755 Y117.586 E322.26469
G1 F885 X109.25 Y117.699 E322.29331
G1 F879.8 X109.581 Y117.84 E322.31371
G1 F891.5 X109.92 Y118.029 E322.33543
G1 F895.5 X110.349 Y118.415 E322.36758
G1 F885 X110.639 Y118.827 E322.39599
G1 F879.8 X110.789 Y119.163 E322.41685
G1 X110.915 Y119.542 E322.4395
G1 F885 X110.969 Y120.076 E322.46976
G1 F887.6 X110.915 Y120.604 E322.4996
G1 F885 X110.794 Y120.972 E322.52143
G1 X110.65 Y121.299 E322.54158
G1 F896.9 X110.331 Y121.745 E322.57208
G1 F895.5 X109.922 Y122.11 E322.60262
G1 F877.2 X109.59 Y122.3 E322.62438
G1 F875.9 X109.146 Y122.47 E322.65146
G1 F881.1 X108.754 Y122.56 E322.67423
G1 F883.7 X108.672 Y122.559 E322.67886
G0 F9000 X108.63 Y122.021
G1 F1500 X108.734 Y122.021 E322.68232
G1 X109.181 Y121.903 E322.6977
G1 X109.586 Y121.694 E322.71285
G1 X109.942 Y121.382 E322.7286
G1 X110.22 Y120.97 E322.74513
G1 X110.381 Y120.539 E322.76043
G1 X110.436 Y120.076 E322.77594
G1 X110.381 Y119.608 E322.79161
G1 X110.22 Y119.178 E322.80688
G1 X109.95 Y118.774 E322.82305
G1 X109.583 Y118.449 E322.83935
G1 X109.175 Y118.24 E322.8546
G1 X108.729 Y118.123 E322.86993
G1 X108.214 Y118.123 E322.88706
G1 X107.769 Y118.236 E322.90233
G1 X107.361 Y118.454 E322.91772
G1 X106.989 Y118.778 E322.93413
G1 X106.728 Y119.183 E322.95015
G1 X106.567 Y119.601 E322.96505
G1 X106.516 Y120.058 E322.98034
G1 X106.567 Y120.54 E322.99647
G1 X106.728 Y120.97 E323.01174
G1 X106.981 Y121.354 E323.02703
G1 X107.361 Y121.69 E323.0439
G1 X107.775 Y121.903 E323.05939
G1 X108.215 Y122.021 E323.07454
G1 X108.63 Y122.021 E323.08834
G1 F2700 E318.08834
;MESH:megav4.5-pcbfoot.stl
G0 F9000 X108.63 Y121.766
G0 X110.061 Y120.888
G0 X115.347 Y120.346
G0 X117.5 Y120.88
;TYPE:WALL-INNER
G1 F2700 E323.08834
G1 F1500 X117.817 Y120.88 E323.09889
G1 X118.428 Y120.768 E323.11955
G1 X119.014 Y120.54 E323.14046
G1 X119.544 Y120.211 E323.16121
G1 X120.006 Y119.789 E323.18202
G1 X120.387 Y119.286 E323.20301
G1 X120.666 Y118.726 E323.22382
G1 X120.839 Y118.117 E323.24487
G1 X120.897 Y117.5 E323.26549
G1 X120.839 Y116.879 E323.28623
G1 X120.666 Y116.27 E323.30729
G1 X120.387 Y115.71 E323.3281
G1 X120.007 Y115.207 E323.34906
G1 X119.544 Y114.789 E323.36981
G1 X119.014 Y114.456 E323.39063
G1 X118.427 Y114.232 E323.41153
G1 X117.815 Y114.117 E323.43224
G1 X117.185 Y114.116 E323.45319
G1 X116.572 Y114.232 E323.47394
G1 X115.981 Y114.457 E323.49497
G1 X115.452 Y114.789 E323.51575
G1 X114.989 Y115.208 E323.53652
G1 X114.609 Y115.71 E323.55746
G1 X114.33 Y116.27 E323.57827
G1 X114.157 Y116.879 E323.59932
G1 X114.099 Y117.5 E323.62007
G1 X114.157 Y118.117 E323.64068
G1 X114.33 Y118.726 E323.66174
G1 X114.609 Y119.286 E323.68255
G1 X114.99 Y119.789 E323.70353
G1 X115.452 Y120.211 E323.72434
G1 X115.981 Y120.54 E323.74506
G1 X116.572 Y120.767 E323.76612
G1 X117.183 Y120.88 E323.78679
G1 X117.5 Y120.88 E323.79733
G1 F2700 E318.79733
G0 F9000 X117.5 Y119.27
G0 X117.5 Y119.091
G1 F2700 E323.79733
G1 F1500 X117.298 Y119.091 E323.80405
G1 X116.928 Y118.993 E323.81678
G1 X116.582 Y118.815 E323.82972
G1 X116.309 Y118.571 E323.8419
G1 X116.085 Y118.261 E323.85462
G1 X115.95 Y117.905 E323.86728
G1 X115.894 Y117.501 E323.88085
G1 X115.95 Y117.091 E323.89461
G1 X116.086 Y116.733 E323.90735
G1 X116.308 Y116.426 E323.91995
G1 X116.577 Y116.184 E323.93199
G1 X116.925 Y116 E323.94508
G1 X117.299 Y115.905 E323.95791
G1 X117.697 Y115.905 E323.97115
G1 X118.07 Y116.002 E323.98397
G1 X118.387 Y116.167 E323.99586
G1 X118.698 Y116.43 E324.0094
G1 X118.922 Y116.764 E324.02278
G1 X119.059 Y117.128 E324.03571
G1 X119.097 Y117.5 E324.04815
G1 X119.046 Y117.905 E324.06173
G1 X118.923 Y118.232 E324.07335
G1 X118.687 Y118.571 E324.08709
G1 X118.413 Y118.816 E324.09931
G1 X118.074 Y118.992 E324.11202
G1 X117.699 Y119.091 E324.12492
G1 X117.5 Y119.091 E324.13153
G0 F9000 X117.5 Y118.692
;TYPE:WALL-OUTER
G1 F1500 X117.361 Y118.692 E324.13616
G1 X117.051 Y118.61 E324.14682
G1 X116.803 Y118.477 E324.15618
G1 X116.601 Y118.297 E324.16518
G1 X116.432 Y118.054 E324.17503
G1 X116.335 Y117.795 E324.18422
G1 X116.3 Y117.481 E324.19473
G1 X116.335 Y117.201 E324.20412
G1 X116.432 Y116.943 E324.21329
G1 X116.588 Y116.715 E324.22247
G1 X116.821 Y116.506 E324.23288
G1 X117.093 Y116.37 E324.243
G1 X117.361 Y116.304 E324.25218
G1 X117.635 Y116.304 E324.26129
G1 X117.928 Y116.376 E324.27133
G1 X118.175 Y116.506 E324.28061
G1 X118.395 Y116.699 E324.29035
G1 X118.564 Y116.942 E324.30019
G1 X118.661 Y117.201 E324.30939
G1 X118.697 Y117.5 E324.3194
G1 X118.661 Y117.795 E324.32929
G1 X118.564 Y118.054 E324.33849
G1 X118.395 Y118.297 E324.34833
G1 X118.193 Y118.477 E324.35733
G1 X117.929 Y118.619 E324.3673
G1 X117.636 Y118.692 E324.37735
G1 X117.5 Y118.692 E324.38187
G1 F2700 E319.38187
G0 F9000 X117.5 Y119.003
G0 X117.5 Y119.27
G0 X117.5 Y120.68
G0 X117.5 Y121.28
G1 F2700 E324.38187
G1 F1500 X117.853 Y121.28 E324.39361
G1 X118.537 Y121.154 E324.41674
G1 X119.194 Y120.9 E324.44017
G1 X119.786 Y120.531 E324.46337
G1 X120.303 Y120.06 E324.48663
G1 X120.729 Y119.498 E324.51009
G1 X121.04 Y118.871 E324.53337
G1 X121.234 Y118.191 E324.55689
G1 X121.299 Y117.5 E324.57997
G1 X121.234 Y116.805 E324.60319
G1 X121.04 Y116.125 E324.62671
G1 X120.729 Y115.498 E324.64999
G1 X120.303 Y114.936 E324.67344
G1 X119.786 Y114.469 E324.69661
G1 X119.194 Y114.096 E324.71989
G1 X118.537 Y113.846 E324.74327
G1 X117.853 Y113.717 E324.76642
G1 X117.147 Y113.716 E324.7899
G1 X116.463 Y113.846 E324.81306
G1 X115.802 Y114.097 E324.83657
G1 X115.21 Y114.469 E324.85983
G1 X114.693 Y114.936 E324.883
G1 X114.267 Y115.498 E324.90645
G1 X113.956 Y116.125 E324.92973
G1 X113.762 Y116.805 E324.95325
G1 X113.697 Y117.5 E324.97647
G1 X113.762 Y118.191 E324.99955
G1 X113.956 Y118.871 E325.02307
G1 X114.267 Y119.498 E325.04635
G1 X114.693 Y120.06 E325.06981
G1 X115.21 Y120.531 E325.09307
G1 X115.802 Y120.9 E325.11627
G1 X116.463 Y121.154 E325.13982
G1 X117.147 Y121.28 E325.16295
G1 X117.5 Y121.28 E325.1747
G1 F2700 E320.1747
G0 F9000 X117.5 Y120.973
G0 X117.5 Y120.68
G0 X117.5 Y119.27
G0 X117.5 Y119.445
;TYPE:SKIN
G1 F2700 E325.1747
G1 F1500 X117.758 Y119.445 E325.18328
G1 X118.205 Y119.327 E325.19865
G1 X118.607 Y119.118 E325.21372
G1 X118.98 Y118.789 E325.23026
G1 X119.248 Y118.39 E325.24625
G1 X119.405 Y117.967 E325.26126
G1 X119.456 Y117.517 E325.27632
G1 X119.404 Y117.025 E325.29278
G1 X119.244 Y116.602 E325.30782
G1 X118.975 Y116.203 E325.32382
G1 X118.624 Y115.886 E325.33955
G1 X118.222 Y115.674 E325.35467
G1 X117.753 Y115.547 E325.37083
G1 X117.235 Y115.547 E325.38806
G1 X116.792 Y115.661 E325.40327
G1 X116.38 Y115.879 E325.41878
G1 X116.054 Y116.166 E325.43322
G1 X115.781 Y116.539 E325.4486
G1 X115.593 Y116.998 E325.46509
G1 X115.532 Y117.48 E325.48125
G1 X115.587 Y117.968 E325.49759
G1 X115.764 Y118.426 E325.51392
G1 X116.045 Y118.817 E325.52993
G1 X116.377 Y119.114 E325.54475
G1 X116.776 Y119.319 E325.55967
G1 X117.239 Y119.445 E325.57563
G1 X117.5 Y119.445 E325.58431
G0 F9000 X117.5 Y119.982
G1 F882.4 X117.197 Y119.98 E325.60144
G1 F878.5 X116.819 Y119.893 E325.62347
G1 F875.9 X116.389 Y119.728 E325.6497
G1 F877.2 X116.036 Y119.527 E325.67281
G1 F886.3 X115.654 Y119.181 E325.70182
G1 F887.6 X115.326 Y118.739 E325.73276
G1 F879.8 X115.171 Y118.396 E325.7541
G1 F878.5 X115.049 Y118.023 E325.77639
G1 F887.6 X114.993 Y117.496 E325.80618
G1 F890.2 X115.047 Y116.962 E325.83626
G1 F885 X115.17 Y116.596 E325.85803
G1 F883.7 X115.325 Y116.252 E325.87933
G1 F894.2 X115.65 Y115.809 E325.90998
G1 X116.046 Y115.458 E325.93951
G1 F882.4 X116.39 Y115.259 E325.96198
G1 F890.2 X116.688 Y115.124 E325.98031
G1 F892.9 X117.194 Y115.012 E326.00927
G1 F888.9 X117.78 Y115.01 E326.04216
G1 F886.3 X118.176 Y115.097 E326.06499
G1 F882.4 X118.595 Y115.258 E326.09037
G1 F892.9 X118.956 Y115.466 E326.11365
G1 F894.2 X119.374 Y115.843 E326.14505
G1 F882.4 X119.612 Y116.183 E326.16852
G1 F878.5 X119.813 Y116.588 E326.1942
G1 F882.4 X119.944 Y116.986 E326.21789
G1 F887.6 X119.993 Y117.496 E326.24669
G1 F898.2 X119.938 Y118.032 E326.27662
G1 F911.9 X119.775 Y118.527 E326.30513
G1 F902.3 X119.614 Y118.81 E326.32313
G1 F896.9 X119.352 Y119.173 E326.34804
G1 F898.2 X118.943 Y119.533 E326.3783
G1 F885 X118.611 Y119.723 E326.39986
G1 F879.8 X118.165 Y119.895 E326.42697
G1 F881.1 X117.777 Y119.984 E326.44951
G1 F885 X117.5 Y119.982 E326.46513
G0 F9000 X117.5 Y120.52
G1 F1500 X117.211 Y120.52 E326.47474
G1 X116.671 Y120.418 E326.49302
G1 X116.142 Y120.216 E326.51185
G1 X115.67 Y119.92 E326.53038
G1 X115.257 Y119.544 E326.54896
G1 X114.916 Y119.094 E326.56774
G1 X114.668 Y118.595 E326.58627
G1 X114.51 Y118.042 E326.6054
G1 X114.458 Y117.496 E326.62364
G1 X114.51 Y116.95 E326.64189
G1 X114.668 Y116.397 E326.66102
G1 X114.915 Y115.902 E326.67942
G1 X115.257 Y115.448 E326.69832
G1 X115.666 Y115.08 E326.71662
G1 X116.146 Y114.776 E326.73552
G1 X116.671 Y114.578 E326.75418
G1 X117.215 Y114.476 E326.77259
G1 X117.785 Y114.476 E326.79155
G1 X118.325 Y114.578 E326.80982
G1 X118.845 Y114.776 E326.82833
G1 X119.326 Y115.08 E326.84726
G1 X119.74 Y115.452 E326.86577
G1 X120.077 Y115.898 E326.88436
G1 X120.324 Y116.397 E326.90288
G1 X120.482 Y116.95 E326.92201
G1 X120.535 Y117.496 E326.94025
G1 X120.482 Y118.042 E326.9585
G1 X120.324 Y118.595 E326.97763
G1 X120.077 Y119.094 E326.99615
G1 X119.735 Y119.544 E327.01495
G1 X119.322 Y119.919 E327.0335
G1 X118.854 Y120.212 E327.05186
G1 X118.321 Y120.419 E327.07088
G1 X117.785 Y120.52 E327.08902
G1 X117.5 Y120.52 E327.0985
G1 F2700 E322.0985
;MESH:megav4.5-pcbfoot.stl(2)
G0 F9000 X117.5 Y120.78
G0 X118.383 Y120.613
G0 X118.836 Y120.437
G0 X120.533 Y119.381
G0 X121.513 Y119.867
G0 X124.356 Y119.041
G0 X126.266 Y118.296
;TYPE:WALL-INNER
G1 F2700 E327.0985
G1 F1500 X126.835 Y118.296 E327.11743
G1 X127.446 Y118.18 E327.13811
G1 X128.034 Y117.952 E327.15909
G1 X128.564 Y117.623 E327.17984
G1 X129.026 Y117.201 E327.20065
G1 X129.407 Y116.698 E327.22164
G1 X129.686 Y116.138 E327.24244
G1 X129.859 Y115.529 E327.2635
G1 X129.917 Y114.912 E327.28411
G1 X129.859 Y114.292 E327.30482
G1 X129.686 Y113.686 E327.32579
G1 X129.407 Y113.121 E327.34674
G1 X129.027 Y112.619 E327.36768
G1 X128.565 Y112.201 E327.38841
G1 X128.034 Y111.872 E327.40918
G1 X127.446 Y111.644 E327.43016
G1 X126.835 Y111.529 E327.45084
G1 X126.205 Y111.528 E327.47179
G1 X125.593 Y111.644 E327.49251
G1 X125.001 Y111.872 E327.51361
G1 X124.471 Y112.201 E327.53436
G1 X124.009 Y112.62 E327.5551
G1 X123.63 Y113.122 E327.57602
G1 X123.35 Y113.686 E327.59697
G1 X123.177 Y114.292 E327.61793
G1 X123.119 Y114.912 E327.63864
G1 X123.176 Y115.529 E327.65925
G1 X123.35 Y116.138 E327.68031
G1 X123.629 Y116.698 E327.70112
G1 X124.01 Y117.202 E327.72214
G1 X124.472 Y117.623 E327.74292
G1 X125.001 Y117.952 E327.76364
G1 X125.593 Y118.18 E327.78474
G1 X126.205 Y118.296 E327.80546
G1 X126.266 Y118.296 E327.80749
G1 F2700 E322.80749
G0 F9000 X126.401 Y116.682
G0 X126.401 Y116.503
G1 F2700 E327.80749
G1 F1500 X126.318 Y116.503 E327.81025
G1 X125.948 Y116.405 E327.82298
G1 X125.6 Y116.231 E327.83592
G1 X125.307 Y115.966 E327.84906
G1 X125.094 Y115.644 E327.8619
G1 X124.97 Y115.321 E327.87341
G1 X124.914 Y114.913 E327.88711
G1 X124.971 Y114.502 E327.90091
G1 X125.093 Y114.182 E327.9123
G1 X125.328 Y113.838 E327.92616
G1 X125.602 Y113.593 E327.93838
G1 X125.948 Y113.416 E327.95131
G1 X126.319 Y113.321 E327.96405
G1 X126.725 Y113.321 E327.97755
G1 X127.093 Y113.416 E327.99019
G1 X127.436 Y113.594 E328.00304
G1 X127.722 Y113.847 E328.01574
G1 X127.943 Y114.181 E328.02906
G1 X128.079 Y114.538 E328.04177
G1 X128.117 Y114.912 E328.05427
G1 X128.078 Y115.29 E328.06691
G1 X127.943 Y115.644 E328.07951
G1 X127.708 Y115.986 E328.09331
G1 X127.428 Y116.238 E328.10584
G1 X127.094 Y116.404 E328.11825
G1 X126.722 Y116.502 E328.13104
G1 X126.401 Y116.503 E328.14172
G0 F9000 X126.431 Y116.104
;TYPE:WALL-OUTER
G1 F1500 X126.381 Y116.104 E328.14338
G1 X126.092 Y116.031 E328.1533
G1 X125.842 Y115.906 E328.16259
G1 X125.621 Y115.713 E328.17235
G1 X125.452 Y115.466 E328.18231
G1 X125.355 Y115.211 E328.19138
G1 X125.32 Y114.893 E328.20202
G1 X125.355 Y114.612 E328.21144
G1 X125.452 Y114.359 E328.22045
G1 X125.608 Y114.127 E328.22975
G1 X125.822 Y113.931 E328.2394
G1 X126.092 Y113.789 E328.24955
G1 X126.381 Y113.72 E328.25943
G1 X126.655 Y113.72 E328.26855
G1 X126.949 Y113.789 E328.27859
G1 X127.214 Y113.931 E328.28859
G1 X127.415 Y114.111 E328.29756
G1 X127.584 Y114.359 E328.30754
G1 X127.681 Y114.612 E328.31656
G1 X127.717 Y114.912 E328.32661
G1 X127.681 Y115.211 E328.33662
G1 X127.584 Y115.466 E328.3457
G1 X127.415 Y115.713 E328.35565
G1 X127.213 Y115.893 E328.36465
G1 X126.949 Y116.031 E328.37456
G1 X126.655 Y116.104 E328.38463
G1 X126.431 Y116.104 E328.39208
G1 F2700 E323.39208
G0 F9000 X126.431 Y116.416
G0 X126.29 Y116.683
G0 X126.025 Y118.078
G0 X126.236 Y118.696
G1 F2700 E328.39208
G1 F1500 X126.873 Y118.696 E328.41327
G1 X127.556 Y118.566 E328.4364
G1 X128.214 Y118.312 E328.45985
G1 X128.806 Y117.943 E328.48306
G1 X129.323 Y117.472 E328.50632
G1 X129.749 Y116.91 E328.52977
G1 X130.06 Y116.283 E328.55305
G1 X130.254 Y115.603 E328.57657
G1 X130.319 Y114.912 E328.59965
G1 X130.254 Y114.218 E328.62284
G1 X130.06 Y113.541 E328.64626
G1 X129.749 Y112.91 E328.66966
G1 X129.323 Y112.348 E328.69311
G1 X128.807 Y111.881 E328.71626
G1 X128.214 Y111.512 E328.73949
G1 X127.556 Y111.258 E328.76295
G1 X126.873 Y111.129 E328.78607
G1 X126.167 Y111.128 E328.80955
G1 X125.483 Y111.258 E328.83271
G1 X124.822 Y111.512 E328.85626
G1 X124.229 Y111.881 E328.87949
G1 X123.713 Y112.348 E328.90264
G1 X123.288 Y112.91 E328.92607
G1 X122.976 Y113.541 E328.94949
G1 X122.782 Y114.218 E328.97291
G1 X122.717 Y114.912 E328.99609
G1 X122.782 Y115.603 E329.01918
G1 X122.976 Y116.283 E329.0427
G1 X123.287 Y116.91 E329.06597
G1 X123.713 Y117.472 E329.08943
G1 X124.23 Y117.943 E329.11269
G1 X124.822 Y118.312 E329.13589
G1 X125.483 Y118.566 E329.15945
G1 X126.167 Y118.696 E329.1826
G1 X126.236 Y118.696 E329.1849
G1 F2700 E324.1849
G0 F9000 X126.236 Y118.386
G0 X126.374 Y118.096
G0 X126.374 Y116.682
G0 X126.374 Y116.857
;TYPE:SKIN
G1 F2700 E329.1849
G1 F1500 X126.775 Y116.857 E329.19824
G1 X127.221 Y116.739 E329.21358
G1 X127.631 Y116.531 E329.22887
G1 X127.983 Y116.225 E329.24438
G1 X128.264 Y115.806 E329.26116
G1 X128.424 Y115.388 E329.27605
G1 X128.476 Y114.912 E329.29198
G1 X128.429 Y114.448 E329.30749
G1 X128.264 Y114.019 E329.32278
G1 X127.979 Y113.59 E329.33991
G1 X127.63 Y113.29 E329.35521
G1 X127.221 Y113.081 E329.37049
G1 X126.781 Y112.963 E329.38564
G1 X126.255 Y112.963 E329.40314
G1 X125.841 Y113.07 E329.41736
G1 X125.401 Y113.29 E329.43372
G1 X125.044 Y113.604 E329.44953
G1 X124.773 Y114.006 E329.46566
G1 X124.607 Y114.433 E329.4809
G1 X124.552 Y114.893 E329.4963
G1 X124.607 Y115.387 E329.51284
G1 X124.761 Y115.785 E329.52703
G1 X125.02 Y116.185 E329.54288
G1 X125.401 Y116.53 E329.55997
G1 X125.836 Y116.746 E329.57613
G1 X126.254 Y116.857 E329.59051
G1 X126.374 Y116.857 E329.5945
G0 F9000 X126.333 Y117.397
G1 F882.4 X126.24 Y117.398 E329.59976
G1 X125.743 Y117.286 E329.62857
G1 F878.5 X125.405 Y117.14 E329.64948
G1 F879.8 X125.064 Y116.944 E329.67178
G1 F888.9 X124.642 Y116.569 E329.70347
G1 F890.2 X124.348 Y116.153 E329.73202
G1 F885 X124.189 Y115.805 E329.75359
G1 X124.07 Y115.445 E329.77496
G1 F887.6 X124.015 Y114.908 E329.80531
G1 X124.069 Y114.371 E329.83564
G1 F885 X124.19 Y114.008 E329.85721
G1 F895.5 X124.34 Y113.671 E329.87776
G1 F903.6 X124.671 Y113.222 E329.90856
G1 F890.2 X125.064 Y112.873 E329.93802
G1 F877.2 X125.41 Y112.676 E329.96066
G1 F874.6 X125.746 Y112.531 E329.98154
G1 F879.8 X126.218 Y112.426 E330.00896
G1 F885 X126.802 Y112.424 E330.04188
G1 F883.7 X127.186 Y112.51 E330.0641
G1 F878.5 X127.634 Y112.683 E330.09137
G1 F881.1 X127.967 Y112.874 E330.11311
G1 F896.9 X128.367 Y113.224 E330.14268
G1 F895.5 X128.633 Y113.594 E330.16806
G1 F883.7 X128.835 Y114.002 E330.19377
G1 F885 X128.961 Y114.38 E330.21623
G1 F887.6 X129.013 Y114.908 E330.24605
G1 F898.2 X128.96 Y115.436 E330.27553
G1 F892.9 X128.834 Y115.813 E330.29774
G1 F882.4 X128.633 Y116.221 E330.32346
G1 F896.9 X128.371 Y116.588 E330.34854
G1 F899.6 X127.962 Y116.948 E330.37876
G1 F883.7 X127.634 Y117.134 E330.40005
G1 F878.5 X127.184 Y117.307 E330.42743
G1 F877.2 X126.811 Y117.393 E330.4492
G1 F878.5 X126.333 Y117.397 E330.47635
G0 F9000 X126.293 Y117.936
G1 F1500 X126.237 Y117.936 E330.47821
G1 X125.691 Y117.83 E330.49671
G1 X125.158 Y117.628 E330.51567
G1 X124.69 Y117.332 E330.53408
G1 X124.277 Y116.96 E330.55257
G1 X123.935 Y116.506 E330.57148
G1 X123.684 Y116.003 E330.59017
G1 X123.53 Y115.455 E330.6091
G1 X123.478 Y114.912 E330.62725
G1 X123.53 Y114.366 E330.64549
G1 X123.688 Y113.809 E330.66475
G1 X123.935 Y113.314 E330.68315
G1 X124.277 Y112.86 E330.70205
G1 X124.689 Y112.489 E330.72049
G1 X125.162 Y112.192 E330.73907
G1 X125.691 Y111.989 E330.75791
G1 X126.235 Y111.888 E330.77632
G1 X126.805 Y111.888 E330.79527
G1 X127.341 Y111.989 E330.81342
G1 X127.874 Y112.196 E330.83243
G1 X128.343 Y112.489 E330.85083
G1 X128.76 Y112.864 E330.86948
G1 X129.096 Y113.31 E330.88805
G1 X129.344 Y113.813 E330.9067
G1 X129.502 Y114.366 E330.92583
G1 X129.555 Y114.912 E330.94408
G1 X129.502 Y115.454 E330.96219
G1 X129.344 Y116.007 E330.98132
G1 X129.097 Y116.506 E330.99984
G1 X128.755 Y116.956 E331.01864
G1 X128.342 Y117.331 E331.03719
G1 X127.874 Y117.624 E331.05556
G1 X127.34 Y117.831 E331.07461
G1 X126.8 Y117.936 E331.0929
G1 X126.293 Y117.936 E331.10977
G1 F2700 E326.10977
;MESH:megav4.5-pcbfoot.stl(3)
G0 F9000 X126.293 Y118.196
G0 X124.932 Y118.11
G0 X120.9 Y124.947
G0 X120.05 Y128.133
;TYPE:WALL-INNER
G1 F2700 E331.10977
G1 F1500 X119.679 Y128.078 E331.12224
G1 X119.353 Y127.954 E331.13384
G1 X119.033 Y127.744 E331.14657
G1 X118.794 Y127.475 E331.15854
G1 X118.589 Y127.113 E331.17238
G1 X118.493 Y126.728 E331.18557
G1 X118.493 Y126.327 E331.19891
G1 X118.591 Y125.962 E331.21148
G1 X118.768 Y125.619 E331.22432
G1 X119.014 Y125.345 E331.23657
G1 X119.322 Y125.121 E331.24923
G1 X119.679 Y124.986 E331.26193
G1 X120.088 Y124.931 E331.27565
G1 X120.464 Y124.975 E331.28824
G1 X120.82 Y125.109 E331.3009
G1 X121.148 Y125.33 E331.31405
G1 X121.403 Y125.617 E331.32682
G1 X121.58 Y125.958 E331.3396
G1 X121.679 Y126.333 E331.3525
G1 X121.679 Y126.731 E331.36573
G1 X121.58 Y127.104 E331.37857
G1 X121.403 Y127.445 E331.39135
G1 X121.159 Y127.722 E331.40363
G1 X120.835 Y127.952 E331.41684
G1 X120.493 Y128.077 E331.42895
G1 X120.093 Y128.139 E331.44242
G1 X120.05 Y128.133 E331.44386
G1 F2700 E326.44386
G0 F9000 X119.961 Y129.736
G0 X120.007 Y129.922
G1 F2700 E331.44386
G1 F1500 X120.088 Y129.929 E331.44656
G1 X120.706 Y129.875 E331.4672
G1 X121.314 Y129.702 E331.48822
G1 X121.873 Y129.424 E331.50899
G1 X122.377 Y129.039 E331.53008
G1 X122.8 Y128.579 E331.55087
G1 X123.128 Y128.051 E331.57154
G1 X123.355 Y127.46 E331.5926
G1 X123.468 Y126.849 E331.61326
G1 X123.468 Y126.215 E331.63435
G1 X123.355 Y125.604 E331.65502
G1 X123.128 Y125.017 E331.67595
G1 X122.799 Y124.484 E331.69678
G1 X122.378 Y124.026 E331.71747
G1 X121.874 Y123.645 E331.73849
G1 X121.314 Y123.366 E331.7593
G1 X120.705 Y123.193 E331.78035
G1 X120.088 Y123.135 E331.80097
G1 X119.467 Y123.193 E331.82171
G1 X118.858 Y123.366 E331.84277
G1 X118.298 Y123.645 E331.86358
G1 X117.795 Y124.025 E331.88454
G1 X117.377 Y124.484 E331.90519
G1 X117.044 Y125.017 E331.92609
G1 X116.82 Y125.605 E331.94702
G1 X116.704 Y126.217 E331.96774
G1 X116.704 Y126.847 E331.98869
G1 X116.82 Y127.46 E332.00944
G1 X117.044 Y128.051 E332.03047
G1 X117.376 Y128.579 E332.05121
G1 X117.796 Y129.04 E332.07195
G1 X118.299 Y129.424 E332.093
G1 X118.858 Y129.701 E332.11375
G1 X119.466 Y129.874 E332.13478
G1 X120.007 Y129.922 E332.15284
G0 F9000 X119.998 Y130.323
;TYPE:WALL-OUTER
G1 F1503.8 X120.088 Y130.331 E332.15584
G1 F1500 X120.779 Y130.27 E332.17891
G1 X121.459 Y130.076 E332.20243
G1 X122.085 Y129.765 E332.22568
G1 X122.648 Y129.335 E332.24924
G1 X123.12 Y128.822 E332.27243
G1 X123.488 Y128.23 E332.29561
G1 X123.742 Y127.569 E332.31916
G1 X123.868 Y126.885 E332.34229
G1 X123.868 Y126.179 E332.36578
G1 X123.742 Y125.495 E332.38891
G1 X123.488 Y124.838 E332.41234
G1 X123.119 Y124.242 E332.43565
G1 X122.648 Y123.729 E332.45882
G1 X122.086 Y123.303 E332.48227
G1 X121.459 Y122.992 E332.50555
G1 X120.779 Y122.798 E332.52907
G1 X120.088 Y122.733 E332.55215
G1 X119.393 Y122.798 E332.57537
G1 X118.713 Y122.992 E332.59889
G1 X118.086 Y123.303 E332.62217
G1 X117.524 Y123.729 E332.64562
G1 X117.057 Y124.242 E332.6687
G1 X116.684 Y124.838 E332.69208
G1 X116.434 Y125.495 E332.71546
G1 X116.304 Y126.179 E332.73862
G1 X116.304 Y126.885 E332.7621
G1 X116.434 Y127.569 E332.78526
G1 X116.684 Y128.23 E332.80876
G1 X117.056 Y128.822 E332.83202
G1 X117.524 Y129.336 E332.85514
G1 X118.087 Y129.765 E332.87868
G1 X118.713 Y130.076 E332.90193
G1 X119.393 Y130.27 E332.92545
G1 F1503.8 X119.998 Y130.323 E332.9456
G1 F2700 E327.9456
G0 F9000 X120.027 Y130.017
G0 X119.87 Y129.728
G0 X120.028 Y128.307
G0 X120.059 Y127.731
G1 F2700 E332.9456
G1 F1500 X119.789 Y127.693 E332.95467
G1 X119.531 Y127.596 E332.96383
G1 X119.287 Y127.431 E332.97363
G1 X119.094 Y127.207 E332.98346
G1 X118.965 Y126.959 E332.99276
G1 X118.892 Y126.667 E333.00277
G1 X118.892 Y126.397 E333.01175
G1 X118.965 Y126.104 E333.0218
G1 X119.094 Y125.858 E333.03103
G1 X119.287 Y125.637 E333.04079
G1 X119.53 Y125.468 E333.05064
G1 X119.789 Y125.371 E333.05984
G1 X120.088 Y125.331 E333.06987
G1 X120.357 Y125.365 E333.07889
G1 X120.642 Y125.468 E333.08897
G1 X120.869 Y125.624 E333.09813
G1 X121.079 Y125.858 E333.10859
G1 X121.207 Y126.103 E333.11778
G1 X121.28 Y126.396 E333.12782
G1 X121.28 Y126.668 E333.13687
G1 X121.198 Y126.982 E333.14766
G1 X121.078 Y127.206 E333.15612
G1 X120.87 Y127.443 E333.1666
G1 X120.642 Y127.595 E333.17572
G1 X120.383 Y127.693 E333.18493
G1 X120.07 Y127.732 E333.19542
G1 X120.059 Y127.731 E333.19579
G1 F2700 E328.19579
G0 F9000 X120.021 Y128.039
G0 X120.088 Y128.312
G0 X119.961 Y129.736
G0 X120.016 Y129.561
;TYPE:SKIN
G1 F2700 E333.19579
G1 F1500 X119.537 Y129.518 E333.21178
G1 X118.985 Y129.36 E333.23088
G1 X118.487 Y129.113 E333.24937
G1 X118.04 Y128.771 E333.26809
G1 X117.664 Y128.362 E333.28657
G1 X117.364 Y127.883 E333.30536
G1 X117.17 Y127.365 E333.32376
G1 X117.064 Y126.813 E333.34246
G1 X117.064 Y126.247 E333.36128
G1 X117.166 Y125.702 E333.37972
G1 X117.364 Y125.178 E333.39835
G1 X117.664 Y124.703 E333.41704
G1 X118.036 Y124.293 E333.43545
G1 X118.486 Y123.951 E333.45425
G1 X118.985 Y123.704 E333.47277
G1 X119.542 Y123.546 E333.49203
G1 X120.084 Y123.494 E333.51014
G1 X120.63 Y123.546 E333.52838
G1 X121.183 Y123.704 E333.54751
G1 X121.682 Y123.951 E333.56603
G1 X122.132 Y124.293 E333.58483
G1 X122.512 Y124.706 E333.60349
G1 X122.804 Y125.174 E333.62184
G1 X123.007 Y125.707 E333.64081
G1 X123.108 Y126.243 E333.65895
G1 X123.108 Y126.817 E333.67804
G1 X123.006 Y127.357 E333.69632
G1 X122.804 Y127.89 E333.71528
G1 X122.511 Y128.354 E333.73353
G1 X122.128 Y128.775 E333.75246
G1 X121.685 Y129.109 E333.77091
G1 X121.178 Y129.364 E333.78979
G1 X120.631 Y129.522 E333.80873
G1 X120.089 Y129.567 E333.82682
G1 X120.016 Y129.561 E333.82925
G0 F9000 X120.029 Y129.021
G1 F881.1 X119.545 Y128.972 E333.8568
G1 F877.2 X119.175 Y128.847 E333.87901
G1 F874.6 X118.774 Y128.65 E333.90449
G1 F890.2 X118.403 Y128.381 E333.93018
G1 F896.9 X118.053 Y127.99 E333.95937
G1 F882.4 X117.852 Y127.64 E333.98219
G1 F892.9 X117.715 Y127.331 E334.00108
G1 F898.2 X117.598 Y126.807 E334.0309
G1 F896.9 X117.6 Y126.23 E334.063
G1 F890.2 X117.687 Y125.844 E334.08517
G1 F877.2 X117.848 Y125.426 E334.11065
G1 X118.049 Y125.075 E334.13365
G1 F886.3 X118.4 Y124.689 E334.16302
G1 F885 X118.842 Y124.357 E334.19419
G1 F879.8 X119.179 Y124.212 E334.21499
G1 X119.554 Y124.087 E334.23741
G1 F885 X120.084 Y124.031 E334.26745
G1 F886.3 X120.621 Y124.088 E334.29785
G1 F883.7 X120.988 Y124.21 E334.31969
G1 X121.388 Y124.41 E334.34494
G1 F898.2 X121.768 Y124.683 E334.37093
G1 X122.119 Y125.073 E334.40007
G1 F879.8 X122.36 Y125.498 E334.42778
G1 F877.2 X122.482 Y125.855 E334.44923
G1 F890.2 X122.569 Y126.249 E334.47185
G1 F895.5 X122.572 Y126.81 E334.5031
G1 X122.452 Y127.337 E334.53321
G1 F888.9 X122.315 Y127.643 E334.55203
G1 F877.2 X122.119 Y127.978 E334.5741
G1 F890.2 X121.766 Y128.378 E334.604
G1 F891.5 X121.321 Y128.707 E334.63497
G1 F881.1 X120.987 Y128.853 E334.65561
G1 F879.8 X120.604 Y128.978 E334.67846
G1 F887.6 X120.089 Y129.027 E334.70754
G1 F890.2 X120.029 Y129.021 E334.71092
G0 F9000 X120.041 Y128.487
G1 F1500 X120.089 Y128.493 E334.71252
G1 X120.544 Y128.441 E334.72776
G1 X120.986 Y128.279 E334.74341
G1 X121.39 Y128.002 E334.75971
G1 X121.702 Y127.643 E334.77553
G1 X121.919 Y127.243 E334.79066
G1 X122.031 Y126.796 E334.80599
G1 X122.033 Y126.27 E334.82348
G1 X121.915 Y125.824 E334.83883
G1 X121.71 Y125.43 E334.8536
G1 X121.377 Y125.048 E334.87046
G1 X120.977 Y124.784 E334.8864
G1 X120.555 Y124.623 E334.90142
G1 X120.107 Y124.568 E334.91643
G1 X119.617 Y124.623 E334.93283
G1 X119.154 Y124.8 E334.94932
G1 X118.755 Y125.093 E334.96578
G1 X118.466 Y125.417 E334.98022
G1 X118.252 Y125.829 E334.99566
G1 X118.135 Y126.275 E335.011
G1 X118.135 Y126.79 E335.02813
G1 X118.248 Y127.235 E335.0434
G1 X118.466 Y127.643 E335.05878
G1 X118.779 Y128.01 E335.07483
G1 X119.195 Y128.276 E335.09125
G1 X119.613 Y128.437 E335.10615
G1 X120.041 Y128.487 E335.12048
G1 F2700 E330.12048
;MESH:NONMESH
G0 F300 X120.041 Y128.487 Z5
G0 F9000 X120.069 Y128.23
G0 X119.125 Y127.621
G0 X118.313 Y126.307
G0 X109.491 Y121.543
G0 X108.602 Y121.666
;TIME_ELAPSED:667.236502
;LAYER:24
;TYPE:WALL-INNER
;MESH:megav4.5-pcbfoot.stl(1)
G1 F2700 E335.12048
G1 F1500 X108.247 Y121.659 E335.13229
G1 X107.904 Y121.573 E335.14405
G1 X107.56 Y121.394 E335.15695
G1 X107.289 Y121.146 E335.16917
G1 X107.065 Y120.84 E335.18178
G1 X106.926 Y120.481 E335.19458
G1 X106.87 Y120.073 E335.20828
G1 X106.93 Y119.667 E335.22193
G1 X107.054 Y119.341 E335.23353
G1 X107.264 Y119.025 E335.24615
G1 X107.533 Y118.782 E335.25821
G1 X107.889 Y118.578 E335.27186
G1 X108.276 Y118.481 E335.28513
G1 X108.673 Y118.481 E335.29833
G1 X109.046 Y118.578 E335.31115
G1 X109.362 Y118.742 E335.32299
G1 X109.673 Y119.004 E335.33652
G1 X109.898 Y119.34 E335.34997
G1 X110.022 Y119.663 E335.36147
G1 X110.077 Y120.076 E335.37533
G1 X110.022 Y120.481 E335.38892
G1 X109.899 Y120.808 E335.40054
G1 X109.682 Y121.139 E335.41371
G1 X109.382 Y121.395 E335.42683
G1 X109.053 Y121.568 E335.43919
G1 X108.676 Y121.668 E335.45216
G1 X108.602 Y121.666 E335.45462
G1 F2700 E330.45462
G0 F9000 X108.957 Y123.223
G0 X108.742 Y123.456
G1 F2700 E335.45462
G1 F1500 X108.793 Y123.456 E335.45632
G1 X109.404 Y123.344 E335.47698
G1 X109.991 Y123.116 E335.49793
G1 X110.524 Y122.787 E335.51876
G1 X110.982 Y122.366 E335.53945
G1 X111.363 Y121.862 E335.56046
G1 X111.642 Y121.302 E335.58127
G1 X111.815 Y120.693 E335.60233
G1 X111.873 Y120.076 E335.62294
G1 X111.815 Y119.455 E335.64369
G1 X111.642 Y118.846 E335.66474
G1 X111.363 Y118.286 E335.68555
G1 X110.983 Y117.783 E335.70652
G1 X110.524 Y117.365 E335.72717
G1 X109.991 Y117.032 E335.74807
G1 X109.403 Y116.808 E335.769
G1 X108.791 Y116.693 E335.78971
G1 X108.161 Y116.692 E335.81066
G1 X107.548 Y116.808 E335.83141
G1 X106.957 Y117.032 E335.85244
G1 X106.429 Y117.364 E335.87318
G1 X105.969 Y117.784 E335.8939
G1 X105.584 Y118.287 E335.91497
G1 X105.307 Y118.846 E335.93572
G1 X105.134 Y119.454 E335.95674
G1 X105.079 Y120.076 E335.97751
G1 X105.133 Y120.694 E335.99814
G1 X105.307 Y121.302 E336.01918
G1 X105.584 Y121.861 E336.03993
G1 X105.969 Y122.365 E336.06102
G1 X106.429 Y122.787 E336.08178
G1 X106.957 Y123.116 E336.10247
G1 X107.548 Y123.344 E336.12354
G1 X108.159 Y123.456 E336.1442
G1 X108.742 Y123.456 E336.16359
G0 F9000 X108.774 Y123.856
;TYPE:WALL-OUTER
G1 F1500 X108.829 Y123.856 E336.16542
G1 X109.513 Y123.73 E336.18856
G1 X110.17 Y123.476 E336.21198
G1 X110.766 Y123.107 E336.2353
G1 X111.279 Y122.636 E336.25846
G1 X111.705 Y122.074 E336.28192
G1 X112.016 Y121.447 E336.3052
G1 X112.21 Y120.767 E336.32872
G1 X112.275 Y120.076 E336.3518
G1 X112.21 Y119.381 E336.37502
G1 X112.016 Y118.701 E336.39854
G1 X111.705 Y118.074 E336.42181
G1 X111.279 Y117.512 E336.44527
G1 X110.766 Y117.045 E336.46834
G1 X110.17 Y116.672 E336.49173
G1 X109.513 Y116.422 E336.51511
G1 X108.829 Y116.293 E336.53826
G1 X108.123 Y116.292 E336.56174
G1 X107.439 Y116.422 E336.5849
G1 X106.778 Y116.672 E336.6084
G1 X106.186 Y117.044 E336.63166
G1 X105.673 Y117.512 E336.65475
G1 X105.243 Y118.075 E336.67832
G1 X104.932 Y118.701 E336.70157
G1 X104.738 Y119.381 E336.72508
G1 X104.677 Y120.076 E336.74829
G1 X104.738 Y120.767 E336.77136
G1 X104.932 Y121.447 E336.79488
G1 X105.243 Y122.073 E336.81813
G1 X105.673 Y122.636 E336.84169
G1 X106.186 Y123.107 E336.86485
G1 X106.778 Y123.476 E336.88806
G1 X107.439 Y123.73 E336.91161
G1 X108.123 Y123.856 E336.93474
G1 X108.774 Y123.856 E336.95639
G1 F2700 E331.95639
G0 F9000 X108.774 Y123.549
G0 X108.571 Y123.256
G0 X108.571 Y121.846
G0 X108.571 Y121.268
G1 F2700 E336.95639
G1 F1500 X108.34 Y121.268 E336.96408
G1 X108.048 Y121.199 E336.97406
G1 X107.783 Y121.057 E336.98406
G1 X107.581 Y120.873 E336.99314
G1 X107.412 Y120.634 E337.00288
G1 X107.311 Y120.371 E337.01225
G1 X107.276 Y120.062 E337.02259
G1 X107.315 Y119.777 E337.03216
G1 X107.412 Y119.519 E337.04133
G1 X107.564 Y119.294 E337.05036
G1 X107.783 Y119.095 E337.0602
G1 X108.066 Y118.946 E337.07084
G1 X108.337 Y118.88 E337.08012
G1 X108.611 Y118.88 E337.08923
G1 X108.904 Y118.952 E337.09926
G1 X109.15 Y119.082 E337.10852
G1 X109.371 Y119.275 E337.11828
G1 X109.54 Y119.518 E337.12812
G1 X109.637 Y119.773 E337.1372
G1 X109.677 Y120.076 E337.14736
G1 X109.637 Y120.371 E337.15726
G1 X109.54 Y120.63 E337.16646
G1 X109.36 Y120.888 E337.17692
G1 X109.145 Y121.068 E337.18625
G1 X108.909 Y121.195 E337.19516
G1 X108.615 Y121.268 E337.20524
G1 X108.571 Y121.268 E337.2067
G1 F2700 E332.2067
G0 F9000 X108.571 Y121.579
G0 X108.706 Y121.847
G0 X108.957 Y123.223
G0 X108.714 Y123.096
;TYPE:SKIN
G1 F2700 E337.2067
G1 F1500 X108.187 Y123.096 E337.22423
G1 X107.647 Y122.994 E337.24251
G1 X107.118 Y122.792 E337.26134
G1 X106.646 Y122.496 E337.27987
G1 X106.237 Y122.121 E337.29833
G1 X105.895 Y121.669 E337.31718
G1 X105.643 Y121.17 E337.33577
G1 X105.486 Y120.619 E337.35483
G1 X105.437 Y120.072 E337.3731
G1 X105.486 Y119.525 E337.39136
G1 X105.644 Y118.973 E337.41046
G1 X105.891 Y118.474 E337.42898
G1 X106.233 Y118.028 E337.44767
G1 X106.642 Y117.652 E337.46615
G1 X107.122 Y117.353 E337.48496
G1 X107.647 Y117.153 E337.50364
G1 X108.191 Y117.052 E337.52205
G1 X108.761 Y117.052 E337.54101
G1 X109.301 Y117.154 E337.55928
G1 X109.826 Y117.353 E337.57796
G1 X110.306 Y117.652 E337.59677
G1 X110.711 Y118.024 E337.61506
G1 X111.053 Y118.474 E337.63386
G1 X111.3 Y118.973 E337.65237
G1 X111.458 Y119.526 E337.6715
G1 X111.511 Y120.072 E337.68975
G1 X111.458 Y120.618 E337.70799
G1 X111.3 Y121.171 E337.72712
G1 X111.053 Y121.67 E337.74564
G1 X110.711 Y122.12 E337.76444
G1 X110.302 Y122.496 E337.78292
G1 X109.83 Y122.792 E337.80145
G1 X109.301 Y122.995 E337.8203
G1 X108.761 Y123.096 E337.83857
G1 X108.714 Y123.096 E337.84013
G0 F9000 X108.714 Y123.356
G0 X108.63 Y121.846
G0 X108.63 Y122.021
G1 F1500 X108.737 Y122.021 E337.84369
G1 X109.184 Y121.903 E337.85907
G1 X109.591 Y121.69 E337.87434
G1 X109.972 Y121.353 E337.89126
G1 X110.22 Y120.965 E337.90658
G1 X110.381 Y120.539 E337.92173
G1 X110.436 Y120.074 E337.9373
G1 X110.381 Y119.596 E337.9533
G1 X110.22 Y119.178 E337.9682
G1 X109.972 Y118.802 E337.98318
G1 X109.596 Y118.454 E338.00022
G1 X109.175 Y118.24 E338.01593
G1 X108.729 Y118.123 E338.03127
G1 X108.211 Y118.123 E338.04849
G1 X107.755 Y118.247 E338.06421
G1 X107.361 Y118.454 E338.07901
G1 X106.993 Y118.778 E338.09532
G1 X106.74 Y119.147 E338.1102
G1 X106.567 Y119.597 E338.12624
G1 X106.516 Y120.054 E338.14153
G1 X106.563 Y120.544 E338.1579
G1 X106.745 Y121.011 E338.17457
G1 X107.01 Y121.375 E338.18955
G1 X107.357 Y121.694 E338.20523
G1 X107.748 Y121.895 E338.21985
G1 X108.219 Y122.021 E338.23607
G1 X108.63 Y122.021 E338.24974
G1 F2700 E333.24974
G0 F9000 X108.63 Y121.766
G0 X106.907 Y120.932
G0 X105.655 Y121.554
G0 X105.838 Y121.111
G1 F2700 E338.24974
G1 F1500 X107.419 Y122.692 E338.3241
G0 F9000 X108.184 Y122.892
G1 F1500 X105.664 Y120.372 E338.44263
G0 F9000 X105.662 Y119.804
G1 F1500 X106.355 Y120.497 E338.47523
G0 F9000 X106.334 Y119.91
G1 F1500 X105.751 Y119.327 E338.50265
G0 F9000 X105.898 Y118.909
G1 F1500 X106.419 Y119.43 E338.52716
G0 F9000 X106.583 Y119.028
G1 F1500 X106.093 Y118.538 E338.55021
G0 F9000 X106.339 Y118.218
G1 F1500 X106.814 Y118.694 E338.57257
G0 F9000 X107.102 Y118.416
G1 F1500 X106.626 Y117.94 E338.59496
G0 F9000 X106.949 Y117.697
G1 F1500 X107.439 Y118.187 E338.61801
G0 F9000 X107.837 Y118.019
G1 F1500 X107.313 Y117.495 E338.64266
G0 F9000 X107.725 Y117.342
G1 F1500 X108.308 Y117.924 E338.67006
G0 F9000 X108.912 Y117.963
G1 F1500 X108.203 Y117.254 E338.70341
G0 F9000 X108.772 Y117.257
G1 F1500 X111.281 Y119.766 E338.82142
G0 F9000 X111.285 Y120.336
G1 F1500 X110.584 Y119.635 E338.8544
G0 F9000 X110.616 Y120.233
G1 F1500 X111.195 Y120.812 E338.88163
G0 F9000 X111.048 Y121.231
G1 F1500 X110.529 Y120.712 E338.90604
G0 F9000 X110.365 Y121.113
G1 F1500 X110.854 Y121.602 E338.92904
G0 F9000 X110.61 Y121.924
G1 F1500 X110.143 Y121.457 E338.95101
G0 F9000 X109.852 Y121.731
G1 F1500 X110.324 Y122.204 E338.97323
G0 F9000 X110.002 Y122.448
G1 F1500 X109.512 Y121.958 E338.99628
G0 F9000 X109.116 Y122.127
G1 F1500 X109.64 Y122.65 E339.02091
G0 F9000 X109.229 Y122.805
G1 F1500 X108.643 Y122.22 E339.04845
G0 F9000 X108.039 Y122.181
G1 F1500 X108.752 Y122.894 E339.08198
G0 F9000 X108.833 Y123.347
G0 X109.919 Y122.972
G0 X110.427 Y122.658
G0 X110.862 Y122.257
G0 X111.226 Y121.777
G0 X111.491 Y121.243
G0 X111.657 Y120.663
G0 X111.712 Y120.076
G0 X111.514 Y118.816
G0 X111.101 Y119.02
G1 F1500 X109.539 Y117.458 E339.15546
G1 F2700 E334.15546
;MESH:megav4.5-pcbfoot.stl
G0 F9000 X109.703 Y117.03
G0 X111.115 Y117.672
G0 X115.762 Y117.922
G0 X117.5 Y119.088
;TYPE:WALL-INNER
G1 F2700 E339.15546
G1 F1500 X117.271 Y119.083 E339.16307
G1 X116.928 Y118.997 E339.17484
G1 X116.581 Y118.814 E339.18788
G1 X116.288 Y118.553 E339.20093
G1 X116.078 Y118.232 E339.21369
G1 X115.95 Y117.909 E339.22525
G1 X115.894 Y117.495 E339.23914
G1 X115.95 Y117.091 E339.25271
G1 X116.086 Y116.733 E339.26545
G1 X116.308 Y116.426 E339.27805
G1 X116.551 Y116.209 E339.28888
G1 X116.913 Y116.002 E339.30275
G1 X117.3 Y115.905 E339.31602
G1 X117.693 Y115.905 E339.32909
G1 X118.067 Y116.002 E339.34194
G1 X118.384 Y116.163 E339.35377
G1 X118.709 Y116.446 E339.3681
G1 X118.918 Y116.76 E339.38065
G1 X119.045 Y117.095 E339.39256
G1 X119.101 Y117.494 E339.40597
G1 X119.046 Y117.905 E339.41976
G1 X118.923 Y118.232 E339.43138
G1 X118.701 Y118.564 E339.44466
G1 X118.382 Y118.83 E339.45848
G1 X118.077 Y118.992 E339.46996
G1 X117.7 Y119.092 E339.48293
G1 X117.5 Y119.088 E339.48959
G1 F2700 E334.48959
G0 F9000 X117.5 Y120.68
G0 X117.5 Y120.88
G1 F2700 E339.48959
G1 F1500 X117.817 Y120.88 E339.50013
G1 X118.428 Y120.768 E339.52079
G1 X119.014 Y120.54 E339.54171
G1 X119.544 Y120.211 E339.56245
G1 X120.006 Y119.789 E339.58327
G1 X120.387 Y119.287 E339.60423
G1 X120.666 Y118.726 E339.62507
G1 X120.839 Y118.117 E339.64612
G1 X120.897 Y117.496 E339.66687
G1 X120.839 Y116.88 E339.68745
G1 X120.665 Y116.27 E339.70854
G1 X120.387 Y115.71 E339.72934
G1 X120.007 Y115.207 E339.75031
G1 X119.544 Y114.789 E339.77105
G1 X119.014 Y114.456 E339.79187
G1 X118.427 Y114.232 E339.81277
G1 X117.815 Y114.117 E339.83348
G1 X117.185 Y114.116 E339.85443
G1 X116.572 Y114.232 E339.87518
G1 X115.981 Y114.456 E339.8962
G1 X115.452 Y114.789 E339.91699
G1 X114.989 Y115.208 E339.93776
G1 X114.609 Y115.71 E339.9587
G1 X114.33 Y116.27 E339.97951
G1 X114.157 Y116.879 E340.00057
G1 X114.099 Y117.496 E340.02118
G1 X114.157 Y118.117 E340.04193
G1 X114.331 Y118.726 E340.06299
G1 X114.609 Y119.287 E340.08382
G1 X114.99 Y119.789 E340.10478
G1 X115.452 Y120.211 E340.12559
G1 X115.981 Y120.54 E340.14631
G1 X116.572 Y120.768 E340.16738
G1 X117.183 Y120.88 E340.18804
G1 X117.5 Y120.88 E340.19858
G0 F9000 X117.5 Y121.28
;TYPE:WALL-OUTER
G1 F1500 X117.853 Y121.28 E340.21032
G1 X118.537 Y121.154 E340.23346
G1 X119.194 Y120.9 E340.25688
G1 X119.786 Y120.531 E340.28009
G1 X120.303 Y120.06 E340.30335
G1 X120.729 Y119.498 E340.3268
G1 X121.04 Y118.871 E340.35008
G1 X121.234 Y118.191 E340.3736
G1 X121.299 Y117.496 E340.39682
G1 X121.234 Y116.806 E340.41987
G1 X121.04 Y116.125 E340.44342
G1 X120.729 Y115.498 E340.4667
G1 X120.303 Y114.936 E340.49015
G1 X119.786 Y114.469 E340.51333
G1 X119.194 Y114.096 E340.5366
G1 X118.537 Y113.846 E340.55998
G1 X117.853 Y113.717 E340.58313
G1 X117.147 Y113.716 E340.60661
G1 X116.463 Y113.846 E340.62977
G1 X115.802 Y114.096 E340.65327
G1 X115.21 Y114.469 E340.67655
G1 X114.693 Y114.936 E340.69972
G1 X114.267 Y115.498 E340.72317
G1 X113.956 Y116.125 E340.74645
G1 X113.762 Y116.805 E340.76997
G1 X113.697 Y117.496 E340.79305
G1 X113.762 Y118.191 E340.81627
G1 X113.956 Y118.871 E340.83979
G1 X114.267 Y119.498 E340.86307
G1 X114.693 Y120.06 E340.88652
G1 X115.21 Y120.531 E340.90979
G1 X115.802 Y120.9 E340.93299
G1 X116.463 Y121.154 E340.95654
G1 X117.147 Y121.28 E340.97967
G1 X117.5 Y121.28 E340.99141
G1 F2700 E335.99141
G0 F9000 X117.5 Y120.973
G0 X117.5 Y120.68
G0 X117.5 Y119.27
G0 X117.5 Y118.692
G1 F2700 E340.99141
G1 F1500 X117.364 Y118.692 E340.99594
G1 X117.072 Y118.623 E341.00592
G1 X116.822 Y118.49 E341.01534
G1 X116.601 Y118.297 E341.02509
G1 X116.436 Y118.054 E341.03486
G1 X116.335 Y117.799 E341.04399
G1 X116.3 Y117.477 E341.05476
G1 X116.335 Y117.201 E341.06401
G1 X116.432 Y116.943 E341.07318
G1 X116.588 Y116.715 E341.08237
G1 X116.799 Y116.523 E341.09186
G1 X117.09 Y116.37 E341.10279
G1 X117.361 Y116.304 E341.11207
G1 X117.632 Y116.304 E341.12108
G1 X117.924 Y116.376 E341.13108
G1 X118.171 Y116.502 E341.14031
G1 X118.395 Y116.699 E341.15023
G1 X118.56 Y116.938 E341.15989
G1 X118.661 Y117.205 E341.16938
G1 X118.701 Y117.493 E341.17905
G1 X118.661 Y117.795 E341.18919
G1 X118.564 Y118.054 E341.19838
G1 X118.398 Y118.294 E341.20809
G1 X118.161 Y118.496 E341.21845
G1 X117.933 Y118.619 E341.22706
G1 X117.639 Y118.692 E341.23714
G1 X117.5 Y118.692 E341.24176
G1 F2700 E336.24176
G0 F9000 X117.5 Y119.003
G0 X117.5 Y119.27
G0 X117.5 Y120.68
G0 X117.5 Y120.52
;TYPE:SKIN
G1 F2700 E341.24176
G1 F1500 X117.211 Y120.52 E341.25137
G1 X116.671 Y120.418 E341.26965
G1 X116.142 Y120.216 E341.28849
G1 X115.669 Y119.919 E341.30706
G1 X115.257 Y119.548 E341.3255
G1 X114.915 Y119.09 E341.34451
G1 X114.668 Y118.595 E341.36291
G1 X114.51 Y118.042 E341.38204
G1 X114.458 Y117.493 E341.40038
G1 X114.51 Y116.954 E341.4184
G1 X114.668 Y116.397 E341.43765
G1 X114.915 Y115.902 E341.45605
G1 X115.257 Y115.448 E341.47496
G1 X115.665 Y115.08 E341.49323
G1 X116.146 Y114.776 E341.51216
G1 X116.67 Y114.577 E341.5308
G1 X117.215 Y114.476 E341.54923
G1 X117.781 Y114.476 E341.56806
G1 X118.325 Y114.578 E341.58647
G1 X118.845 Y114.776 E341.60498
G1 X119.327 Y115.081 E341.62395
G1 X119.74 Y115.453 E341.64243
G1 X120.077 Y115.894 E341.66089
G1 X120.328 Y116.4 E341.67968
G1 X120.482 Y116.953 E341.69877
G1 X120.534 Y117.493 E341.71682
G1 X120.482 Y118.042 E341.73516
G1 X120.324 Y118.595 E341.75429
G1 X120.076 Y119.09 E341.7727
G1 X119.735 Y119.548 E341.79169
G1 X119.323 Y119.919 E341.81013
G1 X118.854 Y120.212 E341.82853
G1 X118.32 Y120.419 E341.84758
G1 X117.785 Y120.52 E341.86568
G1 X117.5 Y120.52 E341.87516
G0 F9000 X117.5 Y120.78
G0 X117.5 Y119.27
G0 X117.5 Y119.445
G1 F1500 X117.762 Y119.445 E341.88388
G1 X118.209 Y119.327 E341.89925
G1 X118.559 Y119.141 E341.91244
G1 X118.955 Y118.821 E341.92937
G1 X119.252 Y118.376 E341.94716
G1 X119.4 Y117.988 E341.96098
G1 X119.464 Y117.436 E341.97946
G1 X119.394 Y117.015 E341.99365
G1 X119.24 Y116.598 E342.00844
G1 X119 Y116.23 E342.02305
G1 X118.615 Y115.874 E342.04049
G1 X118.196 Y115.664 E342.05608
G1 X117.749 Y115.546 E342.07146
G1 X117.235 Y115.547 E342.08855
G1 X116.812 Y115.658 E342.1031
G1 X116.376 Y115.882 E342.1194
G1 X116.058 Y116.167 E342.1336
G1 X115.765 Y116.566 E342.15007
G1 X115.591 Y117.017 E342.16615
G1 X115.532 Y117.472 E342.18141
G1 X115.587 Y117.968 E342.19801
G1 X115.745 Y118.373 E342.21246
G1 X116.001 Y118.779 E342.22843
G1 X116.394 Y119.122 E342.24578
G1 X116.774 Y119.322 E342.26006
G1 X117.243 Y119.445 E342.27619
G1 X117.5 Y119.445 E342.28473
G1 F2700 E337.28473
G0 F9000 X117.5 Y119.19
G0 X116.142 Y118.662
G0 X115.027 Y119.508
G0 X115.263 Y119.223
G1 F2700 E342.28473
G1 F1500 X115.816 Y119.775 E342.31072
G0 F9000 X116.658 Y119.486
G1 F1500 X117.491 Y120.32 E342.34993
G0 F9000 X118.011 Y120.274
G1 F1500 X117.383 Y119.646 E342.37947
G0 F9000 X117.914 Y119.611
G1 F1500 X118.455 Y120.152 E342.40491
G0 F9000 X118.848 Y119.979
G1 F1500 X118.348 Y119.479 E342.42843
G0 F9000 X118.713 Y119.279
G1 F1500 X119.196 Y119.762 E342.45115
G0 F9000 X119.495 Y119.495
G1 F1500 X119.024 Y119.024 E342.47331
G0 F9000 X119.275 Y118.709
G1 F1500 X119.755 Y119.189 E342.49588
G0 F9000 X119.976 Y118.845
G1 F1500 X119.477 Y118.346 E342.51935
G0 F9000 X119.612 Y117.915
G1 F1500 X120.155 Y118.458 E342.5449
G0 F9000 X120.281 Y118.018
G1 F1500 X119.659 Y117.397 E342.57413
G0 F9000 X120.332 Y117.503
G1 F1500 X119.469 Y116.64 E342.61472
G0 F9000 X120.247 Y116.853
G1 F1500 X118.142 Y114.748 E342.71374
G0 F9000 X117.504 Y114.676
G1 F1500 X118.341 Y115.512 E342.75308
G0 F9000 X117.612 Y115.349
G1 F1500 X116.985 Y114.722 E342.78257
G0 F9000 X116.538 Y114.841
G1 F1500 X117.078 Y115.381 E342.80797
G0 F9000 X116.644 Y115.513
G1 F1500 X116.145 Y115.014 E342.83144
G0 F9000 X115.799 Y115.233
G1 F1500 X116.275 Y115.71 E342.85386
G0 F9000 X115.975 Y115.975
G1 F1500 X115.5 Y115.5 E342.8762
G0 F9000 X115.239 Y115.804
G1 F1500 X115.723 Y116.289 E342.89899
G0 F9000 X115.519 Y116.65
G1 F1500 X115.016 Y116.147 E342.92265
G0 F9000 X114.836 Y116.533
G1 F1500 X115.38 Y117.077 E342.94824
G0 F9000 X115.344 Y117.607
G1 F1500 X114.711 Y116.974 E342.97801
G0 F9000 X114.659 Y117.487
G1 F1500 X115.522 Y118.351 E343.01863
G0 F9000 X114.745 Y118.139
G1 F1500 X116.855 Y120.249 E343.11788
G0 F9000 X116.771 Y120.702
G0 X117.802 Y120.719
G0 X118.383 Y120.613
G0 X118.942 Y120.396
G0 X119.447 Y120.082
G0 X119.887 Y119.68
G0 X120.25 Y119.202
G0 X120.515 Y118.667
G0 X120.681 Y118.087
G0 X120.736 Y117.496
G0 X120.681 Y116.91
G0 X120.587 Y116.58
G0 X120.1 Y115.498
G0 X119.734 Y115.774
G1 F1500 X119.191 Y115.232 E343.14339
G1 F2700 E338.14339
;MESH:megav4.5-pcbfoot.stl(2)
G0 F9000 X119.438 Y114.841
G0 X120.829 Y116.213
G0 X125.503 Y116.381
G0 X126.401 Y116.503
;TYPE:WALL-INNER
G1 F2700 E343.14339
G1 F1500 X126.325 Y116.503 E343.14592
G1 X125.948 Y116.409 E343.15884
G1 X125.606 Y116.231 E343.17167
G1 X125.329 Y115.983 E343.18403
G1 X125.098 Y115.648 E343.19757
G1 X124.97 Y115.317 E343.20937
G1 X124.914 Y114.92 E343.22271
G1 X124.971 Y114.502 E343.23674
G1 X125.093 Y114.182 E343.24813
G1 X125.314 Y113.845 E343.26153
G1 X125.634 Y113.578 E343.27539
G1 X125.937 Y113.416 E343.28682
G1 X126.316 Y113.321 E343.29982
G1 X126.683 Y113.321 E343.31202
G1 X127.089 Y113.416 E343.32589
G1 X127.435 Y113.593 E343.33882
G1 X127.721 Y113.846 E343.35152
G1 X127.943 Y114.178 E343.3648
G1 X128.078 Y114.53 E343.37734
G1 X128.117 Y114.912 E343.39011
G1 X128.078 Y115.29 E343.40275
G1 X127.943 Y115.644 E343.41535
G1 X127.707 Y115.983 E343.42909
G1 X127.432 Y116.233 E343.44145
G1 X127.094 Y116.404 E343.45405
G1 X126.718 Y116.504 E343.46699
G1 X126.401 Y116.503 E343.47754
G1 F2700 E338.47754
G0 F9000 X126.031 Y118.079
G0 X126.266 Y118.296
G1 F2700 E343.47754
G1 F1500 X126.835 Y118.296 E343.49646
G1 X127.446 Y118.18 E343.51715
G1 X128.034 Y117.952 E343.53812
G1 X128.564 Y117.623 E343.55887
G1 X129.026 Y117.201 E343.57968
G1 X129.407 Y116.698 E343.60067
G1 X129.686 Y116.138 E343.62148
G1 X129.859 Y115.529 E343.64253
G1 X129.917 Y114.912 E343.66315
G1 X129.859 Y114.292 E343.68386
G1 X129.686 Y113.686 E343.70482
G1 X129.407 Y113.121 E343.72578
G1 X129.027 Y112.619 E343.74672
G1 X128.565 Y112.201 E343.76744
G1 X128.034 Y111.872 E343.78822
G1 X127.446 Y111.644 E343.80919
G1 X126.835 Y111.529 E343.82987
G1 X126.205 Y111.528 E343.85082
G1 X125.593 Y111.644 E343.87154
G1 X125.001 Y111.872 E343.89264
G1 X124.471 Y112.202 E343.91341
G1 X124.009 Y112.62 E343.93413
G1 X123.63 Y113.122 E343.95505
G1 X123.35 Y113.686 E343.97599
G1 X123.177 Y114.292 E343.99695
G1 X123.119 Y114.912 E344.01767
G1 X123.177 Y115.529 E344.03828
G1 X123.351 Y116.138 E344.05934
G1 X123.629 Y116.698 E344.08014
G1 X124.01 Y117.201 E344.10113
G1 X124.472 Y117.623 E344.12194
G1 X125.001 Y117.952 E344.14266
G1 X125.593 Y118.18 E344.16376
G1 X126.205 Y118.296 E344.18447
G1 X126.266 Y118.296 E344.1865
G0 F9000 X126.236 Y118.696
;TYPE:WALL-OUTER
G1 F1500 X126.873 Y118.696 E344.20769
G1 X127.556 Y118.566 E344.23081
G1 X128.214 Y118.312 E344.25427
G1 X128.806 Y117.943 E344.27748
G1 X129.323 Y117.472 E344.30074
G1 X129.749 Y116.91 E344.32419
G1 X130.06 Y116.283 E344.34747
G1 X130.254 Y115.603 E344.37099
G1 X130.319 Y114.912 E344.39407
G1 X130.254 Y114.218 E344.41726
G1 X130.06 Y113.541 E344.44068
G1 X129.749 Y112.91 E344.46408
G1 X129.323 Y112.348 E344.48753
G1 X128.807 Y111.881 E344.51068
G1 X128.214 Y111.512 E344.53391
G1 X127.556 Y111.258 E344.55737
G1 X126.873 Y111.129 E344.58049
G1 X126.167 Y111.128 E344.60397
G1 X125.483 Y111.258 E344.62713
G1 X124.822 Y111.512 E344.65068
G1 X124.229 Y111.881 E344.67391
G1 X123.713 Y112.348 E344.69706
G1 X123.288 Y112.91 E344.72049
G1 X122.976 Y113.541 E344.74391
G1 X122.782 Y114.218 E344.76733
G1 X122.717 Y114.912 E344.79051
G1 X122.782 Y115.603 E344.8136
G1 X122.976 Y116.283 E344.83712
G1 X123.287 Y116.91 E344.86039
G1 X123.713 Y117.472 E344.88385
G1 X124.23 Y117.943 E344.90711
G1 X124.822 Y118.312 E344.93031
G1 X125.483 Y118.566 E344.95387
G1 X126.167 Y118.696 E344.97702
G1 X126.236 Y118.696 E344.97932
G1 F2700 E339.97932
G0 F9000 X126.236 Y118.386
G0 X126.431 Y118.096
G0 X126.431 Y116.682
G0 X126.431 Y116.104
G1 F2700 E344.97932
G1 F1500 X126.385 Y116.104 E344.98085
G1 X126.092 Y116.035 E344.99086
G1 X125.846 Y115.906 E345.0001
G1 X125.621 Y115.709 E345.01004
G1 X125.456 Y115.47 E345.0197
G1 X125.355 Y115.207 E345.02907
G1 X125.32 Y114.901 E345.03932
G1 X125.355 Y114.612 E345.049
G1 X125.452 Y114.359 E345.05801
G1 X125.604 Y114.131 E345.06713
G1 X125.826 Y113.932 E345.07704
G1 X126.084 Y113.793 E345.08679
G1 X126.378 Y113.72 E345.09687
G1 X126.652 Y113.72 E345.10598
G1 X126.945 Y113.789 E345.11599
G1 X127.214 Y113.931 E345.12611
G1 X127.415 Y114.111 E345.13508
G1 X127.584 Y114.355 E345.14495
G1 X127.681 Y114.608 E345.15397
G1 X127.717 Y114.912 E345.16415
G1 X127.681 Y115.211 E345.17416
G1 X127.584 Y115.466 E345.18324
G1 X127.415 Y115.709 E345.19308
G1 X127.217 Y115.889 E345.20198
G1 X126.949 Y116.031 E345.21207
G1 X126.659 Y116.104 E345.22202
G1 X126.431 Y116.104 E345.2296
G1 F2700 E340.2296
G0 F9000 X126.431 Y116.416
G0 X126.297 Y116.683
G0 X126.031 Y118.079
G0 X126.293 Y117.936
;TYPE:SKIN
G1 F2700 E345.2296
G1 F1500 X126.236 Y117.936 E345.2315
G1 X125.691 Y117.831 E345.24996
G1 X125.162 Y117.628 E345.2688
G1 X124.689 Y117.331 E345.28738
G1 X124.277 Y116.96 E345.30582
G1 X123.935 Y116.506 E345.32472
G1 X123.687 Y116.007 E345.34326
G1 X123.53 Y115.454 E345.36238
G1 X123.478 Y114.908 E345.38062
G1 X123.53 Y114.366 E345.39873
G1 X123.688 Y113.809 E345.41799
G1 X123.936 Y113.314 E345.4364
G1 X124.277 Y112.86 E345.45529
G1 X124.689 Y112.489 E345.47373
G1 X125.162 Y112.192 E345.4923
G1 X125.691 Y111.989 E345.51115
G1 X126.235 Y111.888 E345.52955
G1 X126.805 Y111.888 E345.54851
G1 X127.341 Y111.99 E345.56666
G1 X127.869 Y112.192 E345.58546
G1 X128.346 Y112.493 E345.60422
G1 X128.76 Y112.864 E345.62271
G1 X129.096 Y113.31 E345.64128
G1 X129.344 Y113.813 E345.65993
G1 X129.502 Y114.366 E345.67906
G1 X129.555 Y114.908 E345.69717
G1 X129.502 Y115.454 E345.71542
G1 X129.344 Y116.007 E345.73455
G1 X129.097 Y116.506 E345.75307
G1 X128.755 Y116.956 E345.77187
G1 X128.342 Y117.332 E345.79044
G1 X127.873 Y117.628 E345.80889
G1 X127.344 Y117.831 E345.82773
G1 X126.8 Y117.936 E345.84616
G1 X126.293 Y117.936 E345.86303
G0 F9000 X126.293 Y118.196
G0 X126.374 Y116.682
G0 X126.374 Y116.856
G1 F1500 X126.791 Y116.854 E345.87689
G1 X127.245 Y116.73 E345.89255
G1 X127.674 Y116.501 E345.90872
G1 X128.02 Y116.175 E345.92453
G1 X128.264 Y115.801 E345.93939
G1 X128.429 Y115.371 E345.9547
G1 X128.476 Y114.908 E345.97018
G1 X128.429 Y114.44 E345.98583
G1 X128.268 Y114.019 E346.00082
G1 X128.02 Y113.643 E346.0158
G1 X127.631 Y113.29 E346.03327
G1 X127.22 Y113.08 E346.04862
G1 X126.765 Y112.963 E346.06425
G1 X126.251 Y112.963 E346.08134
G1 X125.828 Y113.074 E346.09589
G1 X125.401 Y113.29 E346.1118
G1 X125.019 Y113.635 E346.12892
G1 X124.765 Y114.026 E346.14443
G1 X124.607 Y114.441 E346.1592
G1 X124.552 Y114.896 E346.17445
G1 X124.611 Y115.384 E346.19079
G1 X124.772 Y115.806 E346.20582
G1 X125.016 Y116.181 E346.2207
G1 X125.405 Y116.53 E346.23808
G1 X125.839 Y116.751 E346.25428
G1 X126.262 Y116.857 E346.26878
G1 X126.374 Y116.856 E346.27251
G1 F2700 E341.27251
G0 F9000 X126.374 Y116.602
G0 X124.936 Y115.728
G0 X123.663 Y116.361
G0 X123.894 Y115.974
G1 F2700 E346.27251
G1 F1500 X125.44 Y117.52 E346.34523
G0 F9000 X126.213 Y117.728
G1 F1500 X123.708 Y115.223 E346.46305
G0 F9000 X123.703 Y114.652
G1 F1500 X124.408 Y115.357 E346.49622
G0 F9000 X124.369 Y114.753
G1 F1500 X123.792 Y114.175 E346.52338
G0 F9000 X123.938 Y113.756
G1 F1500 X124.458 Y114.276 E346.54784
G0 F9000 X124.625 Y113.877
G1 F1500 X124.133 Y113.385 E346.57098
G0 F9000 X124.375 Y113.061
G1 F1500 X124.847 Y113.534 E346.59321
G0 F9000 X125.137 Y113.257
G1 F1500 X124.662 Y112.783 E346.61552
G0 F9000 X124.985 Y112.54
G1 F1500 X125.473 Y113.028 E346.63848
G0 F9000 X125.869 Y112.858
G1 F1500 X125.347 Y112.336 E346.66303
G0 F9000 X125.757 Y112.18
G1 F1500 X126.34 Y112.764 E346.69048
G0 F9000 X126.945 Y112.803
G1 F1500 X126.234 Y112.092 E346.72392
G0 F9000 X126.798 Y112.091
G1 F1500 X129.326 Y114.618 E346.84281
G0 F9000 X129.328 Y115.186
G1 F1500 X128.638 Y114.496 E346.87526
G0 F9000 X128.657 Y115.081
G1 F1500 X129.236 Y115.659 E346.90247
G0 F9000 X129.087 Y116.077
G1 F1500 X128.57 Y115.56 E346.92679
G0 F9000 X128.4 Y115.955
G1 F1500 X128.891 Y116.446 E346.94989
G0 F9000 X128.647 Y116.768
G1 F1500 X128.177 Y116.297 E346.97202
G0 F9000 X127.889 Y116.576
G1 F1500 X128.358 Y117.045 E346.99408
G0 F9000 X128.036 Y117.288
G1 F1500 X127.546 Y116.798 E347.01713
G0 F9000 X127.148 Y116.965
G1 F1500 X127.673 Y117.491 E347.04184
G0 F9000 X127.26 Y117.643
G1 F1500 X126.677 Y117.06 E347.06927
G0 F9000 X126.064 Y117.013
G1 F1500 X126.786 Y117.735 E347.10323
G0 F9000 X126.786 Y118.196
G0 X127.962 Y117.808
G0 X128.467 Y117.494
G0 X128.907 Y117.092
G0 X129.27 Y116.613
G0 X129.535 Y116.079
G0 X129.701 Y115.499
G0 X129.756 Y114.912
G0 X129.571 Y113.679
G0 X129.157 Y113.883
G1 F1500 X127.563 Y112.29 E347.17818
G1 F2700 E342.17818
;MESH:megav4.5-pcbfoot.stl(3)
G0 F9000 X127.729 Y111.861
G0 X126.82 Y111.69
G0 X126.22 Y111.689
G0 X125.638 Y111.799
G0 X125.074 Y112.017
G0 X124.568 Y112.331
G0 X124.129 Y112.729
G0 X123.767 Y113.206
G0 X123.501 Y113.744
G0 X123.335 Y114.322
G0 X123.28 Y114.912
G0 X123.335 Y115.499
G0 X123.501 Y116.08
G0 X123.715 Y116.512
G0 X124.932 Y118.11
G0 X120.9 Y124.947
G0 X120.05 Y128.133
;TYPE:WALL-INNER
G1 F2700 E347.17818
G1 F1500 X119.679 Y128.078 E347.19065
G1 X119.353 Y127.954 E347.20226
G1 X119.037 Y127.744 E347.21487
G1 X118.794 Y127.475 E347.22693
G1 X118.59 Y127.119 E347.24058
G1 X118.493 Y126.732 E347.25385
G1 X118.493 Y126.327 E347.26732
G1 X118.591 Y125.962 E347.27989
G1 X118.768 Y125.619 E347.29273
G1 X119.014 Y125.345 E347.30497
G1 X119.322 Y125.122 E347.31762
G1 X119.704 Y124.975 E347.33123
G1 X120.088 Y124.931 E347.34409
G1 X120.464 Y124.975 E347.35668
G1 X120.82 Y125.109 E347.36933
G1 X121.151 Y125.326 E347.3825
G1 X121.407 Y125.626 E347.39561
G1 X121.58 Y125.955 E347.40798
G1 X121.679 Y126.329 E347.42085
G1 X121.679 Y126.729 E347.43415
G1 X121.585 Y127.104 E347.44701
G1 X121.407 Y127.447 E347.45986
G1 X121.147 Y127.735 E347.47277
G1 X120.824 Y127.954 E347.48575
G1 X120.493 Y128.081 E347.49754
G1 X120.085 Y128.138 E347.51124
G1 X120.05 Y128.133 E347.51241
G1 F2700 E342.51241
G0 F9000 X119.964 Y129.736
G0 X120.007 Y129.922
G1 F2700 E347.51241
G1 F1500 X120.088 Y129.929 E347.51512
G1 X120.706 Y129.875 E347.53575
G1 X121.314 Y129.701 E347.55679
G1 X121.873 Y129.424 E347.57754
G1 X122.377 Y129.039 E347.59863
G1 X122.8 Y128.579 E347.61942
G1 X123.128 Y128.051 E347.64009
G1 X123.356 Y127.46 E347.66116
G1 X123.468 Y126.849 E347.68182
G1 X123.468 Y126.215 E347.70291
G1 X123.356 Y125.604 E347.72357
G1 X123.128 Y125.017 E347.74451
G1 X122.799 Y124.484 E347.76534
G1 X122.378 Y124.026 E347.78603
G1 X121.874 Y123.645 E347.80705
G1 X121.314 Y123.366 E347.82786
G1 X120.705 Y123.193 E347.84891
G1 X120.088 Y123.135 E347.86953
G1 X119.467 Y123.193 E347.89027
G1 X118.858 Y123.366 E347.91133
G1 X118.298 Y123.645 E347.93214
G1 X117.795 Y124.025 E347.9531
G1 X117.377 Y124.484 E347.97375
G1 X117.044 Y125.017 E347.99466
G1 X116.82 Y125.605 E348.01558
G1 X116.704 Y126.217 E348.0363
G1 X116.704 Y126.847 E348.05726
G1 X116.82 Y127.46 E348.07801
G1 X117.044 Y128.051 E348.09903
G1 X117.376 Y128.579 E348.11977
G1 X117.796 Y129.039 E348.14049
G1 X118.299 Y129.424 E348.16156
G1 X118.858 Y129.701 E348.18231
G1 X119.466 Y129.874 E348.20333
G1 X120.007 Y129.922 E348.2214
G0 F9000 X119.998 Y130.323
;TYPE:WALL-OUTER
G1 F1503.8 X120.088 Y130.331 E348.22439
G1 F1500 X120.779 Y130.27 E348.24747
G1 X121.459 Y130.076 E348.27099
G1 X122.085 Y129.765 E348.29423
G1 X122.648 Y129.335 E348.3178
G1 X123.12 Y128.822 E348.34098
G1 X123.488 Y128.23 E348.36417
G1 X123.742 Y127.569 E348.38772
G1 X123.868 Y126.885 E348.41085
G1 X123.868 Y126.179 E348.43433
G1 X123.742 Y125.495 E348.45747
G1 X123.488 Y124.838 E348.48089
G1 X123.119 Y124.242 E348.50421
G1 X122.648 Y123.729 E348.52737
G1 X122.086 Y123.303 E348.55083
G1 X121.459 Y122.992 E348.57411
G1 X120.779 Y122.798 E348.59762
G1 X120.088 Y122.733 E348.62071
G1 X119.393 Y122.798 E348.64393
G1 X118.713 Y122.992 E348.66745
G1 X118.086 Y123.303 E348.69072
G1 X117.524 Y123.729 E348.71418
G1 X117.057 Y124.242 E348.73725
G1 X116.684 Y124.838 E348.76064
G1 X116.434 Y125.495 E348.78402
G1 X116.304 Y126.179 E348.80718
G1 X116.304 Y126.885 E348.83066
G1 X116.434 Y127.569 E348.85381
G1 X116.684 Y128.23 E348.87732
G1 X117.056 Y128.822 E348.90057
G1 X117.524 Y129.335 E348.92367
G1 X118.087 Y129.765 E348.94723
G1 X118.713 Y130.076 E348.97048
G1 X119.393 Y130.27 E348.994
G1 F1503.8 X119.998 Y130.323 E349.01415
G1 F2700 E344.01415
G0 F9000 X120.027 Y130.017
G0 X119.875 Y129.728
G0 X120.033 Y128.307
G0 X120.06 Y127.726
G1 F2700 E349.01415
G1 F1500 X119.789 Y127.693 E349.02323
G1 X119.531 Y127.596 E349.0324
G1 X119.306 Y127.444 E349.04143
G1 X119.107 Y127.225 E349.05127
G1 X118.958 Y126.942 E349.06191
G1 X118.892 Y126.671 E349.07118
G1 X118.892 Y126.397 E349.0803
G1 X118.965 Y126.104 E349.09034
G1 X119.094 Y125.858 E349.09958
G1 X119.287 Y125.637 E349.10934
G1 X119.53 Y125.468 E349.11918
G1 X119.785 Y125.371 E349.12826
G1 X120.088 Y125.331 E349.13842
G1 X120.357 Y125.365 E349.14744
G1 X120.642 Y125.468 E349.15752
G1 X120.9 Y125.648 E349.16798
G1 X121.08 Y125.863 E349.17731
G1 X121.207 Y126.099 E349.18622
G1 X121.28 Y126.393 E349.1963
G1 X121.28 Y126.668 E349.20544
G1 X121.211 Y126.96 E349.21542
G1 X121.069 Y127.225 E349.22542
G1 X120.885 Y127.427 E349.23451
G1 X120.646 Y127.596 E349.24425
G1 X120.383 Y127.697 E349.25362
G1 X120.11 Y127.732 E349.26277
G1 X120.06 Y127.726 E349.26445
G1 F2700 E344.26445
G0 F9000 X120.023 Y128.038
G0 X120.089 Y128.312
G0 X119.964 Y129.736
G0 X120.016 Y129.561
;TYPE:SKIN
G1 F2700 E349.26445
G1 F1500 X119.537 Y129.518 E349.28044
G1 X118.985 Y129.36 E349.29954
G1 X118.486 Y129.113 E349.31806
G1 X118.04 Y128.771 E349.33675
G1 X117.664 Y128.362 E349.35523
G1 X117.364 Y127.882 E349.37406
G1 X117.166 Y127.361 E349.39259
G1 X117.064 Y126.813 E349.41113
G1 X117.064 Y126.247 E349.42996
G1 X117.166 Y125.703 E349.44837
G1 X117.364 Y125.178 E349.46703
G1 X117.664 Y124.703 E349.48572
G1 X118.036 Y124.293 E349.50413
G1 X118.482 Y123.955 E349.52274
G1 X118.989 Y123.7 E349.54162
G1 X119.536 Y123.546 E349.56052
G1 X120.088 Y123.497 E349.57895
G1 X120.631 Y123.546 E349.59708
G1 X121.183 Y123.704 E349.61618
G1 X121.682 Y123.951 E349.6347
G1 X122.132 Y124.293 E349.6535
G1 X122.508 Y124.702 E349.67198
G1 X122.804 Y125.174 E349.69051
G1 X123.006 Y125.703 E349.70934
G1 X123.108 Y126.243 E349.72762
G1 X123.108 Y126.817 E349.74671
G1 X123.006 Y127.357 E349.76499
G1 X122.803 Y127.89 E349.78396
G1 X122.512 Y128.354 E349.80217
G1 X122.128 Y128.775 E349.82113
G1 X121.682 Y129.113 E349.83974
G1 X121.183 Y129.36 E349.85826
G1 X120.631 Y129.518 E349.87735
G1 X120.088 Y129.567 E349.89549
G1 X120.016 Y129.561 E349.89789
G0 F9000 X119.994 Y129.819
G0 X120.089 Y128.312
G0 X120.041 Y128.487
G1 F1500 X120.088 Y128.492 E349.89946
G1 X120.552 Y128.441 E349.91499
G1 X121.018 Y128.263 E349.93158
G1 X121.384 Y128.004 E349.94649
G1 X121.702 Y127.655 E349.9622
G1 X121.916 Y127.236 E349.97785
G1 X122.033 Y126.785 E349.99334
G1 X122.033 Y126.267 E350.01057
G1 X121.922 Y125.844 E350.02512
G1 X121.698 Y125.417 E350.04115
G1 X121.378 Y125.044 E350.0575
G1 X120.977 Y124.784 E350.0734
G1 X120.555 Y124.623 E350.08842
G1 X120.088 Y124.567 E350.10406
G1 X119.609 Y124.623 E350.1201
G1 X119.149 Y124.801 E350.13651
G1 X118.766 Y125.082 E350.15231
G1 X118.466 Y125.417 E350.16726
G1 X118.252 Y125.829 E350.1827
G1 X118.135 Y126.271 E350.19791
G1 X118.135 Y126.793 E350.21527
G1 X118.265 Y127.268 E350.23165
G1 X118.466 Y127.643 E350.2458
G1 X118.79 Y128.011 E350.26211
G1 X119.159 Y128.264 E350.27699
G1 X119.609 Y128.437 E350.29303
G1 X120.041 Y128.487 E350.30749
G0 F9000 X120.069 Y128.23
G0 X119.257 Y128.11
G0 X118.624 Y129.383
G0 X118.924 Y129.106
G1 F1500 X117.503 Y127.685 E350.37433
G0 F9000 X117.998 Y127.049
G1 F1500 X117.264 Y126.315 E350.40886
G0 F9000 X117.346 Y125.831
G1 F1500 X117.933 Y126.419 E350.43649
G0 F9000 X118.018 Y125.937
G1 F1500 X117.49 Y125.41 E350.4613
G0 F9000 X117.687 Y125.041
G1 F1500 X118.181 Y125.535 E350.48454
G0 F9000 X118.403 Y125.191
G1 F1500 X117.924 Y124.712 E350.50707
G0 F9000 X118.199 Y124.421
G1 F1500 X118.677 Y124.899 E350.52955
G0 F9000 X119 Y124.657
G1 F1500 X118.52 Y124.177 E350.55213
G0 F9000 X118.885 Y123.976
G1 F1500 X119.398 Y124.489 E350.57626
G0 F9000 X119.867 Y124.393
G1 F1500 X119.296 Y123.821 E350.60314
G0 F9000 X119.767 Y123.727
G1 F1500 X120.451 Y124.411 E350.63532
G0 F9000 X120.326 Y123.72
G1 F1500 X121.472 Y124.867 E350.68924
G0 F9000 X121.617 Y125.012
G1 F1500 X122.909 Y126.303 E350.74999
G0 F9000 X122.898 Y126.858
G1 F1500 X122.216 Y126.175 E350.7821
G0 F9000 X122.235 Y126.76
G1 F1500 X122.804 Y127.329 E350.80886
G0 F9000 X122.647 Y127.738
G1 F1500 X122.127 Y127.218 E350.83332
G0 F9000 X121.95 Y127.607
G1 F1500 X122.438 Y128.095 E350.85627
G0 F9000 X122.189 Y128.411
G1 F1500 X121.711 Y127.934 E350.87873
G0 F9000 X121.431 Y128.22
G1 F1500 X121.905 Y128.693 E350.901
G0 F9000 X121.583 Y128.937
G1 F1500 X121.094 Y128.448 E350.92401
G0 F9000 X120.684 Y128.604
G1 F1500 X121.206 Y129.125 E350.94854
G0 F9000 X120.782 Y129.267
G1 F1500 X120.195 Y128.68 E350.97615
G0 F9000 X119.582 Y128.633
G1 F1500 X120.297 Y129.348 E351.00978
G0 F9000 X119.716 Y129.333
G1 F1500 X117.284 Y126.9 E351.12419
G0 F9000 X116.832 Y126.984
G0 X116.865 Y126.232
G0 X116.975 Y125.649
G0 X117.189 Y125.089
G0 X117.506 Y124.581
G0 X117.904 Y124.145
G0 X118.383 Y123.783
G0 X118.916 Y123.516
G0 X119.497 Y123.352
G0 X119.976 Y123.307
G0 X121.169 Y123.43
G0 X121.043 Y123.872
G1 F1500 X122.741 Y125.569 E351.20404
;TIME_ELAPSED:706.727274
G1 F2700 E346.20404
M140 S0
M107
G91 ;Relative positioning
G1 E-2 F2700 ;Retract a bit
G1 E-2 Z0.2 F2400 ;Retract and raise Z
G1 X5 Y5 F3000 ;Wipe out
G1 Z10 ;Raise Z more
G90 ;Absolute positioning

G1 X0 Y235 ;Present print
M106 S0 ;Turn-off fan
M104 S0 ;Turn-off hotend
M140 S0 ;Turn-off bed

M84 X Y E ;Disable all steppers but Z

M82 ;absolute extrusion mode
M104 S0
;End of Gcode
;SETTING_3 {"global_quality": "[general]\\nversion = 4\\nname = Standard Quality
;SETTING_3  #2\\ndefinition = creality_ender3\\n\\n[metadata]\\ntype = quality_c
;SETTING_3 hanges\\nquality_type = standard\\nsetting_version = 25\\n\\n[values]
;SETTING_3 \\nadhesion_type = brim\\n\\n", "extruder_quality": ["[general]\\nver
;SETTING_3 sion = 4\\nname = Standard Quality #2\\ndefinition = creality_ender3\
;SETTING_3 \n\\n[metadata]\\ntype = quality_changes\\nquality_type = standard\\n
;SETTING_3 setting_version = 25\\nposition = 0\\n\\n[values]\\nbrim_width = 5\\n
;SETTING_3 \\n"]}
