# File debug_level2.asm
0000			 
0000			; DEBUG Level 2 - All useful debug on and memory courruption guards 
0000			 
0000			; Odd specific debug points for testing hardware dev 
0000			 
0000			;DEBUG_LEVEL0: equ 0 
0000			;DEBUG_LEVEL0: equ 0 
0000			;DEBUG_LEVEL2: equ 1 
0000			DEBUG_LEVEL: equ '2' 
0000			 
0000			DEBUG_SOUND: equ 0      
0000			DEBUG_STK_FAULT: equ 0 
0000			DEBUG_INPUT: equ 0     ; Debug input entry code 
0000			DEBUG_INPUTV2: equ 0     ; Debug input entry code 
0000			DEBUG_KEYCINWAIT: equ 0 
0000			DEBUG_KEYCIN: equ 0 
0000			DEBUG_KEY: equ 0 
0000			DEBUG_KEY_MATRIX: equ 0 
0000			DEBUG_STORECF: equ 0 
0000			DEBUG_STORESE: equ 1        ; TODO  w locks up, r returns.  
0000			DEBUG_SPI_HARD_CE0: equ 0    ; only handshake on CE0 on port A 
0000			DEBUG_SPI: equ 0    ; low level spi tests 
0000			 
0000			; Enable many break points 
0000			 
0000			DEBUG_FORTH_PARSE_EXEC: equ 0     ; 6 
0000			DEBUG_FORTH_PARSE_EXEC_SLOW: equ 0     ; 6 
0000			DEBUG_FORTH_PARSE_NEXTWORD: equ 0 
0000			DEBUG_FORTH_JP: equ 0    ; 4 
0000			DEBUG_FORTH_MALLOC: equ 0 
0000			DEBUG_FORTH_MALLOC_INT: equ 0 
0000			DEBUG_FORTH_DOT: equ 1 
0000			DEBUG_FORTH_DOT_WAIT: equ 0 
0000			DEBUG_FORTH_MATHS: equ 0 
0000			DEBUG_FORTH_TOK: equ 0    ; 4 
0000			DEBUG_FORTH_PARSE: equ 0    ; 3 
0000			DEBUG_FORTH: equ 0  ;2 
0000			DEBUG_FORTH_WORDS: equ 1   ; 1 
0000			DEBUG_FORTH_PUSH: equ 1   ; 1 
0000			DEBUG_FORTH_UWORD: equ 1   ; 1 
0000			 
0000			; Enable key point breakpoints 
0000			 
0000			DEBUG_FORTH_DOT_KEY: equ 0 
0000			DEBUG_FORTH_PARSE_KEY: equ 0   ; 5 
0000			DEBUG_FORTH_WORDS_KEY: equ 1   ; 1 
0000			 
0000			; Debug stack imbalances 
0000			 
0000			ON: equ 1 
0000			OFF: equ 0 
0000			 
0000			DEBUG_STACK_IMB: equ 0 
0000			STACK_IMB_STORE: equ 20 
0000			 
0000			; House keeping and protections 
0000			 
0000			DEBUG_FORTH_STACK_GUARD: equ 1    ; under/over flows 
0000			DEBUG_FORTH_MALLOC_GUARD: equ 1 
0000			DEBUG_FORTH_MALLOC_HIGH: equ 0     ; warn only if more than 255 chars being allocated. would be highly unusual! 
0000			FORTH_ENABLE_FREE: equ 0 
0000			FORTH_ENABLE_MALLOCFREE: equ 1 
0000			FORTH_ENABLE_DSPPOPFREE: equ 1    ; TODO BUG Seems to be OK in some situations but with SW it crashes straight away 
0000			FORTH_ENABLE_FLOATMATH: equ 0 
0000			; eof 
# End of file debug_level2.asm
# File os_mega_cpm.asm
0000			 
0000			; Hardware Platform 
0000			 
0000			BASE_SC114: equ 0 
0000			BASE_KEV: equ 0 
0000			BASE_CPM: equ 1 
0000			 
0000			DART_SUPPORT: equ 0 
0000			TAPE_SUPPORT: equ 0 
0000			ENABLE_BASIC: equ 0 
0000			 
0000			STARTUP_V1: equ 1 
0000			STARTUP_V2: equ 0 
0000			 
0000			tos:	equ 0f000h 
0000			; Using SCM API instead 
0000			;SC114_SIO_1_OUT: equ 81 
0000			;SC114_SIO_1_IN: equ 80 
0000			; 
0000			; 
0000			; CPU clock 
0000			; 
0000			CPU_CLOCK_4MHZ: equ 1 
0000			CPU_CLOCK_8MHZ: equ  0 
0000			CPU_CLOCK_10MHZ: equ  0 
0000			 
0000			; Use this to tune the delay functions if your CPU is a bit quick. i.e. RunCPM on a PC 
0000			 
0000			CPM_DELAY_TUNE: equ 4000 
0000			 
0000			; use microchip serial eeprom for storage 
0000			 
0000			STORAGE_SE: equ 0 
0000			SOUND_ENABLE: equ 0 
0000			 
0000			; the port where the PIO using the SC103 card is located 
0000			 
0000			SC103_PIO: equ 068h 
0000			 
0000			; Full OS but with the 5x10 fullsized keyboard 
0000			 
0000			display_rows: equ 4     
0000			;display_cols: equ 20 
0000			display_cols: equ 40 
0000			 
0000			key_rows: equ 5      
0000			key_cols: equ 10    
0000			 
0000			 
0000			include "main.asm" 
0000			; z80 homebrew opperating system 
0000			; 
0000			 
0000			STARTUP_ENABLE: equ 1 
0000			 
0000			 
0000			; bios jump points via rst 
0000			 
0000			if BASE_SC114 = 1  
0000			 
0000				org 8000h 
0000			endif 
0000			 
0000			if BASE_KEV = 1  
0000			 
0000				org 0h 
0000			endif 
0000			 
0000			if BASE_CPM = 1  
0000			 
0000				org 100h 
0100			endif 
0100 c3 f5 14			jp coldstart     ; rst 0 - cold boot 
0103			       
0103 .. 32 00		debuglevel: db   "DL",DEBUG_LEVEL, 0 
0107			        ;nop 
0107			        ;nop 
0107			        ;nop 
0107			        ;nop 
0107 00			        nop 
0108			; rst $8 
0108 c3 6b ee		        jp debug_vector         
010b 00			        nop 
010c 00			        nop 
010d 00			        nop 
010e 00			        nop 
010f 00			        nop 
0110			; rst $10 
0110 c3 2d 1b		        jp macro_forth_dsp_pop 
0113 00			        nop 
0114 00			        nop 
0115 00			        nop 
0116 00			        nop 
0117 00			        nop 
0118			; rst $18 
0118 c3 96 1a		        jp macro_dsp_valuehl 
011b 00			        nop 
011c 00			        nop 
011d 00			        nop 
011e 00			        nop 
011f 00			        nop 
0120			; rst $20 
0120 c3 08 19		        jp forth_push_numhl 
0123 00			        nop 
0124 00			        nop 
0125 00			        nop 
0126 00			        nop 
0127 00			        nop 
0128			; rst $28 
0128 c3 00 00		        jp 0 
012b 00			        nop 
012c 00			        nop 
012d 00			        nop 
012e 00			        nop 
012f 00			        nop 
0130			; rst $30 
0130 c3 cb 09		        jp str_at_display 
0133 00			        nop 
0134 00			        nop 
0135 00			        nop 
0136 00			        nop 
0137 00			        nop 
0138			; rst $38 
0138 c3 f1 09		        jp update_display 
013b			 
013b			 
013b			 
013b			 
013b ..			buildtime: db   "Build: " 
0142					include "romtimestamp.asm" 
0142 ..			db '2026-07-12 13:26' 
# End of file romtimestamp.asm
0152 00				   db 0 
0153			 
0153			 
0153			 
0153			;        nop  
0153			;        nop 
0153			;;	org 05h		; null out bdos call 
0153			; 
0153			;        nop  
0153			;        nop  
0153			;        nop 
0153			;;	org 08h 
0153			;;; 
0153			;;	jp cin		; rst 8 - char in 
0153			;;; 
0153			; 
0153			;        nop 
0153			;        nop 
0153			;        nop 
0153			;        nop 
0153			;        nop 
0153			;        nop 
0153			;        nop 
0153			;        nop 
0153			;	org 010h 
0153			;; 
0153			;	jp cout		; rest 010h  - char out 
0153			;; 
0153			;	org 01bh   
0153			; 
0153			;	;jp  		; rst 01bh   - write string to display 
0153			;	jp str_at_display 
0153			; 
0153			; 
0153			;	org 020h 
0153			; 
0153			;	; jp		 ; rst 020h - read char at screen location 
0153			; 
0153			;	org 028h 
0153			 
0153				; jp		 ; rst 028h  - storage i/o 
0153			 
0153			; 	org 030h 
0153			;	jp break_point_state 
0153			  
0153			; $30  
0153			; org 038h 
0153			; $38 
0153			 
0153			; TODO any more important entry points to add to jump table for easier coding use? 
0153			 
0153			if BASE_KEV = 1  
0153			 
0153				; need to be at $66 for nmi support 
0153				db 0,255,0,255,0,255 
0153				db 0,255,0,255,0,255 
0153				db 0,255,0,255,0,255 
0153			        db 0 
0153				jp nmi 
0153			endif 
0153			 
0153			include "firmware.asm" 
0153			  
0153			; main constants (used here and in firmware)  
0153			  
0153			; TODO have page 0 of storage as bios  
0153			  
0153			Device_A: equ 0h  
0153			Device_B: equ 040h          ; Sound  
0153			  
0153			if BASE_KEV  
0153			Device_C: equ 080h          ; Storage and ext cart devices  
0153			endif  
0153			  
0153			if BASE_SC114  
0153			Device_C: equ  SC103_PIO          ; Storage and ext cart devices  
0153			endif  
0153			  
0153			if BASE_CPM  
0153			; TODO fixup for CPM  
0153			Device_C: equ 080h          ; Storage and ext cart devices  
0153			endif  
0153			  
0153			Device_D: equ 0c0h             ; Keyboard and LCD  
0153			  
0153			; Odd specific debug points for testing hardware dev  
0153			  
0153			;if DEBUG_LEVEL0  
0153			;	include "debug_level0.asm"  
0153			;endif  
0153			;if DEBUG_LEVEL1  
0153			;	include "debug_level1.asm"  
0153			;endif  
0153			;if DEBUG_LEVEL2  
0153			;	include "debug_level2.asm"  
0153			;endif  
0153			  
0153			; version 0 uses poked vals but version 1 uses a direct pointer  
0153			DEMARK_VERSION: equ 1  
0153			  
0153			CALLMONITOR: macro  
0153			;	call break_point_state  
0153			; now use the break point debug vector  
0153				if BASE_CPM=1  
0153					call debug_vector  
0153				endif  
0153				if BASE_KEV=1  
0153					rst 8  
0153				endif  
0153				endm  
0153			  
0153			MALLOC_1: equ 1        ; from dk88   
0153			MALLOC_2: equ 0           ; broke  
0153			MALLOC_3: equ 0           ; really broke  
0153			MALLOC_4: equ 0              ; mine pretty basic reuse and max of 250 chars  
0153			  
0153			if BASE_KEV   
0153			;stacksize: equ 256  
0153			; each stack entry is three bytes (type + word)  
0153			stacksize: equ 3*150  
0153			  
0153			STACK_RET_SIZE: equ 64  
0153			STACK_LOOP_SIZE: equ 128  
0153			STACK_DATA_SIZE: equ 512  
0153			endif  
0153			if BASE_SC114  
0153			;tos:	equ 0f000h  
0153			stacksize: equ 256  
0153			STACK_RET_SIZE: equ 64  
0153			STACK_LOOP_SIZE: equ 128  
0153			STACK_DATA_SIZE: equ 256  
0153			endif  
0153			  
0153			if BASE_CPM  
0153			;tos:	equ 0f000h  
0153			stacksize: equ 256  
0153			STACK_RET_SIZE: equ 64  
0153			STACK_LOOP_SIZE: equ 128  
0153			STACK_DATA_SIZE: equ 256  
0153			endif  
0153			  
0153			;if STORAGE_SE == 0  
0153			STORE_BLOCK_PHY:   equ 64    ; physical block size on storage   64byte on 256k eeprom  
0153			STORE_DEVICE_MAXBLOCKS:  equ  255*2 ; how many blocks are there on this storage device  
0153			;endif  
0153			  
0153			; Block 0 at offset $3b is a flag to decide to offer auto start up - 0 = prompt 1-auto run no prompt 2 - dont run  
0153			  
0153			STORE_0_AUTORUN: equ $20  
0153			  
0153			; Block 0 at offset $20+ holds the file number to run at system startup after the display  
0153			  
0153			STORE_0_AUTOFILE: equ $21  
0153			STORE_0_BANKRUN: equ $23  
0153			STORE_0_FILERUN: equ $24  
0153			STORE_0_BANKRUNN: equ $25   ; human readable bank id  
0153			  
0153			; Block 0 offsets for settings  
0153			  
0153			; if set then skip prompt for start up and accept all  
0153			  
0153			STORE_0_QUICKSTART: equ $25  
0153			  
0153			; Blocks where directory table is held  
0153			  
0153			; Reducing the number of entries increases the max file size  
0153			  
0153			;STORE_DIR_START: equ 1  
0153			;STORE_DIR_END: equ 33  
0153			  
0153			; Blocks from where file data is stored  
0153			  
0153			;STORE_DATA_START: equ STORE_DIR_END + 1  
0153			  
0153			; Block indicators (<32 are data files)  
0153			  
0153			;STORE_BLOCK_CFG: equ $8f       ; config block  
0153			;STORE_BLOCK_DIRF: equ $8e       ; directory block free  
0153			;STORE_BLOCK_DIRU: equ $8d       ; directory block free  
0153			;STORE_BLOCK_FREE: equ $85       ; data block free  
0153			;STORE_BLOCK_AUTO: equ $89       ; auto start code  
0153			  
0153			  
0153			  
0153			; Directory entry flags  
0153			  
0153			;STORE_DIR_FREE: equ 0  
0153			;STORE_DIR_FILE:  equ 1  
0153			  
0153			; Structure offsets to directory entries  
0153			;STORE_DE_FLAG: equ 0  
0153			;STORE_DE_MAXEXT: equ 1  
0153			;STORE_DE_FILENAME: equ 2  
0153			  
0153			; Structure offsets to block 0  
0153			  
0153			;STORE_BK0_ISFOR: equ 1  
0153			;STORE_BK0_LABEL: equ 3  
0153			  
0153			; memory allocation   
0153			  
0153			chk_stund: equ tos+2           ; underflow check word  
0153			chk_stovr: equ chk_stund-stacksize -2; overflow check word  
0153			  
0153			; keyscan table needs rows x cols buffer  
0153			;key_rows: equ 5     ; TODO move out to mini and maxi + 1 null  
0153			;key_cols: equ 10    ; TODO move out to mini and maxi + 1 null  
0153			  
0153			key_macroroot:  equ chk_stovr - 2       ; root ptr for start of keyboard macro strings  
0153			key_macrolast:  equ key_macroroot - 2   ; last macro defined to aid linked list ptr  
0153			;  
0153			; Macro linked list format  
0153			; key code single byte   
0153			; ptr to next or zero if last in the list  
0153			; zero term string   
0153			  
0153			;keyscan_table_row1: equ chk_stovr -key_cols-1  
0153			keyscan_table_row1: equ key_macrolast -key_cols-1  
0153			keyscan_table_row2: equ keyscan_table_row1-key_cols-1  
0153			keyscan_table_row3: equ keyscan_table_row2-key_cols-1  
0153			keyscan_table_row4: equ keyscan_table_row3-key_cols-1  
0153			keyscan_table_row5: equ keyscan_table_row4-key_cols-1  
0153			keyscan_table: equ keyscan_table_row5-(key_cols*key_rows)-1  
0153			keyscan_scancol: equ keyscan_table-key_cols  
0153			;keyscan_table_len: equ key_rows*key_cols  
0153			;keybufptr: equ keyscan_table - 2  
0153			;keysymbol: equ keybufptr - 1  
0153			key_held: equ keyscan_scancol-1	; currently held  
0153			key_held_prev: equ key_held - 1   ; previously held (to detect bounce and cycle of key if required)  
0153			key_repeat_ct: equ key_held_prev - 4 ; timers (two words)  
0153			key_fa: equ key_repeat_ct -1 ;  
0153			key_fb: equ key_fa -1 ;  
0153			key_fc: equ key_fb -1 ;  
0153			key_fd: equ key_fc -1 ;  
0153			key_face_held: equ key_fd - 1   
0153			; flag for enabling/disabling various hardware diag loading via block 0 on bank 1  
0153			  
0153			hardware_config: equ key_face_held - 10  
0153			  
0153			; hardware word switches  
0153			; TODO add bitmasks on includes for hardware  
0153			; high byte for expansion ids  
0153			;     0000 0000    
0153			;     0000 0001   
0153			;     0000 0010    
0153			;     0000 0100  LED is on, 0 if off  
0153			;     0000 1000  
0153			;     0001 0000  
0153			;     0010 0000  New uWords are to be compiled (1) or parsed (0)   
0153			;     0100 0000  Check stack pointers for corruption  
0153			;     1000 0000  NMI has been activated  
0153			  
0153			;       
0153			; low byte:  
0153			;     0000 0001   4x4 keypad  
0153			;     0000 0010   full keyboard  
0153			;     0000 0011   spi/ext keyboard  
0153			;     0000 0100   20x4 lcd  
0153			;     0000 1000   40x4 lcd  
0153			;     0000 1100   spi/ext display  
0153			;     0001 0000   ide interface available  
0153			;     0010 0000   esp putc on dot command  
0153			;     0100 0000   esp full frame refresh on update_display  
0153			;     1000 0000   dot command outputs to lcd  
0153			  
0153			hardware_word: equ hardware_config - 2  
0153			  
0153			; debug marker - optional display of debug point on the debug screens  
0153			  
0153			nmi_vector:  equ hardware_word - 3   ; vector to the nmi handler  
0153			debug_vector:  equ nmi_vector - 3   ; vector to the debug handler  
0153			parse_vector:  equ debug_vector - 3 ; vector to the parser vector  
0153			  
0153			debug_umark: equ parse_vector - 6  ; current user mark  
0153			  
0153			if DEMARK_VERSION = 1  
0153			debug_mark: equ debug_umark - 2    ; internal word debug points - pointer to the string to print  
0153			endif  
0153			if DEMARK_VERSION = 0  
0153			debug_mark: equ debug_umark - 4    ; internal word debug points - poke a four char string with zero term  
0153			endif  
0153			  
0153			; input_str vars  
0153			input_ptr:  equ debug_mark - 2    ; ptr to the current cursor position of string currently being edited  on entry starting   
0153			input_start:  equ input_ptr - 2    ; ptr to the start of string   
0153			input_size: equ input_start -1  ; number of chars  
0153			input_display_size: equ input_size -1  ; TODO number of chars that are displayable. if < input_size then scroll   
0153			input_at_pos: equ input_display_size - 1 ; frame buffer offset for start of input  
0153			input_under_cursor: equ input_at_pos - 1 ; char under the cursor so we can blink it  
0153			input_at_cursor: equ input_under_cursor - 1 ; offset of cursor to current start of string  
0153			input_cur_flash: equ input_at_cursor - 2 ;  timeout for cursor flash  
0153			input_cur_onoff: equ input_cur_flash - 1 ;  cursor blink on or off  
0153			input_len: equ input_cur_onoff - 5 ; length of current input  
0153			input_cursor: equ input_len - 5 ; offset of cursor to current start of string  
0153			  
0153			; cursor blink rate  
0153			CUR_BLINK_RATE: equ $09  
0153			;CUR_BLINK_RATE: equ 15  
0153			  
0153			key_actual_pressed: equ input_cursor - 1   
0153			key_symbol: equ key_actual_pressed - 1   
0153			key_shift: equ key_symbol - 1   
0153			  
0153			; Display allocation  
0153			  
0153			;display_rows: equ 4     ; move out to mini and mega files  
0153			;display_cols: equ 20  
0153			  
0153			display_fb_len: equ display_rows*display_cols  
0153			  
0153			; primary frame buffer     
0153			display_fb0: equ  key_shift-display_fb_len -1 ; -display_fb_len-1          ; cli input     TODO why is that doubling up?  
0153			; working frame buffers  
0153			display_fb1: equ  display_fb0-display_fb_len -1 ; -display_fb_len-1          ; default running program  
0153			display_fb3: equ  display_fb1-display_fb_len - 1  
0153			display_fb2: equ  display_fb3-display_fb_len - 1  
0153			;  
0153			; pointer to active frame buffer  
0153			display_fb_active: equ display_fb2 - 2  
0153			display_lcde1e2: equ display_fb_active - 1         ; 0=e1, 1=e2   For E1/E2 selection when using the lcd 4x40 display  
0153			display_write_tmp: equ display_lcde1e2 - 2  
0153			display_active:  equ display_write_tmp-3   ; current state of activity char (plus room to write string)  
0153			  
0153			;  
0153			  
0153			;; can load into de directory  
0153			cursor_col: equ display_active-1  
0153			cursor_row: equ cursor_col-1  
0153			cursor_ptr: equ cursor_row - 1     ;  actual offset into lcd memory for row and col combo  
0153			cursor_shape: equ cursor_ptr - 2   ; char used for the current cursor   
0153			  
0153			; maths vars  
0153			  
0153			LFSRSeed: equ cursor_shape -20   
0153			randData: equ LFSRSeed - 2  
0153			xrandc: equ randData - 2  
0153			stackstore: equ xrandc - 2  
0153			seed1: equ  stackstore -2   
0153			seed2: equ seed1 - 2  
0153			  
0153			; cf storage vars  
0153			  
0153			iErrorNum:  equ seed2-1         ;Error number  
0153			iErrorReg:  equ iErrorNum -1              ;Error register  
0153			iErrorVer:  equ iErrorReg - 1              ;Verify error flag  
0153			  
0153			store_bank_active: equ iErrorVer - (5 + 8 ) 		; TODO not used.  indicator of which storage banks are available to use 5 on board and 8 in cart  
0153			  
0153			STORE_BLOCK_LOG:  equ   280      ; TODO remove.... Logical block size     
0153			  
0153			store_page: equ store_bank_active-STORE_BLOCK_LOG-1            ; bigger than page size for eeprom so we can join multiple blocks if they are continuation records  
0153			;?????store_ffpage: equ store_page-STORE_BLOCK_LOG            ; page size for eeprom?????  
0153			store_readptr: equ store_page-2       ; tracks the file extent during storage_read of continuation blocks  
0153			store_readbuf: equ store_readptr-2       ; tracks the position for the buffer during storage_read of continuation blocks  
0153			store_longread: equ store_readbuf -1 ;   if zero then only read one block. If not zero then do a read for as long as required  
0153			store_tmp1: equ store_longread - 2      ; temp pointer holders during ops  
0153			store_tmp2: equ store_tmp1 - 2        ; temp pointer holders during ops  
0153			store_tmp3: equ store_tmp2 - 2        ; temp pointer holders during ops  
0153			store_tmpid: equ store_tmp3 - 1		; page temp id  
0153			store_tmpext: equ store_tmpid - 1		; file extent temp  
0153			store_readcont: equ store_tmpid - 1		; If current read results in an overflow buffer to next record flag it up  
0153			store_openaddr: equ store_readcont - 2		; file block address of current opened file for read  
0153			store_openext: equ store_openaddr - 1		; file extent of current opened file for read  
0153			store_openmaxext: equ store_openext - 1		; max extent of current opened file for read  
0153			store_filecache: equ store_openmaxext-2   ;  TODO (using just one for now)  file id + extent count cache * 5  
0153			store_tmppageid: equ store_filecache-2    ; phyical page id temp  
0153			;  
0153			; spi vars  
0153			  
0153			spi_savclktime: equ store_tmppageid -1     ; holds values for SAVDEV/RESTDEV  
0153			spi_savdeviceid: equ spi_savclktime -1  
0153			spi_savdevice: equ spi_savdeviceid-1  
0153			spi_savcartdev: equ spi_savdevice-1  
0153			spi_savcartdev2: equ spi_savcartdev-1  
0153			  
0153			spi_clktime: equ spi_savcartdev2 - 1      ; holds the number of ms that happens between spi clock pulses  
0153			spi_cartdev: equ spi_clktime - 1      ; holds bit mask to send to portb (ext spi) devices  
0153			spi_cartdev2: equ spi_cartdev - 1      ; holds bit mask to send to portb's shift reg devices  
0153			spi_portbyte: equ spi_cartdev2 - 1      ; holds bit mask to send to spi bus   
0153			spi_device: equ spi_portbyte - 1    ; bit mask to send to porta (eeproms) devices  
0153			spi_device_id: equ spi_device - 1    ; human readable bank number  
0153			  
0153			;;;;; Tape support params  
0153			  
0153			tape_port: equ spi_device_id - 1     ; device number  
0153			tape_pulse_high: equ tape_port - 1       ; how many pulses mean 1  
0153			tape_pulse_low: equ tape_pulse_high - 1    ; how many pulses mean 0  
0153			tape_samples: equ tape_pulse_low - 2   ; how many sample cycles are needed to count the pulses  
0153			tape_tm_gap: equ tape_samples - 1      ; inter bit gap in ms  
0153			tape_tm_high: equ tape_tm_gap - 2      ; cycles for a high pulse  
0153			tape_tm_low: equ tape_tm_high - 2     ; cycles for a low pulse  
0153			tape_sync: equ tape_tm_low-10     ; counters used in detecting tape header  
0153			  
0153			;;;;; forth cli params  
0153			  
0153			; TODO use a different frame buffer for forth???  
0153			  
0153			f_cursor_ptr:  equ tape_sync - 1  ; offset into frame buffer for any . or EMIT output  
0153			cli_buffer: equ f_cursor_ptr - 20     ; temp hold - maybe not needed  
0153			cli_origtoken: equ cli_buffer - 2     ; pointer to the text of token for this word being checked  
0153			cli_token: equ cli_origtoken - 2     ; pointer to the text of token for this word being checked  
0153			cli_execword: equ cli_token - 2      ; pointer to start of code for this word  
0153			cli_nextword: equ cli_execword - 2      ; pointer to start of next word in dict  
0153			cli_ptr: equ cli_nextword - 2           ; pointer to start of word to parse by forth kernel (working)  
0153			cli_origptr: equ cli_ptr - 2           ; pointer to start of word to parse which resets cli_ptr on each word test  
0153			  
0153			cli_mvdot: equ cli_origptr - 1 ;     ; true will move the cursor once something is displayed  
0153			cli_autodisplay: equ cli_mvdot - 1 ;     ; true will auto update the display (slow) otherwise need to use DRAW  
0153			cli_var_array: equ cli_autodisplay - ( 10 * 2 ) ; word or string pointer variables using V@0-V@9  
0153			cli_var_array2: equ cli_var_array - ( 26 * 2 ) ; word or string pointer variables using VAR word  
0153			cli_ret_sp: equ cli_var_array2 - 2    ; ret stack pointer  
0153			cli_loop_sp: equ cli_ret_sp - 2   ; data stack pointer  
0153			cli_data_sp: equ cli_loop_sp - 2   ; data stack pointer  
0153			  
0153			chk_ret_und: equ cli_data_sp-2           ; underflow check word  
0153			cli_ret_stack: equ chk_ret_und - STACK_RET_SIZE      ; TODO could I just use normal stack for this? - use linked list for looping  
0153			chk_ret_ovr: equ cli_ret_stack -2; overflow check word  
0153			cli_loop_stack: equ chk_ret_ovr - STACK_LOOP_SIZE      ; TODO could I just use normal stack for this? - use linked list for looping  
0153			chk_loop_ovr: equ cli_loop_stack -2; overflow check word  
0153			cli_data_stack: equ chk_loop_ovr - STACK_DATA_SIZE		 ;   
0153			chk_data_ovr: equ cli_data_stack -2; overflow check word  
0153			  
0153			os_var_array: equ chk_data_ovr - (32 * 2)      ;   32 word array for use using the SCRATCH word  
0153			  
0153			; os/forth token vars  
0153			  
0153			os_last_cmd: equ os_var_array-255  
0153			os_cli_cmd: equ os_last_cmd-255              ; cli command entry line  
0153			os_current_i: equ os_cli_cmd-2  
0153			os_cur_ptr: equ os_current_i-2  
0153			os_word_scratch: equ os_cur_ptr-30  
0153			os_tok_len: equ os_word_scratch - 2  
0153			os_tok_ptr: equ os_tok_len - 2               ; our current PC ptr  
0153			os_tok_malloc: equ os_tok_ptr - 2  
0153			os_last_new_uword: equ os_tok_malloc - 2    ; hold start of last user word added  
0153			os_input: equ os_last_new_uword-255    ; buffer for EDIT word  
0153			execscratch: equ os_input-255        ; exec cmd eval buffer  
0153			scratch: equ execscratch-255  
0153			  
0153			os_stack_1: equ scratch - 3       ; stack holding area 1  
0153			os_stack_2: equ os_stack_1 - 3       ; stack holding area 2  
0153			os_stack_3: equ os_stack_2 - 3       ; stack holding area 3  
0153			os_stack_4: equ os_stack_3 - 3       ; stack holding area 4  
0153			  
0153			  
0153			; temp locations for new word processing to save on adding more   
0153			  
0153			os_new_malloc: equ os_stack_4-2  
0153			os_new_parse_len: equ os_new_malloc - 2  
0153			os_new_word_len: equ os_new_parse_len - 2  
0153			os_new_work_ptr: equ os_new_word_len - 2  
0153			os_new_src_ptr: equ os_new_work_ptr - 2  
0153			os_new_exec: equ os_new_src_ptr - 2  
0153			os_new_exec_ptr: equ os_new_exec - 2  
0153			  
0153			; resume memory alloocations....  
0153			  
0153			;os_view_disable: equ os_new_exec_ptr - 1  
0153			os_view_af: equ os_new_exec_ptr - 2  
0153			os_view_hl: equ os_view_af -2  
0153			os_view_de: equ os_view_hl - 2  
0153			os_view_bc: equ os_view_de - 2  
0153			  
0153			; stack checksum word  
0153			if DEBUG_STACK_IMB  
0153				curframe: equ  os_view_de - 5  
0153				store_sp: equ curframe - (STACK_IMB_STORE*4)  
0153				chk_word: equ store_sp - 2		 ; this is the word to init and then check against to detect stack corruption. Held far away from all stacks  
0153			else  
0153				chk_word: equ os_view_bc - 2		 ; this is the word to init and then check against to detect stack corruption. Held far away from all stacks  
0153			endif  
0153			  
0153			; with data stack could see memory filled with junk. need some memory management   
0153			; malloc and free entry points added  
0153			  
0153			;free_list:  equ chk_word - 4     ; Block struct for start of free list (MUST be 4 bytes)  
0153			;heap_size: equ  (free_list-08100h)      ; Number of bytes available in heap   TODO make all of user ram  
0153			;;heap_start: equ free_list - heap_size  ; Starting address of heap  
0153			;heap_end: equ free_list-1  ; Starting address of heap  
0153			;heap_start: equ free_list - heap_size  ; Starting address of heap  
0153			  
0153			;heap_start: equ free_list - heap_size  ; Starting address of heap  
0153			heap_end: equ chk_word-1  ; Starting address of heap  
0153			  
0153			  
0153			;if BASE_KEV   
0153			;heap_start: equ 0800eh  ; Starting address of heap  
0153			;free_list:  equ 0800ah      ; Block struct for start of free list (MUST be 4 bytes)  
0153			;heap_size: equ  heap_end-heap_start      ; Number of bytes available in heap   TODO make all of user ram  
0153			;endif  
0153			  
0153			;if BASE_SC114  
0153			;heap_start: equ baseram+15  ; Starting address of heap  
0153			;free_list:  equ baseram+10      ; Block struct for start of free list (MUST be 4 bytes)  
0153			;endif  
0153			  
0153			  
0153			;;;;  
0153			  
0153			  
0153			; change below to point to last memory alloc above  
0153			topusermem:  equ   heap_start  
0153			  
0153			;if BASE_KEV   
0153			;baseusermem: equ 08000h  
0153			;endif  
0153			  
0153			;if BASE_SC114  
0153			;;aseusermem:     equ    12  
0153			;baseusermem:     equ    prompt  
0153			;;baseusermem:     equ    endofcode  
0153			;endif  
0153			  
0153			  
0153			; **********************************************************************  
0153			; **  Constants  
0153			; **********************************************************************  
0153			  
0153			; Constants used by this code module  
0153			kDataReg:   EQU Device_D           ;PIO port A data register  
0153			kContReg:   EQU Device_D+2           ;PIO port A control register  
0153			  
0153			  
0153			portbdata:  equ Device_D+1    ; port b data  
0153			portbctl:   equ Device_D+3    ; port b control  
0153			  
0153			  
0153			;KEY_SHIFT:   equ 5  
0153			;KEY_SYMBOLSHIFT:  equ 6  
0153			  
0153			KEY_SHIFTLOCK: equ 4  
0153			  
0153			  
0153			KEY_UP: equ 5  
0153			KEY_NEXTWORD: equ 6  
0153			KEY_PREVWORD: equ 7  
0153			KEY_BS: equ 8  
0153			KEY_TAB:  equ 9  
0153			KEY_DOWN: equ 10  
0153			KEY_LEFT: equ 11  
0153			KEY_RIGHT: equ 12  
0153			KEY_CR:   equ 13  
0153			KEY_HOME: equ 14  
0153			KEY_END: equ 15  
0153			  
0153			KEY_F1: equ 16  
0153			KEY_F2: equ 17  
0153			KEY_F3: equ 18  
0153			KEY_F4: equ 19  
0153			  
0153			KEY_F5: equ 20  
0153			KEY_F6: equ 21  
0153			KEY_F7: equ 22  
0153			KEY_F8: equ 23  
0153			  
0153			KEY_F9: equ 24  
0153			KEY_F10: equ 25  
0153			KEY_F11: equ 26  
0153			KEY_F12: equ 27  
0153			  
0153			;if DEBUG_KEY  
0153			;	KEY_MATRIX_NO_PRESS: equ '.'  
0153			;	KEY_SHIFT:   equ '.'  
0153			;	KEY_SYMBOLSHIFT:  equ '.'  
0153			;else  
0153				KEY_SHIFT:   equ '~'  
0153				KEY_SYMBOLSHIFT:  equ '~'  
0153				KEY_MATRIX_NO_PRESS: equ '~'  
0153			;endi  
0153			  
0153			  
0153			  
0153			  
0153			; Macro to make adding debug marks easier  
0153			  
0153			  
0153			  
0153			DMARK: macro str  
0153			  
0153				if DEMARK_VERSION = 1  
0153					push hl  
0153					ld hl, .dmark  
0153					ld (debug_mark), hl  
0153				endif  
0153			  
0153			  
0153				if DEMARK_VERSION = 0  
0153					push af  
0153					ld a, (.dmark)  
0153					ld (debug_mark),a  
0153					ld a, (.dmark+1)  
0153					ld (debug_mark+1),a  
0153					ld a, (.dmark+2)  
0153					ld (debug_mark+2),a  
0153			  
0153				endif  
0153			  
0153				jr .pastdmark  
0153			.dmark: db str  
0153			  
0153				if DEMARK_VERSION = 1  
0153					; add a terminator as this is printed direct  
0153					; other version stuffs into a buffer  
0153					db 0  
0153				endif  
0153			  
0153			; skip string  
0153			  
0153				if DEMARK_VERSION = 1  
0153			.pastdmark: pop hl  
0153				endif  
0153			  
0153				if DEMARK_VERSION = 0  
0153			.pastdmark: pop af  
0153				endif  
0153			  
0153			endm  
0153			  
0153			  
0153			; macro to detect for stack imbalances  
0153			  
0153			include "stackimbal.asm"  
0153			; Macro and code to detect stock imbalances 
0153			 
0153			SPPUSH: equ 0 
0153			 
0153			; Add a stack frame which can be checked before return 
0153			 
0153			STACKFRAME: macro onoff frame1 frame2 
0153			 
0153				if DEBUG_STACK_IMB 
0153					if onoff 
0153						; save current SP 
0153						exx 
0153			 
0153						ld de, frame1 
0153						ld a, d 
0153						ld hl, curframe 
0153						call hexout 
0153						ld a, e 
0153						ld hl, curframe+2 
0153						call hexout 
0153			  
0153						ld hl, frame1 
0153						push hl 
0153						ld hl, frame2 
0153						push hl 
0153						exx 
0153					endif 
0153					 
0153				endif 
0153			endm 
0153			 
0153			STACKFRAMECHK: macro onoff frame1 frame2 
0153			 
0153					 
0153				if DEBUG_STACK_IMB 
0153					if onoff 
0153						exx 
0153						; check stack frame SP 
0153			 
0153						ld hl, frame2 
0153						pop de   ; frame2 
0153			 
0153						call cmp16 
0153						jr nz, .spnosame 
0153						 
0153			 
0153						ld hl, frame1 
0153						pop de   ; frame1 
0153			 
0153						call cmp16 
0153						jr z, .spfrsame 
0153			 
0153						.spnosame: call showsperror 
0153			 
0153						.spfrsame: nop 
0153			 
0153						exx 
0153					endif 
0153					 
0153				endif 
0153			 
0153			 
0153			endm 
0153			 
0153			 
0153			; for a sub routine, wrap SP collection and comparisons 
0153			 
0153			; Usage: 
0153			; 
0153			; SAVESP ON/OFF 0-STACK_IMB_STORE/4 
0153			; CHECKSP ON/OFF 0-STACK_IMB_STORE/4 
0153			 
0153			SAVESP: macro onoff storeword 
0153			 
0153				if DEBUG_STACK_IMB 
0153					if onoff 
0153						; save current SP 
0153			 
0153						ld (store_sp+(storeword*4)), sp 
0153			 
0153					endif 
0153					 
0153				endif 
0153			 
0153			endm 
0153			 
0153			CHECKSP: macro onoff storeword 
0153			 
0153				if DEBUG_STACK_IMB 
0153					if onoff 
0153			 
0153						; save SP after last save 
0153				 
0153						ld (store_sp+(storeword*4)+2), sp 
0153			 
0153						push hl 
0153						ld hl, store_sp+(storeword*4) 
0153						call check_stack_sp  
0153						pop hl 
0153			 
0153			 
0153					endif 
0153					 
0153				endif 
0153			 
0153			endm 
0153			 
0153			if DEBUG_STACK_IMB 
0153			 
0153			check_stack_sp: 
0153					push de 
0153			 
0153					ld e, (hl) 
0153					inc hl 
0153					ld d, (hl) 
0153					inc hl 
0153			 
0153					push de 
0153			 
0153			 
0153					ld e, (hl) 
0153					inc hl 
0153					ld d, (hl) 
0153					inc hl 
0153			 
0153					pop hl 
0153			 
0153			 
0153					; check to see if the same 
0153			 
0153					call cmp16 
0153					jr z, .spsame 
0153			 
0153					; not same 
0153			 
0153					call showsperror 
0153			.spsame: 
0153			 
0153					pop de 
0153			 
0153					ret 
0153			 
0153			.sperr:  db "Stack imbalance",0 
0153			 
0153			 
0153			showsperror: 
0153			 
0153			 
0153				push hl 
0153				push af 
0153				push de 
0153				call clear_display 
0153				ld de, .sperr 
0153				ld a,0 
0153			;	ld de,os_word_scratch 
0153				call str_at_display 
0153				ld a, display_row_1+17 
0153				ld de, debug_mark 
0153				call str_at_display 
0153				ld a, 0 
0153				ld (curframe+4),a 
0153				ld hl, curframe 
0153				ld de, os_word_scratch 
0153				ld a, display_row_4 
0153				call str_at_display 
0153				call update_display 
0153				;call break_point_state 
0153				call cin_wait 
0153			 
0153			;	ld a, ' ' 
0153			;	ld (os_view_disable), a 
0153				call bp_on 
0153				pop de	 
0153				pop af 
0153				pop hl 
0153				CALLMONITOR 
0153				ret 
0153			 
0153			endif 
0153			 
0153			 
0153			 
0153			; eof 
# End of file stackimbal.asm
0153			  
0153			;TODO macro to calc col and row offset into screen  
0153			  
0153			  
0153			  
0153			hardware_init:  
0153			  
0153					; Set bit for stack checks (if those features are enabled)  
0153 2a 74 ee				ld hl, (hardware_config+1)  
0156 cb fe				set 7, (hl)  
0158			  
0158					;ld a, 0  
0158					;ld (hardware_diag), a  
0158			  
0158					; clear all the buffers  
0158			  
0158 21 05 ed				ld hl, display_fb1  
015b 22 c1 eb				ld (display_fb_active), hl  
015e			  
015e cd b9 09				call clear_display  
0161			  
0161 21 c3 eb				ld hl, display_fb2  
0164 22 c1 eb				ld (display_fb_active), hl  
0167			  
0167 cd b9 09				call clear_display  
016a			  
016a					; init primary frame buffer area  
016a 21 a6 ed				ld hl, display_fb0  
016d 22 c1 eb				ld (display_fb_active), hl  
0170			  
0170 cd b9 09				call clear_display  
0173			  
0173			  
0173 cd 35 5a				call lcd_init		; lcd hardware first as some screen functions called during key_init e.g. cursor shapes  
0176			  
0176 cd 23 5b			call key_init  
0179 cd e6 01			call storage_init  
017c				if TAPE_SUPPORT  
017c					call tape_init  
017c				endif  
017c				if DART_SUPPORT  
017c					call dart_init  
017c				endif  
017c			  
017c				; setup malloc functions  
017c			  
017c				if MALLOC_1  
017c cd a1 0f				call  heap_init  
017f				endif  
017f				if MALLOC_4  
017f					call  heap_init  
017f				endif  
017f			  
017f				; init sound hardware if present  
017f			  
017f				if SOUND_ENABLE  
017f					call sound_init  
017f				endif  
017f			  
017f				; lcd test sequence  
017f					  
017f cd f1 09			call update_display  
0182 cd ed 08			call delay1s  
0185 3e 2b			ld a,'+'  
0187 cd be 09			call fill_display  
018a cd f1 09			call update_display  
018d cd ed 08			call delay1s  
0190 3e 2a			ld a,'*'  
0192 cd be 09			call fill_display  
0195 cd f1 09			call update_display  
0198 cd ed 08			call delay1s  
019b 3e 2d			ld a,'-'  
019d cd be 09			call fill_display  
01a0 cd f1 09			call update_display  
01a3 cd ed 08			call delay1s  
01a6			  
01a6			; boot splash screen  
01a6			if display_cols == 20	  
01a6			        ld a, display_row_1    
01a6			else  
01a6 3e 0a		        ld a, display_row_1 +10   
01a8			endif  
01a8 11 46 14			ld de, prom_bootmsg  
01ab cd cb 09			call str_at_display  
01ae cd f1 09			call update_display  
01b1			  
01b1			  
01b1 cd ed 08			call delay1s  
01b4 cd ed 08			call delay1s  
01b7			if display_cols == 20	  
01b7			            LD   A, display_row_3+2  
01b7			else  
01b7 3e 5c		            LD   A, display_row_3+12  
01b9			endif  
01b9 11 5b 14			ld de, prom_bootmsg1  
01bc cd cb 09			call str_at_display  
01bf			; display debug level  
01bf 3e 78		            LD   A, display_row_4  
01c1 11 03 01			ld de, debuglevel  
01c4 cd cb 09			call str_at_display  
01c7			  
01c7 cd f1 09			call update_display  
01ca cd ed 08			call delay1s  
01cd cd ed 08			call delay1s  
01d0			  
01d0			;	ld a, display_row_4+3  
01d0			;	ld de, bootmsg2  
01d0			;	call str_at_display  
01d0			;	call update_display  
01d0			;	call delay1s  
01d0			;	call delay1s  
01d0			  
01d0			; debug mark setup  
01d0			  
01d0 3e 5f		ld a, '_'  
01d2 32 60 ee		ld (debug_mark),a  
01d5 32 61 ee		ld (debug_mark+1),a  
01d8 32 62 ee		ld (debug_mark+2),a  
01db 3e 00		ld a,0  
01dd 32 63 ee		ld (debug_mark+3),a  
01e0 32 62 ee		ld (debug_umark),a  
01e3			  
01e3 c9					ret  
01e4			  
01e4			  
01e4			;bootmsg2:	db "Firmware v0.1",0  
01e4			  
01e4			; a 4x20 lcd  
01e4			; cout for display, low level positioning and writing functions (TODO) for hardware abstraction  
01e4			  
01e4			;if display_cols == 20  
01e4			;	include "firmware_lcd_4x20.asm"  
01e4			;endif  
01e4			  
01e4			;if display_cols == 40  
01e4			;	include "firmware_lcd_4x40.asm"  
01e4			;endif  
01e4			  
01e4			;  
01e4			; TODO use the low spare two pins on port a of display pio to bit bang a serial out video display to an esp  
01e4			; TODO abstract the bit bang video out interface for dual display  
01e4			; TODO wire video out to tx pin on rc2014 bus  
01e4			  
01e4			; must supply cin, and cin_wait for low level hardware abstraction   
01e4			; moved text_input entry points to here and leave the firmware hardware modules as abstraction layer  
01e4			; test scancode  
01e4			  
01e4			;;;;;  
01e4			;;;  
01e4			; Moved out to mini and maxi versions  
01e4			;  
01e4			; include "firmware_key_4x4.asm"  
01e4			; using existing 4 wire x 4 resistor array for input  
01e4			;include "firmware_key_4x10.asm"  
01e4			; need to mod the board for 5 rows due to resistor array  
01e4			;include "firmware_key_5x10.asm"  
01e4			  
01e4			; storage hardware interface  
01e4			  
01e4			; use microchip serial eeprom for storage  
01e4			  
01e4			  
01e4			if STORAGE_SE  
01e4				include "firmware_spi.asm"  
01e4				include "firmware_seeprom.asm"  
01e4			else  
01e4			   ; create some stubs for the labels  
01e4 c9			se_readbyte: ret  
01e5 c9			se_writebyte: ret  
01e6 c9			storage_init: ret  
01e7			  
01e7			endif  
01e7			  
01e7			; use cf card for storage - throwing timeout errors. Hardware or software?????  
01e7			;include "firmware_cf.asm"  
01e7			  
01e7			; load up high level storage hardward abstractions  
01e7			include "firmware_storage.asm"  
01e7			 
01e7			; persisent storage hardware abstraction layer  
01e7			 
01e7			 
01e7			 
01e7			; Block 0 on storage is a config state 
01e7			 
01e7			 
01e7			 
01e7			; TODO add read phy block and write phy block functions 
01e7			; TODO add presence check (i.e. read write byte 0 of block 0 for eeprom) 
01e7			 
01e7			; Abstraction layer  
01e7			 
01e7			; Logocial block size is same size as physical size - using tape concept 
01e7			 
01e7			;STORE_BLOCK_PHY2LOG: equ (STORE_BLOCK_LOG/STORE_BLOCK_PHY)       ; How many physical blocks make up a logical block 
01e7			;STORE_BLOCK_MAX: equ (STORE_BLOCK_PHY*STORE_DEVICE_MAXBLOCKS)/255    ; Max number of logical blocks on the device 
01e7			 
01e7			 
01e7			 
01e7			; Filesystem layout (Logical layout) 
01e7			; 
01e7			; Block 0 - Bank config  
01e7			; 
01e7			;      Byte - 0 file id counter 
01e7			;      Byte - 1-2 formated: Byte pattern: 0x80 x27 
01e7			;      Byte - 3-20 zero terminated bank label 
01e7			; 
01e7			; Block 1 > File storage 
01e7			; 
01e7			;      Byte 0 file id    - block 0 file details 
01e7			;      Byte 1 block id - block 0 is file  
01e7			;            Byte 2-15 - File name 
01e7			; 
01e7			;       - to end of block data 
01e7			; 
01e7			 
01e7			; Get ID for the file named in pointer held HL 
01e7			; Returns ID in HL = 255 if no file found 
01e7			 
01e7			storage_getid: 
01e7			 
01e7 22 68 ea			ld (store_tmp1), hl 
01ea			 
01ea				if DEBUG_STORESE 
01ea					DMARK "SGI" 
01ea				if DEMARK_VERSION = 1  
01ea e5					push hl  
01eb 21 f3 01				ld hl, .dmark  
01ee 22 60 ee				ld (debug_mark), hl  
01f1				endif  
01f1				if DEMARK_VERSION = 0  
01f1					push af  
01f1					ld a, (.dmark)  
01f1					ld (debug_mark),a  
01f1					ld a, (.dmark+1)  
01f1					ld (debug_mark+1),a  
01f1					ld a, (.dmark+2)  
01f1					ld (debug_mark+2),a  
01f1				endif  
01f1 18 04			jr .pastdmark  
01f3 ..			.dmark: db "SGI"  
01f6				if DEMARK_VERSION = 1  
01f6 00					db 0  
01f7				endif  
01f7				if DEMARK_VERSION = 1  
01f7 e1			.pastdmark: pop hl  
01f8				endif  
01f8				if DEMARK_VERSION = 0  
01f8			.pastdmark: pop af  
01f8				endif  
01f8			endm  
# End of macro DMARK
01f8					CALLMONITOR 
01f8				if BASE_CPM=1  
01f8 cd 6b ee				call debug_vector  
01fb				endif  
01fb				if BASE_KEV=1  
01fb					rst 8  
01fb				endif  
01fb				endm  
# End of macro CALLMONITOR
01fb				endif 
01fb				; get block 0 and set counter for number of files to scan 
01fb			 
01fb cd 00 03			call storage_get_block_0 
01fe			 
01fe 3a 6f ea			ld a, (store_page) 
0201 47				ld b, a 
0202			 
0202				; get extent 0 of each file id 
0202			 
0202				if DEBUG_STORESE 
0202					DMARK "SGc" 
0202				if DEMARK_VERSION = 1  
0202 e5					push hl  
0203 21 0b 02				ld hl, .dmark  
0206 22 60 ee				ld (debug_mark), hl  
0209				endif  
0209				if DEMARK_VERSION = 0  
0209					push af  
0209					ld a, (.dmark)  
0209					ld (debug_mark),a  
0209					ld a, (.dmark+1)  
0209					ld (debug_mark+1),a  
0209					ld a, (.dmark+2)  
0209					ld (debug_mark+2),a  
0209				endif  
0209 18 04			jr .pastdmark  
020b ..			.dmark: db "SGc"  
020e				if DEMARK_VERSION = 1  
020e 00					db 0  
020f				endif  
020f				if DEMARK_VERSION = 1  
020f e1			.pastdmark: pop hl  
0210				endif  
0210				if DEMARK_VERSION = 0  
0210			.pastdmark: pop af  
0210				endif  
0210			endm  
# End of macro DMARK
0210					CALLMONITOR 
0210				if BASE_CPM=1  
0210 cd 6b ee				call debug_vector  
0213				endif  
0213				if BASE_KEV=1  
0213					rst 8  
0213				endif  
0213				endm  
# End of macro CALLMONITOR
0213				endif 
0213 60			.getloop:	ld h, b 
0214 2e 00				ld l, 0 
0216 c5					push bc 
0217			 
0217 11 6f ea				ld de, store_page 
021a				if DEBUG_STORESE 
021a					DMARK "SGr" 
021a				if DEMARK_VERSION = 1  
021a e5					push hl  
021b 21 23 02				ld hl, .dmark  
021e 22 60 ee				ld (debug_mark), hl  
0221				endif  
0221				if DEMARK_VERSION = 0  
0221					push af  
0221					ld a, (.dmark)  
0221					ld (debug_mark),a  
0221					ld a, (.dmark+1)  
0221					ld (debug_mark+1),a  
0221					ld a, (.dmark+2)  
0221					ld (debug_mark+2),a  
0221				endif  
0221 18 04			jr .pastdmark  
0223 ..			.dmark: db "SGr"  
0226				if DEMARK_VERSION = 1  
0226 00					db 0  
0227				endif  
0227				if DEMARK_VERSION = 1  
0227 e1			.pastdmark: pop hl  
0228				endif  
0228				if DEMARK_VERSION = 0  
0228			.pastdmark: pop af  
0228				endif  
0228			endm  
# End of macro DMARK
0228					CALLMONITOR 
0228				if BASE_CPM=1  
0228 cd 6b ee				call debug_vector  
022b				endif  
022b				if BASE_KEV=1  
022b					rst 8  
022b				endif  
022b				endm  
# End of macro CALLMONITOR
022b				endif 
022b cd 8f 06				call storage_read 
022e cd 22 0c				call ishlzero 
0231 28 22				jr z, .gap 
0233					 
0233					; have a file name read. Is it one we want. 
0233			 
0233 2a 68 ea				ld hl, (store_tmp1) 
0236 11 72 ea				ld de, store_page+3   ; file name 
0239			 
0239				if DEBUG_STORESE 
0239					DMARK "SGc" 
0239				if DEMARK_VERSION = 1  
0239 e5					push hl  
023a 21 42 02				ld hl, .dmark  
023d 22 60 ee				ld (debug_mark), hl  
0240				endif  
0240				if DEMARK_VERSION = 0  
0240					push af  
0240					ld a, (.dmark)  
0240					ld (debug_mark),a  
0240					ld a, (.dmark+1)  
0240					ld (debug_mark+1),a  
0240					ld a, (.dmark+2)  
0240					ld (debug_mark+2),a  
0240				endif  
0240 18 04			jr .pastdmark  
0242 ..			.dmark: db "SGc"  
0245				if DEMARK_VERSION = 1  
0245 00					db 0  
0246				endif  
0246				if DEMARK_VERSION = 1  
0246 e1			.pastdmark: pop hl  
0247				endif  
0247				if DEMARK_VERSION = 0  
0247			.pastdmark: pop af  
0247				endif  
0247			endm  
# End of macro DMARK
0247					CALLMONITOR 
0247				if BASE_CPM=1  
0247 cd 6b ee				call debug_vector  
024a				endif  
024a				if BASE_KEV=1  
024a					rst 8  
024a				endif  
024a				endm  
# End of macro CALLMONITOR
024a				endif 
024a cd 89 0f				call strcmp 
024d 20 06				jr nz, .gap   ; not this one 
024f			 
024f c1				        pop bc 
0250			 
0250 26 00				ld h, 0 
0252 68					ld l, b 
0253 18 17				jr .getdone 
0255						 
0255			 
0255			 
0255			 
0255			.gap: 
0255				if DEBUG_STORESE 
0255					DMARK "SGg" 
0255				if DEMARK_VERSION = 1  
0255 e5					push hl  
0256 21 5e 02				ld hl, .dmark  
0259 22 60 ee				ld (debug_mark), hl  
025c				endif  
025c				if DEMARK_VERSION = 0  
025c					push af  
025c					ld a, (.dmark)  
025c					ld (debug_mark),a  
025c					ld a, (.dmark+1)  
025c					ld (debug_mark+1),a  
025c					ld a, (.dmark+2)  
025c					ld (debug_mark+2),a  
025c				endif  
025c 18 04			jr .pastdmark  
025e ..			.dmark: db "SGg"  
0261				if DEMARK_VERSION = 1  
0261 00					db 0  
0262				endif  
0262				if DEMARK_VERSION = 1  
0262 e1			.pastdmark: pop hl  
0263				endif  
0263				if DEMARK_VERSION = 0  
0263			.pastdmark: pop af  
0263				endif  
0263			endm  
# End of macro DMARK
0263					CALLMONITOR 
0263				if BASE_CPM=1  
0263 cd 6b ee				call debug_vector  
0266				endif  
0266				if BASE_KEV=1  
0266					rst 8  
0266				endif  
0266				endm  
# End of macro CALLMONITOR
0266				endif 
0266			 
0266 c1					pop bc 
0267 10 aa				djnz .getloop 
0269 21 ff 00				ld hl, 255 
026c			.getdone: 
026c			 
026c				if DEBUG_STORESE 
026c					DMARK "SGe" 
026c				if DEMARK_VERSION = 1  
026c e5					push hl  
026d 21 75 02				ld hl, .dmark  
0270 22 60 ee				ld (debug_mark), hl  
0273				endif  
0273				if DEMARK_VERSION = 0  
0273					push af  
0273					ld a, (.dmark)  
0273					ld (debug_mark),a  
0273					ld a, (.dmark+1)  
0273					ld (debug_mark+1),a  
0273					ld a, (.dmark+2)  
0273					ld (debug_mark+2),a  
0273				endif  
0273 18 04			jr .pastdmark  
0275 ..			.dmark: db "SGe"  
0278				if DEMARK_VERSION = 1  
0278 00					db 0  
0279				endif  
0279				if DEMARK_VERSION = 1  
0279 e1			.pastdmark: pop hl  
027a				endif  
027a				if DEMARK_VERSION = 0  
027a			.pastdmark: pop af  
027a				endif  
027a			endm  
# End of macro DMARK
027a					CALLMONITOR 
027a				if BASE_CPM=1  
027a cd 6b ee				call debug_vector  
027d				endif  
027d				if BASE_KEV=1  
027d					rst 8  
027d				endif  
027d				endm  
# End of macro CALLMONITOR
027d				endif 
027d			 
027d c9				ret 
027e			 
027e			 
027e			 
027e			 
027e			 
027e			 
027e			 
027e			 
027e			; Read Block 
027e			; ---------- 
027e			; 
027e			; With current bank 
027e			;  
027e			; Get block number to read 
027e			; Load physical blocks starting at start block into buffer 
027e			 
027e			; de points to buffer to use 
027e			; hl holds logical block number  
027e			 
027e			storage_read_block: 
027e			 
027e				; TODO bank selection 
027e			 
027e				; for each of the physical blocks read it into the buffer 
027e 06 40			ld b, STORE_BLOCK_PHY 
0280			 
0280				if DEBUG_STORESE 
0280 d5					push de 
0281				endif 
0281				 
0281			.rl1:    
0281			 
0281				; read physical block at hl into de 
0281			        ; increment hl and de to next read position on exit 
0281			 
0281 e5				push hl 
0282 d5				push de	 
0283 c5				push bc 
0284			;	if DEBUG_STORESE 
0284			;		push af 
0284			;		ld a, 'R' 
0284			;		ld (debug_mark),a 
0284			;		pop af 
0284			;		CALLMONITOR 
0284			;	endif 
0284 cd e4 01			call se_readbyte 
0287			;	if DEBUG_STORESE 
0287			;		ld a,(spi_portbyte) 
0287			;		ld l, a 
0287			;		push af 
0287			;		ld a, '1' 
0287			;		ld (debug_mark),a 
0287			;		pop af 
0287			;		CALLMONITOR 
0287			;	endif 
0287 c1				pop bc 
0288 d1				pop de 
0289 e1				pop hl 
028a 12				ld (de),a 
028b 23				inc hl 
028c 13				inc de 
028d			 
028d			;	if DEBUG_STORESE 
028d			;		push af 
028d			;		ld a, 'r' 
028d			;		ld (debug_mark),a 
028d			;		pop af 
028d			;		CALLMONITOR 
028d			;	endif 
028d			 
028d 10 f2			djnz .rl1 
028f			 
028f				if DEBUG_STORESE 
028f					DMARK "SRB" 
028f				if DEMARK_VERSION = 1  
028f e5					push hl  
0290 21 98 02				ld hl, .dmark  
0293 22 60 ee				ld (debug_mark), hl  
0296				endif  
0296				if DEMARK_VERSION = 0  
0296					push af  
0296					ld a, (.dmark)  
0296					ld (debug_mark),a  
0296					ld a, (.dmark+1)  
0296					ld (debug_mark+1),a  
0296					ld a, (.dmark+2)  
0296					ld (debug_mark+2),a  
0296				endif  
0296 18 04			jr .pastdmark  
0298 ..			.dmark: db "SRB"  
029b				if DEMARK_VERSION = 1  
029b 00					db 0  
029c				endif  
029c				if DEMARK_VERSION = 1  
029c e1			.pastdmark: pop hl  
029d				endif  
029d				if DEMARK_VERSION = 0  
029d			.pastdmark: pop af  
029d				endif  
029d			endm  
# End of macro DMARK
029d d1					pop de 
029e			; 
029e			;		push af 
029e			;		ld a, 'R' 
029e			;		ld (debug_mark),a 
029e			;		pop af 
029e					CALLMONITOR 
029e				if BASE_CPM=1  
029e cd 6b ee				call debug_vector  
02a1				endif  
02a1				if BASE_KEV=1  
02a1					rst 8  
02a1				endif  
02a1				endm  
# End of macro CALLMONITOR
02a1				endif 
02a1 c9				ret	 
02a2				 
02a2			 
02a2			; File Size 
02a2			; --------- 
02a2			; 
02a2			;   hl file id 
02a2			; 
02a2			;  returns in hl the number of blocks 
02a2			 
02a2			storage_file_size: 
02a2 5d				ld e, l 
02a3 16 00			ld d, 0 
02a5 21 40 00			ld hl, STORE_BLOCK_PHY 
02a8					if DEBUG_FORTH_WORDS 
02a8						DMARK "SIZ" 
02a8				if DEMARK_VERSION = 1  
02a8 e5					push hl  
02a9 21 b1 02				ld hl, .dmark  
02ac 22 60 ee				ld (debug_mark), hl  
02af				endif  
02af				if DEMARK_VERSION = 0  
02af					push af  
02af					ld a, (.dmark)  
02af					ld (debug_mark),a  
02af					ld a, (.dmark+1)  
02af					ld (debug_mark+1),a  
02af					ld a, (.dmark+2)  
02af					ld (debug_mark+2),a  
02af				endif  
02af 18 04			jr .pastdmark  
02b1 ..			.dmark: db "SIZ"  
02b4				if DEMARK_VERSION = 1  
02b4 00					db 0  
02b5				endif  
02b5				if DEMARK_VERSION = 1  
02b5 e1			.pastdmark: pop hl  
02b6				endif  
02b6				if DEMARK_VERSION = 0  
02b6			.pastdmark: pop af  
02b6				endif  
02b6			endm  
# End of macro DMARK
02b6						CALLMONITOR 
02b6				if BASE_CPM=1  
02b6 cd 6b ee				call debug_vector  
02b9				endif  
02b9				if BASE_KEV=1  
02b9					rst 8  
02b9				endif  
02b9				endm  
# End of macro CALLMONITOR
02b9					endif 
02b9 cd ef 04			call storage_findnextid 
02bc			 
02bc cd 22 0c			call ishlzero 
02bf			;	ld a, l 
02bf			;	add h 
02bf			;	cp 0 
02bf c8				ret z			; block not found so EOF 
02c0			 
02c0 11 6f ea			ld de, store_page 
02c3 cd 7e 02			call storage_read_block 
02c6			 
02c6 3a 71 ea			ld a, (store_page+2)	 ; get extent count 
02c9 6f				ld l, a 
02ca 26 00			ld h, 0 
02cc c9			 	ret 
02cd			 
02cd			 
02cd			; Write Block 
02cd			; ----------- 
02cd			; 
02cd			; With current bank 
02cd			;  
02cd			; Get block number to write 
02cd			; Write physical blocks starting at start block from buffer 
02cd			  
02cd			storage_write_block: 
02cd				; TODO bank selection 
02cd			 
02cd				; for each of the physical blocks read it into the buffer 
02cd 06 40			ld b, STORE_BLOCK_PHY 
02cf			 
02cf				if DEBUG_STORESE 
02cf					DMARK "SWB" 
02cf				if DEMARK_VERSION = 1  
02cf e5					push hl  
02d0 21 d8 02				ld hl, .dmark  
02d3 22 60 ee				ld (debug_mark), hl  
02d6				endif  
02d6				if DEMARK_VERSION = 0  
02d6					push af  
02d6					ld a, (.dmark)  
02d6					ld (debug_mark),a  
02d6					ld a, (.dmark+1)  
02d6					ld (debug_mark+1),a  
02d6					ld a, (.dmark+2)  
02d6					ld (debug_mark+2),a  
02d6				endif  
02d6 18 04			jr .pastdmark  
02d8 ..			.dmark: db "SWB"  
02db				if DEMARK_VERSION = 1  
02db 00					db 0  
02dc				endif  
02dc				if DEMARK_VERSION = 1  
02dc e1			.pastdmark: pop hl  
02dd				endif  
02dd				if DEMARK_VERSION = 0  
02dd			.pastdmark: pop af  
02dd				endif  
02dd			endm  
# End of macro DMARK
02dd			 
02dd					;push af 
02dd					;ld a, 'W' 
02dd					;ld (debug_mark),a 
02dd					;pop af 
02dd					CALLMONITOR 
02dd				if BASE_CPM=1  
02dd cd 6b ee				call debug_vector  
02e0				endif  
02e0				if BASE_KEV=1  
02e0					rst 8  
02e0				endif  
02e0				endm  
# End of macro CALLMONITOR
02e0				endif 
02e0			 
02e0			; might not be working 
02e0			;	call se_writepage 
02e0			 
02e0			;	ret 
02e0			; 
02e0			 
02e0			 
02e0			 
02e0			.wl1:    
02e0			 
02e0				; read physical block at hl into de 
02e0			        ; increment hl and de to next read position on exit 
02e0			 
02e0 e5				push hl 
02e1 d5				push de	 
02e2 c5				push bc 
02e3 1a				ld a,(de) 
02e4				;if DEBUG_STORESE 
02e4			;		push af 
02e4			;		ld a, 'W' 
02e4			;		ld (debug_mark),a 
02e4			;		pop af 
02e4			;		CALLMONITOR 
02e4			;	endif 
02e4 cd e5 01			call se_writebyte 
02e7			;	call delay250ms 
02e7			;	nop 
02e7			;	nop 
02e7			;	nop 
02e7			;	if DEBUG_STORESE 
02e7			;		push af 
02e7			;		ld a, 'w' 
02e7			;		ld (debug_mark),a 
02e7			;		pop af 
02e7			;		CALLMONITOR 
02e7			;	endif 
02e7 c1				pop bc 
02e8 d1				pop de 
02e9 e1				pop hl 
02ea 23				inc hl 
02eb 13				inc de 
02ec			 
02ec			 
02ec 10 f2			djnz .wl1 
02ee			 
02ee				if DEBUG_STORESE 
02ee					DMARK "SW2" 
02ee				if DEMARK_VERSION = 1  
02ee e5					push hl  
02ef 21 f7 02				ld hl, .dmark  
02f2 22 60 ee				ld (debug_mark), hl  
02f5				endif  
02f5				if DEMARK_VERSION = 0  
02f5					push af  
02f5					ld a, (.dmark)  
02f5					ld (debug_mark),a  
02f5					ld a, (.dmark+1)  
02f5					ld (debug_mark+1),a  
02f5					ld a, (.dmark+2)  
02f5					ld (debug_mark+2),a  
02f5				endif  
02f5 18 04			jr .pastdmark  
02f7 ..			.dmark: db "SW2"  
02fa				if DEMARK_VERSION = 1  
02fa 00					db 0  
02fb				endif  
02fb				if DEMARK_VERSION = 1  
02fb e1			.pastdmark: pop hl  
02fc				endif  
02fc				if DEMARK_VERSION = 0  
02fc			.pastdmark: pop af  
02fc				endif  
02fc			endm  
# End of macro DMARK
02fc			 
02fc					;push af 
02fc					;ld a, 'W' 
02fc					;ld (debug_mark),a 
02fc					;pop af 
02fc					CALLMONITOR 
02fc				if BASE_CPM=1  
02fc cd 6b ee				call debug_vector  
02ff				endif  
02ff				if BASE_KEV=1  
02ff					rst 8  
02ff				endif  
02ff				endm  
# End of macro CALLMONITOR
02ff				endif 
02ff c9				ret	 
0300			 
0300			; Init bank 
0300			; --------- 
0300			; 
0300			; With current bank 
0300			; 
0300			; Setup block 0 config 
0300			;     Set 0 file id counter 
0300			;     Set formatted byte pattern 
0300			;     Zero out bank label 
0300			;      
0300			; For every logical block write 0-1 byte as null 
0300			 
0300			storage_get_block_0: 
0300			 
0300				; TODO check presence 
0300			 
0300				; get block 0 config 
0300			 
0300 21 00 00			ld hl, 0 
0303 11 6f ea			ld de, store_page 
0306 cd 7e 02			call storage_read_block 
0309			 
0309				if DEBUG_STORESE 
0309					DMARK "SB0" 
0309				if DEMARK_VERSION = 1  
0309 e5					push hl  
030a 21 12 03				ld hl, .dmark  
030d 22 60 ee				ld (debug_mark), hl  
0310				endif  
0310				if DEMARK_VERSION = 0  
0310					push af  
0310					ld a, (.dmark)  
0310					ld (debug_mark),a  
0310					ld a, (.dmark+1)  
0310					ld (debug_mark+1),a  
0310					ld a, (.dmark+2)  
0310					ld (debug_mark+2),a  
0310				endif  
0310 18 04			jr .pastdmark  
0312 ..			.dmark: db "SB0"  
0315				if DEMARK_VERSION = 1  
0315 00					db 0  
0316				endif  
0316				if DEMARK_VERSION = 1  
0316 e1			.pastdmark: pop hl  
0317				endif  
0317				if DEMARK_VERSION = 0  
0317			.pastdmark: pop af  
0317				endif  
0317			endm  
# End of macro DMARK
0317 11 6f ea				ld de, store_page 
031a			;		push af 
031a			;		ld a, 'i' 
031a			;		ld (debug_mark),a 
031a			;		pop af 
031a					CALLMONITOR 
031a				if BASE_CPM=1  
031a cd 6b ee				call debug_vector  
031d				endif  
031d				if BASE_KEV=1  
031d					rst 8  
031d				endif  
031d				endm  
# End of macro CALLMONITOR
031d				endif 
031d			 
031d				; is this area formatted? 
031d			 
031d			;      Byte - 1-2 formated: Byte pattern: 0x80 x27 
031d 2a 70 ea			ld hl, (store_page+1) 
0320 3e 80			ld a,0x80 
0322 bd				cp l 
0323 20 17			jr nz, .ininotformatted 
0325				; do a double check 
0325 3e 27			ld a, 0x27 
0327 bc				cp h 
0328 20 12			jr nz, .ininotformatted 
032a			 
032a				; formatted then 
032a			 
032a				if DEBUG_STORESE 
032a					DMARK "SB1" 
032a				if DEMARK_VERSION = 1  
032a e5					push hl  
032b 21 33 03				ld hl, .dmark  
032e 22 60 ee				ld (debug_mark), hl  
0331				endif  
0331				if DEMARK_VERSION = 0  
0331					push af  
0331					ld a, (.dmark)  
0331					ld (debug_mark),a  
0331					ld a, (.dmark+1)  
0331					ld (debug_mark+1),a  
0331					ld a, (.dmark+2)  
0331					ld (debug_mark+2),a  
0331				endif  
0331 18 04			jr .pastdmark  
0333 ..			.dmark: db "SB1"  
0336				if DEMARK_VERSION = 1  
0336 00					db 0  
0337				endif  
0337				if DEMARK_VERSION = 1  
0337 e1			.pastdmark: pop hl  
0338				endif  
0338				if DEMARK_VERSION = 0  
0338			.pastdmark: pop af  
0338				endif  
0338			endm  
# End of macro DMARK
0338					;push af 
0338					;ld a, 'I' 
0338					;ld (debug_mark),a 
0338					;pop af 
0338					CALLMONITOR 
0338				if BASE_CPM=1  
0338 cd 6b ee				call debug_vector  
033b				endif  
033b				if BASE_KEV=1  
033b					rst 8  
033b				endif  
033b				endm  
# End of macro CALLMONITOR
033b				endif 
033b c9				ret 
033c			 
033c			.ininotformatted: 
033c				; bank not formatted so poke various bits to make sure 
033c			 
033c				if DEBUG_STORESE 
033c					DMARK "SB2" 
033c				if DEMARK_VERSION = 1  
033c e5					push hl  
033d 21 45 03				ld hl, .dmark  
0340 22 60 ee				ld (debug_mark), hl  
0343				endif  
0343				if DEMARK_VERSION = 0  
0343					push af  
0343					ld a, (.dmark)  
0343					ld (debug_mark),a  
0343					ld a, (.dmark+1)  
0343					ld (debug_mark+1),a  
0343					ld a, (.dmark+2)  
0343					ld (debug_mark+2),a  
0343				endif  
0343 18 04			jr .pastdmark  
0345 ..			.dmark: db "SB2"  
0348				if DEMARK_VERSION = 1  
0348 00					db 0  
0349				endif  
0349				if DEMARK_VERSION = 1  
0349 e1			.pastdmark: pop hl  
034a				endif  
034a				if DEMARK_VERSION = 0  
034a			.pastdmark: pop af  
034a				endif  
034a			endm  
# End of macro DMARK
034a					;push af 
034a					;ld a, 'f' 
034a					;ld (debug_mark),a 
034a					;pop af 
034a					CALLMONITOR 
034a				if BASE_CPM=1  
034a cd 6b ee				call debug_vector  
034d				endif  
034d				if BASE_KEV=1  
034d					rst 8  
034d				endif  
034d				endm  
# End of macro CALLMONITOR
034d				endif 
034d			 
034d cd b1 08			call storage_clear_page 
0350			 
0350 21 6f ea			ld hl, store_page 
0353			;	ld a, 0 
0353				 
0353 36 00			ld (hl),0   ; reset file counter 
0355			 
0355 21 80 27			ld hl, 0x2780     ;      Byte - 1-2 formated: Byte pattern: 0x80 x27 
0358 22 70 ea		 	ld (store_page+1), hl	 
035b			 
035b				; set default label 
035b			 
035b 21 de 03			ld hl, .defaultbanklabl 
035e 11 72 ea		 	ld de, store_page+3 
0361 01 0f 00			ld bc, 15 
0364 ed b0			ldir 
0366			 
0366				; Append the current bank id 
0366 21 7b ea			ld hl, store_page+3+9 
0369 3a 4f ea			ld a, (spi_device_id) 
036c 77				ld (hl), a 
036d			 
036d				; save default page 0 
036d			 
036d 21 00 00			ld hl, 0 
0370 11 6f ea			ld de, store_page 
0373				if DEBUG_STORESE 
0373					DMARK "SB3" 
0373				if DEMARK_VERSION = 1  
0373 e5					push hl  
0374 21 7c 03				ld hl, .dmark  
0377 22 60 ee				ld (debug_mark), hl  
037a				endif  
037a				if DEMARK_VERSION = 0  
037a					push af  
037a					ld a, (.dmark)  
037a					ld (debug_mark),a  
037a					ld a, (.dmark+1)  
037a					ld (debug_mark+1),a  
037a					ld a, (.dmark+2)  
037a					ld (debug_mark+2),a  
037a				endif  
037a 18 04			jr .pastdmark  
037c ..			.dmark: db "SB3"  
037f				if DEMARK_VERSION = 1  
037f 00					db 0  
0380				endif  
0380				if DEMARK_VERSION = 1  
0380 e1			.pastdmark: pop hl  
0381				endif  
0381				if DEMARK_VERSION = 0  
0381			.pastdmark: pop af  
0381				endif  
0381			endm  
# End of macro DMARK
0381			;		push af 
0381			;		ld a, 'F' 
0381			;		ld (debug_mark),a 
0381			;		pop af 
0381					CALLMONITOR 
0381				if BASE_CPM=1  
0381 cd 6b ee				call debug_vector  
0384				endif  
0384				if BASE_KEV=1  
0384					rst 8  
0384				endif  
0384				endm  
# End of macro CALLMONITOR
0384				endif 
0384 cd cd 02			call storage_write_block 
0387				if DEBUG_STORESE 
0387					DMARK "SB4" 
0387				if DEMARK_VERSION = 1  
0387 e5					push hl  
0388 21 90 03				ld hl, .dmark  
038b 22 60 ee				ld (debug_mark), hl  
038e				endif  
038e				if DEMARK_VERSION = 0  
038e					push af  
038e					ld a, (.dmark)  
038e					ld (debug_mark),a  
038e					ld a, (.dmark+1)  
038e					ld (debug_mark+1),a  
038e					ld a, (.dmark+2)  
038e					ld (debug_mark+2),a  
038e				endif  
038e 18 04			jr .pastdmark  
0390 ..			.dmark: db "SB4"  
0393				if DEMARK_VERSION = 1  
0393 00					db 0  
0394				endif  
0394				if DEMARK_VERSION = 1  
0394 e1			.pastdmark: pop hl  
0395				endif  
0395				if DEMARK_VERSION = 0  
0395			.pastdmark: pop af  
0395				endif  
0395			endm  
# End of macro DMARK
0395			;		push af 
0395			;		ld a, '>' 
0395			;		ld (debug_mark),a 
0395			;		pop af 
0395					CALLMONITOR 
0395				if BASE_CPM=1  
0395 cd 6b ee				call debug_vector  
0398				endif  
0398				if BASE_KEV=1  
0398					rst 8  
0398				endif  
0398				endm  
# End of macro CALLMONITOR
0398				endif 
0398			 
0398			;	nop 
0398			;	nop 
0398			;	nop 
0398			 
0398				; now set 0 in every page to mark as a free block 
0398			 
0398 06 ff			ld b, STORE_DEVICE_MAXBLOCKS/2 
039a 21 40 00			ld hl, STORE_BLOCK_PHY 
039d			 
039d 3e 00		.setmark1:   	ld a,0 
039f e5					push hl 
03a0 c5					push bc 
03a1 cd e5 01				call se_writebyte 
03a4 3e 0a			ld a, 10 
03a6 cd d2 08			call aDelayInMS 
03a9 23				inc hl 
03aa cd e5 01				call se_writebyte 
03ad 3e 0a			ld a, 10 
03af cd d2 08			call aDelayInMS 
03b2 2b				dec hl 
03b3 c1					pop bc 
03b4 e1					pop hl 
03b5 3e 40				ld a, STORE_BLOCK_PHY 
03b7 cd f9 0b				call addatohl 
03ba 10 e1				djnz .setmark1 
03bc			 
03bc 06 ff			ld b, STORE_DEVICE_MAXBLOCKS/2 
03be 3e 00		.setmark2:   	ld a,0 
03c0 e5					push hl 
03c1 c5					push bc 
03c2 cd e5 01				call se_writebyte 
03c5 3e 0a			ld a, 10 
03c7 cd d2 08			call aDelayInMS 
03ca 23				inc hl 
03cb cd e5 01				call se_writebyte 
03ce 3e 0a			ld a, 10 
03d0 cd d2 08			call aDelayInMS 
03d3 2b				dec hl 
03d4 c1					pop bc 
03d5 e1					pop hl 
03d6 3e 40				ld a, STORE_BLOCK_PHY 
03d8 cd f9 0b				call addatohl 
03db 10 e1				djnz .setmark2 
03dd			 
03dd					 
03dd			 
03dd			 
03dd c9				ret 
03de			 
03de			 
03de			 
03de			 
03de .. 00		.defaultbanklabl:   db "BankLabel_",0 
03e9			 
03e9			 
03e9			 
03e9			; Label Bank 
03e9			; ---------- 
03e9			; 
03e9			; With current bank 
03e9			; Read block 0 
03e9			; Set label 
03e9			; Write block 0 
03e9			 
03e9			; label str pointer in hl 
03e9			 
03e9			storage_label:     
03e9			 
03e9				if DEBUG_STORESE 
03e9					DMARK "LBL" 
03e9				if DEMARK_VERSION = 1  
03e9 e5					push hl  
03ea 21 f2 03				ld hl, .dmark  
03ed 22 60 ee				ld (debug_mark), hl  
03f0				endif  
03f0				if DEMARK_VERSION = 0  
03f0					push af  
03f0					ld a, (.dmark)  
03f0					ld (debug_mark),a  
03f0					ld a, (.dmark+1)  
03f0					ld (debug_mark+1),a  
03f0					ld a, (.dmark+2)  
03f0					ld (debug_mark+2),a  
03f0				endif  
03f0 18 04			jr .pastdmark  
03f2 ..			.dmark: db "LBL"  
03f5				if DEMARK_VERSION = 1  
03f5 00					db 0  
03f6				endif  
03f6				if DEMARK_VERSION = 1  
03f6 e1			.pastdmark: pop hl  
03f7				endif  
03f7				if DEMARK_VERSION = 0  
03f7			.pastdmark: pop af  
03f7				endif  
03f7			endm  
# End of macro DMARK
03f7					CALLMONITOR 
03f7				if BASE_CPM=1  
03f7 cd 6b ee				call debug_vector  
03fa				endif  
03fa				if BASE_KEV=1  
03fa					rst 8  
03fa				endif  
03fa				endm  
# End of macro CALLMONITOR
03fa				endif 
03fa			 
03fa e5				push hl 
03fb			 
03fb cd 00 03			call storage_get_block_0 
03fe			 
03fe				; set default label 
03fe			 
03fe e1				pop hl 
03ff			 
03ff 11 72 ea		 	ld de, store_page+3 
0402 01 0f 00			ld bc, 15 
0405				if DEBUG_STORESE 
0405					DMARK "LB3" 
0405				if DEMARK_VERSION = 1  
0405 e5					push hl  
0406 21 0e 04				ld hl, .dmark  
0409 22 60 ee				ld (debug_mark), hl  
040c				endif  
040c				if DEMARK_VERSION = 0  
040c					push af  
040c					ld a, (.dmark)  
040c					ld (debug_mark),a  
040c					ld a, (.dmark+1)  
040c					ld (debug_mark+1),a  
040c					ld a, (.dmark+2)  
040c					ld (debug_mark+2),a  
040c				endif  
040c 18 04			jr .pastdmark  
040e ..			.dmark: db "LB3"  
0411				if DEMARK_VERSION = 1  
0411 00					db 0  
0412				endif  
0412				if DEMARK_VERSION = 1  
0412 e1			.pastdmark: pop hl  
0413				endif  
0413				if DEMARK_VERSION = 0  
0413			.pastdmark: pop af  
0413				endif  
0413			endm  
# End of macro DMARK
0413					CALLMONITOR 
0413				if BASE_CPM=1  
0413 cd 6b ee				call debug_vector  
0416				endif  
0416				if BASE_KEV=1  
0416					rst 8  
0416				endif  
0416				endm  
# End of macro CALLMONITOR
0416				endif 
0416 ed b0			ldir 
0418				; save default page 0 
0418			 
0418 21 00 00			ld hl, 0 
041b 11 6f ea			ld de, store_page 
041e				if DEBUG_STORESE 
041e					DMARK "LBW" 
041e				if DEMARK_VERSION = 1  
041e e5					push hl  
041f 21 27 04				ld hl, .dmark  
0422 22 60 ee				ld (debug_mark), hl  
0425				endif  
0425				if DEMARK_VERSION = 0  
0425					push af  
0425					ld a, (.dmark)  
0425					ld (debug_mark),a  
0425					ld a, (.dmark+1)  
0425					ld (debug_mark+1),a  
0425					ld a, (.dmark+2)  
0425					ld (debug_mark+2),a  
0425				endif  
0425 18 04			jr .pastdmark  
0427 ..			.dmark: db "LBW"  
042a				if DEMARK_VERSION = 1  
042a 00					db 0  
042b				endif  
042b				if DEMARK_VERSION = 1  
042b e1			.pastdmark: pop hl  
042c				endif  
042c				if DEMARK_VERSION = 0  
042c			.pastdmark: pop af  
042c				endif  
042c			endm  
# End of macro DMARK
042c					CALLMONITOR 
042c				if BASE_CPM=1  
042c cd 6b ee				call debug_vector  
042f				endif  
042f				if BASE_KEV=1  
042f					rst 8  
042f				endif  
042f				endm  
# End of macro CALLMONITOR
042f				endif 
042f cd cd 02			call storage_write_block 
0432			 
0432 c9				ret 
0433			 
0433			 
0433			 
0433			; Read Block 0 - Config 
0433			; --------------------- 
0433			; 
0433			; With current bank 
0433			; Call presence test 
0433			;    If not present format/init bank  
0433			; Read block 0  
0433			;  
0433			 
0433			 
0433			; Dir 
0433			; --- 
0433			; 
0433			; With current bank 
0433			; Load Block 0 Config 
0433			; Get max file id number 
0433			; For each logical block 
0433			;    Read block read byte 2 
0433			;      if first block of file 
0433			;         Display file name 
0433			;         Display type flags for file 
0433			;        
0433			 
0433			; moving to words as this requires stack control 
0433			 
0433			 
0433			; Delete File 
0433			; ----------- 
0433			; 
0433			; With current bank 
0433			; 
0433			; Load Block 0 Config 
0433			; Get max file id number 
0433			; For each logical block 
0433			;    Read block file id 
0433			;      If first block of file and dont have file id 
0433			;         if file to delete 
0433			;         Save file id 
0433			;         Null file id 
0433			;         Write this block back 
0433			;      If file id is one saved 
0433			;         Null file id 
0433			;         Write this block back 
0433			 
0433			 
0433			.se_done: 
0433 e1				pop hl 
0434 c9				ret 
0435			 
0435			storage_erase: 
0435			 
0435				; hl contains the file id 
0435			 
0435 5d				ld e, l 
0436 16 00			ld d, 0 
0438 21 40 00			ld hl, STORE_BLOCK_PHY 
043b					if DEBUG_FORTH_WORDS 
043b						DMARK "ERA" 
043b				if DEMARK_VERSION = 1  
043b e5					push hl  
043c 21 44 04				ld hl, .dmark  
043f 22 60 ee				ld (debug_mark), hl  
0442				endif  
0442				if DEMARK_VERSION = 0  
0442					push af  
0442					ld a, (.dmark)  
0442					ld (debug_mark),a  
0442					ld a, (.dmark+1)  
0442					ld (debug_mark+1),a  
0442					ld a, (.dmark+2)  
0442					ld (debug_mark+2),a  
0442				endif  
0442 18 04			jr .pastdmark  
0444 ..			.dmark: db "ERA"  
0447				if DEMARK_VERSION = 1  
0447 00					db 0  
0448				endif  
0448				if DEMARK_VERSION = 1  
0448 e1			.pastdmark: pop hl  
0449				endif  
0449				if DEMARK_VERSION = 0  
0449			.pastdmark: pop af  
0449				endif  
0449			endm  
# End of macro DMARK
0449						CALLMONITOR 
0449				if BASE_CPM=1  
0449 cd 6b ee				call debug_vector  
044c				endif  
044c				if BASE_KEV=1  
044c					rst 8  
044c				endif  
044c				endm  
# End of macro CALLMONITOR
044c					endif 
044c cd ef 04			call storage_findnextid 
044f cd 22 0c			call ishlzero 
0452 c8				ret z 
0453			 
0453 e5				push hl 
0454			 
0454				; TODO check file not found 
0454			 
0454 11 6f ea			ld de, store_page 
0457 cd 7e 02			call storage_read_block 
045a			 
045a cd 22 0c			call ishlzero 
045d ca 33 04			jp z,.se_done 
0460			 
0460					if DEBUG_FORTH_WORDS 
0460						DMARK "ER1" 
0460				if DEMARK_VERSION = 1  
0460 e5					push hl  
0461 21 69 04				ld hl, .dmark  
0464 22 60 ee				ld (debug_mark), hl  
0467				endif  
0467				if DEMARK_VERSION = 0  
0467					push af  
0467					ld a, (.dmark)  
0467					ld (debug_mark),a  
0467					ld a, (.dmark+1)  
0467					ld (debug_mark+1),a  
0467					ld a, (.dmark+2)  
0467					ld (debug_mark+2),a  
0467				endif  
0467 18 04			jr .pastdmark  
0469 ..			.dmark: db "ER1"  
046c				if DEMARK_VERSION = 1  
046c 00					db 0  
046d				endif  
046d				if DEMARK_VERSION = 1  
046d e1			.pastdmark: pop hl  
046e				endif  
046e				if DEMARK_VERSION = 0  
046e			.pastdmark: pop af  
046e				endif  
046e			endm  
# End of macro DMARK
046e						CALLMONITOR 
046e				if BASE_CPM=1  
046e cd 6b ee				call debug_vector  
0471				endif  
0471				if BASE_KEV=1  
0471					rst 8  
0471				endif  
0471				endm  
# End of macro CALLMONITOR
0471					endif 
0471 3a 6f ea			ld a, (store_page)	; get file id 
0474 32 63 ea			ld (store_tmpid), a 
0477			 
0477 3a 71 ea			ld a, (store_page+2)    ; get count of extends 
047a 32 62 ea			ld (store_tmpext), a 
047d			 
047d				; wipe file header 
047d			 
047d e1				pop hl 
047e 3e 00			ld a, 0 
0480 32 6f ea			ld (store_page), a 
0483 32 70 ea			ld (store_page+1),a 
0486 11 6f ea			ld de, store_page 
0489					if DEBUG_FORTH_WORDS 
0489						DMARK "ER2" 
0489				if DEMARK_VERSION = 1  
0489 e5					push hl  
048a 21 92 04				ld hl, .dmark  
048d 22 60 ee				ld (debug_mark), hl  
0490				endif  
0490				if DEMARK_VERSION = 0  
0490					push af  
0490					ld a, (.dmark)  
0490					ld (debug_mark),a  
0490					ld a, (.dmark+1)  
0490					ld (debug_mark+1),a  
0490					ld a, (.dmark+2)  
0490					ld (debug_mark+2),a  
0490				endif  
0490 18 04			jr .pastdmark  
0492 ..			.dmark: db "ER2"  
0495				if DEMARK_VERSION = 1  
0495 00					db 0  
0496				endif  
0496				if DEMARK_VERSION = 1  
0496 e1			.pastdmark: pop hl  
0497				endif  
0497				if DEMARK_VERSION = 0  
0497			.pastdmark: pop af  
0497				endif  
0497			endm  
# End of macro DMARK
0497						CALLMONITOR 
0497				if BASE_CPM=1  
0497 cd 6b ee				call debug_vector  
049a				endif  
049a				if BASE_KEV=1  
049a					rst 8  
049a				endif  
049a				endm  
# End of macro CALLMONITOR
049a					endif 
049a cd cd 02			call storage_write_block 
049d			 
049d			 
049d				; wipe file extents 
049d			 
049d 3a 62 ea			ld a, (store_tmpext) 
04a0 47				ld b, a 
04a1			 
04a1			.eraext:	  
04a1 c5				push bc 
04a2			 
04a2 21 40 00			ld hl, STORE_BLOCK_PHY 
04a5 3a 63 ea			ld a,(store_tmpid) 
04a8 5f				ld e, a 
04a9 50				ld d, b	 
04aa					if DEBUG_FORTH_WORDS 
04aa						DMARK "ER3" 
04aa				if DEMARK_VERSION = 1  
04aa e5					push hl  
04ab 21 b3 04				ld hl, .dmark  
04ae 22 60 ee				ld (debug_mark), hl  
04b1				endif  
04b1				if DEMARK_VERSION = 0  
04b1					push af  
04b1					ld a, (.dmark)  
04b1					ld (debug_mark),a  
04b1					ld a, (.dmark+1)  
04b1					ld (debug_mark+1),a  
04b1					ld a, (.dmark+2)  
04b1					ld (debug_mark+2),a  
04b1				endif  
04b1 18 04			jr .pastdmark  
04b3 ..			.dmark: db "ER3"  
04b6				if DEMARK_VERSION = 1  
04b6 00					db 0  
04b7				endif  
04b7				if DEMARK_VERSION = 1  
04b7 e1			.pastdmark: pop hl  
04b8				endif  
04b8				if DEMARK_VERSION = 0  
04b8			.pastdmark: pop af  
04b8				endif  
04b8			endm  
# End of macro DMARK
04b8						CALLMONITOR 
04b8				if BASE_CPM=1  
04b8 cd 6b ee				call debug_vector  
04bb				endif  
04bb				if BASE_KEV=1  
04bb					rst 8  
04bb				endif  
04bb				endm  
# End of macro CALLMONITOR
04bb					endif 
04bb cd ef 04			call storage_findnextid 
04be cd 22 0c			call ishlzero 
04c1 ca 33 04			jp z,.se_done 
04c4			 
04c4 e5				push hl 
04c5 11 6f ea			ld de, store_page 
04c8 cd 7e 02			call storage_read_block 
04cb			 
04cb				; free block	 
04cb			 
04cb 3e 00			ld a, 0 
04cd 32 6f ea			ld (store_page), a 
04d0 32 70 ea			ld (store_page+1),a 
04d3 11 6f ea			ld de, store_page 
04d6 e1				pop hl 
04d7					if DEBUG_FORTH_WORDS 
04d7						DMARK "ER4" 
04d7				if DEMARK_VERSION = 1  
04d7 e5					push hl  
04d8 21 e0 04				ld hl, .dmark  
04db 22 60 ee				ld (debug_mark), hl  
04de				endif  
04de				if DEMARK_VERSION = 0  
04de					push af  
04de					ld a, (.dmark)  
04de					ld (debug_mark),a  
04de					ld a, (.dmark+1)  
04de					ld (debug_mark+1),a  
04de					ld a, (.dmark+2)  
04de					ld (debug_mark+2),a  
04de				endif  
04de 18 04			jr .pastdmark  
04e0 ..			.dmark: db "ER4"  
04e3				if DEMARK_VERSION = 1  
04e3 00					db 0  
04e4				endif  
04e4				if DEMARK_VERSION = 1  
04e4 e1			.pastdmark: pop hl  
04e5				endif  
04e5				if DEMARK_VERSION = 0  
04e5			.pastdmark: pop af  
04e5				endif  
04e5			endm  
# End of macro DMARK
04e5						CALLMONITOR 
04e5				if BASE_CPM=1  
04e5 cd 6b ee				call debug_vector  
04e8				endif  
04e8				if BASE_KEV=1  
04e8					rst 8  
04e8				endif  
04e8				endm  
# End of macro CALLMONITOR
04e8					endif 
04e8 cd cd 02			call storage_write_block 
04eb			 
04eb c1				pop bc 
04ec 10 b3			djnz .eraext 
04ee			 
04ee c9				ret 
04ef			 
04ef			 
04ef			; Find Free Block 
04ef			; --------------- 
04ef			; 
04ef			; With current bank 
04ef			;  
04ef			; From given starting logical block 
04ef			;    Read block  
04ef			;    If no file id 
04ef			;         Return block id 
04ef			 
04ef			 
04ef			; hl starting page number 
04ef			; hl contains free page number or zero if no pages free 
04ef			; e contains the file id to locate 
04ef			; d contains the block number 
04ef			 
04ef			; TODO change to find file id and use zero for free block 
04ef			 
04ef			storage_findnextid: 
04ef			 
04ef				; now locate first 0 page to mark as a free block 
04ef			 
04ef 06 ff			ld b, STORE_DEVICE_MAXBLOCKS/2 
04f1			;	ld hl, STORE_BLOCK_PHY 
04f1			 
04f1					if DEBUG_FORTH_WORDS 
04f1					DMARK "FNI" 
04f1				if DEMARK_VERSION = 1  
04f1 e5					push hl  
04f2 21 fa 04				ld hl, .dmark  
04f5 22 60 ee				ld (debug_mark), hl  
04f8				endif  
04f8				if DEMARK_VERSION = 0  
04f8					push af  
04f8					ld a, (.dmark)  
04f8					ld (debug_mark),a  
04f8					ld a, (.dmark+1)  
04f8					ld (debug_mark+1),a  
04f8					ld a, (.dmark+2)  
04f8					ld (debug_mark+2),a  
04f8				endif  
04f8 18 04			jr .pastdmark  
04fa ..			.dmark: db "FNI"  
04fd				if DEMARK_VERSION = 1  
04fd 00					db 0  
04fe				endif  
04fe				if DEMARK_VERSION = 1  
04fe e1			.pastdmark: pop hl  
04ff				endif  
04ff				if DEMARK_VERSION = 0  
04ff			.pastdmark: pop af  
04ff				endif  
04ff			endm  
# End of macro DMARK
04ff						CALLMONITOR 
04ff				if BASE_CPM=1  
04ff cd 6b ee				call debug_vector  
0502				endif  
0502				if BASE_KEV=1  
0502					rst 8  
0502				endif  
0502				endm  
# End of macro CALLMONITOR
0502					endif 
0502			.ff1:   	 
0502 e5					push hl 
0503 c5					push bc 
0504 d5					push de 
0505 cd e4 01				call se_readbyte 
0508 5f					ld e,a 
0509 23					inc hl 
050a cd e4 01				call se_readbyte 
050d 57					ld d, a 
050e e1					pop hl 
050f e5					push hl 
0510 cd 17 0c				call cmp16 
0513 28 3e				jr z, .fffound 
0515			 
0515 d1					pop de 
0516 c1					pop bc 
0517 e1					pop hl 
0518			 
0518					; is found? 
0518					;cp e 
0518					;ret z 
0518			 
0518 3e 40				ld a, STORE_BLOCK_PHY 
051a cd f9 0b				call addatohl 
051d 10 e3				djnz .ff1 
051f			 
051f 06 ff			ld b, STORE_DEVICE_MAXBLOCKS/2 
0521			.ff2:   	 
0521			 
0521 e5					push hl 
0522 c5					push bc 
0523 d5					push de 
0524 cd e4 01				call se_readbyte 
0527 5f					ld e,a 
0528 23					inc hl 
0529 cd e4 01				call se_readbyte 
052c 57					ld d, a 
052d			 
052d e1					pop hl 
052e e5					push hl 
052f cd 17 0c				call cmp16 
0532 28 1f				jr z, .fffound 
0534			 
0534 d1					pop de 
0535 c1					pop bc 
0536 e1					pop hl 
0537					; is found? 
0537					;cp e 
0537					;ret z 
0537			 
0537 3e 40				ld a, STORE_BLOCK_PHY 
0539 cd f9 0b				call addatohl 
053c 10 e3				djnz .ff2 
053e			 
053e			 
053e					if DEBUG_FORTH_WORDS 
053e					DMARK "FN-" 
053e				if DEMARK_VERSION = 1  
053e e5					push hl  
053f 21 47 05				ld hl, .dmark  
0542 22 60 ee				ld (debug_mark), hl  
0545				endif  
0545				if DEMARK_VERSION = 0  
0545					push af  
0545					ld a, (.dmark)  
0545					ld (debug_mark),a  
0545					ld a, (.dmark+1)  
0545					ld (debug_mark+1),a  
0545					ld a, (.dmark+2)  
0545					ld (debug_mark+2),a  
0545				endif  
0545 18 04			jr .pastdmark  
0547 ..			.dmark: db "FN-"  
054a				if DEMARK_VERSION = 1  
054a 00					db 0  
054b				endif  
054b				if DEMARK_VERSION = 1  
054b e1			.pastdmark: pop hl  
054c				endif  
054c				if DEMARK_VERSION = 0  
054c			.pastdmark: pop af  
054c				endif  
054c			endm  
# End of macro DMARK
054c					;	push af 
054c					;	ld a, 'n' 
054c					;	ld (debug_mark),a 
054c					;	pop af 
054c						CALLMONITOR 
054c				if BASE_CPM=1  
054c cd 6b ee				call debug_vector  
054f				endif  
054f				if BASE_KEV=1  
054f					rst 8  
054f				endif  
054f				endm  
# End of macro CALLMONITOR
054f					endif 
054f				; no free marks! 
054f 21 00 00				ld hl, 0 
0552 c9				ret 
0553			.fffound: 
0553				 
0553			 
0553 d1					pop de 
0554 c1					pop bc 
0555 e1					pop hl 
0556					if DEBUG_FORTH_WORDS 
0556					DMARK "FNF" 
0556				if DEMARK_VERSION = 1  
0556 e5					push hl  
0557 21 5f 05				ld hl, .dmark  
055a 22 60 ee				ld (debug_mark), hl  
055d				endif  
055d				if DEMARK_VERSION = 0  
055d					push af  
055d					ld a, (.dmark)  
055d					ld (debug_mark),a  
055d					ld a, (.dmark+1)  
055d					ld (debug_mark+1),a  
055d					ld a, (.dmark+2)  
055d					ld (debug_mark+2),a  
055d				endif  
055d 18 04			jr .pastdmark  
055f ..			.dmark: db "FNF"  
0562				if DEMARK_VERSION = 1  
0562 00					db 0  
0563				endif  
0563				if DEMARK_VERSION = 1  
0563 e1			.pastdmark: pop hl  
0564				endif  
0564				if DEMARK_VERSION = 0  
0564			.pastdmark: pop af  
0564				endif  
0564			endm  
# End of macro DMARK
0564					;	push af 
0564					;	ld a, 'n' 
0564					;	ld (debug_mark),a 
0564					;	pop af 
0564						CALLMONITOR 
0564				if BASE_CPM=1  
0564 cd 6b ee				call debug_vector  
0567				endif  
0567				if BASE_KEV=1  
0567					rst 8  
0567				endif  
0567				endm  
# End of macro CALLMONITOR
0567					endif 
0567 c9				ret 
0568			 
0568			 
0568			 
0568			; Free Space 
0568			; ---------- 
0568			; 
0568			; With current bank 
0568			; 
0568			; Set block count to zero 
0568			; Starting with first logical block 
0568			;      Find free block  
0568			;      If block id given, increment block count 
0568			; 
0568			;  
0568			 
0568			 
0568			; hl contains count of free blocks 
0568			 
0568			storage_freeblocks: 
0568			 
0568				; now locate first 0 page to mark as a free block 
0568			 
0568 06 ff			ld b, STORE_DEVICE_MAXBLOCKS/2 
056a 21 40 00			ld hl, STORE_BLOCK_PHY 
056d 11 00 00			ld de, 0 
0570			 
0570			.fb1:   	 
0570 e5					push hl 
0571 c5					push bc 
0572 d5					push de 
0573 cd e4 01				call se_readbyte 
0576 d1					pop de 
0577 c1					pop bc 
0578 e1					pop hl 
0579			 
0579					; is free? 
0579			;		cp 0 
0579 b7					or a 
057a 20 01				jr nz, .ff1cont 
057c 13					inc de 
057d			 
057d			.ff1cont: 
057d			 
057d			 
057d 3e 40				ld a, STORE_BLOCK_PHY 
057f cd f9 0b				call addatohl 
0582 10 ec				djnz .fb1 
0584			 
0584 06 ff			ld b, STORE_DEVICE_MAXBLOCKS/2 
0586			.fb2:   	 
0586 e5					push hl 
0587 c5					push bc 
0588 d5					push de 
0589 cd e4 01				call se_readbyte 
058c d1					pop de 
058d c1					pop bc 
058e e1					pop hl 
058f			 
058f					; is free? 
058f			;		cp 0 
058f b7					or a 
0590 20 01				jr nz, .ff2cont 
0592 13					inc de 
0593			 
0593			.ff2cont: 
0593			 
0593 3e 40				ld a, STORE_BLOCK_PHY 
0595 cd f9 0b				call addatohl 
0598 10 ec				djnz .fb2 
059a			 
059a eb				ex de, hl 
059b c9				ret 
059c			 
059c			; Get File ID 
059c			; ----------- 
059c			; 
059c			; With current bank 
059c			;  
059c			; Load Block 0 Config 
059c			; Get max file id number 
059c			; For each logical block 
059c			;    Read block file id 
059c			;      If first block of file and dont have file id 
059c			;         if file get id and exit 
059c			 
059c			 
059c			 
059c			 
059c			; Create File 
059c			; ----------- 
059c			; 
059c			; With current bank  
059c			; Load Block 0 Config 
059c			; Get max file id number 
059c			; Increment file id number 
059c			; Save Config 
059c			; Find free block 
059c			; Set buffer with file name and file id 
059c			; Write buffer to free block  
059c			 
059c			 
059c			; hl point to file name 
059c			; hl returns file id 
059c			 
059c			; file format: 
059c			; byte 0 - file id 
059c			; byte 1 - extent number 
059c			; byte 2-> data 
059c			 
059c			; format for extent number 0: 
059c			; 
059c			; byte 0 - file id 
059c			; byte 1 - extent 0 
059c			; byte 2 - extent count 
059c			; byte 3 -> file name and meta data 
059c			 
059c			 
059c			storage_create: 
059c				if DEBUG_STORESE 
059c					DMARK "SCR" 
059c				if DEMARK_VERSION = 1  
059c e5					push hl  
059d 21 a5 05				ld hl, .dmark  
05a0 22 60 ee				ld (debug_mark), hl  
05a3				endif  
05a3				if DEMARK_VERSION = 0  
05a3					push af  
05a3					ld a, (.dmark)  
05a3					ld (debug_mark),a  
05a3					ld a, (.dmark+1)  
05a3					ld (debug_mark+1),a  
05a3					ld a, (.dmark+2)  
05a3					ld (debug_mark+2),a  
05a3				endif  
05a3 18 04			jr .pastdmark  
05a5 ..			.dmark: db "SCR"  
05a8				if DEMARK_VERSION = 1  
05a8 00					db 0  
05a9				endif  
05a9				if DEMARK_VERSION = 1  
05a9 e1			.pastdmark: pop hl  
05aa				endif  
05aa				if DEMARK_VERSION = 0  
05aa			.pastdmark: pop af  
05aa				endif  
05aa			endm  
# End of macro DMARK
05aa					CALLMONITOR 
05aa				if BASE_CPM=1  
05aa cd 6b ee				call debug_vector  
05ad				endif  
05ad				if BASE_KEV=1  
05ad					rst 8  
05ad				endif  
05ad				endm  
# End of macro CALLMONITOR
05ad				endif 
05ad			 
05ad e5				push hl		; save file name pointer 
05ae			 
05ae cd 00 03			call storage_get_block_0 
05b1			 
05b1 3a 6f ea			ld a,(store_page)	; get current file id 
05b4 3c				inc a 
05b5 32 6f ea			ld (store_page),a 
05b8				 
05b8 32 63 ea			ld (store_tmpid),a			; save id 
05bb			 
05bb 21 00 00			ld hl, 0 
05be 11 6f ea			ld de, store_page 
05c1				if DEBUG_STORESE 
05c1					DMARK "SCw" 
05c1				if DEMARK_VERSION = 1  
05c1 e5					push hl  
05c2 21 ca 05				ld hl, .dmark  
05c5 22 60 ee				ld (debug_mark), hl  
05c8				endif  
05c8				if DEMARK_VERSION = 0  
05c8					push af  
05c8					ld a, (.dmark)  
05c8					ld (debug_mark),a  
05c8					ld a, (.dmark+1)  
05c8					ld (debug_mark+1),a  
05c8					ld a, (.dmark+2)  
05c8					ld (debug_mark+2),a  
05c8				endif  
05c8 18 04			jr .pastdmark  
05ca ..			.dmark: db "SCw"  
05cd				if DEMARK_VERSION = 1  
05cd 00					db 0  
05ce				endif  
05ce				if DEMARK_VERSION = 1  
05ce e1			.pastdmark: pop hl  
05cf				endif  
05cf				if DEMARK_VERSION = 0  
05cf			.pastdmark: pop af  
05cf				endif  
05cf			endm  
# End of macro DMARK
05cf					CALLMONITOR 
05cf				if BASE_CPM=1  
05cf cd 6b ee				call debug_vector  
05d2				endif  
05d2				if BASE_KEV=1  
05d2					rst 8  
05d2				endif  
05d2				endm  
# End of macro CALLMONITOR
05d2				endif 
05d2 cd cd 02			call storage_write_block	 ; save update 
05d5			 
05d5				if DEBUG_STORESE 
05d5 11 6f ea				ld de, store_page 
05d8					DMARK "SCC" 
05d8				if DEMARK_VERSION = 1  
05d8 e5					push hl  
05d9 21 e1 05				ld hl, .dmark  
05dc 22 60 ee				ld (debug_mark), hl  
05df				endif  
05df				if DEMARK_VERSION = 0  
05df					push af  
05df					ld a, (.dmark)  
05df					ld (debug_mark),a  
05df					ld a, (.dmark+1)  
05df					ld (debug_mark+1),a  
05df					ld a, (.dmark+2)  
05df					ld (debug_mark+2),a  
05df				endif  
05df 18 04			jr .pastdmark  
05e1 ..			.dmark: db "SCC"  
05e4				if DEMARK_VERSION = 1  
05e4 00					db 0  
05e5				endif  
05e5				if DEMARK_VERSION = 1  
05e5 e1			.pastdmark: pop hl  
05e6				endif  
05e6				if DEMARK_VERSION = 0  
05e6			.pastdmark: pop af  
05e6				endif  
05e6			endm  
# End of macro DMARK
05e6					CALLMONITOR 
05e6				if BASE_CPM=1  
05e6 cd 6b ee				call debug_vector  
05e9				endif  
05e9				if BASE_KEV=1  
05e9					rst 8  
05e9				endif  
05e9				endm  
# End of macro CALLMONITOR
05e9				endif 
05e9				;  
05e9				 
05e9 21 40 00			ld hl, STORE_BLOCK_PHY 
05ec 11 00 00			ld de, 0 
05ef cd ef 04			call storage_findnextid 
05f2			 
05f2 22 5a ea			ld (store_tmppageid), hl    ; save page to use  
05f5			 
05f5				; TODO detect 0 = no spare blocks 
05f5			 
05f5				; hl now contains the free page to use for the file header page 
05f5			 
05f5				if DEBUG_STORESE 
05f5				DMARK "SCF" 
05f5				if DEMARK_VERSION = 1  
05f5 e5					push hl  
05f6 21 fe 05				ld hl, .dmark  
05f9 22 60 ee				ld (debug_mark), hl  
05fc				endif  
05fc				if DEMARK_VERSION = 0  
05fc					push af  
05fc					ld a, (.dmark)  
05fc					ld (debug_mark),a  
05fc					ld a, (.dmark+1)  
05fc					ld (debug_mark+1),a  
05fc					ld a, (.dmark+2)  
05fc					ld (debug_mark+2),a  
05fc				endif  
05fc 18 04			jr .pastdmark  
05fe ..			.dmark: db "SCF"  
0601				if DEMARK_VERSION = 1  
0601 00					db 0  
0602				endif  
0602				if DEMARK_VERSION = 1  
0602 e1			.pastdmark: pop hl  
0603				endif  
0603				if DEMARK_VERSION = 0  
0603			.pastdmark: pop af  
0603				endif  
0603			endm  
# End of macro DMARK
0603					CALLMONITOR 
0603				if BASE_CPM=1  
0603 cd 6b ee				call debug_vector  
0606				endif  
0606				if BASE_KEV=1  
0606					rst 8  
0606				endif  
0606				endm  
# End of macro CALLMONITOR
0606				endif 
0606			 
0606 22 5a ea			ld (store_tmppageid), hl 
0609				 
0609 3a 63 ea			ld a,(store_tmpid)    ; get file id 
060c			;	ld a, (store_filecache)			; save to cache 
060c			 
060c 32 6f ea			ld (store_page),a    ; set page id 
060f 3e 00			ld a, 0			 ; extent 0 is file header 
0611 32 70 ea			ld (store_page+1), a   ; set file extent 
0614			 
0614 32 71 ea			ld (store_page+2), a   ; extent count for the file 
0617			 
0617			;	inc hl 		; init block 0 of file 
0617			;	inc hl   		; skip file and extent id 
0617			 ;       ld a, 0 
0617			;	ld (hl),a 
0617			;	ld a, (store_filecache+1)  	; save to cache 
0617			 
0617			;	inc hl    ; file name 
0617				 
0617				 
0617 11 72 ea			ld de, store_page+3    ; get buffer for term string to use as file name 
061a				if DEBUG_STORESE 
061a					DMARK "SCc" 
061a				if DEMARK_VERSION = 1  
061a e5					push hl  
061b 21 23 06				ld hl, .dmark  
061e 22 60 ee				ld (debug_mark), hl  
0621				endif  
0621				if DEMARK_VERSION = 0  
0621					push af  
0621					ld a, (.dmark)  
0621					ld (debug_mark),a  
0621					ld a, (.dmark+1)  
0621					ld (debug_mark+1),a  
0621					ld a, (.dmark+2)  
0621					ld (debug_mark+2),a  
0621				endif  
0621 18 04			jr .pastdmark  
0623 ..			.dmark: db "SCc"  
0626				if DEMARK_VERSION = 1  
0626 00					db 0  
0627				endif  
0627				if DEMARK_VERSION = 1  
0627 e1			.pastdmark: pop hl  
0628				endif  
0628				if DEMARK_VERSION = 0  
0628			.pastdmark: pop af  
0628				endif  
0628			endm  
# End of macro DMARK
0628					CALLMONITOR 
0628				if BASE_CPM=1  
0628 cd 6b ee				call debug_vector  
062b				endif  
062b				if BASE_KEV=1  
062b					rst 8  
062b				endif  
062b				endm  
# End of macro CALLMONITOR
062b				endif 
062b e1				pop hl    ; get zero term string 
062c e5				push hl 
062d 3e 00			ld a, 0 
062f cd 5c 0f			call strlent 
0632 23				inc hl   ; cover zero term 
0633 06 00			ld b,0 
0635 4d				ld c,l 
0636 e1				pop hl 
0637				;ex de, hl 
0637				if DEBUG_STORESE 
0637					DMARK "SCa" 
0637				if DEMARK_VERSION = 1  
0637 e5					push hl  
0638 21 40 06				ld hl, .dmark  
063b 22 60 ee				ld (debug_mark), hl  
063e				endif  
063e				if DEMARK_VERSION = 0  
063e					push af  
063e					ld a, (.dmark)  
063e					ld (debug_mark),a  
063e					ld a, (.dmark+1)  
063e					ld (debug_mark+1),a  
063e					ld a, (.dmark+2)  
063e					ld (debug_mark+2),a  
063e				endif  
063e 18 04			jr .pastdmark  
0640 ..			.dmark: db "SCa"  
0643				if DEMARK_VERSION = 1  
0643 00					db 0  
0644				endif  
0644				if DEMARK_VERSION = 1  
0644 e1			.pastdmark: pop hl  
0645				endif  
0645				if DEMARK_VERSION = 0  
0645			.pastdmark: pop af  
0645				endif  
0645			endm  
# End of macro DMARK
0645					;push af 
0645					;ld a, 'a' 
0645					;ld (debug_mark),a 
0645					;pop af 
0645					CALLMONITOR 
0645				if BASE_CPM=1  
0645 cd 6b ee				call debug_vector  
0648				endif  
0648				if BASE_KEV=1  
0648					rst 8  
0648				endif  
0648				endm  
# End of macro CALLMONITOR
0648				endif 
0648 ed b0			ldir    ; copy zero term string 
064a				if DEBUG_STORESE 
064a					DMARK "SCA" 
064a				if DEMARK_VERSION = 1  
064a e5					push hl  
064b 21 53 06				ld hl, .dmark  
064e 22 60 ee				ld (debug_mark), hl  
0651				endif  
0651				if DEMARK_VERSION = 0  
0651					push af  
0651					ld a, (.dmark)  
0651					ld (debug_mark),a  
0651					ld a, (.dmark+1)  
0651					ld (debug_mark+1),a  
0651					ld a, (.dmark+2)  
0651					ld (debug_mark+2),a  
0651				endif  
0651 18 04			jr .pastdmark  
0653 ..			.dmark: db "SCA"  
0656				if DEMARK_VERSION = 1  
0656 00					db 0  
0657				endif  
0657				if DEMARK_VERSION = 1  
0657 e1			.pastdmark: pop hl  
0658				endif  
0658				if DEMARK_VERSION = 0  
0658			.pastdmark: pop af  
0658				endif  
0658			endm  
# End of macro DMARK
0658					CALLMONITOR 
0658				if BASE_CPM=1  
0658 cd 6b ee				call debug_vector  
065b				endif  
065b				if BASE_KEV=1  
065b					rst 8  
065b				endif  
065b				endm  
# End of macro CALLMONITOR
065b				endif 
065b			 
065b				; write file header page 
065b			 
065b 2a 5a ea			ld hl,(store_tmppageid) 
065e 11 6f ea			ld de, store_page 
0661				if DEBUG_STORESE 
0661					DMARK "SCb" 
0661				if DEMARK_VERSION = 1  
0661 e5					push hl  
0662 21 6a 06				ld hl, .dmark  
0665 22 60 ee				ld (debug_mark), hl  
0668				endif  
0668				if DEMARK_VERSION = 0  
0668					push af  
0668					ld a, (.dmark)  
0668					ld (debug_mark),a  
0668					ld a, (.dmark+1)  
0668					ld (debug_mark+1),a  
0668					ld a, (.dmark+2)  
0668					ld (debug_mark+2),a  
0668				endif  
0668 18 04			jr .pastdmark  
066a ..			.dmark: db "SCb"  
066d				if DEMARK_VERSION = 1  
066d 00					db 0  
066e				endif  
066e				if DEMARK_VERSION = 1  
066e e1			.pastdmark: pop hl  
066f				endif  
066f				if DEMARK_VERSION = 0  
066f			.pastdmark: pop af  
066f				endif  
066f			endm  
# End of macro DMARK
066f					;push af 
066f					;ld a, 'b' 
066f					;ld (debug_mark),a 
066f					;pop af 
066f					CALLMONITOR 
066f				if BASE_CPM=1  
066f cd 6b ee				call debug_vector  
0672				endif  
0672				if BASE_KEV=1  
0672					rst 8  
0672				endif  
0672				endm  
# End of macro CALLMONITOR
0672				endif 
0672 cd cd 02			call storage_write_block 
0675			 
0675 3a 63 ea			ld a, (store_tmpid) 
0678 6f				ld l, a 
0679 26 00			ld h,0 
067b				if DEBUG_STORESE 
067b					DMARK "SCz" 
067b				if DEMARK_VERSION = 1  
067b e5					push hl  
067c 21 84 06				ld hl, .dmark  
067f 22 60 ee				ld (debug_mark), hl  
0682				endif  
0682				if DEMARK_VERSION = 0  
0682					push af  
0682					ld a, (.dmark)  
0682					ld (debug_mark),a  
0682					ld a, (.dmark+1)  
0682					ld (debug_mark+1),a  
0682					ld a, (.dmark+2)  
0682					ld (debug_mark+2),a  
0682				endif  
0682 18 04			jr .pastdmark  
0684 ..			.dmark: db "SCz"  
0687				if DEMARK_VERSION = 1  
0687 00					db 0  
0688				endif  
0688				if DEMARK_VERSION = 1  
0688 e1			.pastdmark: pop hl  
0689				endif  
0689				if DEMARK_VERSION = 0  
0689			.pastdmark: pop af  
0689				endif  
0689			endm  
# End of macro DMARK
0689					CALLMONITOR 
0689				if BASE_CPM=1  
0689 cd 6b ee				call debug_vector  
068c				endif  
068c				if BASE_KEV=1  
068c					rst 8  
068c				endif  
068c				endm  
# End of macro CALLMONITOR
068c				endif 
068c c9				ret 
068d				 
068d			 
068d			 
068d			; 
068d			; Read File 
068d			; 
068d			; h - file id to locate 
068d			; l - extent to locate 
068d			; de - pointer to string to read into 
068d			; 
068d			; returns hl is 0 if block not found ie end of file or pointer to start of data read 
068d			 
068d			.sr_fail: 
068d d1				pop de 
068e c9				ret 
068f			 
068f			storage_read: 
068f			 
068f			 
068f d5				push de 
0690			 
0690			; TODO BUG the above push is it popped before the RET Z? 
0690			 
0690			; TODO how to handle multiple part blocks 
0690			 
0690				; locate file extent to read 
0690			 
0690 5c				ld e, h 
0691 55				ld d, l 
0692			 
0692			.srext: 
0692 22 6d ea			ld (store_readptr), hl     ; save the current extent to load 
0695 ed 53 6b ea		ld (store_readbuf), de     ; save the current buffer to load in to 
0699			 
0699 21 40 00			ld hl, STORE_BLOCK_PHY 
069c				if DEBUG_STORESE 
069c					DMARK "sre" 
069c				if DEMARK_VERSION = 1  
069c e5					push hl  
069d 21 a5 06				ld hl, .dmark  
06a0 22 60 ee				ld (debug_mark), hl  
06a3				endif  
06a3				if DEMARK_VERSION = 0  
06a3					push af  
06a3					ld a, (.dmark)  
06a3					ld (debug_mark),a  
06a3					ld a, (.dmark+1)  
06a3					ld (debug_mark+1),a  
06a3					ld a, (.dmark+2)  
06a3					ld (debug_mark+2),a  
06a3				endif  
06a3 18 04			jr .pastdmark  
06a5 ..			.dmark: db "sre"  
06a8				if DEMARK_VERSION = 1  
06a8 00					db 0  
06a9				endif  
06a9				if DEMARK_VERSION = 1  
06a9 e1			.pastdmark: pop hl  
06aa				endif  
06aa				if DEMARK_VERSION = 0  
06aa			.pastdmark: pop af  
06aa				endif  
06aa			endm  
# End of macro DMARK
06aa					CALLMONITOR 
06aa				if BASE_CPM=1  
06aa cd 6b ee				call debug_vector  
06ad				endif  
06ad				if BASE_KEV=1  
06ad					rst 8  
06ad				endif  
06ad				endm  
# End of macro CALLMONITOR
06ad				endif 
06ad cd ef 04			call storage_findnextid 
06b0			 
06b0				if DEBUG_STORESE 
06b0					DMARK "srf" 
06b0				if DEMARK_VERSION = 1  
06b0 e5					push hl  
06b1 21 b9 06				ld hl, .dmark  
06b4 22 60 ee				ld (debug_mark), hl  
06b7				endif  
06b7				if DEMARK_VERSION = 0  
06b7					push af  
06b7					ld a, (.dmark)  
06b7					ld (debug_mark),a  
06b7					ld a, (.dmark+1)  
06b7					ld (debug_mark+1),a  
06b7					ld a, (.dmark+2)  
06b7					ld (debug_mark+2),a  
06b7				endif  
06b7 18 04			jr .pastdmark  
06b9 ..			.dmark: db "srf"  
06bc				if DEMARK_VERSION = 1  
06bc 00					db 0  
06bd				endif  
06bd				if DEMARK_VERSION = 1  
06bd e1			.pastdmark: pop hl  
06be				endif  
06be				if DEMARK_VERSION = 0  
06be			.pastdmark: pop af  
06be				endif  
06be			endm  
# End of macro DMARK
06be					CALLMONITOR 
06be				if BASE_CPM=1  
06be cd 6b ee				call debug_vector  
06c1				endif  
06c1				if BASE_KEV=1  
06c1					rst 8  
06c1				endif  
06c1				endm  
# End of macro CALLMONITOR
06c1				endif 
06c1 cd 22 0c			call ishlzero 
06c4			;	ld a, l 
06c4			;	add h 
06c4			;	cp 0 
06c4 28 c7			jr z,.sr_fail			; block not found so EOF 
06c6			 
06c6				; save current address for use by higher level words etc 
06c6			 
06c6 22 60 ea			ld (store_openaddr),hl 
06c9			 
06c9			 
06c9				; hl contains page number to load 
06c9 d1				pop de   ; get storage 
06ca ed 53 6b ea		ld (store_readbuf), de     ; current buffer to load in to 
06ce d5				push de 
06cf				if DEBUG_STORESE 
06cf					DMARK "srg" 
06cf				if DEMARK_VERSION = 1  
06cf e5					push hl  
06d0 21 d8 06				ld hl, .dmark  
06d3 22 60 ee				ld (debug_mark), hl  
06d6				endif  
06d6				if DEMARK_VERSION = 0  
06d6					push af  
06d6					ld a, (.dmark)  
06d6					ld (debug_mark),a  
06d6					ld a, (.dmark+1)  
06d6					ld (debug_mark+1),a  
06d6					ld a, (.dmark+2)  
06d6					ld (debug_mark+2),a  
06d6				endif  
06d6 18 04			jr .pastdmark  
06d8 ..			.dmark: db "srg"  
06db				if DEMARK_VERSION = 1  
06db 00					db 0  
06dc				endif  
06dc				if DEMARK_VERSION = 1  
06dc e1			.pastdmark: pop hl  
06dd				endif  
06dd				if DEMARK_VERSION = 0  
06dd			.pastdmark: pop af  
06dd				endif  
06dd			endm  
# End of macro DMARK
06dd					CALLMONITOR 
06dd				if BASE_CPM=1  
06dd cd 6b ee				call debug_vector  
06e0				endif  
06e0				if BASE_KEV=1  
06e0					rst 8  
06e0				endif  
06e0				endm  
# End of macro CALLMONITOR
06e0				endif 
06e0 cd 7e 02			call storage_read_block 
06e3			 
06e3				; if this a continuation read??? 
06e3			 
06e3 2a 6b ea			ld hl, (store_readbuf)     ; current buffer to load in to 
06e6			 
06e6 3e 3f			ld a, STORE_BLOCK_PHY-1 
06e8 cd f9 0b			call addatohl 
06eb 7e				ld a,(hl) 
06ec			;	cp 0 
06ec b7				or a 
06ed 28 02			jr z, .markiscont 
06ef 3e ff			ld a, 255 
06f1			 
06f1			.markiscont: 
06f1 32 62 ea			ld (store_readcont), a 
06f4			 
06f4				if DEBUG_STORESE 
06f4					DMARK "srC" 
06f4				if DEMARK_VERSION = 1  
06f4 e5					push hl  
06f5 21 fd 06				ld hl, .dmark  
06f8 22 60 ee				ld (debug_mark), hl  
06fb				endif  
06fb				if DEMARK_VERSION = 0  
06fb					push af  
06fb					ld a, (.dmark)  
06fb					ld (debug_mark),a  
06fb					ld a, (.dmark+1)  
06fb					ld (debug_mark+1),a  
06fb					ld a, (.dmark+2)  
06fb					ld (debug_mark+2),a  
06fb				endif  
06fb 18 04			jr .pastdmark  
06fd ..			.dmark: db "srC"  
0700				if DEMARK_VERSION = 1  
0700 00					db 0  
0701				endif  
0701				if DEMARK_VERSION = 1  
0701 e1			.pastdmark: pop hl  
0702				endif  
0702				if DEMARK_VERSION = 0  
0702			.pastdmark: pop af  
0702				endif  
0702			endm  
# End of macro DMARK
0702					CALLMONITOR 
0702				if BASE_CPM=1  
0702 cd 6b ee				call debug_vector  
0705				endif  
0705				if BASE_KEV=1  
0705					rst 8  
0705				endif  
0705				endm  
# End of macro CALLMONITOR
0705				endif 
0705				; only short reads enabled 
0705			 
0705 3a 6a ea			ld a, (store_longread) 
0708			;	cp 0 
0708 b7				or a 
0709 ca 9e 07			jp z, .readdone 
070c			 
070c			; TODO if block has no zeros then need to read next block  
070c			; this code appears to be very buggy. Have added above a flag to disable/enable the following code for later debug 
070c			; check last byte of physical block. 
070c			; if not zero then the next block needs to be loaded 
070c			 
070c			 
070c 2a 6b ea			ld hl, (store_readbuf)     ; current buffer to load in to 
070f			 
070f 3e 3f			ld a, STORE_BLOCK_PHY-1 
0711 cd f9 0b			call addatohl 
0714				;dec hl 
0714 7e				ld a,(hl) 
0715				if DEBUG_STORESE 
0715					DMARK "sr?" 
0715				if DEMARK_VERSION = 1  
0715 e5					push hl  
0716 21 1e 07				ld hl, .dmark  
0719 22 60 ee				ld (debug_mark), hl  
071c				endif  
071c				if DEMARK_VERSION = 0  
071c					push af  
071c					ld a, (.dmark)  
071c					ld (debug_mark),a  
071c					ld a, (.dmark+1)  
071c					ld (debug_mark+1),a  
071c					ld a, (.dmark+2)  
071c					ld (debug_mark+2),a  
071c				endif  
071c 18 04			jr .pastdmark  
071e ..			.dmark: db "sr?"  
0721				if DEMARK_VERSION = 1  
0721 00					db 0  
0722				endif  
0722				if DEMARK_VERSION = 1  
0722 e1			.pastdmark: pop hl  
0723				endif  
0723				if DEMARK_VERSION = 0  
0723			.pastdmark: pop af  
0723				endif  
0723			endm  
# End of macro DMARK
0723					CALLMONITOR 
0723				if BASE_CPM=1  
0723 cd 6b ee				call debug_vector  
0726				endif  
0726				if BASE_KEV=1  
0726					rst 8  
0726				endif  
0726				endm  
# End of macro CALLMONITOR
0726				endif 
0726			;	cp 0 
0726 b7				or a 
0727 ca 9e 07			jp z, .readdone 
072a			 
072a				; last byte is not zero so there is more in the next extent. Load it on the end.	 
072a			 
072a 23				inc hl 
072b			 
072b 22 6b ea			ld (store_readbuf), hl     ; save the current buffer to load in to 
072e			 
072e ed 5b 6d ea		ld de, (store_readptr)     ; save the current extent to load 
0732			 
0732 eb				ex de, hl 
0733			 
0733				; next ext 
0733			 
0733 23				inc hl 
0734 22 6d ea			ld  (store_readptr), hl     ; save the current extent to load 
0737			 
0737				if DEBUG_STORESE 
0737					DMARK "sF2" 
0737				if DEMARK_VERSION = 1  
0737 e5					push hl  
0738 21 40 07				ld hl, .dmark  
073b 22 60 ee				ld (debug_mark), hl  
073e				endif  
073e				if DEMARK_VERSION = 0  
073e					push af  
073e					ld a, (.dmark)  
073e					ld (debug_mark),a  
073e					ld a, (.dmark+1)  
073e					ld (debug_mark+1),a  
073e					ld a, (.dmark+2)  
073e					ld (debug_mark+2),a  
073e				endif  
073e 18 04			jr .pastdmark  
0740 ..			.dmark: db "sF2"  
0743				if DEMARK_VERSION = 1  
0743 00					db 0  
0744				endif  
0744				if DEMARK_VERSION = 1  
0744 e1			.pastdmark: pop hl  
0745				endif  
0745				if DEMARK_VERSION = 0  
0745			.pastdmark: pop af  
0745				endif  
0745			endm  
# End of macro DMARK
0745					CALLMONITOR 
0745				if BASE_CPM=1  
0745 cd 6b ee				call debug_vector  
0748				endif  
0748				if BASE_KEV=1  
0748					rst 8  
0748				endif  
0748				endm  
# End of macro CALLMONITOR
0748				endif 
0748			 
0748				; get and load block 
0748			 
0748 cd ef 04			call storage_findnextid 
074b			 
074b				if DEBUG_STORESE 
074b					DMARK "sf2" 
074b				if DEMARK_VERSION = 1  
074b e5					push hl  
074c 21 54 07				ld hl, .dmark  
074f 22 60 ee				ld (debug_mark), hl  
0752				endif  
0752				if DEMARK_VERSION = 0  
0752					push af  
0752					ld a, (.dmark)  
0752					ld (debug_mark),a  
0752					ld a, (.dmark+1)  
0752					ld (debug_mark+1),a  
0752					ld a, (.dmark+2)  
0752					ld (debug_mark+2),a  
0752				endif  
0752 18 04			jr .pastdmark  
0754 ..			.dmark: db "sf2"  
0757				if DEMARK_VERSION = 1  
0757 00					db 0  
0758				endif  
0758				if DEMARK_VERSION = 1  
0758 e1			.pastdmark: pop hl  
0759				endif  
0759				if DEMARK_VERSION = 0  
0759			.pastdmark: pop af  
0759				endif  
0759			endm  
# End of macro DMARK
0759					CALLMONITOR 
0759				if BASE_CPM=1  
0759 cd 6b ee				call debug_vector  
075c				endif  
075c				if BASE_KEV=1  
075c					rst 8  
075c				endif  
075c				endm  
# End of macro CALLMONITOR
075c				endif 
075c cd 22 0c			call ishlzero 
075f			;	ld a, l 
075f			;	add h 
075f			;	cp 0 
075f ca 8d 06			jp z,.sr_fail			; block not found so EOF 
0762				 
0762				; save current address for use by higher level words etc 
0762			 
0762 22 60 ea			ld (store_openaddr),hl 
0765			 
0765 cd 7e 02			call storage_read_block 
0768			 
0768				; on a continuation block, we now have the file id and ext in the middle of the block 
0768				; we need to pull everything back  
0768			 
0768 ed 5b 6b ea		ld de, (store_readbuf)     ; current buffer to nudge into 
076c 2a 6b ea			ld hl, (store_readbuf)     ; current buffer where data actually exists 
076f 23				inc hl 
0770 23				inc hl     ; skip id and ext 
0771 01 40 00			ld bc, STORE_BLOCK_PHY 
0774				if DEBUG_STORESE 
0774					DMARK "SR<" 
0774				if DEMARK_VERSION = 1  
0774 e5					push hl  
0775 21 7d 07				ld hl, .dmark  
0778 22 60 ee				ld (debug_mark), hl  
077b				endif  
077b				if DEMARK_VERSION = 0  
077b					push af  
077b					ld a, (.dmark)  
077b					ld (debug_mark),a  
077b					ld a, (.dmark+1)  
077b					ld (debug_mark+1),a  
077b					ld a, (.dmark+2)  
077b					ld (debug_mark+2),a  
077b				endif  
077b 18 04			jr .pastdmark  
077d ..			.dmark: db "SR<"  
0780				if DEMARK_VERSION = 1  
0780 00					db 0  
0781				endif  
0781				if DEMARK_VERSION = 1  
0781 e1			.pastdmark: pop hl  
0782				endif  
0782				if DEMARK_VERSION = 0  
0782			.pastdmark: pop af  
0782				endif  
0782			endm  
# End of macro DMARK
0782					CALLMONITOR 
0782				if BASE_CPM=1  
0782 cd 6b ee				call debug_vector  
0785				endif  
0785				if BASE_KEV=1  
0785					rst 8  
0785				endif  
0785				endm  
# End of macro CALLMONITOR
0785				endif 
0785 ed b0			ldir     ; copy data 
0787			 
0787				; move the pointer back and pretend we have a full buffer for next recheck 
0787			 
0787 1b				dec de 
0788 1b				dec de 
0789			 
0789			; TODO do pop below now short circuit loop????? 
0789 c1				pop bc     ; get rid of spare de on stack 
078a				if DEBUG_STORESE 
078a					DMARK "SR>" 
078a				if DEMARK_VERSION = 1  
078a e5					push hl  
078b 21 93 07				ld hl, .dmark  
078e 22 60 ee				ld (debug_mark), hl  
0791				endif  
0791				if DEMARK_VERSION = 0  
0791					push af  
0791					ld a, (.dmark)  
0791					ld (debug_mark),a  
0791					ld a, (.dmark+1)  
0791					ld (debug_mark+1),a  
0791					ld a, (.dmark+2)  
0791					ld (debug_mark+2),a  
0791				endif  
0791 18 04			jr .pastdmark  
0793 ..			.dmark: db "SR>"  
0796				if DEMARK_VERSION = 1  
0796 00					db 0  
0797				endif  
0797				if DEMARK_VERSION = 1  
0797 e1			.pastdmark: pop hl  
0798				endif  
0798				if DEMARK_VERSION = 0  
0798			.pastdmark: pop af  
0798				endif  
0798			endm  
# End of macro DMARK
0798					CALLMONITOR 
0798				if BASE_CPM=1  
0798 cd 6b ee				call debug_vector  
079b				endif  
079b				if BASE_KEV=1  
079b					rst 8  
079b				endif  
079b				endm  
# End of macro CALLMONITOR
079b				endif 
079b c3 92 06			jp .srext 
079e			 
079e			 
079e			 
079e			 
079e			 
079e			.readdone:		 
079e e1				pop hl 		 ; return start of data to show as not EOF 
079f 23				inc hl   ; past file id 
07a0 23				inc hl   ; past ext 
07a1				if DEBUG_STORESE 
07a1					DMARK "SRe" 
07a1				if DEMARK_VERSION = 1  
07a1 e5					push hl  
07a2 21 aa 07				ld hl, .dmark  
07a5 22 60 ee				ld (debug_mark), hl  
07a8				endif  
07a8				if DEMARK_VERSION = 0  
07a8					push af  
07a8					ld a, (.dmark)  
07a8					ld (debug_mark),a  
07a8					ld a, (.dmark+1)  
07a8					ld (debug_mark+1),a  
07a8					ld a, (.dmark+2)  
07a8					ld (debug_mark+2),a  
07a8				endif  
07a8 18 04			jr .pastdmark  
07aa ..			.dmark: db "SRe"  
07ad				if DEMARK_VERSION = 1  
07ad 00					db 0  
07ae				endif  
07ae				if DEMARK_VERSION = 1  
07ae e1			.pastdmark: pop hl  
07af				endif  
07af				if DEMARK_VERSION = 0  
07af			.pastdmark: pop af  
07af				endif  
07af			endm  
# End of macro DMARK
07af					CALLMONITOR 
07af				if BASE_CPM=1  
07af cd 6b ee				call debug_vector  
07b2				endif  
07b2				if BASE_KEV=1  
07b2					rst 8  
07b2				endif  
07b2				endm  
# End of macro CALLMONITOR
07b2				endif 
07b2 c9					ret 
07b3			 
07b3			 
07b3			 
07b3			; 
07b3			; Append File 
07b3			; 
07b3			; hl - file id to locate 
07b3			; de - pointer to (multi block) string to write 
07b3			 
07b3			.sa_notfound: 
07b3 d1				pop de 
07b4 c9				ret 
07b5			 
07b5			 
07b5			storage_append: 
07b5				; hl -  file id to append to 
07b5				; de - string to append 
07b5			 
07b5 d5				push de 
07b6				 
07b6				if DEBUG_STORESE 
07b6					DMARK "AP1" 
07b6				if DEMARK_VERSION = 1  
07b6 e5					push hl  
07b7 21 bf 07				ld hl, .dmark  
07ba 22 60 ee				ld (debug_mark), hl  
07bd				endif  
07bd				if DEMARK_VERSION = 0  
07bd					push af  
07bd					ld a, (.dmark)  
07bd					ld (debug_mark),a  
07bd					ld a, (.dmark+1)  
07bd					ld (debug_mark+1),a  
07bd					ld a, (.dmark+2)  
07bd					ld (debug_mark+2),a  
07bd				endif  
07bd 18 04			jr .pastdmark  
07bf ..			.dmark: db "AP1"  
07c2				if DEMARK_VERSION = 1  
07c2 00					db 0  
07c3				endif  
07c3				if DEMARK_VERSION = 1  
07c3 e1			.pastdmark: pop hl  
07c4				endif  
07c4				if DEMARK_VERSION = 0  
07c4			.pastdmark: pop af  
07c4				endif  
07c4			endm  
# End of macro DMARK
07c4					CALLMONITOR 
07c4				if BASE_CPM=1  
07c4 cd 6b ee				call debug_vector  
07c7				endif  
07c7				if BASE_KEV=1  
07c7					rst 8  
07c7				endif  
07c7				endm  
# End of macro CALLMONITOR
07c7				endif 
07c7			 
07c7 7d				ld a, l 
07c8 32 63 ea			ld (store_tmpid), a 
07cb			 
07cb				; get file header  
07cb			 
07cb 16 00			ld d, 0			 ; file extent to locate - file name details at item 0 
07cd 3a 63 ea			ld a, (store_tmpid) 
07d0 5f				ld e, a 
07d1			 
07d1 21 40 00				ld hl, STORE_BLOCK_PHY 
07d4 cd ef 04				call storage_findnextid 
07d7			 
07d7 cd 22 0c			call ishlzero 
07da 28 d7			jr z, .sa_notfound 
07dc			 
07dc 22 5a ea			ld (store_tmppageid), hl 
07df			 
07df				; TODO handle file id not found 
07df			 
07df				if DEBUG_STORESE 
07df					DMARK "AP2" 
07df				if DEMARK_VERSION = 1  
07df e5					push hl  
07e0 21 e8 07				ld hl, .dmark  
07e3 22 60 ee				ld (debug_mark), hl  
07e6				endif  
07e6				if DEMARK_VERSION = 0  
07e6					push af  
07e6					ld a, (.dmark)  
07e6					ld (debug_mark),a  
07e6					ld a, (.dmark+1)  
07e6					ld (debug_mark+1),a  
07e6					ld a, (.dmark+2)  
07e6					ld (debug_mark+2),a  
07e6				endif  
07e6 18 04			jr .pastdmark  
07e8 ..			.dmark: db "AP2"  
07eb				if DEMARK_VERSION = 1  
07eb 00					db 0  
07ec				endif  
07ec				if DEMARK_VERSION = 1  
07ec e1			.pastdmark: pop hl  
07ed				endif  
07ed				if DEMARK_VERSION = 0  
07ed			.pastdmark: pop af  
07ed				endif  
07ed			endm  
# End of macro DMARK
07ed					CALLMONITOR 
07ed				if BASE_CPM=1  
07ed cd 6b ee				call debug_vector  
07f0				endif  
07f0				if BASE_KEV=1  
07f0					rst 8  
07f0				endif  
07f0				endm  
# End of macro CALLMONITOR
07f0				endif 
07f0			 
07f0				; update file extent count 
07f0			 
07f0 11 6f ea			ld de, store_page 
07f3			 
07f3 cd 7e 02			call storage_read_block 
07f6			 
07f6				if DEBUG_STORESE 
07f6					DMARK "AP3" 
07f6				if DEMARK_VERSION = 1  
07f6 e5					push hl  
07f7 21 ff 07				ld hl, .dmark  
07fa 22 60 ee				ld (debug_mark), hl  
07fd				endif  
07fd				if DEMARK_VERSION = 0  
07fd					push af  
07fd					ld a, (.dmark)  
07fd					ld (debug_mark),a  
07fd					ld a, (.dmark+1)  
07fd					ld (debug_mark+1),a  
07fd					ld a, (.dmark+2)  
07fd					ld (debug_mark+2),a  
07fd				endif  
07fd 18 04			jr .pastdmark  
07ff ..			.dmark: db "AP3"  
0802				if DEMARK_VERSION = 1  
0802 00					db 0  
0803				endif  
0803				if DEMARK_VERSION = 1  
0803 e1			.pastdmark: pop hl  
0804				endif  
0804				if DEMARK_VERSION = 0  
0804			.pastdmark: pop af  
0804				endif  
0804			endm  
# End of macro DMARK
0804					CALLMONITOR 
0804				if BASE_CPM=1  
0804 cd 6b ee				call debug_vector  
0807				endif  
0807				if BASE_KEV=1  
0807					rst 8  
0807				endif  
0807				endm  
# End of macro CALLMONITOR
0807				endif 
0807			;	ld (store_tmppageid), hl 
0807			 
0807 3a 71 ea			ld a, (store_page+2) 
080a 3c				inc a 
080b 32 71 ea			ld (store_page+2), a 
080e 32 62 ea			ld (store_tmpext), a 
0811				 
0811				if DEBUG_STORESE 
0811					DMARK "AP3" 
0811				if DEMARK_VERSION = 1  
0811 e5					push hl  
0812 21 1a 08				ld hl, .dmark  
0815 22 60 ee				ld (debug_mark), hl  
0818				endif  
0818				if DEMARK_VERSION = 0  
0818					push af  
0818					ld a, (.dmark)  
0818					ld (debug_mark),a  
0818					ld a, (.dmark+1)  
0818					ld (debug_mark+1),a  
0818					ld a, (.dmark+2)  
0818					ld (debug_mark+2),a  
0818				endif  
0818 18 04			jr .pastdmark  
081a ..			.dmark: db "AP3"  
081d				if DEMARK_VERSION = 1  
081d 00					db 0  
081e				endif  
081e				if DEMARK_VERSION = 1  
081e e1			.pastdmark: pop hl  
081f				endif  
081f				if DEMARK_VERSION = 0  
081f			.pastdmark: pop af  
081f				endif  
081f			endm  
# End of macro DMARK
081f					CALLMONITOR 
081f				if BASE_CPM=1  
081f cd 6b ee				call debug_vector  
0822				endif  
0822				if BASE_KEV=1  
0822					rst 8  
0822				endif  
0822				endm  
# End of macro CALLMONITOR
0822				endif 
0822 2a 5a ea			ld hl, (store_tmppageid) 
0825 11 6f ea			ld de, store_page 
0828 cd cd 02			call storage_write_block 
082b			 
082b				; find free block 
082b			 
082b 11 00 00			ld de, 0			 ; file extent to locate 
082e			 
082e 21 40 00				ld hl, STORE_BLOCK_PHY 
0831 cd ef 04				call storage_findnextid 
0834 cd 22 0c			call ishlzero 
0837 ca b3 07			jp z, .sa_notfound 
083a			 
083a					; TODO handle no space left 
083a					 
083a 22 5a ea				ld (store_tmppageid), hl 
083d			 
083d				if DEBUG_STORESE 
083d					DMARK "AP4" 
083d				if DEMARK_VERSION = 1  
083d e5					push hl  
083e 21 46 08				ld hl, .dmark  
0841 22 60 ee				ld (debug_mark), hl  
0844				endif  
0844				if DEMARK_VERSION = 0  
0844					push af  
0844					ld a, (.dmark)  
0844					ld (debug_mark),a  
0844					ld a, (.dmark+1)  
0844					ld (debug_mark+1),a  
0844					ld a, (.dmark+2)  
0844					ld (debug_mark+2),a  
0844				endif  
0844 18 04			jr .pastdmark  
0846 ..			.dmark: db "AP4"  
0849				if DEMARK_VERSION = 1  
0849 00					db 0  
084a				endif  
084a				if DEMARK_VERSION = 1  
084a e1			.pastdmark: pop hl  
084b				endif  
084b				if DEMARK_VERSION = 0  
084b			.pastdmark: pop af  
084b				endif  
084b			endm  
# End of macro DMARK
084b					CALLMONITOR 
084b				if BASE_CPM=1  
084b cd 6b ee				call debug_vector  
084e				endif  
084e				if BASE_KEV=1  
084e					rst 8  
084e				endif  
084e				endm  
# End of macro CALLMONITOR
084e				endif 
084e					; init the buffer with zeros so we can id if the buffer is full or not 
084e			 
084e e5					push hl 
084f c5					push bc 
0850			 
0850 21 6f ea				ld hl, store_page 
0853 06 40				ld b, STORE_BLOCK_PHY 
0855			;		ld a, 0 
0855 36 00		.zeroblock:	ld (hl), 0 
0857 23					inc hl 
0858 10 fb				djnz .zeroblock 
085a			 
085a c1					pop bc 
085b e1					pop hl 
085c			 
085c					; construct block 
085c			 
085c 3a 63 ea				ld a, (store_tmpid) 
085f 32 6f ea				ld (store_page), a   ; file id 
0862 3a 62 ea				ld a, (store_tmpext)   ; extent for this block 
0865 32 70 ea				ld (store_page+1), a 
0868			 
0868 e1					pop hl    ; get string to write 
0869 06 3e				ld b, STORE_BLOCK_PHY-2       ; exclude count of file id and extent 
086b 11 71 ea				ld de, store_page+2 
086e			 
086e				if DEBUG_STORESE 
086e					DMARK "AP5" 
086e				if DEMARK_VERSION = 1  
086e e5					push hl  
086f 21 77 08				ld hl, .dmark  
0872 22 60 ee				ld (debug_mark), hl  
0875				endif  
0875				if DEMARK_VERSION = 0  
0875					push af  
0875					ld a, (.dmark)  
0875					ld (debug_mark),a  
0875					ld a, (.dmark+1)  
0875					ld (debug_mark+1),a  
0875					ld a, (.dmark+2)  
0875					ld (debug_mark+2),a  
0875				endif  
0875 18 04			jr .pastdmark  
0877 ..			.dmark: db "AP5"  
087a				if DEMARK_VERSION = 1  
087a 00					db 0  
087b				endif  
087b				if DEMARK_VERSION = 1  
087b e1			.pastdmark: pop hl  
087c				endif  
087c				if DEMARK_VERSION = 0  
087c			.pastdmark: pop af  
087c				endif  
087c			endm  
# End of macro DMARK
087c					CALLMONITOR 
087c				if BASE_CPM=1  
087c cd 6b ee				call debug_vector  
087f				endif  
087f				if BASE_KEV=1  
087f					rst 8  
087f				endif  
087f				endm  
# End of macro CALLMONITOR
087f				endif 
087f			 
087f			 
087f			 
087f					; fill buffer with data until end of string or full block 
087f			 
087f 7e			.appd:		ld a, (hl) 
0880 12					ld (de), a 
0881			;		cp 0 
0881 b7					or a 
0882 28 04				jr z, .appdone 
0884 23					inc hl 
0885 13					inc de 
0886 10 f7				djnz .appd 
0888			 
0888 e5			.appdone:	push hl		 	; save current source in case we need to go around again 
0889 f5					push af   		; save last byte dumped 
088a			 
088a			 
088a 2a 5a ea			ld hl, (store_tmppageid) 
088d 11 6f ea			ld de, store_page 
0890				if DEBUG_STORESE 
0890					DMARK "AP6" 
0890				if DEMARK_VERSION = 1  
0890 e5					push hl  
0891 21 99 08				ld hl, .dmark  
0894 22 60 ee				ld (debug_mark), hl  
0897				endif  
0897				if DEMARK_VERSION = 0  
0897					push af  
0897					ld a, (.dmark)  
0897					ld (debug_mark),a  
0897					ld a, (.dmark+1)  
0897					ld (debug_mark+1),a  
0897					ld a, (.dmark+2)  
0897					ld (debug_mark+2),a  
0897				endif  
0897 18 04			jr .pastdmark  
0899 ..			.dmark: db "AP6"  
089c				if DEMARK_VERSION = 1  
089c 00					db 0  
089d				endif  
089d				if DEMARK_VERSION = 1  
089d e1			.pastdmark: pop hl  
089e				endif  
089e				if DEMARK_VERSION = 0  
089e			.pastdmark: pop af  
089e				endif  
089e			endm  
# End of macro DMARK
089e					CALLMONITOR 
089e				if BASE_CPM=1  
089e cd 6b ee				call debug_vector  
08a1				endif  
08a1				if BASE_KEV=1  
08a1					rst 8  
08a1				endif  
08a1				endm  
# End of macro CALLMONITOR
08a1				endif 
08a1 cd cd 02				call storage_write_block 
08a4			 
08a4			 
08a4				; was that a full block of data written? 
08a4				; any more to write out? 
08a4			 
08a4				; if yes then set vars and jump to start of function again 
08a4			 
08a4 f1					pop af 
08a5 d1					pop de 
08a6			 
08a6					;cp 0		 ; no, string was fully written 
08a6 b7					or a 
08a7 c8					ret z 
08a8			 
08a8					; setup vars for next cycle 
08a8			 
08a8 3a 63 ea				ld a, (store_tmpid) 
08ab 6f					ld l, a 
08ac 26 00				ld h, 0 
08ae			 
08ae c3 b5 07			 	jp storage_append	 ; yes, need to write out some more 
08b1			 
08b1			 
08b1			 
08b1			 
08b1			 
08b1			 
08b1			 
08b1			if DEBUG_STORECF 
08b1			storageput:	 
08b1					ret 
08b1			storageread: 
08b1					ld hl, store_page 
08b1					ld b, 200 
08b1			;		ld a,0 
08b1			.src:		ld (hl),0 
08b1					inc hl 
08b1					djnz .src 
08b1					 
08b1			 
08b1					ld de, 0 
08b1					ld bc, 1 
08b1					ld hl, store_page 
08b1					call cfRead 
08b1			 
08b1				call cfGetError 
08b1				ld hl,scratch 
08b1				call hexout 
08b1				ld hl, scratch+2 
08b1			;	ld a, 0 
08b1				ld (hl),0 
08b1				ld de, scratch 
08b1				ld a,display_row_1 
08b1				call str_at_display 
08b1				call update_display 
08b1			 
08b1					ld hl, store_page 
08b1					ld (os_cur_ptr),hl 
08b1			 
08b1					ret 
08b1			endif 
08b1			 
08b1			 
08b1			; Clear out the main buffer store (used to remove junk before writing a new block) 
08b1			 
08b1			storage_clear_page: 
08b1 e5				push hl 
08b2 d5				push de 
08b3 c5				push bc 
08b4 21 6f ea			ld hl, store_page 
08b7			;	ld a, 0 
08b7 36 00			ld (hl), 0 
08b9			 
08b9 11 70 ea			ld de, store_page+1 
08bc 01 19 01			ld bc, STORE_BLOCK_LOG+1 
08bf			 
08bf ed b0			ldir 
08c1				 
08c1 c1				pop bc 
08c2 d1				pop de 
08c3 e1				pop hl 
08c4 c9				ret 
08c5			 
08c5			; eof 
# End of file firmware_storage.asm
08c5			  
08c5			; support routines for above hardware abstraction layer  
08c5			  
08c5			include "firmware_general.asm"        ; general support functions  
08c5			 
08c5			; word look up 
08c5			 
08c5			; in 
08c5			; a is the index 
08c5			; hl is pointer start of array 
08c5			; 
08c5			; returns 
08c5			; hl to the word 
08c5			; 
08c5			 
08c5			table_lookup:  
08c5 d5					push de 
08c6 eb					ex de, hl 
08c7			 
08c7 6f					ld l, a 
08c8 26 00				ld h, 0 
08ca 29					add hl, hl 
08cb 19					add hl, de 
08cc 7e					ld a, (hl) 
08cd 23					inc hl 
08ce 66					ld h,(hl) 
08cf 6f					ld l, a 
08d0			 
08d0 d1					pop de 
08d1 c9					ret 
08d2			 
08d2			; Delay loops 
08d2			 
08d2			 
08d2			 
08d2			aDelayInMS: 
08d2 c5				push bc 
08d3 47				ld b,a 
08d4			msdelay: 
08d4 c5				push bc 
08d5				 
08d5			 
08d5 01 41 00			ld bc,041h 
08d8 cd f0 08			call delayloop 
08db c1				pop bc 
08dc 05				dec b 
08dd 20 f5			jr nz,msdelay 
08df			 
08df			;if CPU_CLOCK_8MHZ 
08df			;msdelay8: 
08df			;	push bc 
08df			;	 
08df			; 
08df			;	ld bc,041h 
08df			;	call delayloop 
08df			;	pop bc 
08df			;	dec b 
08df			;	jr nz,msdelay8 
08df			;endif 
08df			 
08df			 
08df c1				pop bc 
08e0 c9				ret 
08e1			 
08e1			 
08e1			delay250ms: 
08e1				;push de 
08e1 01 00 40			ld bc, 04000h 
08e4 c3 f0 08			jp delayloop 
08e7			delay500ms: 
08e7				;push de 
08e7 01 00 80			ld bc, 08000h 
08ea c3 f0 08			jp delayloop 
08ed			delay1s: 
08ed				;push bc 
08ed			   ; Clobbers A, d and e 
08ed 01 00 00		    ld      bc,0      ; # 0ffffh = approx 1s 
08f0			delayloop: 
08f0 c5			    push bc 
08f1			 
08f1			if BASE_CPM 
08f1 01 a0 0f			ld bc, CPM_DELAY_TUNE 
08f4			.cpmloop: 
08f4 c5				push bc 
08f5			 
08f5			endif 
08f5			 
08f5			 
08f5			 
08f5			delayloopi: 
08f5			;	push bc 
08f5			;.dl: 
08f5 cb 47		    bit     0,a    	; 8 
08f7 cb 47		    bit     0,a    	; 8 
08f9 cb 47		    bit     0,a    	; 8 
08fb e6 ff		    and     255  	; 7 
08fd 0b			    dec     bc      	; 6 
08fe 79			    ld      a,c     	; 4 
08ff b0			    or      b     	; 4 
0900 c2 f5 08		    jp      nz,delayloopi   	; 10, total = 55 states/iteration 
0903			    ; 65536 iterations * 55 states = 3604480 states = 2.00248 seconds 
0903				;pop de 
0903			;pop bc 
0903			 
0903			if BASE_CPM 
0903 c1				pop bc 
0904				 
0904 0b			    dec     bc      	; 6 
0905 79			    ld      a,c     	; 4 
0906 b0			    or      b     	; 4 
0907 c2 f4 08		    jp      nz,.cpmloop   	; 10, total = 55 states/iteration 
090a				 
090a			 
090a			endif 
090a			;if CPU_CLOCK_8MHZ 
090a			;    pop bc 
090a			;    push bc 
090a			;.dl8: 
090a			;    bit     0,a    	; 8 
090a			;    bit     0,a    	; 8 
090a			;    bit     0,a    	; 8 
090a			;    and     255  	; 7 
090a			;    dec     bc      	; 6 
090a			;    ld      a,c     	; 4 
090a			;    or      b     	; 4 
090a			;    jp      nz,.dl8   	; 10, total = 55 states/iteration 
090a			;endif 
090a			 
090a			;if CPU_CLOCK_10MHZ 
090a			;    pop bc 
090a			;    push bc 
090a			;.dl8: 
090a			;    bit     0,a    	; 8 
090a			;    bit     0,a    	; 8 
090a			;    bit     0,a    	; 8 
090a			;    and     255  	; 7 
090a			;    dec     bc      	; 6 
090a			;    ld      a,c     	; 4 
090a			;    or      b     	; 4 
090a			;    jp      nz,.dl8   	; 10, total = 55 states/iteration 
090a			;endif 
090a c1			    pop bc 
090b			 
090b c9				ret 
090c			 
090c			; look for any ldir blank calls and replace with 
090c			; hl is the start address 
090c			; b is the number of bytes 
090c			; a is the char to fill 
090c			 
090c			 
090c			filllen: 
090c 77				LD (HL),A      ;STORE BYTE 
090d 23				INC HL      ; BUMP POINTER 
090e 10 fc			DJNZ   filllen      ;  CONTINUE IF B NOT 0 
0910 c9				ret 
0911			 
0911			; eof 
# End of file firmware_general.asm
0911			include "firmware_display.asm"      ; frame buffer screen abstraction layer  
0911			; display routines that use the physical hardware abstraction layer 
0911			 
0911			 
0911			; Display an activity indicator 
0911			; Each call returns the new char pointed to in hl 
0911			 
0911			active: 
0911 3a bb eb			ld a, (display_active) 
0914 fe 06			cp 6 
0916			 
0916 20 02			jr nz, .sne 
0918				; gone past the last one reset sequence 
0918 3e ff			ld a, 255 
091a			 
091a			.sne:   
091a				; get the next char in seq 
091a 3c				inc a 
091b 32 bb eb			ld (display_active), a 
091e			 
091e				; look up the string in the table 
091e 21 35 09			ld hl, actseq 
0921 cb 27			sla a 
0923 cd f9 0b			call addatohl 
0926 cd cc 1b			call loadwordinhl 
0929			 
0929				; forth will write the to string when pushing so move from rom to ram 
0929			 
0929 11 bc eb			ld de, display_active+1 
092c 01 02 00			ld bc, 2 
092f ed b0			ldir 
0931			 
0931 21 bc eb			ld hl, display_active+1 
0934 c9				ret 
0935				 
0935				 
0935			 
0935			 
0935			;db "|/-\|-\" 
0935			 
0935			actseq: 
0935			 
0935 43 09		dw spin0 
0937 45 09		dw spin1 
0939 47 09		dw spin2 
093b 49 09		dw spin3 
093d 47 09		dw spin2 
093f 45 09		dw spin1 
0941 43 09		dw spin0 
0943			 
0943 .. 00		spin0: db " ", 0 
0945 .. 00		spin1: db "-", 0 
0947 .. 00		spin2: db "+", 0 
0949 .. 00		spin3: db "#", 0 
094b			 
094b			 
094b			; information window 
094b			 
094b			; pass hl with 1st string to display 
094b			; pass de with 2nd string to display 
094b			 
094b			info_panel: 
094b e5				push hl 
094c			 
094c 2a c1 eb			ld hl, (display_fb_active) 
094f e5				push hl    ; future de destination 
0950 21 a6 ed				ld hl, display_fb0 
0953 22 c1 eb				ld (display_fb_active), hl 
0956			 
0956			;	call clear_display 
0956			 
0956				if BASE_CPM 
0956 3e 2e			ld a, '.' 
0958				else 
0958				ld a, 165 
0958				endif 
0958 cd be 09			call fill_display 
095b			 
095b			 
095b 3e 55			ld a, display_row_3 + 5 
095d cd cb 09			call str_at_display 
0960			 
0960 e1				pop hl 
0961 d1				pop de 
0962			 
0962 e5				push hl 
0963			 
0963			 
0963 3e 2d			ld a, display_row_2 + 5 
0965 cd cb 09			call str_at_display 
0968			 
0968			 
0968 cd f1 09			call update_display 
096b cd 80 18			call next_page_prompt 
096e cd b9 09			call clear_display 
0971			 
0971				 
0971 21 05 ed				ld hl, display_fb1 
0974 22 c1 eb				ld (display_fb_active), hl 
0977 cd f1 09			call update_display 
097a			 
097a e1				pop hl 
097b			 
097b c9				ret 
097c			 
097c			 
097c			 
097c			 
097c			; TODO windowing? 
097c			 
097c			; TODO scroll line up 
097c			 
097c			scroll_up: 
097c			 
097c e5				push hl 
097d d5				push de 
097e c5				push bc 
097f			 
097f				; get frame buffer  
097f			 
097f 2a c1 eb			ld hl, (display_fb_active) 
0982 e5				push hl    ; future de destination 
0983			 
0983 11 28 00			ld  de, display_cols 
0986 19				add hl, de 
0987			 
0987 d1				pop de 
0988			 
0988				;ex de, hl 
0988 01 9f 00			ld bc, display_fb_len -1  
098b			;if DEBUG_FORTH_WORDS 
098b			;	DMARK "SCL" 
098b			;	CALLMONITOR 
098b			;endif	 
098b ed b0			ldir 
098d			 
098d				; wipe bottom row 
098d			 
098d			 
098d 2a c1 eb			ld hl, (display_fb_active) 
0990 11 a0 00			ld de, display_cols*display_rows 
0993 19				add hl, de 
0994 06 28			ld b, display_cols 
0996			;	ld a, ' ' 
0996			.scwipe: 
0996 36 20			ld (hl), ' ' 
0998 2b				dec hl 
0999 10 fb			djnz .scwipe 
099b			 
099b				;pop hl 
099b			 
099b c1				pop bc 
099c d1				pop de 
099d e1				pop hl 
099e			 
099e c9				ret 
099f			 
099f			 
099f			;scroll_upo: 
099f			;	ld de, display_row_1 
099f			 ;	ld hl, display_row_2 
099f			;	ld bc, display_cols 
099f			;	ldir 
099f			;	ld de, display_row_2 
099f			 ;	ld hl, display_row_3 
099f			;	ld bc, display_cols 
099f			;	ldir 
099f			;	ld de, display_row_3 
099f			 ;	ld hl, display_row_4 
099f			;	ld bc, display_cols 
099f			;	ldir 
099f			 
099f			; TODO clear row 4 
099f			 
099f			;	ret 
099f			 
099f				 
099f			scroll_down: 
099f			 
099f e5				push hl 
09a0 d5				push de 
09a1 c5				push bc 
09a2			 
09a2				; get frame buffer  
09a2			 
09a2 2a c1 eb			ld hl, (display_fb_active) 
09a5			 
09a5 11 9f 00			ld de, display_fb_len - 1 
09a8 19				add hl, de 
09a9			 
09a9 e5			push hl    ; future de destination 
09aa			 
09aa 11 28 00			ld  de, display_cols 
09ad ed 52			sbc hl, de 
09af			 
09af			 
09af d1				pop de 
09b0			 
09b0			;	ex de, hl 
09b0 01 9f 00			ld bc, display_fb_len -1  
09b3			 
09b3			 
09b3				 
09b3			 
09b3 ed b0			ldir 
09b5			 
09b5				; wipe bottom row 
09b5			 
09b5			 
09b5			;	ld hl, (display_fb_active) 
09b5			;;	ld de, display_cols*display_rows 
09b5			;;	add hl, de 
09b5			;	ld b, display_cols 
09b5			;	ld a, ' ' 
09b5			;.scwiped: 
09b5			;	ld (hl), a 
09b5			;	dec hl 
09b5			;	djnz .scwiped 
09b5			 
09b5				;pop hl 
09b5			 
09b5 c1				pop bc 
09b6 d1				pop de 
09b7 e1				pop hl 
09b8			 
09b8 c9				ret 
09b9			;scroll_down: 
09b9			;	ld de, display_row_4 
09b9			;	ld hl, display_row_3 
09b9			;	ld bc, display_cols 
09b9			;	ldir 
09b9			;	ld de, display_row_3 
09b9			; 	ld hl, display_row_2 
09b9			;	ld bc, display_cols 
09b9			;	ldir 
09b9			;	ld de, display_row_2 
09b9			;	ld hl, display_row_1 
09b9			;	ld bc, display_cols 
09b9			;	ldir 
09b9			;;; TODO clear row 1 
09b9			;	ret 
09b9			 
09b9			 
09b9			 
09b9			 
09b9			 
09b9			; clear active frame buffer 
09b9			 
09b9			clear_display: 
09b9 3e 20			ld a, ' ' 
09bb c3 be 09			jp fill_display 
09be			 
09be			; fill active frame buffer with a char in A 
09be			 
09be			fill_display: 
09be 06 a0			ld b,display_fb_len 
09c0 2a c1 eb			ld hl, (display_fb_active) 
09c3 77			.fd1:	ld (hl),a 
09c4 23				inc hl 
09c5 10 fc			djnz .fd1 
09c7 23				inc hl 
09c8			;	ld a,0 
09c8 36 00			ld (hl),0 
09ca			 
09ca			 
09ca c9				ret 
09cb			; Write string (DE) at pos (A) to active frame buffer 
09cb			 
09cb 2a c1 eb		str_at_display:    ld hl,(display_fb_active) 
09ce 06 00					ld b,0 
09d0 4f					ld c,a 
09d1 09					add hl,bc 
09d2 1a			.sad1: 		LD   A, (DE)        ;Get character from string 
09d3 b7			            OR   A              ;Null terminator? 
09d4 c8			            RET  Z              ;Yes, so finished 
09d5 77					ld (hl),a 
09d6 23				inc hl 
09d7			 
09d7					; detect if about to print past the bottom right char 
09d7 e5				push hl 
09d8 d5				push de 
09d9 11 a0 00			ld de, display_row_4+display_cols 
09dc cd 17 0c			call cmp16 
09df 20 0a			jr nz, .skipscroll 
09e1 cd 7c 09			call scroll_up 
09e4 d1				pop de 
09e5 e1				pop hl ;; get rid and replace with hl moving to start of bottom row 
09e6 21 78 00			ld hl, display_row_4 
09e9 e5				push hl 
09ea d5				push de 
09eb d1			.skipscroll: pop de 
09ec e1					pop hl 
09ed			 
09ed 13			            INC  DE             ;Point to next character 
09ee 18 e2		            JR   .sad1     ;Repeat 
09f0 c9					ret 
09f1			 
09f1			; using current frame buffer write to physical display 
09f1			 
09f1			update_display: 
09f1 e5				push hl 
09f2 2a c1 eb			ld hl, (display_fb_active) 
09f5 cd 72 5a			call write_display 
09f8 e1				pop hl 
09f9 c9				ret 
09fa			 
09fa			; TODO scrolling 
09fa			 
09fa			 
09fa			; move cursor right one char 
09fa			cursor_right: 
09fa			 
09fa				; TODO shift right 
09fa				; TODO if beyond max col 
09fa				; TODO       cursor_next_line 
09fa			 
09fa c9				ret 
09fb			 
09fb			 
09fb			cursor_next_line: 
09fb				; TODO first char 
09fb				; TODO line down 
09fb				; TODO if past last row 
09fb				; TODO    scroll up 
09fb			 
09fb c9				ret 
09fc			 
09fc			cursor_left: 
09fc				; TODO shift left 
09fc				; TODO if beyond left  
09fc				; TODO     cursor prev line 
09fc				 
09fc c9				ret 
09fd			 
09fd			cursor_prev_line: 
09fd				; TODO last char 
09fd				; TODO line up 
09fd				; TODO if past first row 
09fd				; TODO   scroll down 
09fd			 
09fd c9				ret 
09fe			 
09fe			 
09fe			cout: 
09fe				; A - char 
09fe c9				ret 
09ff			 
09ff			 
09ff			; Display a menu and allow item selection (optional toggle items) 
09ff			; 
09ff			; format: 
09ff			; hl pointer to word array with zero term for items 
09ff			; e.g.    db item1 
09ff			;         db .... 
09ff			;         db 0 
09ff			; 
09ff			; a = starting menu item  
09ff			; 
09ff			; de = pointer item toggle array   (todo) 
09ff			; 
09ff			; returns item selected in a 1-... 
09ff			; returns 0 if back button pressed 
09ff			; 
09ff			; NOTE: Uses system frame buffer to display 
09ff			; 
09ff			; LEFT, Q = go back 
09ff			; RIGHT, SPACE, CR = select 
09ff			; UP, A - Up 
09ff			; DOWN, Z - Down 
09ff			 
09ff			 
09ff			 
09ff			 
09ff			 
09ff			menu: 
09ff			 
09ff					; keep array pointer 
09ff			 
09ff 22 68 ea				ld (store_tmp1), hl 
0a02 32 66 ea				ld (store_tmp2), a 
0a05			 
0a05					; check for key bounce 
0a05			 
0a05			if BASE_KEV 
0a05			 
0a05			.mbounce:	call cin 
0a05			;		cp 0 
0a05					or a 
0a05					jr nz, .mbounce 
0a05			endif 
0a05					; for ease use ex 
0a05			 
0a05					; use menu on fb0 so as not to disrupt user screens ie a menu popup 
0a05 21 a6 ed				ld hl, display_fb0 
0a08 22 c1 eb				ld (display_fb_active), hl 
0a0b			 
0a0b cd b9 09		.mloop:		call clear_display 
0a0e cd f1 09				call update_display 
0a11			 
0a11					; draw selection id '>' at 1 
0a11			 
0a11					; init start of list display 
0a11			 
0a11 3e 05				ld a, 5 
0a13 32 64 ea				ld (store_tmp3), a   ; display row count 
0a16 3a 66 ea				ld a,( store_tmp2) 
0a19 32 67 ea				ld (store_tmp2+1), a   ; display item count 
0a1c			 
0a1c					 
0a1c			.mitem:	 
0a1c			 
0a1c			 
0a1c 3a 67 ea				ld a,(store_tmp2+1) 
0a1f 6f					ld l, a 
0a20 26 00				ld h, 0 
0a22 29					add hl, hl 
0a23 ed 5b 68 ea			ld de, (store_tmp1) 
0a27 19					add hl, de 
0a28 7e					ld a, (hl) 
0a29 23					inc hl 
0a2a 66					ld h,(hl) 
0a2b 6f					ld l, a 
0a2c			 
0a2c cd 22 0c				call ishlzero 
0a2f 28 1a				jr z, .mdone 
0a31			 
0a31 eb					ex de, hl 
0a32 3a 64 ea				ld a, (store_tmp3) 
0a35 cd cb 09				call str_at_display 
0a38					 
0a38			 
0a38					; next item 
0a38 3a 67 ea				ld a, (store_tmp2+1) 
0a3b 3c					inc a 
0a3c 32 67 ea				ld (store_tmp2+1), a   ; display item count 
0a3f			 
0a3f			 		; next row 
0a3f			 
0a3f 3a 64 ea				ld a, (store_tmp3) 
0a42 c6 28				add display_cols 
0a44 32 64 ea				ld (store_tmp3), a 
0a47			 
0a47					; at end of screen? 
0a47			 
0a47 fe 10				cp display_rows*4 
0a49 20 d1				jr nz, .mitem 
0a4b			 
0a4b			 
0a4b			.mdone: 
0a4b cd 22 0c				call ishlzero 
0a4e 28 08				jr z, .nodn 
0a50			 
0a50 3e 78				ld a, display_row_4 
0a52 11 cf 0a				ld de, .mdown 
0a55 cd cb 09				call str_at_display 
0a58			 
0a58					; draw options to fill the screens with active item on line 1 
0a58					; if current option is 2 or more then display ^ in top 
0a58			 
0a58 3a 66 ea		.nodn:		ld a, (store_tmp2) 
0a5b			;		cp 0 
0a5b b7					or a 
0a5c 28 08				jr z, .noup 
0a5e			 
0a5e 3e 00				ld a, 0 
0a60 11 cd 0a				ld de, .mup 
0a63 cd cb 09				call str_at_display 
0a66			 
0a66 3e 02		.noup:		ld a, 2 
0a68 11 cb 0a				ld de, .msel 
0a6b cd cb 09				call str_at_display 
0a6e			 
0a6e					; if current option + 1 is not null then display V in bottom 
0a6e					; get key 
0a6e cd f1 09				call update_display 
0a71			 
0a71			 
0a71					; handle key 
0a71			 
0a71 cd 2d 5b				call cin_wait 
0a74			 
0a74 fe 05				cp KEY_UP 
0a76 28 2b				jr z, .mgoup 
0a78 fe 61				cp 'a' 
0a7a 28 27				jr z, .mgoup 
0a7c fe 0a				cp KEY_DOWN 
0a7e 28 31				jr z, .mgod 
0a80 fe 7a				cp 'z' 
0a82 28 2d				jr z, .mgod 
0a84 fe 20				cp ' ' 
0a86 28 33				jr z, .goend 
0a88 fe 0c				cp KEY_RIGHT 
0a8a 28 2f				jr z, .goend 
0a8c fe 0d				cp KEY_CR 
0a8e 28 2b				jr z, .goend 
0a90 fe 71				cp 'q' 
0a92 28 0b				jr z, .goback 
0a94			 
0a94 fe 0b				cp KEY_LEFT 
0a96 28 07				jr z, .goback 
0a98 fe 08				cp KEY_BS 
0a9a 28 03				jr z, .goback 
0a9c c3 0b 0a				jp .mloop 
0a9f			 
0a9f			.goback: 
0a9f 3e 00			ld a, 0 
0aa1 18 1c			jr .goend2 
0aa3			 
0aa3				; move up one 
0aa3			.mgoup: 
0aa3 3a 66 ea				ld a, (store_tmp2) 
0aa6			;		cp 0 
0aa6 b7					or a 
0aa7 ca 0b 0a				jp z, .mloop 
0aaa 3d					dec a 
0aab 32 66 ea				ld (store_tmp2), a 
0aae c3 0b 0a				jp .mloop 
0ab1			 
0ab1				; move down one 
0ab1			.mgod: 
0ab1 3a 66 ea				ld a, (store_tmp2) 
0ab4 3c					inc a 
0ab5 32 66 ea				ld (store_tmp2), a 
0ab8 c3 0b 0a				jp .mloop 
0abb			 
0abb			 
0abb			.goend: 
0abb					; get selected item number 
0abb			 
0abb 3a 66 ea				ld a, (store_tmp2) 
0abe 3c					inc a 
0abf			 
0abf			.goend2: 
0abf f5					push af 
0ac0			 
0ac0					; restore active fb 
0ac0					; TODO BUG assumes fb1 
0ac0			 
0ac0 21 05 ed				ld hl, display_fb1 
0ac3 22 c1 eb				ld (display_fb_active), hl 
0ac6			 
0ac6					; restore main regs 
0ac6			 
0ac6			 
0ac6 cd f1 09				call update_display 
0ac9			 
0ac9 f1					pop af 
0aca			 
0aca c9				ret 
0acb			 
0acb .. 00		.msel:   db ">",0 
0acd .. 00		.mup:   db "^",0 
0acf .. 00		.mdown:   db "v",0 
0ad1			 
0ad1			 
0ad1			; eof 
0ad1			 
# End of file firmware_display.asm
0ad1			include "firmware_maths.asm"     ; any odd maths stuff   TODO removed until I fix up the rng code  
0ad1			; random number generators 
0ad1			 
0ad1			 
0ad1			; https://wikiti.brandonw.net/index.php?title=Z80_Routines:Math:Random 
0ad1			 
0ad1			 
0ad1			;-----> Generate a random number 
0ad1			; output a=answer 0<=a<=255 
0ad1			; all registers are preserved except: af 
0ad1			random: 
0ad1 e5			        push    hl 
0ad2 d5			        push    de 
0ad3 2a a0 eb		        ld      hl,(randData) 
0ad6 ed 5f		        ld      a,r 
0ad8 57			        ld      d,a 
0ad9 5e			        ld      e,(hl) 
0ada 19			        add     hl,de 
0adb 85			        add     a,l 
0adc ac			        xor     h 
0add 22 a0 eb		        ld      (randData),hl 
0ae0 d1			        pop     de 
0ae1 e1			        pop     hl 
0ae2 c9			        ret 
0ae3			 
0ae3			 
0ae3			; randData here must be a 2 byte seed located in ram. While this is a fast generator, it's generally not considered very good in terms of randomness. 
0ae3			 
0ae3			 
0ae3			 
0ae3			;------LFSR------ 
0ae3			;James Montelongo 
0ae3			;optimized by Spencer Putt 
0ae3			;out: 
0ae3			; a = 8 bit random number 
0ae3			RandLFSR: 
0ae3 21 a6 eb		        ld hl,LFSRSeed+4 
0ae6 5e			        ld e,(hl) 
0ae7 23			        inc hl 
0ae8 56			        ld d,(hl) 
0ae9 23			        inc hl 
0aea 4e			        ld c,(hl) 
0aeb 23			        inc hl 
0aec 7e			        ld a,(hl) 
0aed 47			        ld b,a 
0aee cb 13		        rl e  
0af0 cb 12			rl d 
0af2 cb 11		        rl c  
0af4 17				rla 
0af5 cb 13		        rl e  
0af7 cb 12			rl d 
0af9 cb 11		        rl c  
0afb 17				rla 
0afc cb 13		        rl e  
0afe cb 12			rl d 
0b00 cb 11		        rl c  
0b02 17				rla 
0b03 67			        ld h,a 
0b04 cb 13		        rl e  
0b06 cb 12			rl d 
0b08 cb 11		        rl c  
0b0a 17				rla 
0b0b a8			        xor b 
0b0c cb 13		        rl e  
0b0e cb 12			rl d 
0b10 ac			        xor h 
0b11 a9			        xor c 
0b12 aa			        xor d 
0b13 21 a8 eb		        ld hl,LFSRSeed+6 
0b16 11 a9 eb		        ld de,LFSRSeed+7 
0b19 01 07 00		        ld bc,7 
0b1c ed b8		        lddr 
0b1e 12			        ld (de),a 
0b1f c9			        ret 
0b20			 
0b20			;While this may produces better numbers, it is slower, larger and requires a bigger seed than ionrandom. Assuming theres is a good seed to start, it should generate ~2^56 bytes before repeating. However if there is not a good seed(0 for example), then the numbers created will not be adequate. Unlike Ionrandom and its use of the r register, starting with the same seed the same numbers will be generated. With Ionrandom the code running may have an impact on the number generated. This means this method requires more initialization. 
0b20			 
0b20			;You can initialize with TI-OS's seeds, stored at seed1 and seed2, both are ti-floats but will serve the purpose.  
0b20			 
0b20			 
0b20			;This is a very fast, quality pseudo-random number generator. It combines a 16-bit Linear Feedback Shift Register and a 16-bit LCG. 
0b20			 
0b20			prng16: 
0b20			;Inputs: 
0b20			;   (seed1) contains a 16-bit seed value 
0b20			;   (seed2) contains a NON-ZERO 16-bit seed value 
0b20			;Outputs: 
0b20			;   HL is the result 
0b20			;   BC is the result of the LCG, so not that great of quality 
0b20			;   DE is preserved 
0b20			;Destroys: 
0b20			;   AF 
0b20			;cycle: 4,294,901,760 (almost 4.3 billion) 
0b20			;160cc 
0b20			;26 bytes 
0b20 2a 9a eb		    ld hl,(seed1) 
0b23 44			    ld b,h 
0b24 4d			    ld c,l 
0b25 29			    add hl,hl 
0b26 29			    add hl,hl 
0b27 2c			    inc l 
0b28 09			    add hl,bc 
0b29 22 9a eb		    ld (seed1),hl 
0b2c 2a 98 eb		    ld hl,(seed2) 
0b2f 29			    add hl,hl 
0b30 9f			    sbc a,a 
0b31 e6 2d		    and %00101101 
0b33 ad			    xor l 
0b34 6f			    ld l,a 
0b35 22 98 eb		    ld (seed2),hl 
0b38 09			    add hl,bc 
0b39 c9			    ret 
0b3a			 
0b3a			;On their own, LCGs and LFSRs don't produce great results and are generally very cyclical, but they are very fast to compute. The 16-bit LCG in the above example will bounce around and reach each number from 0 to 65535, but the lower bits are far more predictable than the upper bits. The LFSR mixes up the predictability of a given bit's state, but it hits every number except 0, meaning there is a slightly higher chance of any given bit in the result being a 1 instead of a 0. It turns out that by adding together the outputs of these two generators, we can lose the predictability of a bit's state, while ensuring it has a 50% chance of being 0 or 1. As well, since the periods, 65536 and 65535 are coprime, then the overall period of the generator is 65535*65536, which is over 4 billion.  
0b3a			 
0b3a			rand32: 
0b3a			;Inputs: 
0b3a			;   (seed1_0) holds the lower 16 bits of the first seed 
0b3a			;   (seed1_1) holds the upper 16 bits of the first seed 
0b3a			;   (seed2_0) holds the lower 16 bits of the second seed 
0b3a			;   (seed2_1) holds the upper 16 bits of the second seed 
0b3a			;   **NOTE: seed2 must be non-zero 
0b3a			;Outputs: 
0b3a			;   HL is the result 
0b3a			;   BC,DE can be used as lower quality values, but are not independent of HL. 
0b3a			;Destroys: 
0b3a			;   AF 
0b3a			;Tested and passes all CAcert tests 
0b3a			;Uses a very simple 32-bit LCG and 32-bit LFSR 
0b3a			;it has a period of 18,446,744,069,414,584,320 
0b3a			;roughly 18.4 quintillion. 
0b3a			;LFSR taps: 0,2,6,7  = 11000101 
0b3a			;291cc 
0b3a			;seed1_0=$+1 
0b3a			;    ld hl,12345 
0b3a			;seed1_1=$+1 
0b3a			;    ld de,6789 
0b3a			;    ld b,h 
0b3a			;    ld c,l 
0b3a			;    add hl,hl \ rl e \ rl d 
0b3a			;    add hl,hl \ rl e \ rl d 
0b3a			;    inc l 
0b3a			;    add hl,bc 
0b3a			;    ld (seed1_0),hl 
0b3a			;    ld hl,(seed1_1) 
0b3a			;    adc hl,de 
0b3a			;    ld (seed1_1),hl 
0b3a			;    ex de,hl 
0b3a			;seed2_0=$+1 
0b3a			;    ld hl,9876 
0b3a			;seed2_1=$+1 
0b3a			;    ld bc,54321 
0b3a			;    add hl,hl \ rl c \ rl b 
0b3a			;    ld (seed2_1),bc 
0b3a			;    sbc a,a 
0b3a			;    and %11000101 
0b3a			;    xor l 
0b3a			;    ld l,a 
0b3a			;    ld (seed2_0),hl 
0b3a			;    ex de,hl 
0b3a			;    add hl,bc 
0b3a			;    ret 
0b3a			; 
0b3a			 
0b3a			; 16-bit xorshift pseudorandom number generator by John Metcalf 
0b3a			; 20 bytes, 86 cycles (excluding ret) 
0b3a			 
0b3a			; returns   hl = pseudorandom number 
0b3a			; corrupts   a 
0b3a			 
0b3a			; generates 16-bit pseudorandom numbers with a period of 65535 
0b3a			; using the xorshift method: 
0b3a			 
0b3a			; hl ^= hl << 7 
0b3a			; hl ^= hl >> 9 
0b3a			; hl ^= hl << 8 
0b3a			 
0b3a			; some alternative shift triplets which also perform well are: 
0b3a			; 6, 7, 13; 7, 9, 13; 9, 7, 13. 
0b3a			 
0b3a			;  org 32768 
0b3a			 
0b3a			xrnd: 
0b3a 2a 9e eb		  ld hl,(xrandc)       ; seed must not be 0 
0b3d 3e 00		  ld a,0 
0b3f bd			  cp l 
0b40 20 02		  jr nz, .xrnd1 
0b42 2e 01		  ld l, 1 
0b44			.xrnd1: 
0b44			 
0b44 7c			  ld a,h 
0b45 1f			  rra 
0b46 7d			  ld a,l 
0b47 1f			  rra 
0b48 ac			  xor h 
0b49 67			  ld h,a 
0b4a 7d			  ld a,l 
0b4b 1f			  rra 
0b4c 7c			  ld a,h 
0b4d 1f			  rra 
0b4e ad			  xor l 
0b4f 6f			  ld l,a 
0b50 ac			  xor h 
0b51 67			  ld h,a 
0b52			 
0b52 22 9e eb		  ld (xrandc),hl 
0b55			 
0b55 c9			  ret 
0b56			;  
0b56			 
0b56			 
0b56			;;;; int maths 
0b56			 
0b56			; https://map.grauw.nl/articles/mult_div_shifts.php 
0b56			; Divide 16-bit values (with 16-bit result) 
0b56			; In: Divide BC by divider DE 
0b56			; Out: BC = result, HL = rest 
0b56			; 
0b56			Div16: 
0b56 21 00 00		    ld hl,0 
0b59 78			    ld a,b 
0b5a 06 08		    ld b,8 
0b5c			Div16_Loop1: 
0b5c 17			    rla 
0b5d ed 6a		    adc hl,hl 
0b5f ed 52		    sbc hl,de 
0b61 30 01		    jr nc,Div16_NoAdd1 
0b63 19			    add hl,de 
0b64			Div16_NoAdd1: 
0b64 10 f6		    djnz Div16_Loop1 
0b66 17			    rla 
0b67 2f			    cpl 
0b68 47			    ld b,a 
0b69 79			    ld a,c 
0b6a 48			    ld c,b 
0b6b 06 08		    ld b,8 
0b6d			Div16_Loop2: 
0b6d 17			    rla 
0b6e ed 6a		    adc hl,hl 
0b70 ed 52		    sbc hl,de 
0b72 30 01		    jr nc,Div16_NoAdd2 
0b74 19			    add hl,de 
0b75			Div16_NoAdd2: 
0b75 10 f6		    djnz Div16_Loop2 
0b77 17			    rla 
0b78 2f			    cpl 
0b79 41			    ld b,c 
0b7a 4f			    ld c,a 
0b7b c9			ret 
0b7c			 
0b7c			 
0b7c			;http://z80-heaven.wikidot.com/math 
0b7c			; 
0b7c			;Inputs: 
0b7c			;     DE and A are factors 
0b7c			;Outputs: 
0b7c			;     A is not changed 
0b7c			;     B is 0 
0b7c			;     C is not changed 
0b7c			;     DE is not changed 
0b7c			;     HL is the product 
0b7c			;Time: 
0b7c			;     342+6x 
0b7c			; 
0b7c			Mult16: 
0b7c			 
0b7c 06 08		     ld b,8          ;7           7 
0b7e 21 00 00		     ld hl,0         ;10         10 
0b81 29			       add hl,hl     ;11*8       88 
0b82 07			       rlca          ;4*8        32 
0b83 30 01		       jr nc,$+3     ;(12|18)*8  96+6x 
0b85 19			         add hl,de   ;--         -- 
0b86 10 f9		       djnz $-5      ;13*7+8     99 
0b88 c9			ret 
0b89			 
0b89			; 
0b89			; Square root of 16-bit value 
0b89			; In:  HL = value 
0b89			; Out:  D = result (rounded down) 
0b89			; 
0b89			;Sqr16: 
0b89			;    ld de,#0040 
0b89			;    ld a,l 
0b89			;    ld l,h 
0b89			;    ld h,d 
0b89			;    or a 
0b89			;    ld b,8 
0b89			;Sqr16_Loop: 
0b89			;    sbc hl,de 
0b89			;    jr nc,Sqr16_Skip 
0b89			;    add hl,de 
0b89			;Sqr16_Skip: 
0b89			;    ccf 
0b89			;    rl d 
0b89			;    add a,a 
0b89			;    adc hl,hl 
0b89			;    add a,a 
0b89			;    adc hl,hl 
0b89			;    djnz Sqr16_Loop 
0b89			;    ret 
0b89			; 
0b89			; 
0b89			; Divide 8-bit values 
0b89			; In: Divide E by divider C 
0b89			; Out: A = result, B = rest 
0b89			; 
0b89			Div8: 
0b89 af			    xor a 
0b8a 06 08		    ld b,8 
0b8c			Div8_Loop: 
0b8c cb 13		    rl e 
0b8e 17			    rla 
0b8f 91			    sub c 
0b90 30 01		    jr nc,Div8_NoAdd 
0b92 81			    add a,c 
0b93			Div8_NoAdd: 
0b93 10 f7		    djnz Div8_Loop 
0b95 47			    ld b,a 
0b96 7b			    ld a,e 
0b97 17			    rla 
0b98 2f			    cpl 
0b99 c9			    ret 
0b9a			 
0b9a			; 
0b9a			; Multiply 8-bit value with a 16-bit value (unrolled) 
0b9a			; In: Multiply A with DE 
0b9a			; Out: HL = result 
0b9a			; 
0b9a			Mult12U: 
0b9a 2e 00		    ld l,0 
0b9c 87			    add a,a 
0b9d 30 01		    jr nc,Mult12U_NoAdd0 
0b9f 19			    add hl,de 
0ba0			Mult12U_NoAdd0: 
0ba0 29			    add hl,hl 
0ba1 87			    add a,a 
0ba2 30 01		    jr nc,Mult12U_NoAdd1 
0ba4 19			    add hl,de 
0ba5			Mult12U_NoAdd1: 
0ba5 29			    add hl,hl 
0ba6 87			    add a,a 
0ba7 30 01		    jr nc,Mult12U_NoAdd2 
0ba9 19			    add hl,de 
0baa			Mult12U_NoAdd2: 
0baa 29			    add hl,hl 
0bab 87			    add a,a 
0bac 30 01		    jr nc,Mult12U_NoAdd3 
0bae 19			    add hl,de 
0baf			Mult12U_NoAdd3: 
0baf 29			    add hl,hl 
0bb0 87			    add a,a 
0bb1 30 01		    jr nc,Mult12U_NoAdd4 
0bb3 19			    add hl,de 
0bb4			Mult12U_NoAdd4: 
0bb4 29			    add hl,hl 
0bb5 87			    add a,a 
0bb6 30 01		    jr nc,Mult12U_NoAdd5 
0bb8 19			    add hl,de 
0bb9			Mult12U_NoAdd5: 
0bb9 29			    add hl,hl 
0bba 87			    add a,a 
0bbb 30 01		    jr nc,Mult12U_NoAdd6 
0bbd 19			    add hl,de 
0bbe			Mult12U_NoAdd6: 
0bbe 29			    add hl,hl 
0bbf 87			    add a,a 
0bc0 d0			    ret nc 
0bc1 19			    add hl,de 
0bc2 c9			    ret 
0bc3			 
0bc3			; 
0bc3			; Multiply 8-bit value with a 16-bit value (right rotating) 
0bc3			; In: Multiply A with DE 
0bc3			;      Put lowest value in A for most efficient calculation 
0bc3			; Out: HL = result 
0bc3			; 
0bc3			Mult12R: 
0bc3 21 00 00		    ld hl,0 
0bc6			Mult12R_Loop: 
0bc6 cb 3f		    srl a 
0bc8 30 01		    jr nc,Mult12R_NoAdd 
0bca 19			    add hl,de 
0bcb			Mult12R_NoAdd: 
0bcb cb 23		    sla e 
0bcd cb 12		    rl d 
0bcf b7			    or a 
0bd0 c2 c6 0b		    jp nz,Mult12R_Loop 
0bd3 c9			    ret 
0bd4			 
0bd4			; 
0bd4			; Multiply 16-bit values (with 32-bit result) 
0bd4			; In: Multiply BC with DE 
0bd4			; Out: BCHL = result 
0bd4			; 
0bd4			Mult32: 
0bd4 79			    ld a,c 
0bd5 48			    ld c,b 
0bd6 21 00 00		    ld hl,0 
0bd9 06 10		    ld b,16 
0bdb			Mult32_Loop: 
0bdb 29			    add hl,hl 
0bdc 17			    rla 
0bdd cb 11		    rl c 
0bdf 30 07		    jr nc,Mult32_NoAdd 
0be1 19			    add hl,de 
0be2 ce 00		    adc a,0 
0be4 d2 e8 0b		    jp nc,Mult32_NoAdd 
0be7 0c			    inc c 
0be8			Mult32_NoAdd: 
0be8 10 f1		    djnz Mult32_Loop 
0bea 41			    ld b,c 
0beb 4f			    ld c,a 
0bec c9			    ret 
0bed			 
0bed			 
0bed			 
0bed			; 
0bed			; Multiply 8-bit values 
0bed			; In:  Multiply H with E 
0bed			; Out: HL = result 
0bed			; 
0bed			Mult8: 
0bed 16 00		    ld d,0 
0bef 6a			    ld l,d 
0bf0 06 08		    ld b,8 
0bf2			Mult8_Loop: 
0bf2 29			    add hl,hl 
0bf3 30 01		    jr nc,Mult8_NoAdd 
0bf5 19			    add hl,de 
0bf6			Mult8_NoAdd: 
0bf6 10 fa		    djnz Mult8_Loop 
0bf8 c9			    ret 
0bf9			 
0bf9			 
0bf9			 
0bf9			 
0bf9			 
0bf9			 
0bf9			 
0bf9			 
0bf9			;;http://z80-heaven.wikidot.com/math 
0bf9			;;This divides DE by BC, storing the result in DE, remainder in HL 
0bf9			; 
0bf9			;DE_Div_BC:          ;1281-2x, x is at most 16 
0bf9			;     ld a,16        ;7 
0bf9			;     ld hl,0        ;10 
0bf9			;     jp $+5         ;10 
0bf9			;.DivLoop: 
0bf9			;       add hl,bc    ;-- 
0bf9			;       dec a        ;64 
0bf9			;       jr z,.DivLoopEnd        ;86 
0bf9			; 
0bf9			;       sla e        ;128 
0bf9			;       rl d         ;128 
0bf9			;       adc hl,hl    ;240 
0bf9			;       sbc hl,bc    ;240 
0bf9			;       jr nc,.DivLoop ;23|21 
0bf9			;       inc e        ;-- 
0bf9			;       jp .DivLoop+1 
0bf9			; 
0bf9			;.DivLoopEnd: 
0bf9			 
0bf9			;HL_Div_C: 
0bf9			;Inputs: 
0bf9			;     HL is the numerator 
0bf9			;     C is the denominator 
0bf9			;Outputs: 
0bf9			;     A is the remainder 
0bf9			;     B is 0 
0bf9			;     C is not changed 
0bf9			;     DE is not changed 
0bf9			;     HL is the quotient 
0bf9			; 
0bf9			;       ld b,16 
0bf9			;       xor a 
0bf9			;         add hl,hl 
0bf9			;         rla 
0bf9			;         cp c 
0bf9			;         jr c,$+4 
0bf9			;           inc l 
0bf9			;           sub c 
0bf9			;         djnz $-7 
0bf9			 
0bf9			; https://plutiedev.com/z80-add-8bit-to-16bit 
0bf9			 
0bf9			addatohl: 
0bf9 85			    add   a, l    ; A = A+L 
0bfa 6f			    ld    l, a    ; L = A+L 
0bfb 8c			    adc   a, h    ; A = A+L+H+carry 
0bfc 95			    sub   l       ; A = H+carry 
0bfd 67			    ld    h, a    ; H = H+carry 
0bfe c9			ret 
0bff			 
0bff			addatode: 
0bff 83			    add   a, e    ; A = A+L 
0c00 5f			    ld    e, a    ; L = A+L 
0c01 8a			    adc   a, d    ; A = A+L+H+carry 
0c02 93			    sub   e       ; A = H+carry 
0c03 57			    ld    d, a    ; H = H+carry 
0c04 c9			ret 
0c05			 
0c05			 
0c05			addatobc: 
0c05 81			    add   a, c    ; A = A+L 
0c06 4f			    ld    c, a    ; L = A+L 
0c07 88			    adc   a, b    ; A = A+L+H+carry 
0c08 91			    sub   c       ; A = H+carry 
0c09 47			    ld    b, a    ; H = H+carry 
0c0a c9			ret 
0c0b			 
0c0b			subafromhl: 
0c0b			   ; If A=0 do nothing 
0c0b			    ; Otherwise flip A's sign. Since 
0c0b			    ; the upper byte becomes -1, also 
0c0b			    ; substract 1 from H. 
0c0b ed 44		    neg 
0c0d ca 16 0c		    jp    z, Skip 
0c10 25			    dec   h 
0c11			     
0c11			    ; Now add the low byte as usual 
0c11			    ; Two's complement takes care of 
0c11			    ; ensuring the result is correct 
0c11 85			    add   a, l 
0c12 6f			    ld    l, a 
0c13 8c			    adc   a, h 
0c14 95			    sub   l 
0c15 67			    ld    h, a 
0c16			Skip: 
0c16 c9				ret 
0c17			 
0c17			 
0c17			; compare hl and de 
0c17			; returns:  
0c17			; if hl = de, z=1, s=0, c0=0 
0c17			; if hl > de, z=0, s=0, c=0 
0c17			; if hl < de, z=0, s=1, c=1 
0c17			cmp16:	 
0c17 b7				or a 
0c18 ed 52			sbc hl,de 
0c1a e0				ret po 
0c1b 7c				ld a,h 
0c1c 1f				rra 
0c1d ee 40			xor 01000000B 
0c1f 37				scf 
0c20 8f				adc a,a 
0c21 c9				ret 
0c22			 
0c22			 
0c22			; test if hl contains zero   - A is destroyed 
0c22			 
0c22			ishlzero:    
0c22 b7				or a     ; reset flags 
0c23 7c				ld a, h 
0c24 b5				or l        	 
0c25			 
0c25 c9				ret 
0c26			 
0c26			 
0c26			 
0c26			 
0c26			if FORTH_ENABLE_FLOATMATH 
0c26			;include "float/bbcmath.z80" 
0c26			include "float/lpfpcalc.asm" 
0c26			endif 
0c26			 
0c26			 
0c26			; eof 
0c26			 
# End of file firmware_maths.asm
0c26			include "firmware_strings.asm"   ; string handling  
0c26			 
0c26			 
0c26			; TODO string len 
0c26			; input text string, end on cr with zero term 
0c26			; a offset into frame buffer to start prompt 
0c26			; d is max length 
0c26			; e is display size TODO 
0c26			; c is current cursor position 
0c26			; hl is ptr to where string will be stored and edited directly 
0c26			 
0c26			 
0c26			; TODO check limit of buffer for new inserts 
0c26			; TODO check insert does not push beyond buffer 
0c26			; TODO scroll in a limited display area 
0c26			; TODO scroll whole screen on page wrap 
0c26			 
0c26			 
0c26			; TODO use LCD cursor? 
0c26			 
0c26			EDIT_V1: equ 0 
0c26			EDIT_V2: equ 1 
0c26			 
0c26			 
0c26			 
0c26			if EDIT_V2 
0c26			input_str: 
0c26			 
0c26 32 59 ee			    	ld (input_at_pos),a      ; save display position to start 
0c29			;		ld (input_at_cursor),a	; save draw pos of cursor relative to start 
0c29 22 5c ee				ld (input_start), hl     ; save ptr to buffer 
0c2c			;		ld a, c 
0c2c			;		call addatohl 
0c2c			;		ld (input_ptr), hl     ; save ptr to point under the cursor 
0c2c 7a					ld a,d 
0c2d 32 5b ee			        ld (input_size), a       ; save length of input area 
0c30 79					ld a, c 
0c31 32 4a ee				ld (input_cursor),a      ; init cursor start position relative to start of string 
0c34 7b					ld a,e 
0c35 32 5a ee			        ld (input_display_size), a       ; save length of input area that is displayed TODO 
0c38			 
0c38			 
0c38					; add a trailing space to make screen refresh nicer 
0c38			 
0c38					;ld hl, (input_start) 
0c38					;push hl 
0c38					;ld a, 0 
0c38					;call strlent 
0c38					;ld a, l 
0c38					;pop hl 
0c38					;call addatohl 
0c38					;dec hl 
0c38					;ld a, ' ' 
0c38					;ld (hl), a 
0c38					;inc hl 
0c38					;ld (hl), a 
0c38					;inc hl 
0c38					;ld a, 0 
0c38					;ld (hl), a 
0c38			 
0c38			; TODO move out to cin as cursor shape is used by the 4x4 ??? 
0c38					; init cursor shape if not set by the cin routines 
0c38 21 b6 eb				ld hl, cursor_shape 
0c3b			if BASE_KEV 
0c3b			;		ld a, 255 
0c3b					ld (hl), 255 
0c3b			else 
0c3b					;ld a, '#' 
0c3b 36 23				ld (hl), '#' 
0c3d			endif 
0c3d 23					inc hl 
0c3e			;		ld a, 0 
0c3e 36 00				ld (hl), 0 
0c40			 
0c40 3e 09				ld a, CUR_BLINK_RATE 
0c42 32 55 ee				ld (input_cur_flash), a 
0c45 3e 01				ld a, 1 
0c47 32 54 ee				ld (input_cur_onoff),a 
0c4a			.inmain:	 
0c4a			 
0c4a cd 6b 0d				call input_disp_ref 
0c4d			 
0c4d					; save current length of string 
0c4d			 
0c4d 2a 5c ee				ld hl, (input_start) 
0c50 3e 00				ld a, 0 
0c52 cd 5c 0f				call strlent 
0c55 7d					ld a,l 
0c56 32 4f ee				ld (input_len), a 
0c59			 
0c59					;call input_disp_oncur 
0c59			 
0c59					; display current state of input buffer 
0c59			 
0c59					; clean any backspace chars 
0c59			 
0c59 3e 20				ld a, " " 
0c5b 32 9d e2				ld (scratch),a 
0c5e 3e 00				ld a, 0 
0c60 32 9e e2				ld (scratch+1),a 
0c63 3a 59 ee				ld a,(input_at_pos) 
0c66 85					add l 
0c67 11 9d e2				ld de, scratch 
0c6a cd cb 09				call str_at_display 
0c6d			 
0c6d					; pause 1ms 
0c6d			 
0c6d 3e 01				ld a, 1 
0c6f cd d2 08				call aDelayInMS 
0c72			 
0c72			; display cursor if visible on this cycle 
0c72			 
0c72					; dec flash counter 
0c72 3a 55 ee				ld a, (input_cur_flash) 
0c75 3d					dec a 
0c76 32 55 ee				ld (input_cur_flash), a 
0c79			;		cp 0 
0c79 b7					or a 
0c7a 20 0d				jr nz, .inochgstate 
0c7c			 
0c7c			 
0c7c					; reset on change of state 
0c7c 3e 09				ld a, CUR_BLINK_RATE 
0c7e 32 55 ee				ld (input_cur_flash), a 
0c81			 
0c81					; change state 
0c81 3a 54 ee				ld a,(input_cur_onoff) 
0c84 ed 44				neg 
0c86 32 54 ee				ld (input_cur_onoff),a 
0c89			 
0c89			 
0c89			 
0c89			 
0c89					; TODO is cursor visible? 
0c89					; TODO if so then over write the char at curspos pos with the cursor shape 
0c89			 
0c89								 
0c89			 
0c89			.inochgstate: 
0c89 3a 54 ee				ld a,(input_cur_onoff) 
0c8c fe ff				cp 255 
0c8e 28 0e				jr z, .skipcursor 
0c90 3a 59 ee				ld a, (input_at_pos) 
0c93 47					ld b, a 
0c94 3a 4a ee				ld a, (input_cursor) 
0c97 80					add b 
0c98 11 b6 eb				ld de, cursor_shape 
0c9b					 
0c9b cd cb 09				call str_at_display 
0c9e			 
0c9e			.skipcursor: 
0c9e				if DEBUG_INPUTV2 
0c9e			 
0c9e					ld a,(input_at_pos) 
0c9e					ld hl, LFSRSeed 
0c9e					call hexout 
0c9e					ld a, (input_cursor) 
0c9e					ld hl, LFSRSeed+2 
0c9e					call hexout 
0c9e					ld a,(input_size) 
0c9e					ld hl, LFSRSeed+4 
0c9e					call hexout 
0c9e			 
0c9e					ld a,(input_cur_onoff) 
0c9e					ld hl, LFSRSeed+6 
0c9e					call hexout 
0c9e			 
0c9e					ld a,(input_cur_flash) 
0c9e					ld hl, LFSRSeed+8 
0c9e					call hexout 
0c9e			 
0c9e					ld a,(input_len) 
0c9e					ld hl, LFSRSeed+10 
0c9e					call hexout 
0c9e					ld hl, LFSRSeed+12 
0c9e			;		ld a, 0 
0c9e					ld (hl),0 
0c9e					ld a, display_row_4 
0c9e					ld de, LFSRSeed 
0c9e					call str_at_display 
0c9e				endif 
0c9e cd f1 09				call update_display 
0ca1			 
0ca1					; TODO keyboard processing 
0ca1			 
0ca1			if BASE_CPM 
0ca1 cd 2d 5b				call cin_wait 
0ca4			else 
0ca4					call cin    ; _wait 
0ca4			endif 
0ca4			;		cp 0 
0ca4 b7					or a 
0ca5 ca 4a 0c				jp z, .inmain 
0ca8			 
0ca8			 
0ca8					; TODO handle macro 
0ca8			 
0ca8			 
0ca8			 
0ca8 fe 0b				cp KEY_LEFT    ; cursor left 
0caa ca 5d 0d				jp z, input_left 
0cad				 
0cad fe 0c				cp KEY_RIGHT      ; cursor right 
0caf ca 64 0d				jp z, input_right 
0cb2			 
0cb2 fe 0d				cp KEY_CR 
0cb4 c8					ret z 
0cb5			 
0cb5 fe 08				cp KEY_BS 
0cb7 ca cf 0d				jp z, input_delchar 
0cba			 
0cba fe 06				cp KEY_NEXTWORD 
0cbc ca e3 0c				jp z, input_nxtword 
0cbf			 
0cbf fe 07				cp KEY_PREVWORD 
0cc1 ca 08 0d				jp z, input_prvword 
0cc4			 
0cc4 fe 0e				cp KEY_HOME    ; jump to start of line 
0cc6 20 08				jr nz, .ikh 
0cc8 3e 00				ld a, 0 
0cca 32 4a ee				ld (input_cursor), a 
0ccd ca 4a 0c				jp z, .inmain 
0cd0			.ikh: 
0cd0			 
0cd0 fe 0f				cp KEY_END     ; jump to end of line 
0cd2 20 09				jr nz, .ike 
0cd4 3a 4f ee				ld a, (input_len) 
0cd7 32 4a ee				ld (input_cursor),a 
0cda ca 4a 0c				jp z, .inmain 
0cdd			.ike: 
0cdd fe 05			        cp KEY_UP      ; recall last command 
0cdf c8					ret z 
0ce0			;jr nz, .irec 
0ce0			; TODO next word 
0ce0			; TODO prev word 
0ce0			;  
0ce0			; 
0ce0			;	ld hl, scratch 
0ce0			;	ld de, os_last_cmd 
0ce0			;	call strcpy 
0ce0			;		jp  .inmain 
0ce0			.irec: 
0ce0			;		jr .instr1 
0ce0			 
0ce0			 
0ce0			 
0ce0					; if any keys not intercepted by above but are special keys like function keys then return them to the program 
0ce0			 
0ce0			; TODO return if any special keys are given 
0ce0			;		ld l, a 
0ce0			;		ld a, 28 ; KEY_F12   ; 27 
0ce0			;		sub l 
0ce0			;		ret m 
0ce0			;		ld a, l 
0ce0					; if no special key then insert as a char 
0ce0			 
0ce0			 
0ce0			 
0ce0 c3 a4 0d				jp input_inschr 
0ce3			 
0ce3				 
0ce3			input_nxtword: 
0ce3				; jump to start next word after the cursor 
0ce3			 
0ce3			.insknwn:	 
0ce3 cd 9a 0d				call input_curptr	 
0ce6 7e					ld a,(hl)	 
0ce7			;		cp 0 
0ce7 b7					or a 
0ce8 ca 4a 0c				jp z, .inmain    ; end of string 
0ceb			 
0ceb			; if we are on a word, then move off of it 
0ceb			 
0ceb fe 20				cp ' ' 
0ced 28 06				jr z, .inspace     ; we are on space so eat the space until we hit non-space 
0cef 21 4a ee				ld hl, input_cursor 
0cf2 34					inc (hl) 
0cf3 18 ee				jr .insknwn 
0cf5			 
0cf5			.inspace: 
0cf5			 
0cf5 cd 9a 0d				call input_curptr	 
0cf8 7e					ld a,(hl)	 
0cf9			;		cp 0 
0cf9 b7					or a 
0cfa ca 4a 0c				jp z, .inmain    ; end of string 
0cfd			 
0cfd			; if we are on a word, then move off of it 
0cfd			 
0cfd fe 20				cp ' ' 
0cff c2 4a 0c				jp nz, .inmain     ; we are on non space so at next word 
0d02 21 4a ee				ld hl, input_cursor 
0d05 34					inc (hl) 
0d06 18 ed				jr .inspace 
0d08			 
0d08			 
0d08			 
0d08			 
0d08			input_prvword: 
0d08				; jump to the start of previous word before the cursor 
0d08			 
0d08			; where are we to start with currently? 
0d08			 
0d08 cd 9a 0d				call input_curptr	 
0d0b 7e					ld a, (hl) 
0d0c fe 20				cp ' ' 
0d0e 28 1c				jr z, .inspacep     ; we are on space so eat the space until we hit non-space 
0d10			 
0d10			 
0d10			 
0d10			.inskpwn:	 
0d10 3a 4a ee				ld a,(input_cursor) 
0d13			;		cp 0 
0d13 b7					or a 
0d14 ca 4a 0c				jp z, .inmain    ; start of string 
0d17			 
0d17			;if we are on a word, then move off of it 
0d17			 
0d17 cd 9a 0d				call input_curptr	 
0d1a 7e					ld a, (hl) 
0d1b fe 20				cp ' ' 
0d1d 28 06				jr z, .iwstart     ; we are on space so eat the space until we hit non-space 
0d1f					;jp z, .inmain    ; start of string 
0d1f 21 4a ee				ld hl, input_cursor 
0d22 35					dec (hl) 
0d23 18 eb				jr .inskpwn 
0d25			.iwstart: 
0d25 21 4a ee				ld hl, input_cursor 
0d28 34					inc (hl) 
0d29 c3 4a 0c				jp .inmain 
0d2c					 
0d2c			 
0d2c			.inspacep: 
0d2c			 
0d2c					;jp .inmain    ; start of string 
0d2c			 
0d2c			 
0d2c			 
0d2c 3a 4a ee				ld a,(input_cursor) 
0d2f			;		cp 0 
0d2f b7					or a 
0d30 ca 4a 0c				jp z, .inmain    ; start of string 
0d33			 
0d33			; if we are on a word, then move off of it 
0d33			 
0d33 cd 9a 0d				call input_curptr	 
0d36 7e					ld a, (hl) 
0d37 fe 20				cp ' ' 
0d39 c2 42 0d				jp nz, .incharp     ; we are on non space so at end of prev word 
0d3c 21 4a ee				ld hl, input_cursor 
0d3f 35					dec (hl) 
0d40 18 ea				jr .inspacep 
0d42			 
0d42			 
0d42			.incharp:	 
0d42					; eat the word to get to the start 
0d42 3a 4a ee				ld a,(input_cursor) 
0d45			;		cp 0 
0d45 b7					or a 
0d46 ca 4a 0c				jp z, .inmain    ; start of string 
0d49			 
0d49			; if we are on a word, then move off of it 
0d49			 
0d49 cd 9a 0d				call input_curptr	 
0d4c 7e					ld a, (hl) 
0d4d fe 20				cp ' ' 
0d4f 28 06				jr z, .ipwordst     ; we are on space so eat the space until we hit non-space 
0d51 21 4a ee				ld hl, input_cursor 
0d54 35					dec (hl) 
0d55 18 eb				jr .incharp 
0d57			.ipwordst: 
0d57					; at space before the prev word so reposition over it 
0d57 21 4a ee				ld hl, input_cursor 
0d5a 34					inc (hl) 
0d5b 18 b3				jr .inskpwn 
0d5d					 
0d5d			 
0d5d			 
0d5d			input_left: 
0d5d				; move cursor left 
0d5d 21 4a ee			ld hl, input_cursor 
0d60 35				dec (hl) 
0d61			;	cp 0 
0d61			;	jp z, .inmain    ; ignore left as at the start of the string 
0d61 c3 4a 0c			jp .inmain 
0d64			 
0d64			input_right: 
0d64				; move cursor right 
0d64				 
0d64				;ld a, (input_size) 
0d64				;ld b, a 
0d64 21 4a ee			ld hl, input_cursor 
0d67 34				inc (hl) 
0d68				;dec b 
0d68				;cp 0 
0d68				;jp z, .inmain   ; ignore as at end of the string buffer 
0d68				;ld a, b 
0d68				;inc a 
0d68				;ld (input_cursor), a 
0d68 c3 4a 0c			jp .inmain 
0d6b			 
0d6b			 
0d6b			 
0d6b			input_disp_ref: 
0d6b				; display the text from start of buffer (ie full refresh) 
0d6b 3a 59 ee			ld a, (input_at_pos) 
0d6e 2a 5c ee			ld hl,(input_start) 
0d71 eb				ex de, hl 
0d72 cd cb 09			call str_at_display  
0d75 c9				ret 
0d76			input_disp_oncur: 
0d76				; display the text from cursor position to end of buffer 
0d76				; TODO position start of string at cursor position on screen 
0d76				; TODO draw from that point on 
0d76 3a 4a ee			ld a, (input_cursor) 
0d79 47				ld b, a 
0d7a 3a 59 ee			ld a, (input_at_pos) 
0d7d 80				add b 
0d7e 48				ld c, b     ; save a 
0d7f 78				ld a, b     ; inc string start for cursor 
0d80 2a 5c ee			ld hl,(input_start) 
0d83 cd f9 0b			call addatohl 
0d86 eb				ex de, hl 
0d87 79				ld a, c 
0d88 cd cb 09			call str_at_display  
0d8b c9				ret 
0d8c			 
0d8c			input_nxtw: 
0d8c				; Find next word 
0d8c c9				ret 
0d8d			 
0d8d			input_prvw: 
0d8d				; Find previous word 
0d8d c9				ret 
0d8e			 
0d8e			input_lenrem:   
0d8e				; Calculate the length of string remaining from current cursor 
0d8e				; position to end of buffer (exc null term) 
0d8e				 
0d8e 3a 4a ee			ld a, (input_cursor) 
0d91 4f				ld c, a 
0d92 3a 5b ee			ld a, (input_size) 
0d95 91				sub c 
0d96 06 00			ld b, 0 
0d98 0d				dec c 
0d99 c9				ret	 
0d9a			 
0d9a			input_curptr: 
0d9a				; calc address of the character under the cursor 
0d9a				 
0d9a 2a 5c ee			ld hl, (input_start) 
0d9d 3a 4a ee			ld a, (input_cursor) 
0da0 cd f9 0b			call addatohl 
0da3 c9				ret 
0da4			 
0da4			input_inschr: 
0da4				; Insert char at cursor position 
0da4 f5				push af   ; save char 
0da5				;call input_lenrem    ; get bc length of remaining string 
0da5			 
0da5				 
0da5 cd 9a 0d			call input_curptr 
0da8			;	ld hl, (input_start) 
0da8			;	ld a, (input_cursor) 
0da8			;	call addatohl 
0da8				;push hl   ; save to come back to 
0da8			 
0da8				; shift everything up one to end of buffer 
0da8			 
0da8				;push hl 
0da8				;dec de 
0da8				;inc de 
0da8			;	ldir 
0da8				 
0da8				;pop hl 
0da8			 
0da8				; are we adding to the end of line? 
0da8			 
0da8 3a 4a ee			ld a, (input_cursor) 
0dab 47				ld b, a 
0dac 3a 4f ee			ld a, (input_len) 
0daf b8				cp b 
0db0 20 08			jr nz, .insmid   ; no, insert in middle of text 
0db2			 
0db2				; tack on the end of the line 
0db2 f1				pop af 
0db3 77				ld (hl), a   ; save new char 
0db4 23				inc hl 
0db5			;	ld a, 0 
0db5 36 00			ld (hl), 0 
0db7 c3 64 0d			jp input_right 
0dba				 
0dba			.insmid: 
0dba				; hl has insertion point so move everything up one to allow for insertion 
0dba				;call input_shiftright 
0dba f1				pop af 
0dbb			 
0dbb			.shufinsmid: 
0dbb 47				ld b, a     ; b contains new char, c prev char at this position  
0dbc 7e				ld a, (hl) 
0dbd			 
0dbd			;	cp 0    ; at end of string need to then dump new char and add term 
0dbd b7				or a 
0dbe 28 07			jr z, .endinsmid 
0dc0 4f				ld c, a 
0dc1 78				ld a, b 
0dc2 77				ld (hl), a 
0dc3 23				inc hl 
0dc4 79				ld a, c 
0dc5 18 f4			jr .shufinsmid 
0dc7				 
0dc7			 
0dc7			 
0dc7			 
0dc7			.endinsmid: 
0dc7 78				ld a, b 
0dc8 77				ld (hl), a 
0dc9 23				inc hl 
0dca			;	ld a, 0 
0dca 36 00			ld (hl), 0 
0dcc			 
0dcc			 
0dcc			;	ld (hl), a   ; save new char 
0dcc			 
0dcc c3 64 0d			jp input_right 
0dcf			 
0dcf			;input_shiftright: 
0dcf			;	; shift text right at cursor, hl has shift start 
0dcf			;	push hl 
0dcf			;	push de 
0dcf			;	push bc 
0dcf			; 
0dcf			; 
0dcf			;	; move to end of string past zero term 
0dcf			;	ld hl,(input_start) 
0dcf			;	ld a, (input_len) 
0dcf			;	call addatohl 
0dcf			;	inc hl 
0dcf			;;	inc hl 
0dcf			;;	inc hl 
0dcf			;	ld a, 0 
0dcf			;	ld (hl), a 
0dcf			;;	dec hl 
0dcf			;	 
0dcf			;;	ld (hl), a 
0dcf			;;	dec hl 
0dcf			; 
0dcf			;	push hl 
0dcf			;	pop de 
0dcf			;	inc de 
0dcf			;	 
0dcf			; 
0dcf			;;	ld hl,(input_start) 
0dcf			;;	ld a, (input_cursor) 
0dcf			;;	call addatohl 
0dcf			; 
0dcf			; 
0dcf			;	; calc how many bytes from cursor pos to end of string we need to shift 
0dcf			;	call input_lenrem    ; get bc length of remaining string 
0dcf			;	;ld a, (input_cursor) 
0dcf			;	;ld c, a 
0dcf			;	ld a, (input_len) 
0dcf			;	cp 2 
0dcf			;	jr z, .iskipzero	 
0dcf			;	;sub c 
0dcf			;	;inc a 
0dcf			;	;ld c, a 
0dcf			;	;ld b, 0 
0dcf			;	inc c 
0dcf			;	inc c 
0dcf			;	; move data 
0dcf			;	lddr 
0dcf			;.iskipzero: 
0dcf			; 
0dcf			;	pop bc 
0dcf			;	pop de 
0dcf			;	pop hl 
0dcf			;	ret	 
0dcf			 
0dcf			input_delchar: 
0dcf				; Delete char at cursor position 
0dcf cd 8e 0d			call input_lenrem    ; get bc length of remaining string 
0dd2 2a 5c ee			ld hl, (input_start) 
0dd5 3a 4a ee			ld a, (input_cursor) 
0dd8 cd f9 0b			call addatohl 
0ddb			 
0ddb e5				push hl 
0ddc d1				pop de 
0ddd 1b				dec de 
0dde			 
0dde			.dl:	 
0dde ed a0			ldi  
0de0 7e				ld a, (hl) 
0de1			;	cp 0 
0de1 b7				or a 
0de2 28 02			jr z, .dldone 
0de4 18 f8			jr .dl 
0de6			.dldone: 
0de6 ed a0			ldi 
0de8			 
0de8 c3 5d 0d			jp input_left 
0deb			 
0deb			 
0deb			endif 
0deb			 
0deb			 
0deb			 
0deb			if EDIT_V1 
0deb			input_str: 
0deb			 
0deb				    	ld (input_at_pos),a      ; save display position to start 
0deb					add c 
0deb					ld (input_at_cursor),a	; save draw pos of cursor 
0deb					ld (input_start), hl     ; save ptr to buffer 
0deb					ld a, c 
0deb					call addatohl 
0deb					ld (input_ptr), hl     ; save ptr to point under the cursor 
0deb					ld a,d 
0deb				        ld (input_size), a       ; save length of input area 
0deb					ld a, c 
0deb					ld (input_cursor),a      ; init cursor start position  
0deb					ld a,e 
0deb				        ld (input_display_size), a       ; save length of input area that is displayed TODO 
0deb					 
0deb					 
0deb			 
0deb			;		ld a,(input_ptr) 
0deb			;		ld (input_under_cursor),a 	; save what is under the cursor 
0deb			 
0deb			; TODO move out to cin as cursor shape is used by the 4x4 ??? 
0deb					; init cursor shape if not set by the cin routines 
0deb					ld hl, cursor_shape 
0deb			if BASE_KEV 
0deb					ld a, 255 
0deb			else 
0deb					ld a, '#' 
0deb			endif 
0deb					ld (hl), a 
0deb					inc hl 
0deb					ld a, 0 
0deb					ld (hl), a 
0deb			 
0deb					ld a, CUR_BLINK_RATE 
0deb					ld (input_cur_flash), a 
0deb					ld a, 1 
0deb					ld (input_cur_onoff),a 
0deb			 
0deb			;	if DEBUG_INPUT 
0deb			;		push af 
0deb			;		ld a, 'I' 
0deb			;		ld (debug_mark),a 
0deb			;		pop af 
0deb			;		CALLMONITOR 
0deb			;	endif 
0deb			.is1:		; main entry loop 
0deb			 
0deb			 
0deb			 
0deb					; pause 1ms 
0deb			 
0deb					ld a, 1 
0deb					call aDelayInMS 
0deb			 
0deb					; dec flash counter 
0deb					ld a, (input_cur_flash) 
0deb					dec a 
0deb					ld (input_cur_flash), a 
0deb			;		cp 0 
0deb					or a 
0deb					jr nz, .nochgstate 
0deb			 
0deb			 
0deb					; change state 
0deb					ld a,(input_cur_onoff) 
0deb					neg 
0deb					ld (input_cur_onoff),a 
0deb			 
0deb			 
0deb					; reset on change of state 
0deb					ld a, CUR_BLINK_RATE 
0deb					ld (input_cur_flash), a 
0deb			 
0deb			.nochgstate: 
0deb					 
0deb					 
0deb			 
0deb					; display cursor  
0deb			 
0deb			;		ld hl, (input_start) 
0deb			;		ld a, (input_cursor) 
0deb			;		call addatohl 
0deb			 
0deb					; get char under cursor and replace with cursor 
0deb			ld hl, (input_ptr) 
0deb			;		ld a, (hl) 
0deb			;		ld (input_under_cursor),a 
0deb			;		ld a, '_' 
0deb			;		ld (hl), a 
0deb			 
0deb					; display string 
0deb			 
0deb					ld de, (input_start) 
0deb					ld a, (input_at_pos) 
0deb					call str_at_display 
0deb			;	        call update_display 
0deb			 
0deb					; find place to put the cursor 
0deb			;		add h 
0deb			;		ld l, display_row_1 
0deb			;		sub l 
0deb			; (input_at_pos) 
0deb					;ld c, a 
0deb			;		ld a, (input_cursor) 
0deb			;		ld l, (input_at_pos) 
0deb			;		;ld b, h 
0deb			;		add l 
0deb			;		ld (input_at_cursor),a 
0deb					;ld l,h 
0deb			 
0deb			;		ld h, 0 
0deb			;		ld l,(input_at_pos) 
0deb			;		ld a, (input_cursor) 
0deb			;		call addatohl 
0deb			;		ld a, 074H-19			; TODO BUG I dont know why offset is showing 74H 
0deb			;		call subafromhl 
0deb			;		ld a,l 
0deb			;		ld (input_at_cursor), a 
0deb			 
0deb				if DEBUG_INPUT 
0deb					ld a, (hardware_diag) 
0deb			;		cp 0 
0deb					or a 
0deb					jr z, .skip_input_diag 
0deb			 
0deb					ld a,(input_at_pos) 
0deb					ld hl, LFSRSeed 
0deb					call hexout 
0deb					ld a, (input_cursor) 
0deb					ld hl, LFSRSeed+2 
0deb					call hexout 
0deb					ld a,(input_at_cursor) 
0deb					ld hl, LFSRSeed+4 
0deb					call hexout 
0deb			 
0deb					ld a,(input_cur_onoff) 
0deb					ld hl, LFSRSeed+6 
0deb					call hexout 
0deb			 
0deb					ld a,(input_cur_flash) 
0deb					ld hl, LFSRSeed+8 
0deb					call hexout 
0deb			 
0deb					ld a,(input_len) 
0deb					ld hl, LFSRSeed+10 
0deb					call hexout 
0deb					ld hl, LFSRSeed+12 
0deb					ld a, 0 
0deb					ld (hl),a 
0deb					ld a, display_row_4 
0deb					ld de, LFSRSeed 
0deb					call str_at_display 
0deb					.skip_input_diag: 
0deb				endif 
0deb			 
0deb					; decide on if we are showing the cursor this time round 
0deb			 
0deb					ld a, (input_cur_onoff) 
0deb					cp 255 
0deb					jr z, .skipcur 
0deb			 
0deb			 
0deb					ld a,(input_at_cursor) 
0deb					ld de, cursor_shape 
0deb					call str_at_display 
0deb			 
0deb					; save length of current input string 
0deb					ld hl, (input_start) 
0deb					ld a, 0 
0deb					call strlent 
0deb					ld a,l 
0deb					ld (input_len),a 
0deb			 
0deb			.skipcur: 
0deb			 
0deb				        call update_display 
0deb					 
0deb			 
0deb			 
0deb					; wait 
0deb				 
0deb					; TODO loop without wait to flash the cursor and char under cursor	 
0deb					call cin    ; _wait 
0deb			 
0deb			;		cp 0 
0deb					or a 
0deb					jp z, .is1 
0deb			 
0deb					; get ptr to char to input into 
0deb			 
0deb					ld c,a 
0deb					ld hl, (input_start) 
0deb					ld a, (input_cursor) 
0deb					call addatohl 
0deb					ld (input_ptr), hl 
0deb					ld a,c 
0deb			 
0deb					; replace char under cursor 
0deb			 
0deb			;		ld hl, (input_ptr) 
0deb			;		ld a, (input_under_cursor) 	; get what is under the cursor 
0deb			;		ld (hl), a 
0deb			 
0deb			;	if DEBUG_INPUT 
0deb			;		push af 
0deb			;		ld a, 'i' 
0deb			;		ld (debug_mark),a 
0deb			;		pop af 
0deb			;		CALLMONITOR 
0deb			;	endif 
0deb					cp KEY_HOME 
0deb					jr nz, .iske 
0deb			 
0deb					ld a, (input_at_pos) 
0deb					ld (input_at_cursor),a 
0deb					ld a, 0 
0deb					ld (input_cursor), a 
0deb					jp .is1 
0deb					 
0deb			.iske:		cp KEY_END 
0deb					jr nz, .isknw 
0deb					jp .is1 
0deb			 
0deb			.isknw:		cp KEY_NEXTWORD 
0deb					jr nz, .iskpw 
0deb			 
0deb			.isknwm:	ld hl, (input_ptr) 
0deb					ld a,(hl)	 
0deb			;		cp 0 
0deb					or a 
0deb					jp z, .is1    ; end of string 
0deb					cp ' ' 
0deb					jp z, .is1    ; end of word 
0deb					inc hl 
0deb					ld (input_ptr), hl 
0deb					ld a, (input_at_cursor) 
0deb					inc a 
0deb					ld (input_at_cursor), a 
0deb					jr .isknwm 
0deb			 
0deb			.iskpw:		cp KEY_PREVWORD 
0deb					jr nz, .iskl 
0deb			.iskpwm:	 
0deb					ld hl, (input_ptr) 
0deb					ld a,(hl)	 
0deb			;		cp 0  
0deb					or a 
0deb					jp z, .is1    ; end of string 
0deb					cp ' ' 
0deb					jp z, .is1    ; end of word 
0deb					dec hl 
0deb					ld (input_ptr), hl 
0deb					ld a, (input_at_cursor) 
0deb					dec a 
0deb					ld (input_at_cursor), a 
0deb					jr .iskpwm 
0deb			 
0deb			 
0deb			.iskl:		cp KEY_LEFT 
0deb					jr nz, .isk1 
0deb			 
0deb					ld a, (input_cursor) 
0deb			 
0deb			;		cp 0 
0deb					or a 
0deb					jp z, .is1 		; at start of line to ignore  
0deb			 
0deb					dec  a 		; TODO check underflow 
0deb					ld (input_cursor), a 
0deb			 
0deb					ld hl, (input_ptr) 
0deb					dec hl 
0deb					ld (input_ptr), hl 
0deb					 
0deb					ld a, (input_at_cursor) 
0deb					dec a 
0deb					ld (input_at_cursor), a 
0deb			 
0deb					ld a, 1		; show cursor moving 
0deb					ld (input_cur_onoff),a 
0deb					ld a, CUR_BLINK_RATE 
0deb					ld (input_cur_flash), a 
0deb			 
0deb					jp .is1 
0deb			 
0deb			.isk1:		cp KEY_RIGHT 
0deb					jr nz, .isk2 
0deb			 
0deb					ld a,(input_len)		; TODO BUG why cant i load e direct? 
0deb					ld e,a 
0deb					ld a, (input_cursor) 
0deb					cp e 
0deb					jp z, .is1		; at the end of string so dont go right 
0deb			 
0deb					inc  a 		; TODO check overflow 
0deb					ld (input_cursor), a 
0deb			 
0deb					ld a, (input_at_cursor) 
0deb					inc a 
0deb					ld (input_at_cursor), a 
0deb			 
0deb					ld hl, (input_ptr) 
0deb					inc hl 
0deb					ld (input_ptr), hl 
0deb			 
0deb					ld a, 1		; show cursor moving 
0deb					ld (input_cur_onoff),a 
0deb					ld a, CUR_BLINK_RATE 
0deb					ld (input_cur_flash), a 
0deb			 
0deb					jp .is1 
0deb			 
0deb			.isk2:		cp KEY_UP 
0deb			 
0deb					jr nz, .isk3 
0deb			 
0deb					; swap last command with the current on 
0deb			 
0deb					; move cursor to start of string 
0deb					ld hl, (input_start) 
0deb					ld (input_ptr), hl 
0deb			 
0deb					ld a, (input_at_pos) 
0deb					ld (input_at_cursor), a 
0deb			 
0deb					ld a, 0 
0deb					ld (input_cursor), a 
0deb					 
0deb					; swap input and last command buffers 
0deb			 
0deb					ld hl, os_cli_cmd 
0deb					ld de, os_last_cmd 
0deb					ld b, 255 
0deb			.swap1:		ld a, (hl) 
0deb					ld c,a 
0deb					ld a, (de) 
0deb					ld (hl), a 
0deb					ld a,c 
0deb					ld (de),a 
0deb					inc hl 
0deb					inc de 
0deb					djnz .swap1 
0deb			 
0deb			 
0deb			 
0deb			 
0deb			 
0deb					jp .is1 
0deb			 
0deb			.isk3:		cp KEY_BS 
0deb					jr nz, .isk4 
0deb			 
0deb					ld a, (input_cursor) 
0deb			 
0deb			;		cp 0 
0deb					or a 
0deb					jp z, .is1 		; at start of line to ignore  
0deb			 
0deb					dec  a 		; TODO check underflow 
0deb					ld (input_cursor), a 
0deb			 
0deb					; hl is source 
0deb					; de needs to be source - 1 
0deb			 
0deb			;		ld a, 0 
0deb			;		dec hl 
0deb			;		ld (hl), a 
0deb			 
0deb					ld hl, (input_ptr) 
0deb					dec hl 
0deb					ld (input_ptr), hl 
0deb			 
0deb					; shift all data 
0deb			 
0deb					push hl 
0deb					inc hl 
0deb					pop de 
0deb					ld a, (input_len)		; TODO BUG WAS ld c, (input... 
0deb					ld c,a 
0deb					ld b,0 
0deb					ldir  
0deb			 
0deb			 
0deb			 
0deb			 
0deb					ld a, (input_at_cursor) 
0deb					dec a 
0deb					ld (input_at_cursor), a 
0deb			 
0deb			 
0deb					ld a, 1		; show cursor moving 
0deb					ld (input_cur_onoff),a 
0deb					ld a, CUR_BLINK_RATE 
0deb					ld (input_cur_flash), a 
0deb			 
0deb					; remove char 
0deb					ld a, (input_at_cursor) 
0deb					inc a 
0deb					ld de,.iblank 
0deb					call str_at_display 
0deb			 
0deb					jp .is1 
0deb			 
0deb			.isk4:		cp KEY_CR 
0deb					jr z, .endinput 
0deb			 
0deb					; else add the key press to the end 
0deb			 
0deb					ld c, a			; save key pressed 
0deb			 
0deb					ld a,(hl)		; get what is currently under char 
0deb			 
0deb			;		cp 0			; we are at the end of the string 
0deb					or a 
0deb					jr nz, .onchar 
0deb					 
0deb					; add a char to the end of the string 
0deb				 
0deb					ld (hl),c 
0deb					inc hl 
0deb			;		ld a,' ' 
0deb			;		ld (hl),a 
0deb			;		inc hl 
0deb					ld a,0 
0deb					ld (hl),a 
0deb					dec hl 
0deb			 
0deb					ld a, (input_cursor) 
0deb					inc a				; TODO check max string length and scroll  
0deb					ld (input_cursor), a		; inc cursor pos 
0deb							 
0deb					ld a, (input_at_cursor) 
0deb					inc a 
0deb					ld (input_at_cursor), a 
0deb			 
0deb					ld hl, (input_ptr) 
0deb					inc hl 
0deb					ld (input_ptr), hl 
0deb			 
0deb					ld hl, (input_ptr) 
0deb					inc hl 
0deb					ld (input_ptr), hl 
0deb			;	if DEBUG_INPUT 
0deb			;		push af 
0deb			;		ld a, '+' 
0deb			;		ld (debug_mark),a 
0deb			;		pop af 
0deb			;		CALLMONITOR 
0deb			;	endif 
0deb					ld a, 1		; show cursor moving 
0deb					ld (input_cur_onoff),a 
0deb					ld a, CUR_BLINK_RATE 
0deb					ld (input_cur_flash), a 
0deb					jp .is1 
0deb					 
0deb			 
0deb			 
0deb					; if on a char then insert 
0deb			.onchar: 
0deb			 
0deb					; TODO over flow check: make sure insert does not blow out buffer 
0deb			 
0deb					; need to do some maths to use lddr 
0deb			 
0deb					push hl   ; save char pos 
0deb					push bc 
0deb			 
0deb					ld hl, (input_start) 
0deb					ld a, (input_len) 
0deb					call addatohl  		; end of string 
0deb					inc hl 
0deb					inc hl		; past zero term 
0deb					push hl 
0deb					inc hl 
0deb					push hl  
0deb			 
0deb								; start and end of lddr set, now how much to move? 
0deb			 
0deb							 
0deb					ld a, (input_cursor)		; BUG TODO why cant i load directly into b??? 
0deb					ld b,a 
0deb					ld a,(input_len) 
0deb					ld e,a 
0deb					sub b 
0deb					inc a		;?? 
0deb					inc a		;?? 
0deb					inc a		;?? 
0deb			 
0deb					ld b,0 
0deb					ld c,a 
0deb			 
0deb				if DEBUG_INPUT 
0deb					push af 
0deb					ld a, 'i' 
0deb					ld (debug_mark),a 
0deb					pop af 
0deb			;		CALLMONITOR 
0deb				endif 
0deb					pop de 
0deb					pop hl 
0deb				if DEBUG_INPUT 
0deb					push af 
0deb					ld a, 'I' 
0deb					ld (debug_mark),a 
0deb					pop af 
0deb			;		CALLMONITOR 
0deb				endif 
0deb					lddr 
0deb				 
0deb			 
0deb			 
0deb					; TODO have a key for insert/overwrite mode???? 
0deb					pop bc 
0deb					pop hl 
0deb					ld (hl), c		; otherwise overwrite current char 
0deb					 
0deb			 
0deb			 
0deb			 
0deb					ld a, (input_cursor) 
0deb					inc  a 		; TODO check overflow 
0deb					ld (input_cursor), a 
0deb			 
0deb					ld a, (input_at_cursor) 
0deb					inc a 
0deb					ld (input_at_cursor), a 
0deb			 
0deb					jp .is1 
0deb			 
0deb			.endinput:	; TODO look for end of string 
0deb			 
0deb					; add trailing space for end of token 
0deb			 
0deb					ld hl, (input_start) 
0deb					ld a,(input_len) 
0deb					call addatohl 
0deb					ld a, ' ' 
0deb					ld (hl),a 
0deb					; TODO eof of parse marker 
0deb			 
0deb					inc hl 
0deb					ld a, 0 
0deb					ld (hl),a 
0deb			 
0deb			 
0deb					ret 
0deb			 
0deb			.iblank: db " ",0 
0deb			 
0deb			 
0deb			input_str_prev:	ld (input_at_pos), a 
0deb					ld (input_start), hl 
0deb					ld a,1			; add cursor 
0deb					ld (hl),a 
0deb					inc hl 
0deb					ld a,0 
0deb					ld (hl),a 
0deb					ld (input_ptr), hl 
0deb					ld a,d 
0deb					ld (input_size), a 
0deb					ld a,0 
0deb					ld (input_cursor),a 
0deb			.instr1:	 
0deb			 
0deb					; TODO do block cursor 
0deb					; TODO switch cursor depending on the modifer key 
0deb			 
0deb					; update cursor shape change on key hold 
0deb			 
0deb					ld hl, (input_ptr) 
0deb					dec hl 
0deb					ld a,(cursor_shape) 
0deb					ld (hl), a 
0deb			 
0deb					; display entered text 
0deb					ld a,(input_at_pos) 
0deb			            	CALL fLCD_Pos       ;Position cursor to location in A 
0deb			            	LD   de, (input_start) 
0deb			            	CALL fLCD_Str       ;Display string pointed to by DE 
0deb			 
0deb					call cin 
0deb			;		cp 0 
0deb					or a 
0deb					jr z, .instr1 
0deb			 
0deb					; proecess keyboard controls first 
0deb			 
0deb					ld hl,(input_ptr) 
0deb			 
0deb					cp KEY_CR	 ; pressing enter ends input 
0deb					jr z, .instrcr 
0deb			 
0deb					cp KEY_BS 	; back space 
0deb					jr nz, .instr2 
0deb					; process back space 
0deb			 
0deb					; TODO stop back space if at start of string 
0deb					dec hl 
0deb					dec hl ; to over write cursor 
0deb					ld a,(cursor_shape) 
0deb					;ld a,0 
0deb					ld (hl),a 
0deb					inc hl 
0deb					ld a," " 
0deb					ld (hl),a 
0deb					ld (input_ptr),hl 
0deb					 
0deb			 
0deb					jr .instr1 
0deb			 
0deb			.instr2:	cp KEY_LEFT    ; cursor left 
0deb					jr nz, .instr3 
0deb					dec hl 
0deb					ld (input_ptr),hl 
0deb					jr .instr1 
0deb				 
0deb			.instr3:	cp KEY_RIGHT      ; cursor right 
0deb					jr nz, .instr4 
0deb					inc hl 
0deb					ld (input_ptr),hl 
0deb					jr .instr1 
0deb			 
0deb			.instr4:	cp KEY_HOME    ; jump to start of line 
0deb					jr nz, .instr5 
0deb					dec hl 
0deb					ld (input_ptr),hl 
0deb					jr .instr1 
0deb			 
0deb			.instr5:	cp KEY_END     ; jump to end of line 
0deb					jr nz, .instr6 
0deb					dec hl 
0deb					ld (input_ptr),hl 
0deb					jr .instr1 
0deb			.instr6:        cp KEY_UP      ; recall last command 
0deb					jr nz, .instrnew 
0deb			 
0deb				ld hl, scratch 
0deb				ld de, os_last_cmd 
0deb				call strcpy 
0deb					jr .instr1 
0deb			 
0deb			 
0deb			.instrnew:	; no special key pressed to see if we have room to store it 
0deb			 
0deb					; TODO do string size test 
0deb			 
0deb					dec hl ; to over write cursor 
0deb					ld (hl),a 
0deb					inc hl 
0deb					ld a,(cursor_shape) 
0deb					ld (hl),a 
0deb					inc hl 
0deb					ld a,0 
0deb					ld (hl),a 
0deb			 
0deb					ld (input_ptr),hl 
0deb					 
0deb					jr .instr1 
0deb			.instrcr:	dec hl		; remove cursor 
0deb					ld a,' '	; TODO add a trailing space for safety 
0deb					ld (hl),a 
0deb					inc hl 
0deb					ld a,0 
0deb					ld (hl),a 
0deb			 
0deb			 
0deb					; if at end of line scroll up    
0deb					; TODO detecting only end of line 4 for scroll up  
0deb			 
0deb					;ld   
0deb			 
0deb					ret 
0deb			 
0deb			 
0deb			endif 
0deb			; strcpy hl = dest, de source 
0deb			 
0deb 1a			strcpy:   LD   A, (DE)        ;Get character from string 
0dec b7			            OR   A              ;Null terminator? 
0ded c8			            RET  Z              ;Yes, so finished 
0dee 1a					ld a,(de) 
0def 77					ld (hl),a 
0df0 13			            INC  DE             ;Point to next character 
0df1 23					inc hl 
0df2 18 f7		            JR   strcpy       ;Repeat 
0df4 c9					ret 
0df5			 
0df5			 
0df5			; TODO string_at  
0df5			; pass string which starts with lcd offset address and then null term string 
0df5			 
0df5			; TODO string to dec 
0df5			; TODO string to hex 
0df5			; TODO byte to string hex 
0df5			; TODO byte to string dec 
0df5			 
0df5			 
0df5			 
0df5			; from z80uartmonitor 
0df5			;;;;;;;;;;;;;;;;;;;;;;;;;;;;;;;;;;;;;;;;;;;;;;;;;	 
0df5			; OUTPUT VALUE OF A IN HEX ONE NYBBLE AT A TIME 
0df5			; pass hl for where to put the text 
0df5			;;;;;;;;;;;;;;;;;;;;;;;;;;;;;;;;;;;;;;;;;;;;;;;;;	 
0df5 c5			hexout:	PUSH BC 
0df6 f5					PUSH AF 
0df7 47					LD B, A 
0df8					; Upper nybble 
0df8 cb 3f				SRL A 
0dfa cb 3f				SRL A 
0dfc cb 3f				SRL A 
0dfe cb 3f				SRL A 
0e00 cd 10 0e				CALL tohex 
0e03 77					ld (hl),a 
0e04 23					inc hl	 
0e05					 
0e05					; Lower nybble 
0e05 78					LD A, B 
0e06 e6 0f				AND 0FH 
0e08 cd 10 0e				CALL tohex 
0e0b 77					ld (hl),a 
0e0c 23					inc hl	 
0e0d					 
0e0d f1					POP AF 
0e0e c1					POP BC 
0e0f c9					RET 
0e10					 
0e10			;;;;;;;;;;;;;;;;;;;;;;;;;;;;;;;;;;;;;;;;;;;;;;;;;	 
0e10			; TRANSLATE value in lower A TO 2 HEX CHAR CODES FOR DISPLAY 
0e10			;;;;;;;;;;;;;;;;;;;;;;;;;;;;;;;;;;;;;;;;;;;;;;;;;	 
0e10			tohex: 
0e10 e5					PUSH HL 
0e11 d5					PUSH DE 
0e12 16 00				LD D, 0 
0e14 5f					LD E, A 
0e15 21 1d 0e				LD HL, .DATA 
0e18 19					ADD HL, DE 
0e19 7e					LD A, (HL) 
0e1a d1					POP DE 
0e1b e1					POP HL 
0e1c c9					RET 
0e1d			 
0e1d			.DATA: 
0e1d 30					DEFB	30h	; 0 
0e1e 31					DEFB	31h	; 1 
0e1f 32					DEFB	32h	; 2 
0e20 33					DEFB	33h	; 3 
0e21 34					DEFB	34h	; 4 
0e22 35					DEFB	35h	; 5 
0e23 36					DEFB	36h	; 6 
0e24 37					DEFB	37h	; 7 
0e25 38					DEFB	38h	; 8 
0e26 39					DEFB	39h	; 9 
0e27 41					DEFB	41h	; A 
0e28 42					DEFB	42h	; B 
0e29 43					DEFB	43h	; C 
0e2a 44					DEFB	44h	; D 
0e2b 45					DEFB	45h	; E 
0e2c 46					DEFB	46h	; F 
0e2d			;;;;;;;;;;;;;;;;;;;;;;;;;;;;;;;;;;;;;;;;;;;;;;;;;;;;;;;;;;;;;; 
0e2d			;; 	ASCII char code for 0-9,A-F in A to single hex digit 
0e2d			;;    subtract $30, if result > 9 then subtract $7 more 
0e2d			;;;;;;;;;;;;;;;;;;;;;;;;;;;;;;;;;;;;;;;;;;;;;;;;;;;;;;;;;;;;;; 
0e2d			atohex: 
0e2d d6 30				SUB $30 
0e2f fe 0a				CP 10 
0e31 f8					RET M		; If result negative it was 0-9 so we're done 
0e32 d6 07				SUB $7		; otherwise, subtract $7 more to get to $0A-$0F 
0e34 c9					RET		 
0e35			 
0e35			 
0e35			 
0e35			 
0e35			; Get 2 ASCII characters as hex byte from pointer in hl 
0e35			 
0e35			BYTERD: 
0e35 16 00			LD	D,00h		;Set up 
0e37 cd 3f 0e			CALL	HEXCON		;Get byte and convert to hex 
0e3a 87				ADD	A,A		;First nibble so 
0e3b 87				ADD	A,A		;multiply by 16 
0e3c 87				ADD	A,A		; 
0e3d 87				ADD	A,A		; 
0e3e 57				LD	D,A		;Save hi nibble in D 
0e3f			HEXCON: 
0e3f 7e				ld a, (hl)		;Get next chr 
0e40 23				inc hl 
0e41 d6 30			SUB	030h		;Makes '0'-'9' equal 0-9 
0e43 fe 0a			CP	00Ah		;Is it 0-9 ? 
0e45 38 02			JR	C,NALPHA	;If so miss next bit 
0e47 d6 07			SUB	007h		;Else convert alpha 
0e49			NALPHA: 
0e49 b2				OR	D		;Add hi nibble back 
0e4a c9				RET			; 
0e4b			 
0e4b			 
0e4b			; 
0e4b			; Get a word (16 bit) in hexadecimal notation. The result is returned in HL. 
0e4b			; Since the routines get_byte and therefore get_nibble are called, only valid 
0e4b			; characters (0-9a-f) are accepted. 
0e4b			; 
0e4b			;get_word        push    af 
0e4b			;                call    get_byte        ; Get the upper byte 
0e4b			;                ld      h, a 
0e4b			;                call    get_byte        ; Get the lower byte 
0e4b			;                ld      l, a 
0e4b			;                pop     af 
0e4b			;                ret 
0e4b			; 
0e4b			; Get a byte in hexadecimal notation. The result is returned in A. Since 
0e4b			; the routine get_nibble is used only valid characters are accepted - the  
0e4b			; input routine only accepts characters 0-9a-f. 
0e4b			; 
0e4b c5			get_byte:        push    bc              ; Save contents of B (and C) 
0e4c 7e					ld a,(hl) 
0e4d 23					inc hl 
0e4e cd 73 0e		                call    nibble2val      ; Get upper nibble 
0e51 cb 07		                rlc     a 
0e53 cb 07		                rlc     a 
0e55 cb 07		                rlc     a 
0e57 cb 07		                rlc     a 
0e59 47			                ld      b, a            ; Save upper four bits 
0e5a 7e					ld a,(hl) 
0e5b cd 73 0e		                call    nibble2val      ; Get lower nibble 
0e5e b0			                or      b               ; Combine both nibbles 
0e5f c1			                pop     bc              ; Restore B (and C) 
0e60 c9			                ret 
0e61			; 
0e61			; Get a hexadecimal digit from the serial line. This routine blocks until 
0e61			; a valid character (0-9a-f) has been entered. A valid digit will be echoed 
0e61			; to the serial line interface. The lower 4 bits of A contain the value of  
0e61			; that particular digit. 
0e61			; 
0e61			;get_nibble      ld a,(hl)           ; Read a character 
0e61			;                call    to_upper        ; Convert to upper case 
0e61			;                call    is_hex          ; Was it a hex digit? 
0e61			;                jr      nc, get_nibble  ; No, get another character 
0e61			 ;               call    nibble2val      ; Convert nibble to value 
0e61			 ;               call    print_nibble 
0e61			 ;               ret 
0e61			; 
0e61			; is_hex checks a character stored in A for being a valid hexadecimal digit. 
0e61			; A valid hexadecimal digit is denoted by a set C flag. 
0e61			; 
0e61			;is_hex          cp      'F' + 1         ; Greater than 'F'? 
0e61			;                ret     nc              ; Yes 
0e61			;                cp      '0'             ; Less than '0'? 
0e61			;                jr      nc, is_hex_1    ; No, continue 
0e61			;                ccf                     ; Complement carry (i.e. clear it) 
0e61			;                ret 
0e61			;is_hex_1        cp      '9' + 1         ; Less or equal '9*? 
0e61			;                ret     c               ; Yes 
0e61			;                cp      'A'             ; Less than 'A'? 
0e61			;                jr      nc, is_hex_2    ; No, continue 
0e61			;                ccf                     ; Yes - clear carry and return 
0e61			;                ret 
0e61			;is_hex_2        scf                     ; Set carry 
0e61			;                ret 
0e61			; 
0e61			; Convert a single character contained in A to upper case: 
0e61			; 
0e61 fe 61		to_upper:        cp      'a'             ; Nothing to do if not lower case 
0e63 d8			                ret     c 
0e64 fe 7b		                cp      'z' + 1         ; > 'z'? 
0e66 d0			                ret     nc              ; Nothing to do, either 
0e67 e6 5f		                and     $5f             ; Convert to upper case 
0e69 c9			                ret 
0e6a			 
0e6a			 
0e6a			to_lower: 
0e6a			 
0e6a			   ; if char is in [A-Z] make it lower case 
0e6a			 
0e6a			   ; enter : a = char 
0e6a			   ; exit  : a = lower case char 
0e6a			   ; uses  : af 
0e6a			 
0e6a fe 41		   cp 'A' 
0e6c d8			   ret c 
0e6d			    
0e6d fe 5b		   cp 'Z'+1 
0e6f d0			   ret nc 
0e70			    
0e70 f6 20		   or $20 
0e72 c9			   ret 
0e73			 
0e73			; 
0e73			; Expects a hexadecimal digit (upper case!) in A and returns the 
0e73			; corresponding value in A. 
0e73			; 
0e73 fe 3a		nibble2val:      cp      '9' + 1         ; Is it a digit (less or equal '9')? 
0e75 38 02		                jr      c, nibble2val_1 ; Yes 
0e77 d6 07		                sub     7               ; Adjust for A-F 
0e79 d6 30		nibble2val_1:    sub     '0'             ; Fold back to 0..15 
0e7b e6 0f		                and     $f              ; Only return lower 4 bits 
0e7d c9			                ret 
0e7e			; 
0e7e			; Print_nibble prints a single hex nibble which is contained in the lower  
0e7e			; four bits of A: 
0e7e			; 
0e7e			;print_nibble    push    af              ; We won't destroy the contents of A 
0e7e			;                and     $f              ; Just in case... 
0e7e			;                add     a, '0'             ; If we have a digit we are done here. 
0e7e			;                cp      '9' + 1         ; Is the result > 9? 
0e7e			;                jr      c, print_nibble_1 
0e7e			;                add     a, 'A' - '0' - $a  ; Take care of A-F 
0e7e			;print_nibble_1  call    putc            ; Print the nibble and 
0e7e			;                pop     af              ; restore the original value of A 
0e7e			;                ret 
0e7e			;; 
0e7e			;; Send a CR/LF pair: 
0e7e			; 
0e7e			;crlf            push    af 
0e7e			;                ld      a, cr 
0e7e			;                call    putc 
0e7e			;                ld      a, lf 
0e7e			;                call    putc 
0e7e			;                pop     af 
0e7e			;                ret 
0e7e			; 
0e7e			; Print_word prints the four hex digits of a word to the serial line. The  
0e7e			; word is expected to be in HL. 
0e7e			; 
0e7e			;print_word      push    hl 
0e7e			;                push    af 
0e7e			;                ld      a, h 
0e7e			;                call    print_byte 
0e7e			;                ld      a, l 
0e7e			;                call    print_byte 
0e7e			;                pop     af 
0e7e			;                pop     hl 
0e7e			;                ret 
0e7e			; 
0e7e			; Print_byte prints a single byte in hexadecimal notation to the serial line. 
0e7e			; The byte to be printed is expected to be in A. 
0e7e			; 
0e7e			;print_byte      push    af              ; Save the contents of the registers 
0e7e			;                push    bc 
0e7e			;                ld      b, a 
0e7e			;                rrca 
0e7e			;                rrca 
0e7e			;                rrca 
0e7e			;                rrca 
0e7e			;                call    print_nibble    ; Print high nibble 
0e7e			;                ld      a, b 
0e7e			;                call    print_nibble    ; Print low nibble 
0e7e			;                pop     bc              ; Restore original register contents 
0e7e			;                pop     af 
0e7e			;                ret 
0e7e			 
0e7e			 
0e7e			 
0e7e			 
0e7e			 
0e7e			fourehexhl:  
0e7e 7e				ld a,(hl) 
0e7f cd 2d 0e			call atohex 
0e82 cb 3f				SRL A 
0e84 cb 3f				SRL A 
0e86 cb 3f				SRL A 
0e88 cb 3f				SRL A 
0e8a 47				ld b, a 
0e8b 23				inc hl 
0e8c 7e				ld a,(hl) 
0e8d 23				inc hl 
0e8e cd 2d 0e			call atohex 
0e91 80				add b 
0e92 57				ld d,a 
0e93 7e				ld a,(hl) 
0e94 cd 2d 0e			call atohex 
0e97 cb 3f				SRL A 
0e99 cb 3f				SRL A 
0e9b cb 3f				SRL A 
0e9d cb 3f				SRL A 
0e9f 47				ld b, a 
0ea0 23				inc hl 
0ea1 7e				ld a,(hl) 
0ea2 23				inc hl 
0ea3 cd 2d 0e			call atohex 
0ea6 80				add b 
0ea7 5f				ld e, a 
0ea8 d5				push de 
0ea9 e1				pop hl 
0eaa c9				ret 
0eab			 
0eab			; pass hl. returns z set if the byte at hl is a digit 
0eab			;isdigithl:  
0eab			;	push bc 
0eab			;	ld a,(hl) 
0eab			;	cp ':' 
0eab			;	jr nc, .isdf 		; > 
0eab			;	cp '0' 
0eab			;	jr c, .isdf		; < 
0eab			; 
0eab			;	; TODO find a better way to set z 
0eab			; 
0eab			;	ld b,a 
0eab			;	cp b 
0eab			;	pop bc 
0eab			;	ret 
0eab			; 
0eab			;.isdf:	; not digit so clear z 
0eab			; 
0eab			;	; TODO find a better way to unset z 
0eab			; 
0eab			;	ld b,a 
0eab			;	inc b 
0eab			;	cp b 
0eab			; 
0eab			;	pop bc 
0eab			;	ret 
0eab				 
0eab				 
0eab			 
0eab			 
0eab			; pass hl as the four byte address to load 
0eab			 
0eab			get_word_hl:  
0eab e5				push hl 
0eac cd 4b 0e			call get_byte 
0eaf				 
0eaf 47				ld b, a 
0eb0			 
0eb0 e1				pop hl 
0eb1 23				inc hl 
0eb2 23				inc hl 
0eb3			 
0eb3			; TODO not able to handle a-f  
0eb3 7e				ld a,(hl) 
0eb4			;	;cp ':' 
0eb4			;	cp 'g' 
0eb4			;	jr nc, .single_byte_hl 		; > 
0eb4			;	cp 'G' 
0eb4			;	jr nc, .single_byte_hl 		; > 
0eb4			;	cp '0' 
0eb4			;	jr c, .single_byte_hl		; < 
0eb4			 
0eb4				;call isdigithl 
0eb4			;	cp 0 
0eb4 b7				or a 
0eb5 28 06			jr z, .single_byte_hl 
0eb7			 
0eb7			.getwhln:   ; hex word so get next byte 
0eb7			 
0eb7 cd 4b 0e			call get_byte 
0eba 6f				ld l, a 
0ebb 60				ld h,b 
0ebc c9				ret 
0ebd 68			.single_byte_hl:   ld l,b 
0ebe 26 00				ld h,0 
0ec0 c9					ret 
0ec1			 
0ec1			 
0ec1			 
0ec1			 
0ec1 21 e7 15			ld hl,asc+1 
0ec4			;	ld a, (hl) 
0ec4			;	call nibble2val 
0ec4 cd 4b 0e			call get_byte 
0ec7			 
0ec7			;	call fourehexhl 
0ec7 32 d1 e2			ld (scratch+52),a 
0eca				 
0eca 21 cf e2			ld hl,scratch+50 
0ecd 22 c0 e5			ld (os_cur_ptr),hl 
0ed0			 
0ed0 c9				ret 
0ed1			 
0ed1			 
0ed1			; from https://wikiti.brandonw.net/index.php?title=Z80_Routines:Other:DispA 
0ed1			 
0ed1			; Decimal Unsigned Version 
0ed1			 
0ed1			;Number in a to decimal ASCII 
0ed1			;adapted from 16 bit found in z80 Bits to 8 bit by Galandros 
0ed1			;Example: display a=56 as "056" 
0ed1			;input: a = number 
0ed1			;Output: a=0,value of a in the screen 
0ed1			;destroys af,bc (don't know about hl and de) 
0ed1			DispAToASCII: 
0ed1 0e 9c			ld	c,-100 
0ed3 cd dd 0e			call	.Na1 
0ed6 0e f6			ld	c,-10 
0ed8 cd dd 0e			call	.Na1 
0edb 0e ff			ld	c,-1 
0edd 06 2f		.Na1:	ld	b,'0'-1 
0edf 04			.Na2:	inc	b 
0ee0 81				add	a,c 
0ee1 38 fc			jr	c,.Na2 
0ee3 91				sub	c		;works as add 100/10/1 
0ee4 f5				push af		;safer than ld c,a 
0ee5 78				ld	a,b		;char is in b 
0ee6			;TODO	CALL	PUTCHAR	;plot a char. Replace with bcall(_PutC) or similar. 
0ee6 f1				pop af		;safer than ld a,c 
0ee7 c9				ret 
0ee8			 
0ee8			; Decimal Signed Version 
0ee8			 
0ee8			; DispA 
0ee8			; -------------------------------------------------------------- 
0ee8			; Converts a signed integer value to a zero-terminated ASCII 
0ee8			; string representative of that value (using radix 10). 
0ee8			; -------------------------------------------------------------- 
0ee8			; INPUTS: 
0ee8			;     HL     Value to convert (two's complement integer). 
0ee8			;     DE     Base address of string destination. (pointer). 
0ee8			; -------------------------------------------------------------- 
0ee8			; OUTPUTS: 
0ee8			;     None 
0ee8			; -------------------------------------------------------------- 
0ee8			; REGISTERS/MEMORY DESTROYED 
0ee8			; AF HL 
0ee8			; -------------------------------------------------------------- 
0ee8			 
0ee8			;DispHLToASCII: 
0ee8			;   push    de 
0ee8			;   push    bc 
0ee8			; 
0ee8			;; Detect sign of HL. 
0ee8			;    bit    7, h 
0ee8			;    jr     z, ._DoConvert 
0ee8			; 
0ee8			;; HL is negative. Output '-' to string and negate HL. 
0ee8			;    ld     a, '-' 
0ee8			;    ld     (de), a 
0ee8			;    inc    de 
0ee8			; 
0ee8			;; Negate HL (using two's complement) 
0ee8			;    xor    a 
0ee8			;    sub    l 
0ee8			;    ld     l, a 
0ee8			;    ld     a, 0     ; Note that XOR A or SUB A would disturb CF 
0ee8			;    sbc    a, h 
0ee8			;    ld     h, a 
0ee8			; 
0ee8			;; Convert HL to digit characters 
0ee8			;._DoConvert: 
0ee8			;    ld     b, 0     ; B will count character length of number 
0ee8			;-   ld     a, 10 
0ee8			;    syscall  .DivHLByA  ; HL = HL / A, A = remainder 
0ee8			;    push   af 
0ee8			;    inc    b 
0ee8			;    ld     a, h 
0ee8			;    or     l 
0ee8			;    jr     nz, - 
0ee8			; 
0ee8			;; Retrieve digits from stack 
0ee8			;-   pop    af 
0ee8			;    or     $30 
0ee8			;    ld     (de), a 
0ee8			;    inc    de 
0ee8			;    djnz   - 
0ee8			; 
0ee8			;; Terminate string with NULL 
0ee8			;    xor    a 
0ee8			;    ld     (de), a 
0ee8			; 
0ee8			;    pop    bc 
0ee8			;    pop    de 
0ee8			;    ret 
0ee8			 
0ee8			;Comments 
0ee8			; 
0ee8			;    This routine uses the common positive-integer radix conversion algorithm of repeatedly dividing a value by the desired radix (base case: the value is zero) and saving the remainders of each division. 
0ee8			;    As this algorithm gives the digits in reverse order, they are pushed onto the hardware stack so that subsequently popping them yields the correct order. 
0ee8			;    Note that the output string will not be fixed-width. 
0ee8			; 
0ee8			;Example Usage 
0ee8			; 
0ee8			;    ld    hl, -1004 
0ee8			;    ld    de, OP1 
0ee8			;    call  DispA 
0ee8			;    ld    hl, OP1 
0ee8			;    syscall  PutS 
0ee8			 
0ee8			 
0ee8			; from https://github.com/Zeda/Z80-Optimized-Routines/blob/master/conversion/string_to_uint16.z80 
0ee8			 
0ee8			 
0ee8			;Converts an ASCII string to an unsigned 16-bit integer 
0ee8			;Quits when it reaches a non-decimal digit 
0ee8			 
0ee8			string_to_uint16: 
0ee8			atoui_16: 
0ee8			;Input: 
0ee8			;     DE points to the string 
0ee8			;Outputs: 
0ee8			;     HL is the result 
0ee8			;     A is the 8-bit value of the number 
0ee8			;     DE points to the byte after the number 
0ee8			;Destroys: 
0ee8			;     BC 
0ee8			;       if the string is non-empty, BC is HL/10 
0ee8			;Size:  24 bytes 
0ee8			;Speed: 42+d(104+{0,9}) 
0ee8			;       d is the number of digits in the number 
0ee8			;       max is 640 cycles for a 5 digit number 
0ee8			;Assuming no leading zeros: 
0ee8			;1 digit:  146cc 
0ee8			;2 digit:  250cc 
0ee8			;3 digit:  354cc or 363cc (avg: 354.126cc) 
0ee8			;4 digit:  458cc or 467cc (avg: 458.27cc) 
0ee8			;5 digit:  562cc or 571cc or 580cc (avg: 562.4104cc) 
0ee8			;avg: 544.81158447265625cc (544+13297/16384) 
0ee8			;=============================================================== 
0ee8 21 00 00		  ld hl,0 
0eeb			.u16a: 
0eeb 1a			  ld a,(de) 
0eec d6 30		  sub 30h 
0eee fe 0a		  cp 10 
0ef0 d0			  ret nc 
0ef1 13			  inc de 
0ef2 44			  ld b,h 
0ef3 4d			  ld c,l 
0ef4 29			  add hl,hl 
0ef5 29			  add hl,hl 
0ef6 09			  add hl,bc 
0ef7 29			  add hl,hl 
0ef8 85			  add a,l 
0ef9 6f			  ld l,a 
0efa 30 ef		  jr nc,.u16a 
0efc 24			  inc h 
0efd c3 eb 0e		  jp .u16a 
0f00			 
0f00			 
0f00			; from https://github.com/Zeda/Z80-Optimized-Routines/blob/master/conversion/string_to_uint16.z80 
0f00			 
0f00			;written by Zeda 
0f00			;Converts a 16-bit unsigned integer to an ASCII string. 
0f00			 
0f00			uitoa_16: 
0f00			;Input: 
0f00			;   DE is the number to convert 
0f00			;   HL points to where to write the ASCII string (up to 6 bytes needed). 
0f00			;Output: 
0f00			;   HL points to the null-terminated ASCII string 
0f00			;      NOTE: This isn't necessarily the same as the input HL. 
0f00 d5			  push de 
0f01 c5			  push bc 
0f02 f5			  push af 
0f03 eb			  ex de,hl 
0f04			 
0f04 01 f0 d8		  ld bc,-10000 
0f07 3e 2f		  ld a,'0'-1 
0f09 3c			  inc a 
0f0a 09			  add hl,bc  
0f0b 38 fc		   jr c,$-2 
0f0d 12			  ld (de),a 
0f0e 13			  inc de 
0f0f			 
0f0f 01 e8 03		  ld bc,1000 
0f12 3e 3a		  ld a,'9'+1 
0f14 3d			  dec a  
0f15 09			  add hl,bc  
0f16 30 fc		   jr nc,$-2 
0f18 12			  ld (de),a 
0f19 13			  inc de 
0f1a			 
0f1a 01 9c ff		  ld bc,-100 
0f1d 3e 2f		  ld a,'0'-1 
0f1f 3c			  inc a  
0f20 09			  add hl,bc  
0f21 38 fc		   jr c,$-2 
0f23 12			  ld (de),a 
0f24 13			  inc de 
0f25			 
0f25 7d			  ld a,l 
0f26 26 3a		  ld h,'9'+1 
0f28 25			  dec h  
0f29 c6 0a		  add a,10  
0f2b 30 fb		   jr nc,$-3 
0f2d c6 30		  add a,'0' 
0f2f eb			  ex de,hl 
0f30 72			  ld (hl),d 
0f31 23			  inc hl 
0f32 77			  ld (hl),a 
0f33 23			  inc hl 
0f34 36 00		  ld (hl),0 
0f36			 
0f36			;Now strip the leading zeros 
0f36 0e fa		  ld c,-6 
0f38 09			  add hl,bc 
0f39 3e 30		  ld a,'0' 
0f3b 23			  inc hl  
0f3c be			  cp (hl)  
0f3d 28 fc		  jr z,$-2 
0f3f			 
0f3f			;Make sure that the string is non-empty! 
0f3f 7e			  ld a,(hl) 
0f40 b7			  or a 
0f41 20 01		  jr nz,.atoub 
0f43 2b			  dec hl 
0f44			.atoub: 
0f44			 
0f44 f1			  pop af 
0f45 c1			  pop bc 
0f46 d1			  pop de 
0f47 c9			  ret 
0f48			 
0f48			; from https://github.com/Zeda/Z80-Optimized-Routines/blob/master/conversion/toUpper.z80 
0f48			 
0f48			toUpper: 
0f48			;A is the char. 
0f48			;If A is a lowercase letter, this sets it to the matching uppercase 
0f48			;18cc or 30cc or 41cc 
0f48			;avg: 26.75cc 
0f48 fe 61		  cp 'a' 
0f4a d8			  ret c 
0f4b fe 7b		  cp 'z'+1 
0f4d d0			  ret nc 
0f4e d6 20		  sub 'a'-'A' 
0f50 c9			  ret 
0f51			 
0f51			; https://tutorials.eeems.ca/ASMin28Days/lesson/day16.html#cmp 
0f51			 
0f51			; String Length 
0f51			;With a length-prefixed string, finding the length is trivial. For a null-terminated string, the process is decidedly more involved. This is where CPIR comes in. 
0f51			 
0f51			; Get the length of the null-terminated string starting at $8000 hl 
0f51			;    LD     HL, $8000 
0f51			 
0f51			strlenz: 
0f51			 
0f51 af			    XOR    A               ; Zero is the value we are looking for. 
0f52 47			    LD     B, A             ; Since we haven't the slightest clue as to the  
0f53 4f			    LD     C, A             ; actual size of the string, put 0 in BC to search 
0f54			                           ; 65, 536 bytes (the entire addressable memory space). 
0f54 ed b1		    CPIR                   ; Begin search for a byte equalling zero. 
0f56			 
0f56			; BC has been decremented so that it holds -length. Now need to synthesize a NEG BC. 
0f56 67			    LD     H, A             ; Zero HL (basically set it to 65, 536) to get the 
0f57 6f			    LD     L, A             ; number of bytes 
0f58 ed 42		    SBC    HL, BC           ; Find the size. CPIR doesn't affect carry. 
0f5a 2b			    DEC    HL              ; Compensate for null. 
0f5b c9				ret 
0f5c			 
0f5c			; Get the length of the A terminated string starting at $8000 hl 
0f5c			;    LD     HL, $8000 
0f5c			 
0f5c			strlent: 
0f5c			 
0f5c			                  ; A is the value we are looking for. 
0f5c 06 00		    LD     B, 0             ; Since we haven't the slightest clue as to the  
0f5e 0e 00		    LD     C, 0             ; actual size of the string, put 0 in BC to search 
0f60			                           ; 65, 536 bytes (the entire addressable memory space). 
0f60 ed b1		    CPIR                   ; Begin search for a byte equalling zero. 
0f62			 
0f62			; BC has been decremented so that it holds -length. Now need to synthesize a NEG BC. 
0f62 26 00		    LD     H, 0             ; Zero HL (basically set it to 65, 536) to get the 
0f64 2e 00		    LD     L, 0             ; number of bytes 
0f66 ed 42		    SBC    HL, BC           ; Find the size. CPIR doesn't affect carry. 
0f68 2b			    DEC    HL              ; Compensate for null. 
0f69 c9				ret 
0f6a			 
0f6a			 
0f6a			;Comparing Strings 
0f6a			 
0f6a			;IN    HL     Address of string1. 
0f6a			;      DE     Address of string2. 
0f6a			 
0f6a			; doc given but wrong??? 
0f6a			;OUT   zero   Set if string1 = string2, reset if string1 != string2. 
0f6a			;      carry  Set if string1 > string2, reset if string1 <= string2. 
0f6a			; tested 
0f6a			;OUT   carry set  if string1 = string2, carry  reset if string1 != string2. 
0f6a			 
0f6a			strcmp_old: 
0f6a e5			    PUSH   HL 
0f6b d5			    PUSH   DE 
0f6c			 
0f6c 1a			    LD     A, (DE)          ; Compare lengths to determine smaller string 
0f6d be			    CP     (HL)            ; (want to minimize work). 
0f6e 38 01		    JR     C, Str1IsBigger 
0f70 7e			    LD     A, (HL) 
0f71			 
0f71			Str1IsBigger: 
0f71 4f			    LD     C, A             ; Put length in BC 
0f72 06 00		    LD     B, 0 
0f74 13			    INC    DE              ; Increment pointers to meat of string. 
0f75 23			    INC    HL 
0f76			 
0f76			CmpLoop: 
0f76 1a			    LD     A, (DE)          ; Compare bytes. 
0f77 ed a1		    CPI 
0f79 20 09		    JR     NZ, NoMatch      ; If (HL) != (DE), abort. 
0f7b 13			    INC    DE              ; Update pointer. 
0f7c ea 76 0f		    JP     PE, CmpLoop 
0f7f			 
0f7f d1			    POP    DE 
0f80 e1			    POP    HL 
0f81 1a			    LD     A, (DE)          ; Check string lengths to see if really equal. 
0f82 be			    CP     (HL) 
0f83 c9			    RET 
0f84			 
0f84			NoMatch: 
0f84 2b			    DEC    HL 
0f85 be			    CP     (HL)            ; Compare again to affect carry. 
0f86 d1			    POP    DE 
0f87 e1			    POP    HL 
0f88 c9			    RET 
0f89			 
0f89			;; test strmp 
0f89			; 
0f89			;ld de, .str1 
0f89			;ld hl, .str2 
0f89			;call strcmp 
0f89			;jr z, .z1 
0f89			;;this 
0f89			;	if DEBUG_FORTH_WORDS 
0f89			;		DMARK "NZ1" 
0f89			;		CALLMONITOR 
0f89			;	endif 
0f89			;.z1: 
0f89			; 
0f89			;	if DEBUG_FORTH_WORDS 
0f89			;		DMARK "ZZ1" 
0f89			;		CALLMONITOR 
0f89			;	endif 
0f89			; 
0f89			;ld de, .str1 
0f89			;ld hl, .str1 
0f89			;call strcmp 
0f89			;jr z, .z2 
0f89			;;this 
0f89			;	if DEBUG_FORTH_WORDS 
0f89			;		DMARK "NZ2" 
0f89			;		CALLMONITOR 
0f89			;	endif 
0f89			;.z2: 
0f89			; 
0f89			;	if DEBUG_FORTH_WORDS 
0f89			;		DMARK "ZZ2" 
0f89			;		CALLMONITOR 
0f89			;	endif 
0f89			; 
0f89			;ld de, .str1 
0f89			;ld hl, .str2 
0f89			;call strcmp 
0f89			;jr c, .c1 
0f89			; 
0f89			;	if DEBUG_FORTH_WORDS 
0f89			;		DMARK "Nc1" 
0f89			;		CALLMONITOR 
0f89			;	endif 
0f89			;.c1: 
0f89			;;this 
0f89			;	if DEBUG_FORTH_WORDS 
0f89			;		DMARK "cc1" 
0f89			;		CALLMONITOR 
0f89			;	endif 
0f89			; 
0f89			;ld de, .str1 
0f89			;ld hl, .str1 
0f89			;call strcmp 
0f89			;jr c, .c2 
0f89			;;this 
0f89			;	if DEBUG_FORTH_WORDS 
0f89			;		DMARK "Nc2" 
0f89			;		CALLMONITOR 
0f89			;	endif 
0f89			;.c2: 
0f89			; 
0f89			;	if DEBUG_FORTH_WORDS 
0f89			;		DMARK "cc2" 
0f89			;		CALLMONITOR 
0f89			;	endif 
0f89			;	NEXTW 
0f89			;.str1:   db "string1",0 
0f89			;.str2:   db "string2",0 
0f89			 
0f89			; only care about direct match or not 
0f89			; hl and de strings 
0f89			; zero set if the same 
0f89			 
0f89			strcmp: 
0f89 1a				ld a, (de) 
0f8a be				cp (hl) 
0f8b 28 02			jr z, .ssame 
0f8d b7				or a 
0f8e c9				ret 
0f8f			 
0f8f			.ssame:  
0f8f			;	cp 0 
0f8f b7				or a 
0f90 c8				ret z 
0f91			 
0f91 23				inc hl 
0f92 13				inc de 
0f93 18 f4			jr strcmp 
0f95				 
0f95				 
0f95			 
0f95			;Copyright (c) 2014, Luke Maurits 
0f95			;All rights reserved. 
0f95			; 
0f95			;Redistribution and use in source and binary forms, with or without 
0f95			;modification, are permitted provided that the following conditions are met: 
0f95			; 
0f95			;* Redistributions of source code must retain the above copyright notice, this 
0f95			;  list of conditions and the following disclaimer. 
0f95			; 
0f95			;* Redistributions in binary form must reproduce the above copyright notice, 
0f95			;  this list of conditions and the following disclaimer in the documentation 
0f95			;  and/or other materials provided with the distribution. 
0f95			; 
0f95			;THIS SOFTWARE IS PROVIDED BY THE COPYRIGHT HOLDERS AND CONTRIBUTORS "AS IS" 
0f95			;AND ANY EXPRESS OR IMPLIED WARRANTIES, INCLUDING, BUT NOT LIMITED TO, THE 
0f95			;IMPLIED WARRANTIES OF MERCHANTABILITY AND FITNESS FOR A PARTICULAR PURPOSE ARE 
0f95			;DISCLAIMED. IN NO EVENT SHALL THE COPYRIGHT HOLDER OR CONTRIBUTORS BE LIABLE 
0f95			;FOR ANY DIRECT, INDIRECT, INCIDENTAL, SPECIAL, EXEMPLARY, OR CONSEQUENTIAL 
0f95			;DAMAGES (INCLUDING, BUT NOT LIMITED TO, PROCUREMENT OF SUBSTITUTE GOODS OR 
0f95			;SERVICES; LOSS OF USE, DATA, OR PROFITS; OR BUSINESS INTERRUPTION) HOWEVER 
0f95			;CAUSED AND ON ANY THEORY OF LIABILITY, WHETHER IN CONTRACT, STRICT LIABILITY, 
0f95			;OR TORT (INCLUDING NEGLIGENCE OR OTHERWISE) ARISING IN ANY WAY OUT OF THE USE 
0f95			;OF THIS SOFTWARE, EVEN IF ADVISED OF THE POSSIBILITY OF SUCH DAMAGE. 
0f95			 
0f95			; https://github.com/lmaurits/lm512/blob/master/string.z80 
0f95			 
0f95			StrictStrCmp: 
0f95				; Load next chars of each string 
0f95 1a				ld a, (de) 
0f96 47				ld b, a 
0f97 7e				ld a, (hl) 
0f98				; Compare 
0f98 b8				cp b 
0f99				; Return non-zero if chars don't match 
0f99 c0				ret nz 
0f9a				; Check for end of both strings 
0f9a fe 00			cp "\0" 
0f9c				; Return if strings have ended 
0f9c c8				ret z 
0f9d				; Otherwise, advance to next chars 
0f9d 23				inc hl 
0f9e 13				inc de 
0f9f 18 f4			jr StrictStrCmp 
0fa1			 
0fa1			;end 
0fa1			; eof 
0fa1			 
0fa1			 
0fa1			 
0fa1			 
0fa1			 
0fa1			 
# End of file firmware_strings.asm
0fa1			include "firmware_memory.asm"   ; malloc and free  
0fa1			 
0fa1			if DEBUG_FORTH_MALLOC_HIGH 
0fa1			.mallocsize: db "Wants malloc >256",0 
0fa1			.mallocasize: db "MALLOC gives >256",0 
0fa1			.malloczero: db "MALLOC gives zero",0 
0fa1			 
0fa1			malloc_guard_zerolen: 
0fa1				push hl 
0fa1				push de 
0fa1				push af 
0fa1			 
0fa1				ld de, 0 
0fa1			        call cmp16 
0fa1				jr nz, .lowalloz 
0fa1			 
0fa1				push hl 
0fa1				push de 
0fa1					ld hl, display_fb0 
0fa1					ld (display_fb_active), hl 
0fa1				call clear_display 
0fa1				ld a, 0 
0fa1				ld de, .malloczero 
0fa1				call str_at_display 
0fa1				call update_display 
0fa1				call delay1s 
0fa1				call delay1s 
0fa1				call bp_on 
0fa1			;	ld a, 0 
0fa1			;	ld (os_view_disable), a 
0fa1			 
0fa1				pop de 
0fa1				pop hl 
0fa1			 
0fa1				 
0fa1			 
0fa1				CALLMONITOR 
0fa1			.lowalloz: 
0fa1			 
0fa1			 
0fa1				pop af 
0fa1				pop de 
0fa1				pop hl 
0fa1			ret 
0fa1			 
0fa1			malloc_guard_entry: 
0fa1				push hl 
0fa1				push de 
0fa1				push af 
0fa1			 
0fa1			 	or a      ;clear carry flag 
0fa1				push hl 
0fa1				ld de, 255 
0fa1				sbc hl, de 
0fa1				jr c, .lowalloc 
0fa1			 
0fa1				push de 
0fa1					ld hl, display_fb0 
0fa1					ld (display_fb_active), hl 
0fa1				call clear_display 
0fa1				ld a, 0 
0fa1				ld de, .mallocsize 
0fa1				call str_at_display 
0fa1				call update_display 
0fa1				call delay1s 
0fa1				call delay1s 
0fa1			;	ld a, 0 
0fa1			;	ld (os_view_disable), a 
0fa1				call bp_on 
0fa1			 
0fa1				pop de 
0fa1				pop hl 
0fa1			 
0fa1				 
0fa1			 
0fa1				CALLMONITOR 
0fa1				jr .lowdone 
0fa1			.lowalloc: 
0fa1			 
0fa1			 
0fa1				pop hl 
0fa1			.lowdone:	pop af 
0fa1				pop de 
0fa1				pop hl 
0fa1			ret 
0fa1			 
0fa1			malloc_guard_exit: 
0fa1				push hl 
0fa1				push de 
0fa1				push af 
0fa1			 
0fa1			 	or a      ;clear carry flag 
0fa1				push hl 
0fa1				ld de, 255 
0fa1				sbc hl, de 
0fa1				jr c, .lowallocx 
0fa1			 
0fa1				push de 
0fa1					ld hl, display_fb0 
0fa1					ld (display_fb_active), hl 
0fa1				call clear_display 
0fa1				ld a, 0 
0fa1				ld de, .mallocasize 
0fa1				call str_at_display 
0fa1				call update_display 
0fa1				call delay1s 
0fa1				call delay1s 
0fa1			;	ld a, 0 
0fa1			;	ld (os_view_disable), a 
0fa1				call bp_on 
0fa1				pop de 
0fa1				pop hl 
0fa1			 
0fa1				CALLMONITOR 
0fa1				jr .lowdonex 
0fa1			.lowallocx: 
0fa1			 
0fa1				pop hl 
0fa1			.lowdonex:	pop af 
0fa1				pop de 
0fa1				pop hl 
0fa1			ret 
0fa1			endif 
0fa1			 
0fa1			if MALLOC_2 
0fa1			; Z80 Malloc and Free Functions 
0fa1			 
0fa1			; Malloc Function: 
0fa1			; Input: 
0fa1			;   HL: Size of block to allocate 
0fa1			; Output: 
0fa1			;   HL: Pointer to allocated memory block (NULL if allocation fails) 
0fa1			 
0fa1			malloc: 
0fa1				 
0fa1			if DEBUG_FORTH_MALLOC_HIGH 
0fa1			call malloc_guard_entry 
0fa1			endif 
0fa1			 
0fa1			 
0fa1			 
0fa1			 
0fa1					if DEBUG_FORTH_MALLOC 
0fa1						DMARK "mal" 
0fa1						CALLMONITOR 
0fa1					endif 
0fa1			    push af            ; Save AF register 
0fa1			    ld a, l            ; Load low byte of size into A 
0fa1			    or h               ; Check if size is zero 
0fa1			    jp z, malloc_exit  ; If size is zero, exit with NULL pointer 
0fa1			 
0fa1			    ; Allocate memory 
0fa1			    ld hl, (heap_start) ; Load start of heap into HL 
0fa1					if DEBUG_FORTH_MALLOC 
0fa1						DMARK "ma1" 
0fa1						CALLMONITOR 
0fa1					endif 
0fa1			    call malloc_internal ; Call internal malloc function 
0fa1			    pop af             ; Restore AF register 
0fa1			if DEBUG_FORTH_MALLOC_HIGH 
0fa1			call malloc_guard_exit 
0fa1			call malloc_guard_zerolen 
0fa1			endif 
0fa1			    ret                ; Return 
0fa1			 
0fa1			; Free Function: 
0fa1			; Input: 
0fa1			;   HL: Pointer to memory block to free 
0fa1			; Output: 
0fa1			;   None 
0fa1			 
0fa1			free: 
0fa1			    push af            ; Save AF register 
0fa1			    ld a, l            ; Load low byte of pointer into A 
0fa1			    or h               ; Check if pointer is NULL 
0fa1			    jp z, free_exit    ; If pointer is NULL, exit 
0fa1			 
0fa1			    ; Free memory 
0fa1			    ld hl, (heap_start) ; Load start of heap into HL 
0fa1			    call free_internal  ; Call internal free function 
0fa1			    pop af             ; Restore AF register 
0fa1			    ret                ; Return 
0fa1			 
0fa1			; Internal Malloc Function: 
0fa1			; Input: 
0fa1			;   HL: Size of block to allocate 
0fa1			; Output: 
0fa1			;   HL: Pointer to allocated memory block (NULL if allocation fails) 
0fa1			 
0fa1			malloc_internal: 
0fa1			    ld bc, 2           ; Number of bytes to allocate for management overhead 
0fa1			    add hl, bc         ; Add management overhead to requested size 
0fa1			    ex de, hl          ; Save total size in DE, and keep it in HL 
0fa1					if DEBUG_FORTH_MALLOC 
0fa1						DMARK "ma2" 
0fa1						CALLMONITOR 
0fa1					endif 
0fa1			 
0fa1			    ; Search for free memory block 
0fa1			    ld de, (heap_end)  ; Load end of heap into DE 
0fa1			    ld bc, 0           ; Initialize counter 
0fa1			 
0fa1					if DEBUG_FORTH_MALLOC 
0fa1						DMARK "ma2" 
0fa1						CALLMONITOR 
0fa1					endif 
0fa1			malloc_search_loop: 
0fa1			    ; Check if current block is free 
0fa1			    ld a, (hl)         ; Load current block's status (free or used) 
0fa1			;    cp 0               ; Compare with zero (free) 
0fa1				or a 
0fa1			    jr nz, malloc_skip_block_check  ; If not free, skip to the next block 
0fa1			 
0fa1			    ; Check if current block is large enough 
0fa1			    ld a, (hl+1)       ; Load high byte of block size 
0fa1			    cp l               ; Compare with low byte of requested size 
0fa1			    jr nz, malloc_skip_block_check  ; If not large enough, skip to the next block 
0fa1			 
0fa1			    ld a, (hl+2)       ; Load low byte of block size 
0fa1			    cp h               ; Compare with high byte of requested size 
0fa1			    jr c, malloc_skip_block_check   ; If not large enough, skip to the next block 
0fa1			 
0fa1			    ; Mark block as used 
0fa1			    ld (hl), 0xFF      ; Set status byte to indicate used block 
0fa1			 
0fa1			    ; Calculate remaining space in block 
0fa1			    ld bc, 0           ; Clear BC 
0fa1			    add hl, bc         ; Increment HL to point to start of data block 
0fa1			    add hl, de         ; HL = HL + DE (total size) 
0fa1			    ld bc, 1           ; Number of bytes to allocate for management overhead 
0fa1			    add hl, bc         ; Add management overhead to start of data block 
0fa1			 
0fa1			    ; Save pointer to allocated block in HL 
0fa1			if DEBUG_FORTH_MALLOC_HIGH 
0fa1						DMARK "ma5" 
0fa1			call malloc_guard_exit 
0fa1			call malloc_guard_zerolen 
0fa1			endif 
0fa1			    ret 
0fa1			 
0fa1			malloc_skip_block_check: 
0fa1			    ; Move to the next block 
0fa1			    ld bc, 3           ; Size of management overhead 
0fa1			    add hl, bc         ; Move to the next block 
0fa1			    inc de             ; Increment counter 
0fa1			 
0fa1			    ; Check if we have reached the end of heap 
0fa1			    ld a, e            ; Load low byte of heap end address 
0fa1			    cp (hl)            ; Compare with low byte of current address 
0fa1			    jr nz, malloc_search_loop  ; If not equal, continue searching 
0fa1			    ld a, d            ; Load high byte of heap end address 
0fa1			;    cp 0               ; Check if it's zero (end of memory) 
0fa1				or a 
0fa1			    jr nz, malloc_search_loop  ; If not zero, continue searching 
0fa1			 
0fa1			    ; If we reached here, allocation failed 
0fa1			    xor a              ; Set result to NULL 
0fa1			if DEBUG_FORTH_MALLOC_HIGH 
0fa1						DMARK "ma6" 
0fa1			call malloc_guard_exit 
0fa1			call malloc_guard_zerolen 
0fa1			endif 
0fa1			    ret 
0fa1			malloc_exit: 
0fa1			if DEBUG_FORTH_MALLOC_HIGH 
0fa1						DMARK "ma7" 
0fa1			call malloc_guard_exit 
0fa1			call malloc_guard_zerolen 
0fa1			endif 
0fa1			    ret 
0fa1			 
0fa1			; Internal Free Function: 
0fa1			; Input: 
0fa1			;   HL: Pointer to memory block to free 
0fa1			; Output: 
0fa1			;   None 
0fa1			 
0fa1			free_internal: 
0fa1			    ld de, (heap_start) ; Load start of heap into DE 
0fa1			    ld bc, 0            ; Initialize counter 
0fa1			 
0fa1			free_search_loop: 
0fa1			    ; Check if current block contains the pointer 
0fa1			    ld a, l             ; Load low byte of pointer 
0fa1			    cp (hl+1)           ; Compare with high byte of current block's address 
0fa1			    jr nz, free_skip_block_check  ; If not equal, skip to the next block 
0fa1			    ld a, h             ; Load high byte of pointer 
0fa1			    cp (hl+2)           ; Compare with low byte of current block's address 
0fa1			    jr nz, free_skip_block_check  ; If not equal, skip to the next block 
0fa1			 
0fa1			    ; Mark block as free 
0fa1			    ld (hl), 0          ; Set status byte to indicate free block 
0fa1			    ret                 ; Return 
0fa1			 
0fa1			free_skip_block_check: 
0fa1			    ; Move to the next block 
0fa1			    ld bc, 3            ; Size of management overhead 
0fa1			    add hl, bc          ; Move to the next block 
0fa1			    inc de              ; Increment counter 
0fa1			 
0fa1			    ; Check if we have reached the end of heap 
0fa1			    ld a, e             ; Load low byte of heap end address 
0fa1			    cp (hl)             ; Compare with low byte of current address 
0fa1			    jr nz, free_search_loop  ; If not equal, continue searching 
0fa1			    ld a, d             ; Load high byte of heap end address 
0fa1			;    cp 0                ; Check if it's zero (end of memory) 
0fa1				or a 
0fa1			    jr nz, free_search_loop  ; If not zero, continue searching 
0fa1			 
0fa1			    ; If we reached here, pointer is not found in heap 
0fa1			    ret 
0fa1			 
0fa1			free_exit: 
0fa1			    ret                 ; Return 
0fa1			 
0fa1			; Define heap start and end addresses 
0fa1			;heap_start:    .dw 0xC000   ; Start of heap 
0fa1			;heap_end:      .dw 0xE000   ; End of heap 
0fa1			 
0fa1			endif 
0fa1			 
0fa1			 
0fa1			if MALLOC_1 
0fa1			 
0fa1			 
0fa1			 
0fa1			; from https://gist.github.com/tomstorey/947a8b084bad69391a4b2a1c5b6d69ca 
0fa1			 
0fa1			;moved to firmware.asm 
0fa1			;heap_start        .equ  0x9000      ; Starting address of heap 
0fa1			;heap_size         .equ  0x0100      ; Number of bytes available in heap 
0fa1			 
0fa1			;      .org 0 
0fa1			;      jp    main 
0fa1			 
0fa1			 
0fa1			;      .org  0x100 
0fa1			;main: 
0fa1			;      ld    HL, 0x8100 
0fa1			;      ld    SP, HL 
0fa1			; 
0fa1			;      call  heap_init 
0fa1			; 
0fa1			;      ; Make some allocations 
0fa1			;      ld    HL, 12 
0fa1			;      call  malloc            ; Allocates 0x9004 
0fa1			; 
0fa1			;      ld    HL, 12 
0fa1			;      call  malloc            ; Allocates 0x9014 
0fa1			; 
0fa1			;      ld    HL, 12 
0fa1			;      call  malloc            ; Allocates 0x9024 
0fa1			; 
0fa1			;      ; Free some allocations 
0fa1			;      ld    HL, 0x9014 
0fa1			;      call  free 
0fa1			; 
0fa1			;      ld    HL, 0x9004 
0fa1			;      call  free 
0fa1			; 
0fa1			;      ld    HL, 0x9024 
0fa1			;      call  free 
0fa1			; 
0fa1			; 
0fa1			;      halt 
0fa1			 
0fa1			 
0fa1			;------------------------------------------------------------------------------ 
0fa1			;     heap_init                                                               : 
0fa1			;                                                                             : 
0fa1			; Description                                                                 : 
0fa1			;     Initialise the heap and make it ready for malloc and free operations.   : 
0fa1			;                                                                             : 
0fa1			;     The heap is maintained as a linked list, starting with an initial       : 
0fa1			;     "dummy block" of zero size which is mainly used to hold a pointer to    : 
0fa1			;     the first free block in the heap. Each block then points to the next    : 
0fa1			;     free block within the heap, and the free list ends at the first block   : 
0fa1			;     with a null pointer to the next free block.                             : 
0fa1			;                                                                             : 
0fa1			; Parameters                                                                  : 
0fa1			;     Inputs are compile-time only. Two defines which specify the starting    : 
0fa1			;     address of the heap and its size are required, along with a memory      : 
0fa1			;     allocation of 4 consecutive bytes which is used for a dummy block which : 
0fa1			;     principally stores a pointer to the first free block in the heap.       : 
0fa1			;                                                                             : 
0fa1			; Returns                                                                     : 
0fa1			;     Nothing                                                                 : 
0fa1			;------------------------------------------------------------------------------ 
0fa1			heap_init: 
0fa1 e5			      push  HL 
0fa2			 
0fa2			      ; Initialise free list struct 
0fa2 21 5d 5b		      ld    HL, heap_start 
0fa5 22 58 5b		      ld    (free_list), HL 
0fa8 21 00 00		      ld    HL, 0 
0fab 22 5a 5b		      ld    (free_list+2), HL 
0fae			 
0fae			      ; Insert first free block at bottom of heap, consumes entire heap 
0fae 21 74 e2		      ld    HL, heap_start+heap_size-4 
0fb1 22 5d 5b		      ld    (heap_start), HL        ; Next block (end of free list) 
0fb4 21 17 87		      ld    HL, heap_size-4 
0fb7 22 5f 5b		      ld    (heap_start+2), HL      ; Block size 
0fba			 
0fba			      ; Insert end of free list block at top of heap - two null words will 
0fba			      ; terminate the free list 
0fba 21 00 00		      ld    HL, 0 
0fbd 22 76 e2		      ld    (heap_start+heap_size-2), HL 
0fc0 22 74 e2		      ld    (heap_start+heap_size-4), HL 
0fc3			 
0fc3 e1			      pop   HL 
0fc4			 
0fc4 c9			      ret 
0fc5			 
0fc5			 
0fc5			;------------------------------------------------------------------------------ 
0fc5			;     malloc                                                                  : 
0fc5			;                                                                             : 
0fc5			; Description                                                                 : 
0fc5			;     Allocates the wanted space from the heap and returns the address of the : 
0fc5			;     first useable byte of the allocation.                                   : 
0fc5			;                                                                             : 
0fc5			;     Allocations can happen in one of two ways:                              : 
0fc5			;                                                                             : 
0fc5			;     1. A free block may be found which is the exact size wanted. In this    : 
0fc5			;        case the block is removed from the free list and retuedn to the      : 
0fc5			;        caller.                                                              : 
0fc5			;     2. A free block may be found which is larger than the size wanted. In   : 
0fc5			;        this case, the larger block is split into two. The first portion of  : 
0fc5			;        this block will become the requested space by the malloc call and    : 
0fc5			;        is returned to the caller. The second portion becomes a new free     : 
0fc5			;        block, and the free list is adjusted to maintain continuity via this : 
0fc5			;        newly created block.                                                 : 
0fc5			;                                                                             : 
0fc5			;     malloc does not set any initial value in the allocated space, the       : 
0fc5			;     caller is required to do this as required.                              : 
0fc5			;                                                                             : 
0fc5			;     This implementation of malloc uses the stack exclusively, and is        : 
0fc5			;     therefore re-entrant. But due to the Z80's lack of atomicity, it is     : 
0fc5			;     advisable to disable interrupts before calling malloc, and recommended  : 
0fc5			;     to avoid the use of malloc inside ISRs in general.                      : 
0fc5			;                                                                             : 
0fc5			;     NOTE: heap_init must be called before malloc and free can be used.      : 
0fc5			;                                                                             : 
0fc5			; Parameters                                                                  : 
0fc5			;     HL  Number of bytes wanted                                              : 
0fc5			;                                                                             : 
0fc5			; Returns                                                                     : 
0fc5			;     HL  Address of the first useable byte of the allocation                 : 
0fc5			;                                                                             : 
0fc5			; Flags                                                                       : 
0fc5			;     Z   Set if the allocation did not succeed, clear otherwise              : 
0fc5			;                                                                             : 
0fc5			; Stack frame                                                                 : 
0fc5			;       |             |                                                       : 
0fc5			;       +-------------+                                                       : 
0fc5			;       |     BC      |                                                       : 
0fc5			;       +-------------+                                                       : 
0fc5			;       |     DE      |                                                       : 
0fc5			;       +-------------+                                                       : 
0fc5			;       |     IX      |                                                       : 
0fc5			;       +-------------+                                                       : 
0fc5			;       |  prev_free  |                                                       : 
0fc5			;   +4  +-------------+                                                       : 
0fc5			;       |  this_free  |                                                       : 
0fc5			;   +2  +-------------+                                                       : 
0fc5			;       |  next_free  |                                                       : 
0fc5			;   +0  +-------------+                                                       : 
0fc5			;       |             |                                                       : 
0fc5			;                                                                             : 
0fc5			;------------------------------------------------------------------------------ 
0fc5			 
0fc5			 
0fc5			;malloc: 
0fc5			; 
0fc5			;	SAVESP ON 1 
0fc5			; 
0fc5			;	call malloc_code 
0fc5			; 
0fc5			;	CHECKSP ON 1 
0fc5			;	ret 
0fc5			 
0fc5			 
0fc5			malloc: 
0fc5 c5			      push  BC 
0fc6 d5			      push  DE 
0fc7 dd e5		      push  IX 
0fc9			if DEBUG_FORTH_MALLOC_HIGH 
0fc9			call malloc_guard_entry 
0fc9			endif 
0fc9			 
0fc9					if DEBUG_FORTH_MALLOC 
0fc9						DMARK "mal" 
0fc9						CALLMONITOR 
0fc9					endif 
0fc9 7c			      ld    A, H                    ; Exit if no space requested 
0fca b5			      or    L 
0fcb ca 8a 10		      jp    Z, malloc_early_exit 
0fce			 
0fce			;inc hl 
0fce			;inc hl 
0fce			;inc hl 
0fce			; 
0fce			;inc hl 
0fce			;inc hl 
0fce			;inc hl 
0fce			;inc hl 
0fce			;inc hl 
0fce			;inc hl 
0fce			;inc hl 
0fce			;inc hl 
0fce			;inc hl 
0fce			 
0fce			 
0fce			 
0fce			 
0fce					if DEBUG_FORTH_MALLOC 
0fce						DMARK "maA" 
0fce						CALLMONITOR 
0fce					endif 
0fce			      ; Set up stack frame 
0fce eb			      ex    DE, HL 
0fcf 21 fa ff		      ld    HL, -6                  ; Reserve 6 bytes for stack frame 
0fd2 39			      add   HL, SP 
0fd3 f9			      ld    SP, HL 
0fd4 dd 21 00 00	      ld    IX, 0                   ; Use IX as a frame pointer 
0fd8 dd 39		      add   IX, SP 
0fda			 
0fda			      ; Setup initial state 
0fda 21 04 00		      ld    HL, 4                   ; want must also include space used by block struct 
0fdd 19			      add   HL, DE 
0fde			 
0fde 44			      ld    B, H                    ; Move want to BC 
0fdf 4d			      ld    C, L 
0fe0			 
0fe0 21 58 5b		      ld    HL, free_list           ; Store prev_free ptr to stack 
0fe3 dd 75 04		      ld    (IX+4), L 
0fe6 dd 74 05		      ld    (IX+5), H 
0fe9			 
0fe9 5e			      ld    E, (HL)                 ; Store this_free ptr to stack 
0fea 23			      inc   HL 
0feb 56			      ld    D, (HL) 
0fec dd 73 02		      ld    (IX+2), E 
0fef dd 72 03		      ld    (IX+3), D 
0ff2 eb			      ex    DE, HL                  ; this_free ptr into HL 
0ff3			 
0ff3					if DEBUG_FORTH_MALLOC 
0ff3						DMARK "maB" 
0ff3						CALLMONITOR 
0ff3					endif 
0ff3			      ; Loop through free block list to find some space 
0ff3			malloc_find_space: 
0ff3 5e			      ld    E, (HL)                 ; Load next_free ptr into DE 
0ff4 23			      inc   HL 
0ff5 56			      ld    D, (HL) 
0ff6			 
0ff6 7a			      ld    A, D                    ; Check for null next_free ptr - end of free list 
0ff7 b3			      or    E 
0ff8 ca 84 10		      jp    Z, malloc_no_space 
0ffb			 
0ffb dd 73 00		      ld    (IX+0), E               ; Store next_free ptr to stack 
0ffe dd 72 01		      ld    (IX+1), D 
1001			 
1001			      ; Does this block have enough space to make the allocation? 
1001 23			      inc   HL                      ; Load free block size into DE 
1002 5e			      ld    E, (HL) 
1003 23			      inc   HL 
1004 56			      ld    D, (HL) 
1005			 
1005 eb			      ex    DE, HL                  ; Check size of block against want 
1006 b7			      or    A                       ; Ensure carry flag clear 
1007 ed 42		      sbc   HL, BC 
1009 e5			      push  HL                      ; Store the result for later (new block size) 
100a			 
100a ca 59 10		      jp   Z, malloc_alloc_fit     ; Z means block size matches want - can allocate 
100d 30 1b		      jr    NC, malloc_alloc_split  ; NC means block is bigger than want - can allocate 
100f			 
100f			      ; this_free block is not big enough, setup ptrs to test next free block 
100f e1			      pop   HL                      ; Discard previous result 
1010			 
1010 dd 6e 02		      ld    L, (IX+2)               ; Move this_free ptr into prev_free 
1013 dd 66 03		      ld    H, (IX+3) 
1016 dd 75 04		      ld    (IX+4), L 
1019 dd 74 05		      ld    (IX+5), H 
101c			 
101c dd 6e 00		      ld    L, (IX+0)               ; Move next_free ptr into this_free 
101f dd 66 01		      ld    H, (IX+1) 
1022 dd 75 02		      ld    (IX+2), L 
1025 dd 74 03		      ld    (IX+3), H 
1028			 
1028					if DEBUG_FORTH_MALLOC 
1028						DMARK "MA>" 
1028						CALLMONITOR 
1028					endif 
1028 18 c9		      jr    malloc_find_space 
102a			 
102a			      ; split a bigger block into two - requested size and remaining size 
102a			malloc_alloc_split: 
102a					if DEBUG_FORTH_MALLOC 
102a						DMARK "MAs" 
102a						CALLMONITOR 
102a					endif 
102a eb			      ex    DE, HL                  ; Calculate address of new free block 
102b 2b			      dec   HL 
102c 2b			      dec   HL 
102d 2b			      dec   HL 
102e 09			      add   HL, BC 
102f			 
102f			      ; Create a new block and point it at next_free 
102f dd 5e 00		      ld    E, (IX+0)               ; Load next_free ptr into DE 
1032 dd 56 01		      ld    D, (IX+1) 
1035			 
1035 73			      ld    (HL), E                 ; Store next_free ptr into new block 
1036 23			      inc   HL 
1037 72			      ld    (HL), D 
1038			 
1038 d1			      pop   DE                      ; Store size of new block into new block 
1039 23			      inc   HL 
103a 73			      ld    (HL), E 
103b 23			      inc   HL 
103c 72			      ld    (HL), D 
103d			 
103d			      ; Update this_free ptr to point to new block 
103d 2b			      dec   HL 
103e 2b			      dec   HL 
103f 2b			      dec   HL 
1040			 
1040 dd 5e 02		      ld    E, (IX+2)               ; Take a copy of current this_free ptr 
1043 dd 56 03		      ld    D, (IX+3) 
1046			 
1046 dd 75 02		      ld    (IX+2), L               ; Store new block addr as this_free ptr 
1049 dd 74 03		      ld    (IX+3), H 
104c			 
104c			      ; Modify this_free block to be allocation 
104c eb			      ex    DE, HL 
104d af			      xor   A                       ; Null the next block ptr of allocated block 
104e 77			      ld    (HL), A 
104f 23			      inc   HL 
1050 77			      ld    (HL), A 
1051			 
1051 23			      inc   HL                      ; Store want size into allocated block 
1052 71			      ld    (HL), C 
1053 23			      inc   HL 
1054 70			      ld    (HL), B 
1055 23			      inc   HL 
1056 e5			      push  HL                      ; Address of allocation to return 
1057			 
1057 18 19		      jr    malloc_update_links 
1059			 
1059			malloc_alloc_fit: 
1059 e1			      pop   HL                      ; Dont need new block size, want is exact fit 
105a			 
105a					if DEBUG_FORTH_MALLOC 
105a						DMARK "MAf" 
105a						CALLMONITOR 
105a					endif 
105a			      ; Modify this_free block to be allocation 
105a eb			      ex    DE, HL 
105b 2b			      dec   HL 
105c 2b			      dec   HL 
105d 2b			      dec   HL 
105e			 
105e af			      xor   A                       ; Null the next block ptr of allocated block 
105f 77			      ld    (HL), A 
1060 23			      inc   HL 
1061 77			      ld    (HL), A 
1062			 
1062 23			      inc   HL                      ; Store address of allocation to return 
1063 23			      inc   HL 
1064 23			      inc   HL 
1065 e5			      push  HL 
1066			 
1066			      ; Copy next_free ptr to this_free, remove allocated block from free list 
1066 dd 6e 00		      ld    L, (IX+0)               ; next_free to HL 
1069 dd 66 01		      ld    H, (IX+1) 
106c			 
106c dd 75 02		      ld    (IX+2), L               ; HL to this_free 
106f dd 74 03		      ld    (IX+3), H 
1072			 
1072			 
1072			malloc_update_links: 
1072			      ; Update prev_free ptr to point to this_free 
1072 dd 6e 04		      ld    L, (IX+4)               ; prev_free ptr to HL 
1075 dd 66 05		      ld    H, (IX+5) 
1078			 
1078 dd 5e 02		      ld    E, (IX+2)               ; this_free ptr to DE 
107b dd 56 03		      ld    D, (IX+3) 
107e			 
107e 73			      ld    (HL), E                 ; this_free ptr into prev_free 
107f 23			      inc   HL 
1080 72			      ld    (HL), D 
1081			 
1081					if DEBUG_FORTH_MALLOC 
1081						DMARK "Mul" 
1081						CALLMONITOR 
1081					endif 
1081			      ; Clear the Z flag to indicate successful allocation 
1081 7a			      ld    A, D 
1082 b3			      or    E 
1083			 
1083 d1			      pop   DE                      ; Address of allocation 
1084					if DEBUG_FORTH_MALLOC 
1084						DMARK "MAu" 
1084						CALLMONITOR 
1084					endif 
1084			 
1084			malloc_no_space: 
1084 21 06 00		      ld    HL, 6                   ; Clean up stack frame 
1087 39			      add   HL, SP 
1088 f9			      ld    SP, HL 
1089			 
1089 eb			      ex    DE, HL                  ; Alloc addr into HL for return 
108a					if DEBUG_FORTH_MALLOC 
108a						DMARK "MAN" 
108a						CALLMONITOR 
108a					endif 
108a			 
108a			malloc_early_exit: 
108a					if DEBUG_FORTH_MALLOC 
108a						DMARK "MAx" 
108a						CALLMONITOR 
108a					endif 
108a dd e1		      pop   IX 
108c d1			      pop   DE 
108d c1			      pop   BC 
108e			 
108e			if DEBUG_FORTH_MALLOC_HIGH 
108e			call malloc_guard_exit 
108e			call malloc_guard_zerolen 
108e			endif 
108e c9			      ret 
108f			 
108f			 
108f			;------------------------------------------------------------------------------ 
108f			;     free                                                                    : 
108f			;                                                                             : 
108f			; Description                                                                 : 
108f			;     Return the space pointed to by HL to the heap. HL must be an address as : 
108f			;     returned by malloc, otherwise the behaviour is undefined.               : 
108f			;                                                                             : 
108f			;     Where possible, directly adjacent free blocks will be merged together   : 
108f			;     into larger blocks to help ensure that the heap does not become         : 
108f			;     excessively fragmented.                                                 : 
108f			;                                                                             : 
108f			;     free does not clear or set any other value into the freed space, and    : 
108f			;     therefore its contents may be visible through subsequent malloc's. The  : 
108f			;     caller should clear the freed space as required.                        : 
108f			;                                                                             : 
108f			;     This implementation of free uses the stack exclusively, and is          : 
108f			;     therefore re-entrant. But due to the Z80's lack of atomicity, it is     : 
108f			;     advisable to disable interrupts before calling free, and recommended    : 
108f			;     to avoid the use of free inside ISRs in general.                        : 
108f			;                                                                             : 
108f			;     NOTE: heap_init must be called before malloc and free can be used.      : 
108f			;                                                                             : 
108f			; Parameters                                                                  : 
108f			;     HL  Pointer to address of first byte of allocation to be freed          : 
108f			;                                                                             : 
108f			; Returns                                                                     : 
108f			;     Nothing                                                                 : 
108f			;                                                                             : 
108f			; Stack frame                                                                 : 
108f			;       |             |                                                       : 
108f			;       +-------------+                                                       : 
108f			;       |     BC      |                                                       : 
108f			;       +-------------+                                                       : 
108f			;       |     DE      |                                                       : 
108f			;       +-------------+                                                       : 
108f			;       |     IX      |                                                       : 
108f			;       +-------------+                                                       : 
108f			;       |  prev_free  |                                                       : 
108f			;   +2  +-------------+                                                       : 
108f			;       |  next_free  |                                                       : 
108f			;   +0  +-------------+                                                       : 
108f			;       |             |                                                       : 
108f			;                                                                             : 
108f			;------------------------------------------------------------------------------ 
108f			free: 
108f c5			      push  BC 
1090 d5			      push  DE 
1091 dd e5		      push  IX 
1093			 
1093 7c			      ld    A, H                    ; Exit if ptr is null 
1094 b5			      or    L 
1095 ca 59 11		      jp    Z, free_early_exit 
1098			 
1098			      ; Set up stack frame 
1098 eb			      ex    DE, HL 
1099 21 fc ff		      ld    HL, -4                  ; Reserve 4 bytes for stack frame 
109c 39			      add   HL, SP 
109d f9			      ld    SP, HL 
109e dd 21 00 00	      ld    IX, 0                   ; Use IX as a frame pointer 
10a2 dd 39		      add   IX, SP 
10a4			 
10a4			      ; The address in HL points to the start of the useable allocated space, 
10a4			      ; but the block struct starts 4 bytes before this. Sub 4 to get the 
10a4			      ; address of the block itself. 
10a4 eb			      ex    DE, HL 
10a5 11 fc ff		      ld    DE, -4 
10a8 19			      add   HL, DE 
10a9			 
10a9			      ; An allocated block must have a null next block pointer in it 
10a9 7e			      ld    A, (HL) 
10aa 23			      inc   HL 
10ab b6			      or    (HL) 
10ac c2 54 11		      jp    NZ, free_done 
10af			 
10af 2b			      dec   HL 
10b0			 
10b0 44			      ld    B, H                    ; Copy HL to BC 
10b1 4d			      ld    C, L 
10b2			 
10b2			      ; Loop through the free list to find the first block with an address 
10b2			      ; higher than the block being freed 
10b2 21 58 5b		      ld    HL, free_list 
10b5			 
10b5			free_find_higher_block: 
10b5 5e			      ld    E, (HL)                 ; Load next ptr from free block 
10b6 23			      inc   HL 
10b7 56			      ld    D, (HL) 
10b8 2b			      dec   HL 
10b9			 
10b9 dd 73 00		      ld    (IX+0), E               ; Save ptr to next free block 
10bc dd 72 01		      ld    (IX+1), D 
10bf dd 75 02		      ld    (IX+2), L               ; Save ptr to prev free block 
10c2 dd 74 03		      ld    (IX+3), H 
10c5			 
10c5 78			      ld    A, B                    ; Check if DE is greater than BC 
10c6 ba			      cp    D                       ; Compare MSB first 
10c7 28 02		      jr    Z, $+4                  ; MSB the same, compare LSB 
10c9 30 04		      jr    NC, free_find_higher_block_skip 
10cb 79			      ld    A, C 
10cc bb			      cp    E                       ; Then compare LSB 
10cd 38 08		      jr    C, free_found_higher_block 
10cf			 
10cf			free_find_higher_block_skip: 
10cf 7a			      ld    A, D                    ; Reached the end of the free list? 
10d0 b3			      or    E 
10d1 ca 54 11		      jp    Z, free_done 
10d4			 
10d4 eb			      ex    DE, HL 
10d5			 
10d5 18 de		      jr    free_find_higher_block 
10d7			 
10d7			free_found_higher_block: 
10d7			      ; Insert freed block between prev and next free blocks 
10d7 71			      ld    (HL), C                 ; Point prev free block to freed block 
10d8 23			      inc   HL 
10d9 70			      ld    (HL), B 
10da			 
10da 60			      ld    H, B                    ; Point freed block at next free block 
10db 69			      ld    L, C 
10dc 73			      ld    (HL), E 
10dd 23			      inc   HL 
10de 72			      ld    (HL), D 
10df			 
10df			      ; Check if the freed block is adjacent to the next free block 
10df 23			      inc   HL                      ; Load size of freed block into HL 
10e0 5e			      ld    E, (HL) 
10e1 23			      inc   HL 
10e2 56			      ld    D, (HL) 
10e3 eb			      ex    DE, HL 
10e4			 
10e4 09			      add   HL, BC                  ; Add addr of freed block and its size 
10e5			 
10e5 dd 5e 00		      ld    E, (IX+0)               ; Load addr of next free block into DE 
10e8 dd 56 01		      ld    D, (IX+1) 
10eb			 
10eb b7			      or    A                       ; Clear the carry flag 
10ec ed 52		      sbc   HL, DE                  ; Subtract addrs to compare adjacency 
10ee 20 22		      jr    NZ, free_check_adjacent_to_prev 
10f0			 
10f0			      ; Freed block is adjacent to next, merge into one bigger block 
10f0 eb			      ex    DE, HL                  ; Load next ptr from next block into DE 
10f1 5e			      ld    E, (HL) 
10f2 23			      inc   HL 
10f3 56			      ld    D, (HL) 
10f4 e5			      push  HL                      ; Save ptr to next block for later 
10f5			 
10f5 60			      ld    H, B                    ; Store ptr from next block into freed block 
10f6 69			      ld    L, C 
10f7 73			      ld    (HL), E 
10f8 23			      inc   HL 
10f9 72			      ld    (HL), D 
10fa			 
10fa e1			      pop   HL                      ; Restore ptr to next block 
10fb 23			      inc   HL                      ; Load size of next block into DE 
10fc 5e			      ld    E, (HL) 
10fd 23			      inc   HL 
10fe 56			      ld    D, (HL) 
10ff d5			      push  DE                      ; Save next block size for later 
1100			 
1100 60			      ld    H, B                    ; Load size of freed block into HL 
1101 69			      ld    L, C 
1102 23			      inc   HL 
1103 23			      inc   HL 
1104 5e			      ld    E, (HL) 
1105 23			      inc   HL 
1106 56			      ld    D, (HL) 
1107 eb			      ex    DE, HL 
1108			 
1108 d1			      pop   DE                      ; Restore size of next block 
1109 19			      add   HL, DE                  ; Add sizes of both blocks 
110a eb			      ex    DE, HL 
110b			 
110b 60			      ld    H, B                    ; Store new bigger size into freed block 
110c 69			      ld    L, C 
110d 23			      inc   HL 
110e 23			      inc   HL 
110f 73			      ld    (HL), E 
1110 23			      inc   HL 
1111 72			      ld    (HL), D 
1112			 
1112			free_check_adjacent_to_prev: 
1112			      ; Check if the freed block is adjacent to the prev free block 
1112 dd 6e 02		      ld    L, (IX+2)               ; Prev free block ptr into HL 
1115 dd 66 03		      ld    H, (IX+3) 
1118			 
1118 23			      inc   HL                      ; Size of prev free block into DE 
1119 23			      inc   HL 
111a 5e			      ld    E, (HL) 
111b 23			      inc   HL 
111c 56			      ld    D, (HL) 
111d 2b			      dec   HL 
111e 2b			      dec   HL 
111f 2b			      dec   HL 
1120			 
1120 19			      add   HL, DE                  ; Add prev block addr and size 
1121			 
1121 b7			      or    A                       ; Clear the carry flag 
1122 ed 42		      sbc   HL, BC                  ; Subtract addrs to compare adjacency 
1124 20 2e		      jr    NZ, free_done 
1126			 
1126			      ; Freed block is adjacent to prev, merge into one bigger block 
1126 60			      ld    H, B                    ; Load next ptr from freed block into DE 
1127 69			      ld    L, C 
1128 5e			      ld    E, (HL) 
1129 23			      inc   HL 
112a 56			      ld    D, (HL) 
112b e5			      push  HL                      ; Save freed block ptr for later 
112c			 
112c dd 6e 02		      ld    L, (IX+2)               ; Store freed block ptr into prev block 
112f dd 66 03		      ld    H, (IX+3) 
1132 73			      ld    (HL), E 
1133 23			      inc   HL 
1134 72			      ld    (HL), D 
1135			 
1135 e1			      pop   HL                      ; Restore freed block ptr 
1136 23			      inc   HL                      ; Load size of freed block into DE 
1137 5e			      ld    E, (HL) 
1138 23			      inc   HL 
1139 56			      ld    D, (HL) 
113a d5			      push  DE                      ; Save freed block size for later 
113b			 
113b dd 6e 02		      ld    L, (IX+2)               ; Load size of prev block into DE 
113e dd 66 03		      ld    H, (IX+3) 
1141 23			      inc   HL 
1142 23			      inc   HL 
1143 5e			      ld    E, (HL) 
1144 23			      inc   HL 
1145 56			      ld    D, (HL) 
1146			 
1146 e1			      pop   HL                      ; Add sizes of both blocks 
1147 19			      add   HL, DE 
1148 eb			      ex    DE, HL 
1149			 
1149 dd 6e 02		      ld    L, (IX+2)               ; Store new bigger size into prev block 
114c dd 66 03		      ld    H, (IX+3) 
114f 23			      inc   HL 
1150 23			      inc   HL 
1151 73			      ld    (HL), E 
1152 23			      inc   HL 
1153 72			      ld    (HL), D 
1154			 
1154			free_done: 
1154 21 04 00		      ld    HL, 4                   ; Clean up stack frame 
1157 39			      add   HL, SP 
1158 f9			      ld    SP, HL 
1159			 
1159			free_early_exit: 
1159 dd e1		      pop   IX 
115b d1			      pop   DE 
115c c1			      pop   BC 
115d			 
115d c9			      ret 
115e			 
115e			; moved to firmware.asm 
115e			; 
115e			;free_list         .dw   0     ; Block struct for start of free list (MUST be 4 bytes) 
115e			;                  .dw   0 
115e			 
115e			 
115e			endif 
115e			 
115e			 
115e			if MALLOC_3 
115e			; https://gist.githubusercontent.com/tomstorey/947a8b084bad69391a4b2a1c5b6d69ca/raw/5a08fb30a480d98c0deb4a6afe2d48961cc8e9d9/z80_malloc.s 
115e			;heap_start        .equ  0x9000      ; Starting address of heap 
115e			;heap_size         .equ  0x0100      ; Number of bytes available in heap 
115e			; 
115e			 ;     .org 0 
115e			  ;    jp    main 
115e			; 
115e			; 
115e			 ;     .org  0x100 
115e			;main: 
115e			 ;     ld    HL, 0x8100 
115e			  ;    ld    SP, HL 
115e			; 
115e			;      call  heap_init 
115e			 
115e			      ; Make some allocations 
115e			;      ld    HL, 12 
115e			;      call  malloc            ; Allocates 0x9004 
115e			; 
115e			 ;     ld    HL, 12 
115e			;      call  malloc            ; Allocates 0x9014 
115e			 
115e			;      ld    HL, 12 
115e			;      call  malloc            ; Allocates 0x9024 
115e			 
115e			      ; Free some allocations 
115e			;      ld    HL, 0x9014 
115e			;      call  free 
115e			 
115e			;      ld    HL, 0x9004 
115e			;      call  free 
115e			; 
115e			;      ld    HL, 0x9024 
115e			;      call  free 
115e			 
115e			 
115e			 ;     halt 
115e			 
115e			 
115e			;------------------------------------------------------------------------------ 
115e			;     heap_init                                                               : 
115e			;                                                                             : 
115e			; Description                                                                 : 
115e			;     Initialise the heap and make it ready for malloc and free operations.   : 
115e			;                                                                             : 
115e			;     The heap is maintained as a linked list, starting with an initial       : 
115e			;     "dummy block" of zero size which is mainly used to hold a pointer to    : 
115e			;     the first free block in the heap. Each block then points to the next    : 
115e			;     free block within the heap, and the free list ends at the first block   : 
115e			;     with a null pointer to the next free block.                             : 
115e			;                                                                             : 
115e			; Parameters                                                                  : 
115e			;     Inputs are compile-time only. Two defines which specify the starting    : 
115e			;     address of the heap and its size are required, along with a memory      : 
115e			;     allocation of 4 consecutive bytes which is used for a dummy block which : 
115e			;     principally stores a pointer to the first free block in the heap.       : 
115e			;                                                                             : 
115e			; Returns                                                                     : 
115e			;     Nothing                                                                 : 
115e			;------------------------------------------------------------------------------ 
115e			heap_init: 
115e			      push  HL 
115e			 
115e			      ; Initialise free list struct 
115e			      ld    HL, heap_start 
115e			      ld    (free_list), HL 
115e			      ld    HL, 0 
115e			      ld    (free_list+2), HL 
115e			 
115e			      ; Insert first free block at bottom of heap, consumes entire heap 
115e			      ld    HL, heap_start+heap_size-4 
115e			      ld    (heap_start), HL        ; Next block (end of free list) 
115e			      ld    HL, heap_size-4 
115e			      ld    (heap_start+2), HL      ; Block size 
115e			 
115e			      ; Insert end of free list block at top of heap - two null words will 
115e			      ; terminate the free list 
115e			      ld    HL, 0 
115e			      ld    (heap_start+heap_size-2), HL 
115e			      ld    (heap_start+heap_size-4), HL 
115e			 
115e			      pop   HL 
115e			 
115e			      ret 
115e			 
115e			 
115e			;------------------------------------------------------------------------------ 
115e			;     malloc                                                                  : 
115e			;                                                                             : 
115e			; Description                                                                 : 
115e			;     Allocates the wanted space from the heap and returns the address of the : 
115e			;     first useable byte of the allocation.                                   : 
115e			;                                                                             : 
115e			;     Allocations can happen in one of two ways:                              : 
115e			;                                                                             : 
115e			;     1. A free block may be found which is the exact size wanted. In this    : 
115e			;        case the block is removed from the free list and retuedn to the      : 
115e			;        caller.                                                              : 
115e			;     2. A free block may be found which is larger than the size wanted. In   : 
115e			;        this case, the larger block is split into two. The first portion of  : 
115e			;        this block will become the requested space by the malloc call and    : 
115e			;        is returned to the caller. The second portion becomes a new free     : 
115e			;        block, and the free list is adjusted to maintain continuity via this : 
115e			;        newly created block.                                                 : 
115e			;                                                                             : 
115e			;     malloc does not set any initial value in the allocated space, the       : 
115e			;     caller is required to do this as required.                              : 
115e			;                                                                             : 
115e			;     This implementation of malloc uses the stack exclusively, and is        : 
115e			;     therefore re-entrant. But due to the Z80's lack of atomicity, it is     : 
115e			;     advisable to disable interrupts before calling malloc, and recommended  : 
115e			;     to avoid the use of malloc inside ISRs in general.                      : 
115e			;                                                                             : 
115e			;     NOTE: heap_init must be called before malloc and free can be used.      : 
115e			;                                                                             : 
115e			; Parameters                                                                  : 
115e			;     HL  Number of bytes wanted                                              : 
115e			;                                                                             : 
115e			; Returns                                                                     : 
115e			;     HL  Address of the first useable byte of the allocation                 : 
115e			;                                                                             : 
115e			; Flags                                                                       : 
115e			;     Z   Set if the allocation did not succeed, clear otherwise              : 
115e			;                                                                             : 
115e			; Stack frame                                                                 : 
115e			;       |             |                                                       : 
115e			;       +-------------+                                                       : 
115e			;       |     BC      |                                                       : 
115e			;       +-------------+                                                       : 
115e			;       |     DE      |                                                       : 
115e			;       +-------------+                                                       : 
115e			;       |     IX      |                                                       : 
115e			;       +-------------+                                                       : 
115e			;       |  prev_free  |                                                       : 
115e			;   +4  +-------------+                                                       : 
115e			;       |  this_free  |                                                       : 
115e			;   +2  +-------------+                                                       : 
115e			;       |  next_free  |                                                       : 
115e			;   +0  +-------------+                                                       : 
115e			;       |             |                                                       : 
115e			;                                                                             : 
115e			;------------------------------------------------------------------------------ 
115e			malloc: 
115e			      push  BC 
115e			      push  DE 
115e			      push  IX 
115e			 
115e			      ld    A, H                    ; Exit if no space requested 
115e			      or    L 
115e			      jp    Z, malloc_early_exit 
115e			 
115e			      ; Set up stack frame 
115e			      ex    DE, HL 
115e			      ld    HL, -6                  ; Reserve 6 bytes for stack frame 
115e			      add   HL, SP 
115e			      ld    SP, HL 
115e			      ld    IX, 0                   ; Use IX as a frame pointer 
115e			      add   IX, SP 
115e			 
115e			      ; Setup initial state 
115e			      ld    HL, 4                   ; want must also include space used by block struct 
115e			      add   HL, DE 
115e			 
115e			      ld    B, H                    ; Move want to BC 
115e			      ld    C, L 
115e			 
115e			      ld    HL, free_list           ; Store prev_free ptr to stack 
115e			      ld    (IX+4), L 
115e			      ld    (IX+5), H 
115e			 
115e			      ld    E, (HL)                 ; Store this_free ptr to stack 
115e			      inc   HL 
115e			      ld    D, (HL) 
115e			      ld    (IX+2), E 
115e			      ld    (IX+3), D 
115e			      ex    DE, HL                  ; this_free ptr into HL 
115e			 
115e			      ; Loop through free block list to find some space 
115e			malloc_find_space: 
115e			      ld    E, (HL)                 ; Load next_free ptr into DE 
115e			      inc   HL 
115e			      ld    D, (HL) 
115e			 
115e			      ld    A, D                    ; Check for null next_free ptr - end of free list 
115e			      or    E 
115e			      jp    Z, malloc_no_space 
115e			 
115e			      ld    (IX+0), E               ; Store next_free ptr to stack 
115e			      ld    (IX+1), D 
115e			 
115e			      ; Does this block have enough space to make the allocation? 
115e			      inc   HL                      ; Load free block size into DE 
115e			      ld    E, (HL) 
115e			      inc   HL 
115e			      ld    D, (HL) 
115e			 
115e			      ex    DE, HL                  ; Check size of block against want 
115e			      or    A                       ; Ensure carry flag clear 
115e			      sbc   HL, BC 
115e			      push  HL                      ; Store the result for later (new block size) 
115e			 
115e			      jr    Z, malloc_alloc_fit     ; Z means block size matches want - can allocate 
115e			      jr    NC, malloc_alloc_split  ; NC means block is bigger than want - can allocate 
115e			 
115e			      ; this_free block is not big enough, setup ptrs to test next free block 
115e			      pop   HL                      ; Discard previous result 
115e			 
115e			      ld    L, (IX+2)               ; Move this_free ptr into prev_free 
115e			      ld    H, (IX+3) 
115e			      ld    (IX+4), L 
115e			      ld    (IX+5), H 
115e			 
115e			      ld    L, (IX+0)               ; Move next_free ptr into this_free 
115e			      ld    H, (IX+1) 
115e			      ld    (IX+2), L 
115e			      ld    (IX+3), H 
115e			 
115e			      jr    malloc_find_space 
115e			 
115e			      ; split a bigger block into two - requested size and remaining size 
115e			malloc_alloc_split: 
115e			      ex    DE, HL                  ; Calculate address of new free block 
115e			      dec   HL 
115e			      dec   HL 
115e			      dec   HL 
115e			      add   HL, BC 
115e			 
115e			      ; Create a new block and point it at next_free 
115e			      ld    E, (IX+0)               ; Load next_free ptr into DE 
115e			      ld    D, (IX+1) 
115e			 
115e			      ld    (HL), E                 ; Store next_free ptr into new block 
115e			      inc   HL 
115e			      ld    (HL), D 
115e			 
115e			      pop   DE                      ; Store size of new block into new block 
115e			      inc   HL 
115e			      ld    (HL), E 
115e			      inc   HL 
115e			      ld    (HL), D 
115e			 
115e			      ; Update this_free ptr to point to new block 
115e			      dec   HL 
115e			      dec   HL 
115e			      dec   HL 
115e			 
115e			      ld    E, (IX+2)               ; Take a copy of current this_free ptr 
115e			      ld    D, (IX+3) 
115e			 
115e			      ld    (IX+2), L               ; Store new block addr as this_free ptr 
115e			      ld    (IX+3), H 
115e			 
115e			      ; Modify this_free block to be allocation 
115e			      ex    DE, HL 
115e			      xor   A                       ; Null the next block ptr of allocated block 
115e			      ld    (HL), A 
115e			      inc   HL 
115e			      ld    (HL), A 
115e			 
115e			      inc   HL                      ; Store want size into allocated block 
115e			      ld    (HL), C 
115e			      inc   HL 
115e			      ld    (HL), B 
115e			      inc   HL 
115e			      push  HL                      ; Address of allocation to return 
115e			 
115e			      jr    malloc_update_links 
115e			 
115e			malloc_alloc_fit: 
115e			      pop   HL                      ; Dont need new block size, want is exact fit 
115e			 
115e			      ; Modify this_free block to be allocation 
115e			      ex    DE, HL 
115e			      dec   HL 
115e			      dec   HL 
115e			      dec   HL 
115e			 
115e			      xor   A                       ; Null the next block ptr of allocated block 
115e			      ld    (HL), A 
115e			      inc   HL 
115e			      ld    (HL), A 
115e			 
115e			      inc   HL                      ; Store address of allocation to return 
115e			      inc   HL 
115e			      inc   HL 
115e			      push  HL 
115e			 
115e			      ; Copy next_free ptr to this_free, remove allocated block from free list 
115e			      ld    L, (IX+0)               ; next_free to HL 
115e			      ld    H, (IX+1) 
115e			 
115e			      ld    (IX+2), L               ; HL to this_free 
115e			      ld    (IX+3), H 
115e			 
115e			 
115e			malloc_update_links: 
115e			      ; Update prev_free ptr to point to this_free 
115e			      ld    L, (IX+4)               ; prev_free ptr to HL 
115e			      ld    H, (IX+5) 
115e			 
115e			      ld    E, (IX+2)               ; this_free ptr to DE 
115e			      ld    D, (IX+3) 
115e			 
115e			      ld    (HL), E                 ; this_free ptr into prev_free 
115e			      inc   HL 
115e			      ld    (HL), D 
115e			 
115e			      ; Clear the Z flag to indicate successful allocation 
115e			      ld    A, D 
115e			      or    E 
115e			 
115e			      pop   DE                      ; Address of allocation 
115e			 
115e			malloc_no_space: 
115e			      ld    HL, 6                   ; Clean up stack frame 
115e			      add   HL, SP 
115e			      ld    SP, HL 
115e			 
115e			      ex    DE, HL                  ; Alloc addr into HL for return 
115e			 
115e			malloc_early_exit: 
115e			      pop   IX 
115e			      pop   DE 
115e			      pop   BC 
115e			 
115e			      ret 
115e			 
115e			 
115e			;------------------------------------------------------------------------------ 
115e			;     free                                                                    : 
115e			;                                                                             : 
115e			; Description                                                                 : 
115e			;     Return the space pointed to by HL to the heap. HL must be an address as : 
115e			;     returned by malloc, otherwise the behaviour is undefined.               : 
115e			;                                                                             : 
115e			;     Where possible, directly adjacent free blocks will be merged together   : 
115e			;     into larger blocks to help ensure that the heap does not become         : 
115e			;     excessively fragmented.                                                 : 
115e			;                                                                             : 
115e			;     free does not clear or set any other value into the freed space, and    : 
115e			;     therefore its contents may be visible through subsequent malloc's. The  : 
115e			;     caller should clear the freed space as required.                        : 
115e			;                                                                             : 
115e			;     This implementation of free uses the stack exclusively, and is          : 
115e			;     therefore re-entrant. But due to the Z80's lack of atomicity, it is     : 
115e			;     advisable to disable interrupts before calling free, and recommended    : 
115e			;     to avoid the use of free inside ISRs in general.                        : 
115e			;                                                                             : 
115e			;     NOTE: heap_init must be called before malloc and free can be used.      : 
115e			;                                                                             : 
115e			; Parameters                                                                  : 
115e			;     HL  Pointer to address of first byte of allocation to be freed          : 
115e			;                                                                             : 
115e			; Returns                                                                     : 
115e			;     Nothing                                                                 : 
115e			;                                                                             : 
115e			; Stack frame                                                                 : 
115e			;       |             |                                                       : 
115e			;       +-------------+                                                       : 
115e			;       |     BC      |                                                       : 
115e			;       +-------------+                                                       : 
115e			;       |     DE      |                                                       : 
115e			;       +-------------+                                                       : 
115e			;       |     IX      |                                                       : 
115e			;       +-------------+                                                       : 
115e			;       |  prev_free  |                                                       : 
115e			;   +2  +-------------+                                                       : 
115e			;       |  next_free  |                                                       : 
115e			;   +0  +-------------+                                                       : 
115e			;       |             |                                                       : 
115e			;                                                                             : 
115e			;------------------------------------------------------------------------------ 
115e			free: 
115e			      push  BC 
115e			      push  DE 
115e			      push  IX 
115e			 
115e			      ld    A, H                    ; Exit if ptr is null 
115e			      or    L 
115e			      jp    Z, free_early_exit 
115e			 
115e			      ; Set up stack frame 
115e			      ex    DE, HL 
115e			      ld    HL, -4                  ; Reserve 4 bytes for stack frame 
115e			      add   HL, SP 
115e			      ld    SP, HL 
115e			      ld    IX, 0                   ; Use IX as a frame pointer 
115e			      add   IX, SP 
115e			 
115e			      ; The address in HL points to the start of the useable allocated space, 
115e			      ; but the block struct starts 4 bytes before this. Sub 4 to get the 
115e			      ; address of the block itself. 
115e			      ex    DE, HL 
115e			      ld    DE, -4 
115e			      add   HL, DE 
115e			 
115e			      ; An allocated block must have a null next block pointer in it 
115e			      ld    A, (HL) 
115e			      inc   HL 
115e			      or    (HL) 
115e			      jp    NZ, free_done 
115e			 
115e			      dec   HL 
115e			 
115e			      ld    B, H                    ; Copy HL to BC 
115e			      ld    C, L 
115e			 
115e			      ; Loop through the free list to find the first block with an address 
115e			      ; higher than the block being freed 
115e			      ld    HL, free_list 
115e			 
115e			free_find_higher_block: 
115e			      ld    E, (HL)                 ; Load next ptr from free block 
115e			      inc   HL 
115e			      ld    D, (HL) 
115e			      dec   HL 
115e			 
115e			      ld    (IX+0), E               ; Save ptr to next free block 
115e			      ld    (IX+1), D 
115e			      ld    (IX+2), L               ; Save ptr to prev free block 
115e			      ld    (IX+3), H 
115e			 
115e			      ld    A, B                    ; Check if DE is greater than BC 
115e			      cp    D                       ; Compare MSB first 
115e			      jr    Z, $+4                  ; MSB the same, compare LSB 
115e			      jr    NC, free_find_higher_block_skip 
115e			      ld    A, C 
115e			      cp    E                       ; Then compare LSB 
115e			      jr    C, free_found_higher_block 
115e			 
115e			free_find_higher_block_skip: 
115e			      ld    A, D                    ; Reached the end of the free list? 
115e			      or    E 
115e			      jp    Z, free_done 
115e			 
115e			      ex    DE, HL 
115e			 
115e			      jr    free_find_higher_block 
115e			 
115e			free_found_higher_block: 
115e			      ; Insert freed block between prev and next free blocks 
115e			      ld    (HL), C                 ; Point prev free block to freed block 
115e			      inc   HL 
115e			      ld    (HL), B 
115e			 
115e			      ld    H, B                    ; Point freed block at next free block 
115e			      ld    L, C 
115e			      ld    (HL), E 
115e			      inc   HL 
115e			      ld    (HL), D 
115e			 
115e			      ; Check if the freed block is adjacent to the next free block 
115e			      inc   HL                      ; Load size of freed block into HL 
115e			      ld    E, (HL) 
115e			      inc   HL 
115e			      ld    D, (HL) 
115e			      ex    DE, HL 
115e			 
115e			      add   HL, BC                  ; Add addr of freed block and its size 
115e			 
115e			      ld    E, (IX+0)               ; Load addr of next free block into DE 
115e			      ld    D, (IX+1) 
115e			 
115e			      or    A                       ; Clear the carry flag 
115e			      sbc   HL, DE                  ; Subtract addrs to compare adjacency 
115e			      jr    NZ, free_check_adjacent_to_prev 
115e			 
115e			      ; Freed block is adjacent to next, merge into one bigger block 
115e			      ex    DE, HL                  ; Load next ptr from next block into DE 
115e			      ld    E, (HL) 
115e			      inc   HL 
115e			      ld    D, (HL) 
115e			      push  HL                      ; Save ptr to next block for later 
115e			 
115e			      ld    H, B                    ; Store ptr from next block into freed block 
115e			      ld    L, C 
115e			      ld    (HL), E 
115e			      inc   HL 
115e			      ld    (HL), D 
115e			 
115e			      pop   HL                      ; Restore ptr to next block 
115e			      inc   HL                      ; Load size of next block into DE 
115e			      ld    E, (HL) 
115e			      inc   HL 
115e			      ld    D, (HL) 
115e			      push  DE                      ; Save next block size for later 
115e			 
115e			      ld    H, B                    ; Load size of freed block into HL 
115e			      ld    L, C 
115e			      inc   HL 
115e			      inc   HL 
115e			      ld    E, (HL) 
115e			      inc   HL 
115e			      ld    D, (HL) 
115e			      ex    DE, HL 
115e			 
115e			      pop   DE                      ; Restore size of next block 
115e			      add   HL, DE                  ; Add sizes of both blocks 
115e			      ex    DE, HL 
115e			 
115e			      ld    H, B                    ; Store new bigger size into freed block 
115e			      ld    L, C 
115e			      inc   HL 
115e			      inc   HL 
115e			      ld    (HL), E 
115e			      inc   HL 
115e			      ld    (HL), D 
115e			 
115e			free_check_adjacent_to_prev: 
115e			      ; Check if the freed block is adjacent to the prev free block 
115e			      ld    L, (IX+2)               ; Prev free block ptr into HL 
115e			      ld    H, (IX+3) 
115e			 
115e			      inc   HL                      ; Size of prev free block into DE 
115e			      inc   HL 
115e			      ld    E, (HL) 
115e			      inc   HL 
115e			      ld    D, (HL) 
115e			      dec   HL 
115e			      dec   HL 
115e			      dec   HL 
115e			 
115e			      add   HL, DE                  ; Add prev block addr and size 
115e			 
115e			      or    A                       ; Clear the carry flag 
115e			      sbc   HL, BC                  ; Subtract addrs to compare adjacency 
115e			      jr    NZ, free_done 
115e			 
115e			      ; Freed block is adjacent to prev, merge into one bigger block 
115e			      ld    H, B                    ; Load next ptr from freed block into DE 
115e			      ld    L, C 
115e			      ld    E, (HL) 
115e			      inc   HL 
115e			      ld    D, (HL) 
115e			      push  HL                      ; Save freed block ptr for later 
115e			 
115e			      ld    L, (IX+2)               ; Store freed block ptr into prev block 
115e			      ld    H, (IX+3) 
115e			      ld    (HL), E 
115e			      inc   HL 
115e			      ld    (HL), D 
115e			 
115e			      pop   HL                      ; Restore freed block ptr 
115e			      inc   HL                      ; Load size of freed block into DE 
115e			      ld    E, (HL) 
115e			      inc   HL 
115e			      ld    D, (HL) 
115e			      push  DE                      ; Save freed block size for later 
115e			 
115e			      ld    L, (IX+2)               ; Load size of prev block into DE 
115e			      ld    H, (IX+3) 
115e			      inc   HL 
115e			      inc   HL 
115e			      ld    E, (HL) 
115e			      inc   HL 
115e			      ld    D, (HL) 
115e			 
115e			      pop   HL                      ; Add sizes of both blocks 
115e			      add   HL, DE 
115e			      ex    DE, HL 
115e			 
115e			      ld    L, (IX+2)               ; Store new bigger size into prev block 
115e			      ld    H, (IX+3) 
115e			      inc   HL 
115e			      inc   HL 
115e			      ld    (HL), E 
115e			      inc   HL 
115e			      ld    (HL), D 
115e			 
115e			free_done: 
115e			      ld    HL, 4                   ; Clean up stack frame 
115e			      add   HL, SP 
115e			      ld    SP, HL 
115e			 
115e			free_early_exit: 
115e			      pop   IX 
115e			      pop   DE 
115e			      pop   BC 
115e			 
115e			      ret 
115e			 
115e			 
115e			;      .org 0x8000 
115e			; 
115e			;free_list         .dw   0     ; Block struct for start of free list (MUST be 4 bytes) 
115e			 ;                 .dw   0 
115e			 
115e			endif 
115e			 
115e			 
115e			if MALLOC_4 
115e			 
115e			; My memory allocation code. Very very simple.... 
115e			; allocate space under 250 chars 
115e			 
115e			heap_init: 
115e				; init start of heap as zero 
115e				;  
115e			 
115e				ld hl, heap_start 
115e			;	ld a, 0 
115e				ld (hl), 0      ; empty block 
115e				inc hl 
115e			;	ld a, 0 
115e				ld (hl), 0      ; length of block 
115e				; write end of list 
115e				inc hl 
115e				ld a,(hl) 
115e				inc hl 
115e				ld a,(hl) 
115e				 
115e			 
115e				; init some malloc vars 
115e			 
115e				ld hl, 0 
115e				ld (free_list), hl       ; store last malloc location 
115e			 
115e				ld hl, free_list+3      ; flag for 'free' being used and force a rescan for reuse of block  
115e			;	ld a, 0 
115e				ld (hl), 0 
115e			 
115e			 
115e				ld hl, heap_start 
115e				;  
115e				  
115e				ret 
115e			 
115e			 
115e			;    free block marker 
115e			;    requested size  
115e			;    pointer to next block 
115e			;    .... 
115e			;    next block marker 
115e			 
115e			 
115e			; TODO add a flag that is reset on use of free. if flag is reset then start scan from start of heap otherwise use last location 
115e			; 
115e			 
115e			 
115e			malloc:  
115e				push de 
115e				push bc 
115e				push af 
115e			 
115e				; hl space required 
115e				 
115e				ld c, l    ; hold space   (TODO only a max of 255) 
115e			 
115e			;	inc c     ; TODO BUG need to fix memory leak on push str 
115e			;	inc c 
115e			;	inc c 
115e			;	inc c 
115e			;	inc c 
115e			;	inc c 
115e			;	inc c 
115e			 
115e			 
115e			 
115e				; start at heap if a free has been issued so we can reclaim it otherwise continue from last time 
115e			 
115e				ld a, (free_list+3) 
115e			;	cp 0 
115e				or a 
115e				jr z, .contheap 
115e			 
115e				ld hl, (free_list)     ; get last alloc 
115e					if DEBUG_FORTH_MALLOC_INT 
115e						DMARK "mrs" 
115e						CALLMONITOR 
115e					endif 
115e				jr .startalloc 
115e			 
115e			.contheap: 
115e				ld hl, heap_start 
115e			 
115e			.startalloc: 
115e			 
115e					if DEBUG_FORTH_MALLOC_INT 
115e						DMARK "mym" 
115e						CALLMONITOR 
115e					endif 
115e			.findblock: 
115e					if DEBUG_FORTH_MALLOC_INT 
115e						DMARK "mmf" 
115e						CALLMONITOR 
115e					endif 
115e			 
115e				ld a,(hl)  
115e				; if byte is zero then clear to use 
115e			 
115e			;	cp 0 
115e				or a 
115e				jr z, .foundemptyblock 
115e			 
115e				; if byte is not clear 
115e				;     then byte is offset to next block 
115e			 
115e				inc hl 
115e				ld a, (hl) ; get size 
115e			.nextblock:	inc hl 
115e					ld e, (hl) 
115e					inc hl 
115e					ld d, (hl) 
115e					ex de, hl 
115e			;	inc hl  ; move past the store space 
115e			;	inc hl  ; move past zero index  
115e			 
115e				; TODO detect no more space 
115e			 
115e				push hl 
115e				ld de, heap_end 
115e				call cmp16 
115e				pop hl 
115e				jr nc, .nospace 
115e			 
115e				jr .findblock 
115e			 
115e			.nospace: ld hl, 0 
115e				jp .exit 
115e			 
115e			 
115e			.foundemptyblock:	 
115e					if DEBUG_FORTH_MALLOC_INT 
115e						DMARK "mme" 
115e						CALLMONITOR 
115e					endif 
115e			 
115e			; TODO has block enough space if reusing??? 
115e			 
115e				;  
115e			 
115e			; see if this block has been previously used 
115e				inc hl 
115e				ld a, (hl) 
115e				dec hl 
115e			;	cp 0 
115e				or a 
115e				jr z, .newblock 
115e			 
115e					if DEBUG_FORTH_MALLOC_INT 
115e						DMARK "meR" 
115e						CALLMONITOR 
115e					endif 
115e			 
115e			; no reusing previously allocated block 
115e			 
115e			; is it smaller than previously used? 
115e				 
115e				inc hl    ; move to size 
115e				ld a, c 
115e				sub (hl)        ; we want c < (hl) 
115e				dec hl    ; move back to marker 
115e			        jr z, .findblock 
115e			 
115e				; update with the new size which should be lower 
115e			 
115e			        ;inc  hl   ; negate next move. move back to size  
115e			 
115e			.newblock: 
115e				; need to be at marker here 
115e			 
115e					if DEBUG_FORTH_MALLOC_INT 
115e						DMARK "meN" 
115e						CALLMONITOR 
115e					endif 
115e			 
115e			 
115e				ld a, c 
115e			 
115e				ld (free_list+3), a	 ; flag resume from last malloc  
115e				ld (free_list), hl    ; save out last location 
115e			 
115e			 
115e				;inc a     ; space for length byte 
115e				ld (hl), a     ; save block in use marker 
115e			 
115e				inc hl   ; move to space marker 
115e				ld (hl), a    ; save new space 
115e			 
115e				inc hl   ; move to start of allocated area 
115e				 
115e			;	push hl     ; save where we are - 1  
115e			 
115e			;	inc hl  ; move past zero index  
115e				; skip space to set down new marker 
115e			 
115e				; provide some extra space for now 
115e			 
115e				inc a    ; actual is one fewer than bytes requested. correct if zero index is taken into account 
115e				inc a 
115e				inc a 
115e			 
115e				push hl   ; save where we are in the node block 
115e			 
115e				call addatohl 
115e			 
115e				; write linked list point 
115e			 
115e				pop de     ; get our node position 
115e				ex de, hl 
115e			 
115e				ld (hl), e 
115e				inc hl 
115e				ld (hl), d 
115e			 
115e				inc hl 
115e			 
115e				; now at start of allocated data so save pointer 
115e			 
115e				push hl 
115e			 
115e				; jump to position of next node and setup empty header in DE 
115e			 
115e				ex de, hl 
115e			 
115e			;	inc hl ; move past end of block 
115e			 
115e			;	ld a, 0 
115e				ld (hl), 0   ; empty marker 
115e				inc hl 
115e				ld (hl), 0   ; size 
115e				inc hl  
115e				ld (hl), 0   ; ptr 
115e				inc hl 
115e				ld (hl), 0   ; ptr 
115e			 
115e			 
115e				pop hl 
115e			 
115e					if DEBUG_FORTH_MALLOC_INT 
115e						DMARK "mmr" 
115e						CALLMONITOR 
115e					endif 
115e			 
115e			.exit: 
115e				pop af 
115e				pop bc 
115e				pop de  
115e				ret 
115e			 
115e			 
115e			 
115e			 
115e			free:  
115e				push hl 
115e				push af 
115e				; get address in hl 
115e			 
115e					if DEBUG_FORTH_MALLOC_INT 
115e						DMARK "fre" 
115e						CALLMONITOR 
115e					endif 
115e				; data is at hl - move to block count 
115e				dec hl 
115e				dec hl    ; get past pointer 
115e				dec hl 
115e			 
115e				ld a, (hl)    ; need this for a validation check 
115e			 
115e				dec hl    ; move to block marker 
115e			 
115e				; now check that the block count and block marker are the same  
115e			        ; this checks that we are on a malloc node and not random memory 
115e			        ; OK a faint chance this could be a problem but rare - famous last words! 
115e			 
115e				ld c, a 
115e				ld a, (hl)    
115e			 
115e				cp c 
115e				jr nz, .freeignore      ; not a valid malloc node in use so dont break anything 
115e			 
115e				; yes good chance we are on a malloc node 
115e			 
115e			;	ld a, 0      
115e				ld (hl), 0   ; mark as free 
115e			 
115e				ld (free_list+3), a	 ; flag reuse of existing block on next malloc 
115e			 
115e			.freeignore:  
115e			 
115e				pop af 
115e				pop hl 
115e			 
115e				ret 
115e			 
115e			 
115e			 
115e			endif 
115e			 
115e			; eof 
# End of file firmware_memory.asm
115e			  
115e			if BASE_KEV  
115e			include "firmware_buzz.asm"     ; a simple buzzer sounder or LED   
115e			endif  
115e			  
115e			if TAPE_SUPPORT   
115e				include "firmware_tape.asm"    ; Tape support on Device A by default  
115e			endif  
115e			  
115e			if DART_SUPPORT   
115e				include "firmware_dart.asm"    ; Support for DART/SIO  
115e			endif  
115e			  
115e			; device C  
115e			; Now handled by SPI  
115e			if SOUND_ENABLE  
115e				include "firmware_sound.asm"  
115e			endif  
115e			  
115e			include "firmware_diags.asm"  
115e			; Hardware diags menu 
115e			 
115e			 
115e			config: 
115e			 
115e 3e 00			ld a, 0 
1160 21 7b 11			ld hl, .configmn 
1163 cd ff 09			call menu 
1166			 
1166 fe 00			cp 0 
1168 c8				ret z 
1169			 
1169			;	cp 1 
1169			;	call z, .savetostore 
1169			 
1169 3d				dec a 
116a			if STARTUP_V1 
116a cc 8f 11			call z, .selautoload 
116d			endif 
116d			 
116d			if STARTUP_V2 
116d				call z, .enautoload 
116d			endif 
116d				;cp 2 
116d 3d				dec a 
116e cc 85 11			call z, .disautoload 
1171			if STARTUP_V2 
1171				dec a 
1171				call z, .selbank 
1171			endif 
1171			;	cp 3 
1171			;	call z, .selbank 
1171			;	cp 3 
1171 3d				dec a 
1172 cc ad 11			call z, .debug_tog 
1175			;	cp 4 
1175 3d				dec a 
1176 cc 7c 12			call z, .bpsgo 
1179			;	cp 5 
1179			;	call z, hardware_diags 
1179			if STARTUP_V2 
1179			;	cp 5 
1179				dec a 
1179				call z, create_startup 
1179			endif 
1179 18 e3			jr config 
117b			 
117b			.configmn: 
117b			;	dw prom_c3 
117b 6b 14			dw prom_c2 
117d 80 14			dw prom_c2a 
117f			if STARTUP_V2 
117f				dw prom_bsel  
117f			endif 
117f			;	dw prom_c2b 
117f			;	dw prom_c4 
117f 9f 14			dw prom_m4 
1181 ba 14			dw prom_m4b 
1183			;	dw prom_c1 
1183			if STARTUP_V2 
1183				dw prom_c9 
1183			endif 
1183 00 00			dw 0 
1185				 
1185			 
1185			if STARTUP_V2 
1185			.enautoload: 
1185				if STORAGE_SE 
1185				ld a, $fe      ; bit 0 clear 
1185				ld (spi_device), a 
1185			 
1185				call storage_get_block_0 
1185			 
1185				ld a, 1 
1185				ld (store_page+STORE_0_AUTOFILE), a 
1185			 
1185					ld hl, 0 
1185					ld de, store_page 
1185				call storage_write_block	 ; save update 
1185				else 
1185			 
1185				ld hl, prom_notav 
1185				ld de, prom_empty 
1185				call info_panel 
1185				endif 
1185			 
1185			 
1185				ret 
1185			endif 
1185			 
1185			.disautoload: 
1185				if STORAGE_SE 
1185				ld a, $fe      ; bit 0 clear 
1185				ld (spi_device), a 
1185			 
1185				call storage_get_block_0 
1185			 
1185				ld a, 0 
1185				ld (store_page+STORE_0_AUTOFILE), a 
1185			 
1185					ld hl, 0 
1185					ld de, store_page 
1185				call storage_write_block	 ; save update 
1185				else 
1185			 
1185 21 c2 14			ld hl, prom_notav 
1188 11 d8 14			ld de, prom_empty 
118b cd 4b 09			call info_panel 
118e				endif 
118e			 
118e			 
118e c9				ret 
118f			 
118f			if STARTUP_V1 
118f			 
118f			; Select auto start 
118f			 
118f			.selautoload: 
118f			 
118f				 
118f				if STORAGE_SE 
118f			 
118f					call config_dir 
118f				        ld hl, scratch 
118f					ld a, 0 
118f					call menu 
118f			 
118f					cp 0 
118f					ret z 
118f			 
118f					dec a 
118f			 
118f			 
118f					; locate menu option 
118f			 
118f					ld hl, scratch 
118f					call table_lookup 
118f			 
118f					if DEBUG_FORTH_WORDS 
118f						DMARK "ALl" 
118f						CALLMONITOR 
118f					endif 
118f					; with the pointer to the menu it, the byte following the zero term is the file id 
118f			 
118f					ld a, 0 
118f					ld bc, 50   ; max of bytes to look at 
118f					cpir  
118f			 
118f					if DEBUG_FORTH_WORDS 
118f						DMARK "ALb" 
118f						CALLMONITOR 
118f					endif 
118f					;inc hl 
118f			 
118f					ld a, (hl)   ; file id 
118f					 
118f				        ; save bank and file ids 
118f			 
118f					push af 
118f			 
118f			; TODO need to save to block 0 on bank 1	 
118f			 
118f					call storage_get_block_0 
118f			 
118f					if DEBUG_FORTH_WORDS 
118f						DMARK "AL0" 
118f						CALLMONITOR 
118f					endif 
118f					pop af 
118f			 
118f					ld (store_page+STORE_0_FILERUN),a 
118f					 
118f					; save bank id 
118f			 
118f					ld a,(spi_device) 
118f					ld (store_page+STORE_0_BANKRUN),a 
118f			 
118f					; enable auto run of store file 
118f			 
118f					ld a, 1 
118f					ld (store_page+STORE_0_AUTOFILE),a 
118f			 
118f					; save buffer 
118f			 
118f					ld hl, 0 
118f					ld de, store_page 
118f					if DEBUG_FORTH_WORDS 
118f						DMARK "ALw" 
118f						CALLMONITOR 
118f					endif 
118f				call storage_write_block	 ; save update 
118f			  
118f			 
118f			 
118f			 
118f					ld hl, scratch 
118f					call config_fdir 
118f			 
118f				else 
118f			 
118f 21 c2 14			ld hl, prom_notav 
1192 11 d8 14			ld de, prom_empty 
1195 cd 4b 09			call info_panel 
1198			 
1198				endif 
1198 c9				ret 
1199			endif 
1199			 
1199			 
1199			; Select storage bank 
1199			 
1199			.selbank: 
1199			 
1199			if STARTUP_V2 
1199			;	if STORAGE_SE 
1199			;	else 
1199			 
1199				ld hl, prom_banks 
1199				call menu 
1199				cp 0 
1199				ret z 
1199				 
1199				; set the bank number from the result 
1199			 
1199				 
1199					ld c, SPI_CE_HIGH 
1199					ld b, '0'    ; human readable bank number 
1199			 
1199			 
1199					; active low 
1199			 
1199			;		cp 0 
1199					or a 
1199					jr z, .bset 
1199					cp 1 
1199					jr nz, .b2 
1199					res 0, c 
1199					ld b, '1'    ; human readable bank number 
1199			.b2:		cp 2 
1199					jr nz, .b3 
1199					res 1, c 
1199					ld b, '2'    ; human readable bank number 
1199			.b3:		cp 3 
1199					jr nz, .b4 
1199					res 2, c 
1199					ld b, '3'    ; human readable bank number 
1199			.b4:		cp 4 
1199					jr nz, .b5 
1199					res 3, c 
1199					ld b, '4'    ; human readable bank number 
1199			.b5:		cp 5 
1199					jr nz, .bset 
1199					res 4, c 
1199					ld b, '5'    ; human readable bank number 
1199			 
1199			.bset: 
1199			 
1199					ld a, c 
1199			;		ld (spi_device),a 
1199					ld a, b 
1199			;		ld (spi_device_id),a 
1199					push bc 
1199			 
1199					; select bank 1 and load block 0  
1199			 
1199				ld a, $fe      ; bit 0 clear 
1199				ld (spi_device), a 
1199			 
1199				call storage_get_block_0 
1199			 
1199				pop bc 
1199				ld a,c 
1199				ld (store_page+STORE_0_BANKRUN), a 
1199				ld a,b 
1199				ld (store_page+STORE_0_BANKRUNN), a 
1199					ld hl, 0 
1199					ld de, store_page 
1199				call storage_write_block 
1199			 
1199			else 
1199 21 c2 14			ld hl, prom_notav 
119c 11 d8 14			ld de, prom_empty 
119f cd 4b 09			call info_panel 
11a2			;	endif 
11a2				 
11a2			endif 
11a2 c9				ret 
11a3			 
11a3			if STORAGE_SE 
11a3			 
11a3			.config_ldir:   
11a3				; Load storage bank labels into menu array 
11a3			 
11a3				 
11a3			 
11a3			 
11a3				ret 
11a3			 
11a3			 
11a3			endif 
11a3			 
11a3			 
11a3			; Save user words to storage 
11a3			 
11a3			.savetostore: 
11a3			 
11a3			;	if STORAGE_SE 
11a3			; 
11a3			;		call config_dir 
11a3			;	        ld hl, scratch 
11a3			;		ld a, 0 
11a3			;		call menu 
11a3			;		 
11a3			;		ld hl, scratch 
11a3			;		call config_fdir 
11a3			; 
11a3			;	else 
11a3			 
11a3 21 c2 14			ld hl, prom_notav 
11a6 11 d8 14			ld de, prom_empty 
11a9 cd 4b 09			call info_panel 
11ac			 
11ac			;	endif 
11ac			 
11ac c9				ret 
11ad			 
11ad			if STARTUP_V2 
11ad			 
11ad			create_startup: 
11ad			 
11ad				ld a, 0 
11ad				ld hl, .crstart 
11ad				call menu 
11ad			 
11ad				cp 0 
11ad				ret z 
11ad			 
11ad				cp 1 
11ad				call z, .genlsword 
11ad				cp 2 
11ad				call z, .genedword 
11ad			 
11ad				cp 3 
11ad				call z, .gendemword 
11ad			 
11ad				cp 4 
11ad				call z, .genutlword 
11ad				cp 5 
11ad				call z, .genspiword 
11ad				cp 6 
11ad				call z, .genkeyword 
11ad				cp 7 
11ad				call z, .gentapeword 
11ad				cp 8 
11ad				call z, .gensoundword 
11ad				cp 9 
11ad				call z, .genhwword 
11ad				jr create_startup 
11ad			 
11ad			.genhwword: 
11ad				ld hl, crs_hw 
11ad				ld de, .hwworddef 
11ad				call .genfile 
11ad				ret 
11ad			.gensoundword: 
11ad				ld hl, crs_sound 
11ad				ld de, .soundworddef 
11ad				call .genfile 
11ad				ret 
11ad			.genlsword: 
11ad				ld hl, crs_s1 
11ad				ld de, .lsworddef 
11ad				call .genfile 
11ad				ret 
11ad			 
11ad			.genedword: 
11ad				ld de, .edworddef 
11ad				ld hl, crs_s2 
11ad				call .genfile 
11ad				ret 
11ad			 
11ad			.gendemword: 
11ad				ld de, .demoworddef 
11ad				ld hl, crs_s3 
11ad				call .genfile 
11ad				ret 
11ad			 
11ad			.genutlword: 
11ad				ld hl, crs_s4 
11ad				ld de, .utilwordef 
11ad				call .genfile 
11ad				ret 
11ad			.genspiword: 
11ad				ld hl, crs_s5 
11ad				ld de, .spiworddef 
11ad				call .genfile 
11ad				ret 
11ad			.genkeyword: 
11ad				ld hl, crs_s6 
11ad				ld de, .keyworddef 
11ad				call .genfile 
11ad				ret 
11ad			 
11ad			.gentapeword: 
11ad				ld hl, crs_s7 
11ad				ld de, .tapeworddef 
11ad				call .genfile 
11ad				ret 
11ad			 
11ad			; hl - points to file name 
11ad			; de - points to strings to add to file 
11ad			 
11ad			.genfile: 
11ad				push hl 
11ad				push de 
11ad			 
11ad				call clear_display 
11ad				ld a, display_row_1 
11ad				ld de, .genfiletxt 
11ad				call str_at_display 
11ad				call update_display 
11ad			 
11ad				pop de 
11ad				pop hl 
11ad			 
11ad			 
11ad				push de 
11ad				call storage_create 
11ad				; id in hl 
11ad				pop de   ; table of strings to add 
11ad			 
11ad			.genloop: 
11ad			 
11ad				push hl ; save id for next time around 
11ad				push de ; save de for next time around 
11ad			 
11ad				ex de, hl 
11ad				call loadwordinhl 
11ad				ex de, hl 
11ad			 
11ad				; need hl to be the id 
11ad				; need de to be the string ptr 
11ad				 
11ad				call storage_append 
11ad			 
11ad				pop de 
11ad				pop hl 
11ad			 
11ad				inc de 
11ad				inc de 
11ad			 
11ad				ld a,(de) 
11ad				cp 0 
11ad				jr nz, .genloop 
11ad				inc de 
11ad				ld a, (de) 
11ad				dec de 
11ad				cp 0 
11ad				jr nz, .genloop	 
11ad			 
11ad				ret 
11ad			 
11ad			.genfiletxt:  db "Creating file...",0 
11ad			 
11ad			.hwworddef: 
11ad				dw test5 
11ad				dw test6 
11ad				dw test7 
11ad				dw test8 
11ad				dw test9 
11ad				dw test10 
11ad				dw 0 
11ad			 
11ad			.soundworddef: 
11ad				dw sound1 
11ad				dw sound2 
11ad				dw sound3 
11ad				dw sound4 
11ad				dw sound5 
11ad				dw sound6 
11ad				dw sound7 
11ad				dw sound8 
11ad				dw sound9 
11ad				dw 0 
11ad			 
11ad			.utilwordef: 
11ad				dw strncpy 
11ad				dw type 
11ad				dw ztype 
11ad				dw tuck 
11ad				dw nip 
11ad				dw clrstack 
11ad				dw longread 
11ad				dw scancode 
11ad				dw start1 
11ad				dw start2 
11ad				dw repstr1 
11ad				dw repstr2 
11ad				dw execuword 
11ad			; duplicated 
11ad			;	dw start3b 
11ad			;	dw start3c 
11ad				dw list 
11ad				dw 0 
11ad			 
11ad			.lsworddef: 
11ad				dw start3b 
11ad				dw 0 
11ad			 
11ad			.edworddef: 
11ad				dw edit1 
11ad				dw edit2 
11ad				dw edit3 
11ad				dw 0 
11ad			 
11ad			.demoworddef: 
11ad				dw game1 
11ad				dw game1a 
11ad				dw game1b 
11ad				dw game1c 
11ad				dw game1d 
11ad				dw game1s 
11ad				dw game1t 
11ad				dw game1f 
11ad				dw game1z 
11ad				dw game1zz 
11ad				dw ssv2 
11ad				dw ssv3 
11ad				dw ssv4 
11ad				dw ssv5 
11ad				dw ssv1 
11ad				dw ssv1cpm	 
11ad			;	dw game2b 
11ad			;	dw game2bf 
11ad			;	dw game2mba 
11ad			;	dw game2mbas	 
11ad			;	dw game2mbht 
11ad			;	dw game2mbms 
11ad			;	dw game2mb 
11ad			;	dw game3w 
11ad			;	dw game3p 
11ad			;	dw game3sc 
11ad			;	dw game3vsi 
11ad			;	dw game3vs 
11ad				dw 0 
11ad			 
11ad			 
11ad			.spiworddef: 
11ad			 
11ad			    dw spi1 
11ad			    dw spi2 
11ad			    dw spi2b 
11ad			    dw spi1b 
11ad			    dw spi3 
11ad			    dw spi4 
11ad			    dw spi5 
11ad			    dw spib1 
11ad			    dw spib2 
11ad			    dw spib3 
11ad			    dw spib4 
11ad			    dw spib7 
11ad			;    dw spib5 
11ad			    dw spi6 
11ad			    dw spi7 
11ad			    dw spi3a 
11ad			 
11ad			;    dw spi8 
11ad			;    dw spi9 
11ad			;    dw spi10 
11ad			    dw 0 
11ad			.tapeworddef: 
11ad				dw tape1 
11ad				dw tape2a 
11ad				dw tape2 
11ad				dw tape3 
11ad				dw tape4 
11ad				dw tape5 
11ad				dw tape6 
11ad				dw tape7a 
11ad				dw tape7b 
11ad				dw tape7 
11ad				dw tape8 
11ad				dw 0 
11ad			 
11ad			.keyworddef: 
11ad			 
11ad				dw keyup 
11ad				dw keydown 
11ad				dw keyleft 
11ad				dw keyright 
11ad				dw 	keyf1 
11ad				dw keyf2 
11ad				dw keyf3 
11ad				dw keyf4 
11ad				dw keyf5 
11ad				dw keyf6 
11ad				dw keyf7 
11ad				dw keyf8 
11ad				dw keyf9 
11ad				dw keyf10 
11ad				dw keyf11 
11ad				dw keyf12 
11ad				dw keytab 
11ad				dw keycr 
11ad				dw keyhome 
11ad				dw keyend 
11ad				dw keybs 
11ad				dw 0 
11ad			 
11ad			.crstart: 
11ad				dw crs_s1 
11ad				dw crs_s2 
11ad				dw crs_s3 
11ad				dw crs_s4 
11ad				dw crs_s5 
11ad				dw crs_s6 
11ad				dw crs_s7 
11ad				dw crs_sound 
11ad				dw crs_hw 
11ad				dw 0 
11ad			 
11ad			endif 
11ad			 
11ad			 
11ad			if STORAGE_SE 
11ad			 
11ad			config_fdir: 
11ad				; using the scratch dir go through and release the memory allocated for each string 
11ad				 
11ad				ld hl, scratch 
11ad			.cfdir:	ld e,(hl) 
11ad				inc hl 
11ad				ld d,(hl) 
11ad				inc hl 
11ad			 
11ad				ex de, hl 
11ad				call ishlzero 
11ad				ret z     ; return on null pointer 
11ad				call free 
11ad				ex de, hl 
11ad				jr .cfdir 
11ad			 
11ad			 
11ad				ret 
11ad			 
11ad			 
11ad			config_dir: 
11ad			 
11ad				; for the config menus that need to build a directory of storage call this routine 
11ad				; it will construct a menu in scratch to pass to menu 
11ad			 
11ad				; open storage device 
11ad			 
11ad				; execute DIR to build a list of files and their ids into scratch in menu format 
11ad				; once the menu has finished then will need to call config_fdir to release the strings 
11ad				 
11ad				; c = number items 
11ad			 
11ad				 
11ad				call storage_get_block_0 
11ad			 
11ad				ld hl, store_page     ; get current id count 
11ad				ld b, (hl) 
11ad				ld c, 0    ; count of files   
11ad			 
11ad			 
11ad				ld hl, scratch 
11ad				ld (store_tmp2), hl    ; location to poke strings 
11ad			 
11ad				; check for empty drive 
11ad			 
11ad				ld a, 0 
11ad				cp b 
11ad				jp z, .dirdone 
11ad			 
11ad				 
11ad					if DEBUG_FORTH_WORDS 
11ad						DMARK "Cdc" 
11ad						CALLMONITOR 
11ad					endif 
11ad			 
11ad			 
11ad			.diritem:	 
11ad				push bc 
11ad				; for each of the current ids do a search for them and if found push to stack 
11ad			 
11ad					ld hl, STORE_BLOCK_PHY 
11ad					ld d, 0		 ; look for extent 0 of block id as this contains file name 
11ad					ld e,b 
11ad			 
11ad					call storage_findnextid 
11ad			 
11ad			 
11ad					; if found hl will be non zero 
11ad			 
11ad					call ishlzero 
11ad					jr z, .dirnotfound 
11ad			 
11ad					; increase count 
11ad			 
11ad					pop bc	 
11ad					inc c 
11ad					push bc 
11ad					 
11ad			 
11ad					; get file header and push the file name 
11ad			 
11ad					ld de, store_page 
11ad					call storage_read_block 
11ad			 
11ad					; push file id to stack 
11ad				 
11ad					ld a, (store_page) 
11ad					ld h, 0 
11ad					ld l, a 
11ad			 
11ad					;call forth_push_numhl 
11ad					; TODO store id 
11ad			 
11ad					push hl 
11ad			 
11ad					; push extent count to stack  
11ad				 
11ad					ld hl, store_page+3 
11ad			 
11ad					; get file name length 
11ad			 
11ad					call strlenz   
11ad			 
11ad					inc hl   ; cover zero term 
11ad					inc hl  ; stick the id at the end of the area 
11ad			 
11ad					push hl 
11ad					pop bc    ; move length to bc 
11ad			 
11ad					call malloc 
11ad			 
11ad					; TODO save malloc area to scratch 
11ad			 
11ad					ex de, hl 
11ad					ld hl, (store_tmp2) 
11ad					ld (hl), e 
11ad					inc hl 
11ad					ld (hl), d 
11ad					inc hl 
11ad					ld (store_tmp2), hl 
11ad			 
11ad					 
11ad			 
11ad					;pop hl   ; get source 
11ad			;		ex de, hl    ; swap aronund	 
11ad			 
11ad					ld hl, store_page+3 
11ad					if DEBUG_FORTH_WORDS 
11ad						DMARK "CFd" 
11ad						CALLMONITOR 
11ad					endif 
11ad					ldir 
11ad			 
11ad					; de is past string, move back one and store id 
11ad					 
11ad					dec de 
11ad			 
11ad					; store file id 
11ad			 
11ad					pop hl 
11ad					ex de,hl 
11ad					ld (hl), e 
11ad			 
11ad					if DEBUG_FORTH_WORDS 
11ad						DMARK "Cdi" 
11ad						CALLMONITOR 
11ad					endif 
11ad					 
11ad			.dirnotfound: 
11ad					pop bc     
11ad					djnz .diritem 
11ad				 
11ad			.dirdone:	 
11ad			 
11ad			;		ld a, 0 
11ad					ld hl, (store_tmp2) 
11ad					ld (hl), 0 
11ad					inc hl 
11ad					ld (hl), 0 
11ad					inc hl 
11ad					; push a count of the dir items found 
11ad			 
11ad			;		ld h, 0 
11ad			;		ld l, c 
11ad			 
11ad				ret 
11ad			 
11ad			endif 
11ad			 
11ad			 
11ad			; Settings 
11ad			; Run  
11ad			 
11ad			 
11ad			 
11ad			;hd_menu1:   db "Diags:  1: Key Matrix   5: Sound",0 
11ad			;;hd_menu2:   db "        2: Editor",0   
11ad			;hd_menu2:   db "        2: Editor       6: Menu",0   
11ad			;hd_menu3:   db "        3: Storage",0 
11ad			;hd_menu4:   db "0=quit  4: Debug",0 
11ad			;hd_don:     db "ON",0 
11ad			;hd_doff:     db "OFF",0 
11ad			; 
11ad			; 
11ad			; 
11ad			;hardware_diags_old:       
11ad			; 
11ad			;.diagmenu: 
11ad			;	call clear_display 
11ad			;	ld a, display_row_1 
11ad			;	ld de, hd_menu1 
11ad			;	call str_at_display 
11ad			; 
11ad			;	ld a, display_row_2 
11ad			;	ld de, hd_menu2 
11ad			;	call str_at_display 
11ad			; 
11ad			;	ld a, display_row_3 
11ad			;	ld de, hd_menu3 
11ad			;	call str_at_display 
11ad			; 
11ad			;	ld a,  display_row_4 
11ad			;	ld de, hd_menu4 
11ad			;	call str_at_display 
11ad			; 
11ad			;	; display debug state 
11ad			; 
11ad			;	ld de, hd_don 
11ad			;	ld a, (os_view_disable) 
11ad			;	cp 0 
11ad			;	jr z, .distog 
11ad			;	ld de, hd_doff 
11ad			;.distog: ld a, display_row_4+17 
11ad			;	call str_at_display 
11ad			; 
11ad			;	call update_display 
11ad			; 
11ad			;	call cin_wait 
11ad			; 
11ad			; 
11ad			; 
11ad			;	cp '4' 
11ad			;	jr nz, .diagn1 
11ad			; 
11ad			;	; debug toggle 
11ad			; 
11ad			;	ld a, (os_view_disable) 
11ad			;	ld b, '*' 
11ad			;	cp 0 
11ad			;	jr z, .debtog 
11ad			;	ld b, 0 
11ad			;.debtog:	 
11ad			;	ld a,b 
11ad			;	ld (os_view_disable),a 
11ad			; 
11ad			;.diagn1: cp '0' 
11ad			;	 ret z 
11ad			; 
11ad			;;	cp '1' 
11ad			;;       jp z, matrix	 
11ad			;;   TODO keyboard matrix test 
11ad			; 
11ad			;	cp '2' 
11ad			;	jp z, .diagedit 
11ad			; 
11ad			;;	cp '6' 
11ad			;;	jp z, .menutest 
11ad			;;if ENABLE_BASIC 
11ad			;;	cp '6' 
11ad			;;	jp z, basic 
11ad			;;endif 
11ad			 ; 
11ad			;	jp .diagmenu 
11ad			; 
11ad			; 
11ad			;	ret 
11ad			 
11ad			 
11ad			.debug_tog: 
11ad 21 d6 11			ld hl, .menudebug 
11b0				 
11b0			;	ld a, (os_view_disable) 
11b0			;	cp '*' 
11b0 3a 6b ee			ld a,(debug_vector) 
11b3 fe c9			cp $C9   ; RET 
11b5 20 04			jr nz,.tdon  
11b7 3e 01			ld a, 1 
11b9 18 02			jr .tog1 
11bb 3e 00		.tdon: ld a, 0 
11bd			 
11bd			.tog1: 
11bd cd ff 09			call menu 
11c0 fe 00			cp 0 
11c2 c8				ret z 
11c3 fe 01			cp 1    ; disable debug 
11c5 28 04			jr z, .dtog0 
11c7 3e 2a			ld a, '*' 
11c9 18 05			jr .dtogset 
11cb			.dtog0:  
11cb				;ld a, 0 
11cb cd 6a 12			call bp_on 
11ce 18 dd			jr .debug_tog 
11d0			.dtogset:  
11d0				; ld (os_view_disable), a 
11d0 cd 76 12			call bp_off 
11d3 c3 ad 11			jp .debug_tog 
11d6			 
11d6			 
11d6			.menudebug: 
11d6 dc 11				dw .m6 
11d8 e5 11				dw .m7 
11da 00 00				dw 0 
11dc .. 00		.m6:   db "Debug ON",0 
11e5 .. 00		.m7:   db "Debug OFF",0 
11ef			;hardware_diags:       
11ef			 
11ef			ENABLE_HDIAGS: equ 0 
11ef			 
11ef			if ENABLE_HDIAGS 
11ef			.diagm: 
11ef				ld hl, .menuitems 
11ef				ld a, 0 
11ef				call menu 
11ef			 
11ef			         cp 0 
11ef				 ret z 
11ef			 
11ef				cp 2 
11ef				jp z, .diagedit 
11ef			 
11ef			;	cp '6' 
11ef			;	jp z, .menutest 
11ef			;if ENABLE_BASIC 
11ef			;	cp '6' 
11ef			;	jp z, basic 
11ef			;endif 
11ef			  
11ef				jp .diagm 
11ef			 
11ef				 
11ef			.menuitems:   	dw .m1 
11ef					dw .m2 
11ef					dw .m3 
11ef					dw .m5 
11ef					dw .m5a 
11ef					dw .m5b 
11ef					dw 0 
11ef			 
11ef			 
11ef			.m1:   db "Key Matrix",0 
11ef			.m2:   db "Editor",0 
11ef			.m3:   db "Storage",0 
11ef			.m5:   db "Sound",0 
11ef			.m5a:  db "RAM Test",0 
11ef			.m5b:  db "LCD Test",0 
11ef			 
11ef			 
11ef			; debug editor 
11ef			 
11ef			.diagedit: 
11ef			 
11ef				ld hl, scratch 
11ef			;	ld bc, 250 
11ef			;	ldir 
11ef				; TODO ldir is not working strcpy may not get all the terms on the input line???? 
11ef			;	ld a, 0 
11ef				ld (hl), 0 
11ef				inc hl 
11ef				ld (hl), 0 
11ef				inc hl 
11ef				ld (hl), 0 
11ef			 
11ef			        call clear_display 
11ef				call update_display 
11ef				;ld a, 1 
11ef				;ld (hardware_diag), a 
11ef			.diloop: 
11ef				ld a, display_row_1 
11ef				ld c, 0 
11ef				ld d, 255    ; TODO fix input_str to actually take note of max string input length 
11ef				ld e, 40 
11ef			 
11ef				ld hl, scratch	 
11ef				call input_str 
11ef			 
11ef				ld a, display_row_2 
11ef				ld de, scratch 
11ef				call str_at_display 
11ef				call update_display 
11ef			 
11ef				jp .diloop 
11ef			endif 
11ef			 
11ef			; pass word in hl 
11ef			; a has display location 
11ef			display_word_at: 
11ef f5				push af 
11f0 e5				push hl 
11f1 7c				ld a,h 
11f2 21 a2 e5			ld hl, os_word_scratch 
11f5 cd f5 0d			call hexout 
11f8 e1				pop hl 
11f9 7d				ld a,l 
11fa 21 a4 e5			ld hl, os_word_scratch+2 
11fd cd f5 0d			call hexout 
1200 21 a6 e5			ld hl, os_word_scratch+4 
1203			;	ld a,0 
1203 36 00			ld (hl),0 
1205 11 a2 e5			ld de,os_word_scratch 
1208 f1				pop af 
1209 cd cb 09				call str_at_display 
120c c9				ret 
120d			 
120d			display_ptr_state: 
120d			 
120d				; to restore afterwards 
120d			 
120d d5				push de 
120e c5				push bc 
120f e5				push hl 
1210 f5				push af 
1211			 
1211				; for use in here 
1211			 
1211			;	push bc 
1211			;	push de 
1211			;	push hl 
1211			;	push af 
1211			 
1211 cd b9 09			call clear_display 
1214			 
1214 11 ee 13			ld de, .ptrstate 
1217 3e 00			ld a, display_row_1 
1219 cd cb 09			call str_at_display 
121c			 
121c				; display debug step 
121c			 
121c			 
121c			;	ld de, debug_mark 
121c			if DEMARK_VERSION = 1 
121c ed 5b 60 ee		ld de, (debug_mark) 
1220			endif 
1220			 
1220			if DEMARK_VERSION = 0 
1220				ld de, debug_mark 
1220			endif 
1220 3e 26			ld a, display_row_1+display_cols-2 
1222 cd cb 09			call str_at_display 
1225			 
1225				; display a 
1225 11 f8 13			ld de, .ptrcliptr 
1228 3e 28			ld a, display_row_2 
122a cd cb 09			call str_at_display 
122d			 
122d f1				pop af 
122e 2a 1c ea			ld hl,(cli_ptr) 
1231 3e 30			ld a, display_row_2+8 
1233 cd ef 11			call display_word_at 
1236			 
1236			 
1236				; display hl 
1236			 
1236			 
1236 11 00 14			ld de, .ptrclioptr 
1239 3e 32			ld a, display_row_2+10 
123b cd cb 09			call str_at_display 
123e			; 
123e			;	pop hl 
123e 3e 35			ld a, display_row_2+13 
1240 2a 1a ea			ld hl,(cli_origptr) 
1243 cd ef 11			call display_word_at 
1246			; 
1246			;	 
1246			;	; display de 
1246			 
1246			;	ld de, .regstatede 
1246			;	ld a, display_row_3 
1246			;	call str_at_display 
1246			 
1246			;	pop de 
1246			;	ld h,d 
1246			;	ld l, e 
1246			;	ld a, display_row_3+3 
1246			;	call display_word_at 
1246			 
1246			 
1246				; display bc 
1246			 
1246			;	ld de, .regstatebc 
1246			;	ld a, display_row_3+10 
1246			;	call str_at_display 
1246			 
1246			;	pop bc 
1246			;	ld h,b 
1246			;	ld l, c 
1246			;	ld a, display_row_3+13 
1246			;	call display_word_at 
1246			 
1246			 
1246				; display dsp 
1246			 
1246			;	ld de, .regstatedsp 
1246			;	ld a, display_row_4 
1246			;	call str_at_display 
1246			 
1246				 
1246			;	ld hl,(cli_data_sp) 
1246			;	ld a, display_row_4+4 
1246			;	call display_word_at 
1246			 
1246				; display rsp 
1246			 
1246 11 2f 14			ld de, .regstatersp 
1249 3e 82			ld a, display_row_4+10 
124b cd cb 09			call str_at_display 
124e			 
124e				 
124e 2a ce e9			ld hl,(cli_ret_sp) 
1251 3e 86			ld a, display_row_4+14 
1253 cd ef 11			call display_word_at 
1256			 
1256 cd f1 09			call update_display 
1259			 
1259 cd ed 08			call delay1s 
125c cd ed 08			call delay1s 
125f cd ed 08			call delay1s 
1262			 
1262			 
1262 cd 80 18			call next_page_prompt 
1265			 
1265				; restore  
1265			 
1265 f1				pop af 
1266 e1				pop hl 
1267 c1				pop bc 
1268 d1				pop de 
1269 c9				ret 
126a			 
126a			; Update the break point vector so that the user can hook a new routine 
126a			 
126a			bp_on: 
126a 3e c3			ld a, $c3    ; JP 
126c 32 6b ee			ld (debug_vector), a 
126f 21 7c 12			ld hl, break_point_state 
1272 22 6c ee			ld (debug_vector+1), hl 
1275 c9				ret 
1276			 
1276			bp_off: 
1276 3e c9			ld a, $c9    ; RET 
1278 32 6b ee			ld (debug_vector), a 
127b c9				ret 
127c			 
127c			 
127c			break_point_state: 
127c			;	push af 
127c			; 
127c			;	; see if disabled 
127c			; 
127c			;	ld a, (os_view_disable) 
127c			;	cp '*' 
127c			;	jr nz, .bpsgo 
127c			;	pop af 
127c			;	ret 
127c			 
127c			.bpsgo: 
127c			;	pop af 
127c f5				push af 
127d 22 7f e2			ld (os_view_hl), hl 
1280 ed 53 7d e2		ld (os_view_de), de 
1284 ed 43 7b e2		ld (os_view_bc), bc 
1288 e5				push hl 
1289 6f				ld l, a 
128a 26 00			ld h, 0 
128c 22 81 e2			ld (os_view_af),hl 
128f			 
128f 21 a6 ed				ld hl, display_fb0 
1292 22 c1 eb				ld (display_fb_active), hl 
1295 e1				pop hl	 
1296			 
1296 3e 31			ld a, '1' 
1298 fe 2a		.bps1:  cp '*' 
129a cc 76 12			call z, bp_off 
129d			;	jr nz, .bps1b 
129d			;	ld (os_view_disable),a 
129d fe 31		.bps1b:  cp '1' 
129f 20 14			jr nz, .bps2 
12a1			 
12a1				; display reg 
12a1			 
12a1				 
12a1			 
12a1 3a 81 e2			ld a, (os_view_af) 
12a4 2a 7f e2			ld hl, (os_view_hl) 
12a7 ed 5b 7d e2		ld de, (os_view_de) 
12ab ed 4b 7b e2		ld bc, (os_view_bc) 
12af cd 49 13			call display_reg_state 
12b2 c3 35 13			jp .bpschk 
12b5			 
12b5 fe 32		.bps2:  cp '2' 
12b7 20 08			jr nz, .bps3 
12b9				 
12b9				; display hl 
12b9 2a 7f e2			ld hl, (os_view_hl) 
12bc cd 34 14			call display_dump_at_hl 
12bf			 
12bf 18 74			jr .bpschk 
12c1			 
12c1 fe 33		.bps3:  cp '3' 
12c3 20 08			jr nz, .bps4 
12c5			 
12c5			        ; display de 
12c5 2a 7d e2			ld hl, (os_view_de) 
12c8 cd 34 14			call display_dump_at_hl 
12cb			 
12cb 18 68			jr .bpschk 
12cd fe 34		.bps4:  cp '4' 
12cf 20 08			jr nz, .bps5 
12d1			 
12d1			        ; display bc 
12d1 2a 7b e2			ld hl, (os_view_bc) 
12d4 cd 34 14			call display_dump_at_hl 
12d7			 
12d7 18 5c			jr .bpschk 
12d9 fe 35		.bps5:  cp '5' 
12db 20 08		        jr nz, .bps7 
12dd			 
12dd				; display cur ptr 
12dd 2a 1c ea			ld hl, (cli_ptr) 
12e0 cd 34 14			call display_dump_at_hl 
12e3			 
12e3 18 50			jr .bpschk 
12e5 fe 36		.bps7:  cp '6' 
12e7 20 08			jr nz, .bps8b 
12e9				 
12e9				; display cur orig ptr 
12e9 2a 1a ea			ld hl, (cli_origptr) 
12ec cd 34 14			call display_dump_at_hl 
12ef 18 44			jr .bpschk 
12f1 fe 37		.bps8b:  cp '7' 
12f3 20 08			jr nz, .bps9 
12f5				 
12f5				; display dsp 
12f5 2a ca e9			ld hl, (cli_data_sp) 
12f8 cd 34 14			call display_dump_at_hl 
12fb			 
12fb 18 38			jr .bpschk 
12fd fe 39		.bps9:  cp '9' 
12ff 20 05			jr nz, .bps8c 
1301				 
1301				; display SP 
1301			;	ld hl, sp 
1301 cd 34 14			call display_dump_at_hl 
1304			 
1304 18 2f			jr .bpschk 
1306 fe 38		.bps8c:  cp '8' 
1308 20 08			jr nz, .bps8d 
130a				 
130a				; display rsp 
130a 2a ce e9			ld hl, (cli_ret_sp) 
130d cd 34 14			call display_dump_at_hl 
1310			 
1310 18 23			jr .bpschk 
1312 fe 23		.bps8d:  cp '#'     ; access monitor sub system 
1314 20 05			jr nz, .bps8 
1316 cd 3e 16			call monitor 
1319			 
1319 18 1a			jr .bpschk 
131b fe 30		.bps8:  cp '0' 
131d 20 16			jr nz, .bpschk 
131f			 
131f 21 05 ed				ld hl, display_fb1 
1322 22 c1 eb				ld (display_fb_active), hl 
1325 cd f1 09				call update_display 
1328			 
1328				;ld a, (os_view_af) 
1328 2a 7f e2			ld hl, (os_view_hl) 
132b ed 5b 7d e2		ld de, (os_view_de) 
132f ed 4b 7b e2		ld bc, (os_view_bc) 
1333 f1				pop af 
1334 c9				ret 
1335			 
1335			.bpschk:   
1335 cd ed 08			call delay1s 
1338 3e 9f		ld a,display_row_4 + display_cols - 1 
133a 11 7e 18		        ld de, endprg 
133d cd cb 09			call str_at_display 
1340 cd f1 09			call update_display 
1343 cd 2d 5b			call cin_wait 
1346			 
1346 c3 98 12			jp .bps1 
1349			 
1349			 
1349			display_reg_state: 
1349			 
1349				; to restore afterwards 
1349			 
1349 d5				push de 
134a c5				push bc 
134b e5				push hl 
134c f5				push af 
134d			 
134d				; for use in here 
134d			 
134d c5				push bc 
134e d5				push de 
134f e5				push hl 
1350 f5				push af 
1351			 
1351 cd b9 09			call clear_display 
1354			 
1354 11 0a 14			ld de, .regstate 
1357 3e 00			ld a, display_row_1 
1359 cd cb 09			call str_at_display 
135c			 
135c				; display debug step 
135c			 
135c			 
135c			;	ld de, debug_mark 
135c			if DEMARK_VERSION = 1 
135c ed 5b 60 ee		ld de, (debug_mark) 
1360			endif 
1360			 
1360			if DEMARK_VERSION = 0 
1360				ld de, debug_mark 
1360			endif 
1360 3e 25			ld a, display_row_1+display_cols-3 
1362 cd cb 09			call str_at_display 
1365			 
1365				; display a 
1365 11 26 14			ld de, .regstatea 
1368 3e 28			ld a, display_row_2 
136a cd cb 09			call str_at_display 
136d			 
136d e1				pop hl 
136e			;	ld h,0 
136e			;	ld l, a 
136e 3e 2b			ld a, display_row_2+3 
1370 cd ef 11			call display_word_at 
1373			 
1373			 
1373				; display hl 
1373			 
1373			 
1373 11 1a 14			ld de, .regstatehl 
1376 3e 32			ld a, display_row_2+10 
1378 cd cb 09			call str_at_display 
137b			 
137b e1				pop hl 
137c 3e 35			ld a, display_row_2+13 
137e cd ef 11			call display_word_at 
1381			 
1381				 
1381				; display de 
1381			 
1381 11 1e 14			ld de, .regstatede 
1384 3e 50			ld a, display_row_3 
1386 cd cb 09			call str_at_display 
1389			 
1389 e1				pop hl 
138a			;	ld h,d 
138a			;	ld l, e 
138a 3e 53			ld a, display_row_3+3 
138c cd ef 11			call display_word_at 
138f			 
138f			 
138f				; display bc 
138f			 
138f 11 22 14			ld de, .regstatebc 
1392 3e 5a			ld a, display_row_3+10 
1394 cd cb 09			call str_at_display 
1397			 
1397 e1				pop hl 
1398			;	ld h,b 
1398			;	ld l, c 
1398 3e 5d			ld a, display_row_3+13 
139a cd ef 11			call display_word_at 
139d			 
139d			 
139d				; display dsp 
139d			 
139d 11 2a 14			ld de, .regstatedsp 
13a0 3e 78			ld a, display_row_4 
13a2 cd cb 09			call str_at_display 
13a5			 
13a5				 
13a5 2a ca e9			ld hl,(cli_data_sp) 
13a8 3e 7c			ld a, display_row_4+4 
13aa cd ef 11			call display_word_at 
13ad			 
13ad				; display rsp 
13ad			 
13ad 11 2f 14			ld de, .regstatersp 
13b0 3e 82			ld a, display_row_4+10 
13b2 cd cb 09			call str_at_display 
13b5			 
13b5				 
13b5 2a ce e9			ld hl,(cli_ret_sp) 
13b8 3e 86			ld a, display_row_4+14 
13ba cd ef 11			call display_word_at 
13bd			 
13bd cd f1 09			call update_display 
13c0			 
13c0			;	call delay1s 
13c0			;	call delay1s 
13c0			;	call delay1s 
13c0			 
13c0			 
13c0			;	call next_page_prompt 
13c0			 
13c0				; restore  
13c0			 
13c0 f1				pop af 
13c1 e1				pop hl 
13c2 c1				pop bc 
13c3 d1				pop de 
13c4 c9				ret 
13c5			 
13c5 .. 00		.wordincurptr:  db "Word in cur_ptr (5)",0 
13d9 .. 00		.wordincuroptr:  db "Word in cur_optr (6)",0 
13ee .. 00		.ptrstate:	db "Ptr State",0 
13f8 .. 00		.ptrcliptr:     db "cli_ptr",0 
1400 .. 00		.ptrclioptr:     db "cli_o_ptr",0 
140a .. 00		.regstate:	db "Reg State (1/0)",0 
141a .. 00		.regstatehl:	db "HL:",0 
141e .. 00		.regstatede:	db "DE:",0 
1422 .. 00		.regstatebc:	db "BC:",0 
1426 .. 00		.regstatea:	db "A :",0 
142a .. 00		.regstatedsp:	db "DSP:",0 
142f .. 00		.regstatersp:	db "RSP:",0 
1434			 
1434			display_dump_at_hl: 
1434 e5				push hl 
1435 d5				push de 
1436 c5				push bc 
1437 f5				push af 
1438			 
1438 22 c0 e5			ld (os_cur_ptr),hl	 
143b cd b9 09			call clear_display 
143e cd 8c 17			call dumpcont 
1441			;	call delay1s 
1441			;	call next_page_prompt 
1441			 
1441			 
1441 f1				pop af 
1442 c1				pop bc 
1443 d1				pop de 
1444 e1				pop hl 
1445 c9				ret 
1446			 
1446			;if ENABLE_BASIC 
1446			;	include "nascombasic.asm" 
1446			;	basic: 
1446			;	include "forth/FORTH.ASM" 
1446			;endif 
1446			 
1446			; eof 
1446			 
1446			 
# End of file firmware_diags.asm
1446			  
1446			include "firmware_prompts.asm"  
1446			; Prompts  
1446			 
1446			; boot messages 
1446			 
1446 .. 00		prom_bootmsg:	db "z80-homebrew OS v4.5",0 
145b .. 00		prom_bootmsg1:	db "by Kevin Groves",0 
146b			 
146b			 
146b			; config menus 
146b			 
146b			;prom_c3: db "Add Dictionary To File",0 
146b			 
146b			if STARTUP_V1 
146b .. 00		prom_c2: db "Select Autoload File",0 
1480 .. 00		prom_c2a: db "Disable Autoload File", 0 
1496			endif 
1496			 
1496			if STARTUP_V2 
1496			prom_c2: db "Enable Autoload Files",0 
1496			prom_c2a: db "Disable Autoload Files", 0 
1496			 
1496			crs_s1: db "*ls-word", 0 
1496			crs_s2: db "*ed-word", 0 
1496			crs_s3: db "*Demo-Games", 0 
1496			crs_s4: db "*Utils", 0 
1496			crs_s5: db "*SPI-Util", 0 
1496			crs_s6: db "*Key-Constants", 0 
1496			crs_s7: db "*Tape-Support", 0 
1496			crs_sound: db "*Sound-Util", 0 
1496			crs_hw: db "*Hello-World",0 
1496			 
1496			 
1496			 
1496			endif 
1496			;prom_c2b: db "Select Storage Bank",0 
1496 .. 00		prom_c4: db "Settings",0 
149f .. 00		prom_m4:   db "Debug & Breakpoints On/Off",0 
14ba .. 00		prom_m4b:   db "Monitor",0 
14c2			;prom_c1: db "Hardware Diags",0 
14c2			 
14c2			 
14c2			if STARTUP_V2 
14c2			prom_c9: db "Create Startup Files",0 
14c2			prom_bsel: db "Start From Bank...",0 
14c2			prom_bsel1: db "Bank 1",0 
14c2			prom_bsel2: db "Bank 2",0 
14c2			prom_bsel3: db "Bank 3",0 
14c2			prom_bsel4: db "Bank 4",0 
14c2			prom_bsel5: db "Bank 5",0 
14c2			 
14c2			prom_banks: 
14c2				dw prom_bsel1 
14c2				dw prom_bsel2 
14c2				dw prom_bsel3 
14c2				dw prom_bsel4 
14c2				dw prom_bsel5 
14c2				dw 0 
14c2			endif 
14c2			 
14c2 .. 00		prom_notav:    db "Feature not available",0 
14d8 .. 00		prom_empty:    db "",0 
14d9			 
14d9			; eof 
14d9			 
# End of file firmware_prompts.asm
14d9			  
14d9			include "firmware_595shiftreg.asm"  
14d9			; common code for handling a 595 shift reg out on whatever output port 
14d9			 
14d9			; port in c 
14d9			; byte in a 
14d9			 
14d9			 
14d9			shift_bit_data: equ 0 
14d9			shift_bit_clk: equ 1 
14d9			shift_bit_latch: equ 2 
14d9			 
14d9			 
14d9			; shift out a byte to the sound chip 
14d9			 
14d9			; A contains byte to send 
14d9			 
14d9			shift_byte: 
14d9			 
14d9 06 08			ld b, 8   ; 8 bits to shift 
14db			 
14db 16 00		.nb1:	ld d, 0    ; our work byte to send to the device with flags 
14dd			 
14dd				; set data bit state 
14dd			 
14dd cb 7f			bit 7, a 
14df				; high bit is set 
14df 28 02			jr z, .nb2 
14e1 cb c2			set shift_bit_data, d 
14e3			 
14e3				; set latches state  
14e3 cb ca		.nb2:	set shift_bit_clk, d 
14e5 cb 92			res shift_bit_latch, d    ; latch is inverted 
14e7 ed 51			out (c), d 
14e9				 
14e9				; clock the bit out 
14e9 cb 8a			res shift_bit_clk, d 
14eb ed 51			out (c), d 
14ed			 
14ed				; shift a left one bit and repeat 
14ed 17				rla 
14ee			 
14ee 10 eb			djnz .nb1 
14f0			 
14f0				; latch 
14f0 cb d2			set shift_bit_latch, d 
14f2 ed 51			out (c), d 
14f4					 
14f4			 
14f4				; set  
14f4 c9				ret 
# End of file firmware_595shiftreg.asm
14f5			; eof  
14f5			  
# End of file firmware.asm
14f5			 
14f5			;; below moved from firmware.asm for strange zero calc of baseusermem label. Scope issue on multipass???? 
14f5			;if BASE_KEV  
14f5			;baseram: equ 08000h 
14f5			;endif 
14f5			 
14f5			;if BASE_SC114 
14f5			;baseram:     equ    endofcode 
14f5			;endif 
14f5			 
14f5			 
14f5			; Add NMI support. A rst 066h when r15z goes neg on clock side of resist. needs to do retn when exiting 
14f5			 
14f5			; start system 
14f5			 
14f5			coldstart: 
14f5				; set sp 
14f5				; di/ei 
14f5			 
14f5 f3				di 
14f6 31 00 f0			ld sp, tos 
14f9 cd 0b 5a			call init_nmi 
14fc			;	ei 
14fc			 
14fc				; init spinner 
14fc 3e 00			ld a,0 
14fe 32 bb eb			ld (display_active), a 
1501			 
1501				; disable breakpoint by default 
1501			 
1501				;ld a,'*' 
1501			;	ld a,' ' 
1501			;	ld (os_view_disable),a 
1501			 
1501				; set break point vector as new break point on or off 
1501 cd 76 12			call bp_off 
1504			 
1504			 
1504				; default the parse vector to just a RET 
1504 3e c9			ld a, $c9 
1506 32 68 ee			ld (parse_vector), a 
1509			 
1509				; init hardware 
1509			 
1509				; init keyboard and screen hardware 
1509			 
1509 cd 53 01			call hardware_init 
150c			 
150c			 
150c cd ed 08			call delay1s 
150f 3e 58			ld a, display_row_3+8 
1511 11 3b 01			ld de, buildtime 
1514 cd cb 09			call str_at_display 
1517 cd f1 09			call update_display 
151a			 
151a cd ed 08			call delay1s 
151d cd ed 08			call delay1s 
1520 cd ed 08			call delay1s 
1523			 
1523				; detect if any keys are held down to enable breakpoints at start up 
1523			 
1523 cd 35 5b			call cin  
1526 fe 00			cp 0 
1528 28 03			jr z, .nokeys 
152a			 
152a				;call hardware_diags 
152a cd 5e 11			call config 
152d			 
152d			;	ld de, .bpen 
152d			;	ld a, display_row_4 
152d			;	call str_at_display 
152d			;	call update_display 
152d			; 
152d			;	ld a,0 
152d			;	ld (os_view_disable),a 
152d			; 
152d			;.bpwait: 
152d			;	call cin 
152d			;	cp 0 
152d			;	jr z, .bpwait 
152d			;	jr .nokeys 
152d			; 
152d			; 
152d			;.bpen:  db "Break points enabled!",0 
152d			 
152d			 
152d			 
152d			 
152d			 
152d			 
152d			.nokeys: 
152d			 
152d			 
152d				 
152d			 
152d			;jp  testkey 
152d			 
152d			;call storage_get_block_0 
152d			; 
152d			;ld hl, 0 
152d			;ld de, store_page 
152d			;call storage_read_block 
152d			 
152d				 
152d			;ld hl, 10 
152d			;ld de, store_page 
152d			;call storage_read_block 
152d			 
152d			 
152d			 
152d			 
152d			 
152d			;stop:	nop 
152d			;	jp stop 
152d			 
152d			 
152d			 
152d			main: 
152d cd b9 09			call clear_display 
1530 cd f1 09			call update_display 
1533			 
1533			 
1533			 
1533			;	call testlcd 
1533			 
1533			 
1533			 
1533 cd 16 1c			call forth_init 
1536			 
1536			 
1536			warmstart: 
1536 cd ec 1b			call forth_warmstart 
1539			 
1539				; run startup word load 
1539			        ; TODO prevent this running at warmstart after crash  
1539			 
1539				if STARTUP_ENABLE 
1539			 
1539					if STARTUP_V1 
1539			 
1539						if STORAGE_SE 
1539							call forth_autoload 
1539						endif 
1539 cd 5b 59					call forth_startup 
153c					endif 
153c			 
153c					if STARTUP_V2 
153c			 
153c						if STORAGE_SE 
153c							call forth_autoload 
153c						else 
153c							call forth_startup 
153c						endif 
153c			 
153c			 
153c					endif 
153c			 
153c				endif 
153c			 
153c			warmstart_afterauto: 
153c			 
153c				; show free memory after boot 
153c 11 d9 15			ld de, freeram 
153f 3e 00			ld a, display_row_1 
1541 cd cb 09			call str_at_display 
1544			 
1544				; get current heap start after loading any uwords 
1544			 
1544				;ld de, (os_last_new_uword) 
1544				;ex de, hl 
1544			 
1544			; Or use heap_size word???? 
1544				;ld hl, heap_end 
1544				;ld hl, heap_size 
1544				;ld de, topusermem 
1544				;ld de, heap_start 
1544 ed 5b 58 5b			ld de, (free_list )      
1548 21 78 e2				ld hl, heap_end 
154b ed 52			sbc hl, de 
154d				;push hl 
154d				;ld a,h	         	 
154d				;ld hl, os_word_scratch		; TODO do direct write to frame buffer instead and drop the str_at_display 
154d				;call hexout 
154d			   	;pop hl 
154d			; 
154d			;	ld a,l 
154d			;	ld hl, os_word_scratch+2 
154d			;	call hexout 
154d			;	ld hl, os_word_scratch+4 
154d			;	ld a, 0 
154d			;	ld (hl),a 
154d eb				ex de, hl 
154e 21 a2 e5			ld hl, os_word_scratch 
1551 cd 00 0f			call uitoa_16 
1554			 
1554			 
1554 11 a2 e5			ld de, os_word_scratch 
1557 3e 0d			ld a, display_row_1 + 13 
1559 cd cb 09			call str_at_display 
155c cd f1 09			call update_display 
155f			 
155f			 
155f				;call demo 
155f			 
155f			 
155f				; init scratch input area for cli commands 
155f			 
155f 21 c4 e5			ld hl, os_cli_cmd 
1562			;	ld a,0 
1562 36 00			ld (hl),0 
1564 23				inc hl 
1565 36 00			ld (hl),0 
1567			 
1567 3e 00			ld a,0 
1569 32 c3 e6			ld (os_last_cmd),a	; current command in use to enable repeated use with an enter etc 
156c			 
156c 32 c0 e5			ld (os_cur_ptr),a	; ptr to whatever is needed for this command 
156f 32 c1 e5			ld (os_cur_ptr+1),a	 
1572			 
1572 32 a2 e5			ld (os_word_scratch),a	; byte or word being used in parsing for this command 
1575 32 a3 e5			ld (os_word_scratch+1),a	 
1578				 
1578			 
1578				;ld a, kLCD_Line2        ; TODO prompt using direct screen line address. Correct this to frame buffer 
1578 21 c4 e5			ld hl, os_cli_cmd 
157b			 
157b			;	ld a, 0		 ; init cli input 
157b 36 00			ld (hl), 0 
157d 3e 28			ld a, display_row_2        ; TODO prompt using direct screen line address. Correct this to frame buffer 
157f			cli: 
157f				; show cli prompt 
157f				;push af 
157f				;ld a, 0 
157f				;ld de, prompt 
157f				;call str_at_display 
157f			 
157f				;call update_display 
157f				;pop af 
157f				;inc a 
157f				;ld a, kLCD_Line4+1	 ; TODO using direct screen line writes. Correct this to frame buffer 
157f			 
157f			.lastrecall: 
157f			 
157f 0e 00			ld c, 0 
1581 16 ff			ld d, 255    ; TODO fix input_str to actually take note of max string input length 
1583 1e 28			ld e, 40 
1585			 
1585 21 c4 e5			ld hl, os_cli_cmd 
1588			 
1588				STACKFRAME OFF $fefe $9f9f 
1588				if DEBUG_STACK_IMB 
1588					if OFF 
1588						exx 
1588						ld de, $fefe 
1588						ld a, d 
1588						ld hl, curframe 
1588						call hexout 
1588						ld a, e 
1588						ld hl, curframe+2 
1588						call hexout 
1588						ld hl, $fefe 
1588						push hl 
1588						ld hl, $9f9f 
1588						push hl 
1588						exx 
1588					endif 
1588				endif 
1588			endm 
# End of macro STACKFRAME
1588			 
1588 cd 26 0c			call input_str 
158b			 
158b				STACKFRAMECHK OFF $fefe $9f9f 
158b				if DEBUG_STACK_IMB 
158b					if OFF 
158b						exx 
158b						ld hl, $9f9f 
158b						pop de   ; $9f9f 
158b						call cmp16 
158b						jr nz, .spnosame 
158b						ld hl, $fefe 
158b						pop de   ; $fefe 
158b						call cmp16 
158b						jr z, .spfrsame 
158b						.spnosame: call showsperror 
158b						.spfrsame: nop 
158b						exx 
158b					endif 
158b				endif 
158b			endm 
# End of macro STACKFRAMECHK
158b			 
158b			 
158b				; check to see if last line recall has been requested 
158b			 
158b			if EDIT_V2 
158b fe 05			cp KEY_UP 
158d 20 0f			jr nz, .noexecline 
158f			 
158f 11 c4 e5			ld de, os_cli_cmd 
1592 21 c3 e6			ld hl, os_last_cmd 
1595 01 ff 00			ld bc, 255 
1598 ed b0			ldir 
159a 3e 00			ld a, 0 
159c 18 e1			jr .lastrecall 
159e			endif 
159e			 
159e			.noexecline: 
159e				; no so exec the line		 
159e			 
159e				; copy input to last command 
159e			 
159e 21 c4 e5			ld hl, os_cli_cmd 
15a1 11 c3 e6			ld de, os_last_cmd 
15a4 01 ff 00			ld bc, 255 
15a7 ed b0			ldir 
15a9			 
15a9				; wipe current buffer 
15a9			 
15a9			;	ld a, 0 
15a9			;	ld hl, os_cli_cmd 
15a9			;	ld de, os_cli_cmd+1 
15a9			;	ld bc, 254 
15a9			;	ldir 
15a9				; TODO ldir is not working strcpy may not get all the terms on the input line???? 
15a9			;	call strcpy 
15a9			;	ld a, 0 
15a9			;	ld (hl), a 
15a9			;	inc hl 
15a9			;	ld (hl), a 
15a9			;	inc hl 
15a9			;	ld (hl), a 
15a9			 
15a9				; switch frame buffer to program  
15a9			 
15a9 21 05 ed				ld hl, display_fb1 
15ac 22 c1 eb				ld (display_fb_active), hl 
15af			 
15af			;	nop 
15af				STACKFRAME ON $fbfe $8f9f 
15af				if DEBUG_STACK_IMB 
15af					if ON 
15af						exx 
15af						ld de, $fbfe 
15af						ld a, d 
15af						ld hl, curframe 
15af						call hexout 
15af						ld a, e 
15af						ld hl, curframe+2 
15af						call hexout 
15af						ld hl, $fbfe 
15af						push hl 
15af						ld hl, $8f9f 
15af						push hl 
15af						exx 
15af					endif 
15af				endif 
15af			endm 
# End of macro STACKFRAME
15af				; first time into the parser so pass over the current scratch pad 
15af 21 c4 e5			ld hl,os_cli_cmd 
15b2				; tokenise the entered statement(s) in HL 
15b2 cd 8c 1c			call forthparse 
15b5			        ; exec forth statements in top of return stack 
15b5 cd c4 1c			call forthexec 
15b8				;call forthexec_cleanup 
15b8			;	call parsenext 
15b8			 
15b8				STACKFRAMECHK ON $fbfe $8f9f 
15b8				if DEBUG_STACK_IMB 
15b8					if ON 
15b8						exx 
15b8						ld hl, $8f9f 
15b8						pop de   ; $8f9f 
15b8						call cmp16 
15b8						jr nz, .spnosame 
15b8						ld hl, $fbfe 
15b8						pop de   ; $fbfe 
15b8						call cmp16 
15b8						jr z, .spfrsame 
15b8						.spnosame: call showsperror 
15b8						.spfrsame: nop 
15b8						exx 
15b8					endif 
15b8				endif 
15b8			endm 
# End of macro STACKFRAMECHK
15b8				; TODO on return from forth parsing should there be a prompt to return to system? but already in system. 
15b8			 
15b8 3e 78			ld a, display_row_4 
15ba 11 ea 15			ld de, endprog 
15bd			 
15bd cd f1 09			call update_display		 
15c0			 
15c0 cd 80 18			call next_page_prompt 
15c3			 
15c3				; switch frame buffer to cli 
15c3			 
15c3 21 a6 ed				ld hl, display_fb0 
15c6 22 c1 eb				ld (display_fb_active), hl 
15c9			 
15c9			 
15c9 cd b9 09		        call clear_display 
15cc cd f1 09			call update_display		 
15cf			 
15cf 21 c4 e5			ld hl, os_cli_cmd 
15d2			 
15d2			;	ld a, 0		 ; init cli input 
15d2 36 00			ld (hl), 0 
15d4			 
15d4				; TODO f_cursor_ptr should inc row (scroll if required) and set start of row for next input  
15d4			 
15d4				; now on last line 
15d4			 
15d4				; TODO scroll screen up 
15d4			 
15d4				; TODO instead just clear screen and place at top of screen 
15d4			 
15d4			;	ld a, 0 
15d4			;	ld (f_cursor_ptr),a 
15d4			 
15d4				;call clear_display 
15d4				;call update_display 
15d4			 
15d4				;ld a, kLCD_Line1        ; TODO prompt using direct screen line address. Correct this to frame buffer 
15d4 3e 00			ld a, display_row_1        ; TODO prompt using direct screen line address. Correct this to frame buffer 
15d6 c3 7f 15			jp cli 
15d9			 
15d9 .. 00		freeram: db "Free bytes: ",0 
15e6 ..			asc: db "1A2F" 
15ea .. 00		endprog: db "End prog...",0 
15f6			 
15f6			testenter2:   
15f6 21 cf e2			ld hl,scratch+50 
15f9 22 c0 e5			ld (os_cur_ptr),hl 
15fc c3 7f 15			jp cli 
15ff			 
15ff			testenter:  
15ff			 
15ff 21 e6 15			ld hl,asc 
1602			;	ld a,(hl) 
1602			;	call nibble2val 
1602 cd 4b 0e			call get_byte 
1605			 
1605			 
1605			;	ld a,(hl) 
1605			;	call atohex 
1605			 
1605			;	call fourehexhl 
1605 32 cf e2			ld (scratch+50),a 
1608			 
1608			 
1608			 
1608 21 e8 15			ld hl,asc+2 
160b			;	ld a, (hl) 
160b			;	call nibble2val 
160b cd 4b 0e			call get_byte 
160e			 
160e			;	call fourehexhl 
160e 32 d1 e2			ld (scratch+52),a 
1611				 
1611 21 cf e2			ld hl,scratch+50 
1614 22 c0 e5			ld (os_cur_ptr),hl 
1617 c3 7f 15			jp cli 
161a			 
161a			enter:	 
161a 3a a1 e2			ld a,(scratch+4) 
161d fe 00			cp 0 
161f 28 0c			jr z, .entercont 
1621				; no, not a null term line so has an address to work out.... 
1621			 
1621 21 9f e2			ld hl,scratch+2 
1624 cd ab 0e			call get_word_hl 
1627			 
1627 22 c0 e5			ld (os_cur_ptr),hl	 
162a c3 7f 15			jp cli 
162d			 
162d			 
162d			.entercont:  
162d			 
162d 21 9f e2			ld hl, scratch+2 
1630 cd 4b 0e			call get_byte 
1633			 
1633 2a c0 e5		   	ld hl,(os_cur_ptr) 
1636 77					ld (hl),a 
1637 23					inc hl 
1638 22 c0 e5				ld (os_cur_ptr),hl 
163b				 
163b			; get byte  
163b			 
163b			 
163b c3 7f 15			jp cli 
163e			 
163e			 
163e			; basic monitor support 
163e			 
163e			monitor: 
163e				;  
163e cd b9 09			call clear_display 
1641 3e 00			ld a, 0 
1643 11 97 16			ld de, .monprompt 
1646 cd cb 09			call str_at_display 
1649 cd f1 09			call update_display 
164c			 
164c				; get a monitor command 
164c			 
164c 0e 00			ld c, 0     ; entry at top left 
164e 16 64			ld d, 100   ; max buffer size 
1650 1e 0f			ld e, 15    ; input scroll area 
1652			;	ld a, 0     ; init string 
1652 21 9b e4			ld hl, os_input 
1655 36 00			ld (hl), 0 
1657 23				inc hl 
1658 36 00			ld (hl), 0 
165a 21 9b e4			ld hl, os_input 
165d 3e 01			ld a, 1     ; init string 
165f cd 26 0c			call input_str 
1662			 
1662 cd b9 09		        call clear_display 
1665 cd f1 09			call update_display		 
1668			 
1668 3a 9b e4			ld a, (os_input) 
166b cd 48 0f			call toUpper 
166e fe 48		        cp 'H' 
1670 ca 0b 17		        jp z, .monhelp 
1673 fe 44			cp 'D'		; dump 
1675 ca 3e 17			jp z, .mondump	 
1678 fe 43			cp 'C'		; dump 
167a ca 58 17			jp z, .moncdump	 
167d fe 4d			cp 'M'		; dump 
167f ca 99 16			jp z, .moneditstart 
1682 fe 55			cp 'U'		; dump 
1684 ca a5 16			jp z, .monedit	 
1687 fe 47			cp 'G'		; dump 
1689 ca 34 17			jp z, .monjump 
168c fe 42			cp 'B'		; forth breakpoint 
168e cc 7c 12			call z, break_point_state 
1691 fe 51			cp 'Q'		; dump 
1693 c8				ret z	 
1694			 
1694			 
1694				; TODO "S" to access symbol by name and not need the address 
1694				; TODO "F" to find a string in memory 
1694			 
1694 c3 3e 16			jp monitor 
1697			 
1697 .. 00		.monprompt: db ">", 0 
1699			 
1699			.moneditstart: 
1699				; get starting address 
1699			 
1699 21 9d e4			ld hl,os_input+2 
169c cd ab 0e			call get_word_hl 
169f			 
169f 22 c0 e5			ld (os_cur_ptr),hl	 
16a2			 
16a2 c3 3e 16			jp monitor 
16a5			 
16a5			.monedit: 
16a5				; get byte to load 
16a5			 
16a5 21 9d e4			ld hl,os_input+2 
16a8 cd 4b 0e			call get_byte 
16ab			 
16ab				; get address to update 
16ab 2a c0 e5			ld hl, (os_cur_ptr) 
16ae			 
16ae				; update byte 
16ae			 
16ae 77				ld (hl), a 
16af			 
16af				; move to next address and save it 
16af			 
16af 23				inc hl 
16b0 22 c0 e5			ld (os_cur_ptr),hl	 
16b3			 
16b3 c3 3e 16			jp monitor 
16b6			 
16b6			 
16b6 .. 00		.monhelptext1: 	db "D-Dump, C-Cont Dump",0 
16ca .. 00		.monhelptext2:  db "M-Edit Start, U-Update Byte",0 
16e6 .. 00		.monhelptext3:  db "G-Call address, B-Breakpoints",0 
1704 .. 00		.monhelptext4:  db "Q-Quit",0 
170b			        
170b			.monhelp: 
170b 3e 00			ld a, display_row_1 
170d 11 b6 16		        ld de, .monhelptext1 
1710			 
1710 cd cb 09			call str_at_display 
1713 3e 28			ld a, display_row_2 
1715 11 ca 16		        ld de, .monhelptext2 
1718					 
1718 cd cb 09			call str_at_display 
171b 3e 50			ld a, display_row_3 
171d 11 e6 16		        ld de, .monhelptext3 
1720					 
1720 cd cb 09			call str_at_display 
1723 3e 78			ld a, display_row_4 
1725 11 04 17		        ld de, .monhelptext4 
1728 cd cb 09			call str_at_display 
172b			 
172b cd f1 09			call update_display		 
172e			 
172e cd 80 18			call next_page_prompt 
1731 c3 3e 16			jp monitor 
1734			 
1734			.monjump:    
1734 21 9d e4			ld hl,os_input+2 
1737 cd ab 0e			call get_word_hl 
173a			 
173a e9				jp (hl) 
173b c3 3e 16			jp monitor 
173e			 
173e			.mondump:    
173e 21 9d e4			ld hl,os_input+2 
1741 cd ab 0e			call get_word_hl 
1744			 
1744 22 c0 e5			ld (os_cur_ptr),hl	 
1747 cd 8c 17			call dumpcont 
174a 3e 78			ld a, display_row_4 
174c 11 ea 15			ld de, endprog 
174f			 
174f cd f1 09			call update_display		 
1752			 
1752 cd 80 18			call next_page_prompt 
1755 c3 3e 16			jp monitor 
1758			.moncdump: 
1758 cd 8c 17			call dumpcont 
175b 3e 78			ld a, display_row_4 
175d 11 ea 15			ld de, endprog 
1760			 
1760 cd f1 09			call update_display		 
1763			 
1763 cd 80 18			call next_page_prompt 
1766 c3 3e 16			jp monitor 
1769			 
1769			 
1769			; TODO symbol access  
1769			 
1769			.symbols:     ;; A list of symbols that can be called up  
1769 a6 ed			dw display_fb0 
176b .. 00			db "fb0",0  
176f 6f ea		     	dw store_page 
1771 .. 00			db "store_page",0 
177c			 
177c			 
177c			dump:	; see if we are cotinuing on from the last command by not uncluding any address 
177c			 
177c 3a 9e e2			ld a,(scratch+1) 
177f fe 00			cp 0 
1781 28 09			jr z, dumpcont 
1783			 
1783				; no, not a null term line so has an address to work out.... 
1783			 
1783 21 9f e2			ld hl,scratch+2 
1786 cd ab 0e			call get_word_hl 
1789			 
1789 22 c0 e5			ld (os_cur_ptr),hl	 
178c			 
178c			 
178c			 
178c			dumpcont: 
178c			 
178c				; dump bytes at ptr 
178c			 
178c			 
178c 3e 00			ld a, display_row_1 
178e 2a c1 eb			ld hl, (display_fb_active) 
1791 cd f9 0b			call addatohl 
1794 cd bc 17			call .dumpbyterow 
1797			 
1797 3e 28			ld a, display_row_2 
1799 2a c1 eb			ld hl, (display_fb_active) 
179c cd f9 0b			call addatohl 
179f cd bc 17			call .dumpbyterow 
17a2			 
17a2			 
17a2 3e 50			ld a, display_row_3 
17a4 2a c1 eb			ld hl, (display_fb_active) 
17a7 cd f9 0b			call addatohl 
17aa cd bc 17			call .dumpbyterow 
17ad			 
17ad 3e 78			ld a, display_row_4 
17af 2a c1 eb			ld hl, (display_fb_active) 
17b2 cd f9 0b			call addatohl 
17b5 cd bc 17			call .dumpbyterow 
17b8			 
17b8 cd f1 09			call update_display 
17bb			;		jp cli 
17bb c9				ret 
17bc			 
17bc			.dumpbyterow: 
17bc			 
17bc				;push af 
17bc			 
17bc e5				push hl 
17bd			 
17bd				; calc where to poke the ascii 
17bd			if display_cols == 20 
17bd				ld a, 16 
17bd			else 
17bd 3e 1f			ld a, 31 
17bf			endif 
17bf			 
17bf cd f9 0b			call addatohl 
17c2 22 a2 e5			ld (os_word_scratch),hl  		; save pos for later 
17c5			 
17c5			 
17c5			; display decoding address 
17c5 2a c0 e5		   	ld hl,(os_cur_ptr) 
17c8			 
17c8 7c				ld a,h 
17c9 e1				pop hl 
17ca e5				push hl 
17cb			;	ld hl, os_word_scratch		; TODO do direct write to frame buffer instead and drop the str_at_display 
17cb cd f5 0d			call hexout 
17ce 2a c0 e5		   	ld hl,(os_cur_ptr) 
17d1			 
17d1 7d				ld a,l 
17d2 e1				pop hl 
17d3 23				inc hl 
17d4 23				inc hl 
17d5 e5				push hl 
17d6			;	ld hl, os_word_scratch+2 
17d6 cd f5 0d			call hexout 
17d9 e1				pop hl 
17da 23				inc hl 
17db 23				inc hl 
17dc				;ld hl, os_word_scratch+4 
17dc			;	ld a, ':' 
17dc 36 3a			ld (hl),':' 
17de 23				inc hl 
17df				;ld a, 0 
17df				;ld (hl),a 
17df				;ld de, os_word_scratch 
17df				;pop af 
17df				;push af 
17df			;		ld a, display_row_2 
17df			;		call str_at_display 
17df			;		call update_display 
17df			 
17df			 
17df			;pop af 
17df			;	add 5 
17df			 
17df			if display_cols == 20 
17df				ld b, 4 
17df			else 
17df 06 08			ld b, 8 
17e1			endif	 
17e1			 
17e1			.dumpbyte: 
17e1 c5				push bc 
17e2 e5				push hl 
17e3			 
17e3			 
17e3 2a c0 e5		   	ld hl,(os_cur_ptr) 
17e6 7e					ld a,(hl) 
17e7			 
17e7					; poke the ascii to display 
17e7 2a a2 e5				ld hl,(os_word_scratch) 
17ea 77					ld (hl),a 
17eb 23					inc hl 
17ec 22 a2 e5				ld (os_word_scratch),hl 
17ef			 
17ef					 
17ef			 
17ef			 
17ef e1					pop hl 
17f0 e5					push hl 
17f1			 
17f1 cd f5 0d				call hexout 
17f4			 
17f4					 
17f4 2a c0 e5		   	ld hl,(os_cur_ptr) 
17f7 23				inc hl 
17f8 22 c0 e5		   	ld (os_cur_ptr),hl 
17fb			 
17fb e1					pop hl 
17fc 23					inc hl 
17fd 23					inc hl 
17fe 23					inc hl 
17ff			 
17ff			 
17ff			 
17ff					;ld a,0 
17ff					;ld (os_word_scratch+2),a 
17ff					;pop af 
17ff					;push af 
17ff			 
17ff					;ld de, os_word_scratch 
17ff					;call str_at_display 
17ff			;		call update_display 
17ff			;		pop af 
17ff c1					pop bc 
1800 c6 03				add 3 
1802 10 dd			djnz .dumpbyte 
1804			 
1804				 
1804			 
1804 c9				ret 
1805			 
1805			jump:	 
1805			 
1805 21 9f e2			ld hl,scratch+2 
1808 cd ab 0e			call get_word_hl 
180b				;ld hl,(scratch+2) 
180b				;call fourehexhl 
180b			 
180b 22 c0 e5			ld (os_cur_ptr),hl	 
180e			 
180e e9				jp (hl) 
180f			 
180f			 
180f			 
180f			; TODO implement a basic monitor mode to start with 
180f			 
180f			 
180f			 
180f			 
180f			 
180f			 
180f			 
180f			 
180f			 
180f			; testing and demo code during development 
180f			 
180f			 
180f .. 00		str1: db "Enter some text...",0 
1822 .. 00		clear: db "                    ",0 
1837			 
1837			demo: 
1837			 
1837			 
1837			 
1837			;	call update_display 
1837			 
1837				; init scratch input area for testing 
1837 21 9d e2			ld hl, scratch	 
183a			;	ld a,0 
183a 36 00			ld (hl),0 
183c			 
183c			 
183c 3e 28		            LD   A, display_row_2 
183e			;            CALL fLCD_Pos       ;Position cursor to location in A 
183e 11 0f 18		            LD   DE, str1 
1841 cd cb 09			call str_at_display 
1844			 
1844			;            CALL fLCD_Str       ;Display string pointed to by DE 
1844			cloop:	 
1844 3e 50		            LD   A, display_row_3 
1846			;            CALL fLCD_Pos       ;Position cursor to location in A 
1846 11 22 18		            LD   DE, clear 
1849			 ;           CALL fLCD_Str       ;Display string pointed to by DE 
1849 cd cb 09				call str_at_display 
184c 3e 78			ld a, display_row_4 
184e 11 7c 18			ld de, prompt 
1851			 
1851 cd cb 09				call str_at_display 
1854 cd f1 09			call update_display 
1857			 
1857 3e 79			ld a, kLCD_Line4+1	 ; TODO using direct screen line writes. Correct this to frame buffer 
1859 16 0a			ld d, 10 
185b 21 9d e2			ld hl, scratch	 
185e cd 26 0c			call input_str 
1861			 
1861			;	call clear_display 
1861			;'	call update_display 
1861			 
1861 3e 00		            LD   A, display_row_1 
1863			;            CALL fLCD_Pos       ;Position cursor to location in A 
1863 11 22 18		            LD   DE, clear 
1866 cd cb 09				call str_at_display 
1869			;            CALL fLCD_Str       ;Display string pointed to by DE 
1869 3e 00		            LD   A, display_row_1 
186b			;            CALL fLCD_Pos       ;Position cursor to location in A 
186b 11 9d e2		            LD   DE, scratch 
186e			;            CALL fLCD_Str       ;Display string pointed to by DE 
186e cd cb 09				call str_at_display 
1871 cd f1 09			call update_display 
1874			 
1874			;		ld a,0 
1874 21 9d e2			ld hl, scratch 
1877 36 00			ld (hl),0 
1879			 
1879			;	nop 
1879 c3 44 18			jp cloop 
187c			 
187c			 
187c			 
187c			; OS Prompt 
187c			 
187c .. 00		prompt: db ">",0 
187e .. 00		endprg: db "?",0 
1880			 
1880			 
1880			; handy next page prompt 
1880			next_page_prompt: 
1880 e5				push hl 
1881 d5				push de 
1882 f5				push af 
1883 c5				push bc 
1884			 
1884 3e 9f			ld a,display_row_4 + display_cols - 1 
1886 11 7e 18		        ld de, endprg 
1889 cd cb 09			call str_at_display 
188c cd f1 09			call update_display 
188f cd 2d 5b			call cin_wait 
1892 c1				pop bc 
1893 f1				pop af 
1894 d1				pop de 
1895 e1				pop hl 
1896			 
1896			 
1896 c9				ret 
1897			 
1897			 
1897			; forth parser 
1897			 
1897			; My forth kernel 
1897			include "forth_kernel.asm" 
1897			; 
1897			; kernel to the forth OS 
1897			 
1897			DS_TYPE_STR: equ 1     ; string type 
1897			DS_TYPE_INUM: equ 2     ; $ 16 bit unsigned int usually a hex address 
1897			DS_TYPE_SNUM: equ 3     ; $ 16 bit signed int  
1897			DS_TYPE_CONST: equ 4     ; string type that won't be freed on a POP 
1897			;DS_TYPE_FNUM: equ 3      ; 24/32 bit floating point  do string conversion instead of a new type 
1897			 
1897			FORTH_PARSEV1: equ 0 
1897			FORTH_PARSEV2: equ 0 
1897			FORTH_PARSEV3: equ 0 
1897			FORTH_PARSEV4: equ 0 
1897			FORTH_PARSEV5: equ 0 
1897			FORTH_PARSEV6: equ 1 
1897			 
1897			;if FORTH_PARSEV5 
1897			;	FORTH_END_BUFFER: equ 0 
1897			;else 
1897			FORTH_END_BUFFER: equ 127 
1897			;endif 
1897			 
1897			FORTH_TRUE: equ 1 
1897			FORTH_FALSE: equ 0 
1897			 
1897			if FORTH_PARSEV4 
1897			include "forth_stackops.asm" 
1897			endif 
1897			 
1897			if FORTH_PARSEV5 
1897			include "forth_stackopsv5.asm" 
1897			endif 
1897			 
1897			if FORTH_PARSEV6 
1897			include "forth_stackopsv5.asm" 
1897			 
1897			; Stack operations for v5 parser on wards 
1897			; * DATA stack 
1897			; * LOOP stack 
1897			; * RETURN stack 
1897			 
1897			 
1897			 
1897			FORTH_CHK_DSP_UNDER: macro 
1897				push hl 
1897				push de 
1897				ld hl,(cli_data_sp) 
1897				ld de, cli_data_stack 
1897				call cmp16 
1897				jp c, fault_dsp_under 
1897				pop de 
1897				pop hl 
1897				endm 
1897			 
1897			 
1897			FORTH_CHK_RSP_UNDER: macro 
1897				push hl 
1897				push de 
1897				ld hl,(cli_ret_sp) 
1897				ld de, cli_ret_stack 
1897				call cmp16 
1897				jp c, fault_rsp_under 
1897				pop de 
1897				pop hl 
1897				endm 
1897			 
1897			FORTH_CHK_LOOP_UNDER: macro 
1897				push hl 
1897				push de 
1897				ld hl,(cli_loop_sp) 
1897				ld de, cli_loop_stack 
1897				call cmp16 
1897				jp c, fault_loop_under 
1897				pop de 
1897				pop hl 
1897				endm 
1897			 
1897			FORTH_ERR_TOS_NOTSTR: macro 
1897				; TOSO might need more for checks when used 
1897				push af 
1897				ld a,(hl) 
1897				cp DS_TYPE_STR 
1897				jp nz, type_faultn   
1897				pop af 
1897				endm 
1897			 
1897			FORTH_ERR_TOS_NOTNUM: macro 
1897				push af 
1897				ld a,(hl) 
1897				cp DS_TYPE_INUM 
1897				jp nz, type_faultn   
1897				pop af 
1897				endm 
1897			 
1897			 
1897			; increase data stack pointer and save hl to it 
1897				 
1897			FORTH_DSP_NEXT: macro 
1897				call macro_forth_dsp_next 
1897				endm 
1897			 
1897			 
1897			macro_forth_dsp_next: 
1897				if DEBUG_FORTH_STACK_GUARD 
1897 cd 26 57				call check_stacks 
189a				endif 
189a e5				push hl 
189b d5				push de 
189c eb				ex de,hl 
189d 2a ca e9			ld hl,(cli_data_sp) 
18a0 23				inc hl 
18a1 23				inc hl 
18a2			 
18a2			; PARSEV5 
18a2 23				inc hl 
18a3 22 ca e9			ld (cli_data_sp),hl 
18a6 73				ld (hl), e 
18a7 23				inc hl 
18a8 72				ld (hl), d 
18a9 d1				pop de 
18aa e1				pop hl 
18ab				if DEBUG_FORTH_STACK_GUARD 
18ab cd 26 57				call check_stacks 
18ae				endif 
18ae c9				ret 
18af			 
18af			 
18af			; increase ret stack pointer and save hl to it 
18af				 
18af			FORTH_RSP_NEXT: macro 
18af				call macro_forth_rsp_next 
18af				endm 
18af			 
18af			macro_forth_rsp_next: 
18af				if DEBUG_FORTH_STACK_GUARD 
18af cd 26 57				call check_stacks 
18b2				endif 
18b2 e5				push hl 
18b3 d5				push de 
18b4 eb				ex de,hl 
18b5 2a ce e9			ld hl,(cli_ret_sp) 
18b8 23				inc hl 
18b9 23				inc hl 
18ba 22 ce e9			ld (cli_ret_sp),hl 
18bd 73				ld (hl), e 
18be 23				inc hl 
18bf 72				ld (hl), d 
18c0 d1				pop de 
18c1 e1				pop hl 
18c2				if DEBUG_FORTH_STACK_GUARD 
18c2 cd 26 57				call check_stacks 
18c5				endif 
18c5 c9				ret 
18c6			 
18c6			; get current ret stack pointer and save to hl  
18c6				 
18c6			FORTH_RSP_TOS: macro 
18c6				call macro_forth_rsp_tos 
18c6				endm 
18c6			 
18c6			macro_forth_rsp_tos: 
18c6				;push de 
18c6 2a ce e9			ld hl,(cli_ret_sp) 
18c9 cd 01 19			call loadhlptrtohl 
18cc				;ld e, (hl) 
18cc				;inc hl 
18cc				;ld d, (hl) 
18cc				;ex de, hl 
18cc					if DEBUG_FORTH_WORDS 
18cc			;			DMARK "RST" 
18cc						CALLMONITOR 
18cc				if BASE_CPM=1  
18cc cd 6b ee				call debug_vector  
18cf				endif  
18cf				if BASE_KEV=1  
18cf					rst 8  
18cf				endif  
18cf				endm  
# End of macro CALLMONITOR
18cf					endif 
18cf				;pop de 
18cf c9				ret 
18d0			 
18d0			; pop ret stack pointer 
18d0				 
18d0			FORTH_RSP_POP: macro 
18d0				call macro_forth_rsp_pop 
18d0				endm 
18d0			 
18d0			 
18d0			macro_forth_rsp_pop: 
18d0				if DEBUG_FORTH_STACK_GUARD 
18d0			;		DMARK "RPP" 
18d0 cd 26 57				call check_stacks 
18d3					FORTH_CHK_RSP_UNDER 
18d3 e5				push hl 
18d4 d5				push de 
18d5 2a ce e9			ld hl,(cli_ret_sp) 
18d8 11 88 e9			ld de, cli_ret_stack 
18db cd 17 0c			call cmp16 
18de da 47 58			jp c, fault_rsp_under 
18e1 d1				pop de 
18e2 e1				pop hl 
18e3				endm 
# End of macro FORTH_CHK_RSP_UNDER
18e3				endif 
18e3 e5				push hl 
18e4 2a ce e9			ld hl,(cli_ret_sp) 
18e7			 
18e7			 
18e7				if FORTH_ENABLE_FREE 
18e7			 
18e7					; get pointer 
18e7			 
18e7					push de 
18e7					push hl 
18e7			 
18e7					ld e, (hl) 
18e7					inc hl 
18e7					ld d, (hl) 
18e7			 
18e7					ex de, hl 
18e7					call free 
18e7			 
18e7					pop hl 
18e7					pop de 
18e7			 
18e7			 
18e7				endif 
18e7			 
18e7			 
18e7 2b				dec hl 
18e8 2b				dec hl 
18e9 22 ce e9			ld (cli_ret_sp), hl 
18ec				; do stack underflow checks 
18ec e1				pop hl 
18ed				if DEBUG_FORTH_STACK_GUARD 
18ed cd 26 57				call check_stacks 
18f0					FORTH_CHK_RSP_UNDER 
18f0 e5				push hl 
18f1 d5				push de 
18f2 2a ce e9			ld hl,(cli_ret_sp) 
18f5 11 88 e9			ld de, cli_ret_stack 
18f8 cd 17 0c			call cmp16 
18fb da 47 58			jp c, fault_rsp_under 
18fe d1				pop de 
18ff e1				pop hl 
1900				endm 
# End of macro FORTH_CHK_RSP_UNDER
1900				endif 
1900 c9				ret 
1901			 
1901			 
1901			 
1901			; routine to load word pointed to by hl into hl 
1901			 
1901			loadhlptrtohl: 
1901			 
1901 d5				push de 
1902 5e				ld e, (hl) 
1903 23				inc hl 
1904 56				ld d, (hl) 
1905 eb				ex de, hl 
1906 d1				pop de 
1907			 
1907 c9				ret 
1908			 
1908			 
1908			 
1908			 
1908			 
1908			; push a number held in HL onto the data stack 
1908			; entry point for pushing a value when already in hl used in function above 
1908			 
1908			forth_push_numhl: 
1908			 
1908 e5				push hl    ; save value to push 
1909			 
1909			if DEBUG_FORTH_PUSH 
1909				; see if disabled 
1909			 
1909			 
1909 f5				push af 
190a 3a 6b ee			ld a,(debug_vector) 
190d fe c9			cp $c9   ; ret 
190f			;	ld a, (os_view_disable) 
190f			;	cp '*' 
190f 28 33			jr z, .pskip2 
1911 e5				push hl 
1912 e5			push hl 
1913 cd b9 09			call clear_display 
1916 e1			pop hl 
1917 7c				ld a,h 
1918 21 a2 e5			ld hl, os_word_scratch 
191b cd f5 0d			call hexout 
191e e1				pop hl 
191f 7d				ld a,l 
1920 21 a4 e5			ld hl, os_word_scratch+2 
1923 cd f5 0d			call hexout 
1926			 
1926 21 a6 e5			ld hl, os_word_scratch+4 
1929			;	ld a,0 
1929 36 00			ld (hl),0 
192b 11 a2 e5			ld de,os_word_scratch 
192e 3e 28				ld a, display_row_2 
1930 cd cb 09				call str_at_display 
1933 11 7d 46			ld de, .push_num 
1936 3e 00			ld a, display_row_1 
1938			 
1938 cd cb 09				call str_at_display 
193b			 
193b			 
193b cd f1 09			call update_display 
193e cd ed 08			call delay1s 
1941 cd ed 08			call delay1s 
1944			.pskip2:  
1944			 
1944 f1				pop af 
1945			endif	 
1945			 
1945			 
1945				FORTH_DSP_NEXT 
1945 cd 97 18			call macro_forth_dsp_next 
1948				endm 
# End of macro FORTH_DSP_NEXT
1948			 
1948 2a ca e9			ld hl, (cli_data_sp) 
194b			 
194b				; save item type 
194b			;	ld a,  DS_TYPE_INUM 
194b 36 02			ld (hl), DS_TYPE_INUM 
194d 23				inc hl 
194e			 
194e				; get word off stack 
194e d1				pop de 
194f				;ld a,e 
194f 73				ld (hl), e 
1950 23				inc hl 
1951			;	ld a,d 
1951 72				ld (hl), d 
1952			 
1952			if DEBUG_FORTH_PUSH 
1952 2b				dec hl 
1953 2b				dec hl 
1954 2b				dec hl 
1955						DMARK "PH5" 
1955				if DEMARK_VERSION = 1  
1955 e5					push hl  
1956 21 5e 19				ld hl, .dmark  
1959 22 60 ee				ld (debug_mark), hl  
195c				endif  
195c				if DEMARK_VERSION = 0  
195c					push af  
195c					ld a, (.dmark)  
195c					ld (debug_mark),a  
195c					ld a, (.dmark+1)  
195c					ld (debug_mark+1),a  
195c					ld a, (.dmark+2)  
195c					ld (debug_mark+2),a  
195c				endif  
195c 18 04			jr .pastdmark  
195e ..			.dmark: db "PH5"  
1961				if DEMARK_VERSION = 1  
1961 00					db 0  
1962				endif  
1962				if DEMARK_VERSION = 1  
1962 e1			.pastdmark: pop hl  
1963				endif  
1963				if DEMARK_VERSION = 0  
1963			.pastdmark: pop af  
1963				endif  
1963			endm  
# End of macro DMARK
1963				CALLMONITOR 
1963				if BASE_CPM=1  
1963 cd 6b ee				call debug_vector  
1966				endif  
1966				if BASE_KEV=1  
1966					rst 8  
1966				endif  
1966				endm  
# End of macro CALLMONITOR
1966			endif	 
1966			 
1966 c9				ret 
1967			 
1967			 
1967			; Push a string to stack pointed to by hl 
1967			 
1967			forth_push_str: 
1967			 
1967			if DEBUG_FORTH_PUSH 
1967						DMARK "PSQ" 
1967				if DEMARK_VERSION = 1  
1967 e5					push hl  
1968 21 70 19				ld hl, .dmark  
196b 22 60 ee				ld (debug_mark), hl  
196e				endif  
196e				if DEMARK_VERSION = 0  
196e					push af  
196e					ld a, (.dmark)  
196e					ld (debug_mark),a  
196e					ld a, (.dmark+1)  
196e					ld (debug_mark+1),a  
196e					ld a, (.dmark+2)  
196e					ld (debug_mark+2),a  
196e				endif  
196e 18 04			jr .pastdmark  
1970 ..			.dmark: db "PSQ"  
1973				if DEMARK_VERSION = 1  
1973 00					db 0  
1974				endif  
1974				if DEMARK_VERSION = 1  
1974 e1			.pastdmark: pop hl  
1975				endif  
1975				if DEMARK_VERSION = 0  
1975			.pastdmark: pop af  
1975				endif  
1975			endm  
# End of macro DMARK
1975				CALLMONITOR 
1975				if BASE_CPM=1  
1975 cd 6b ee				call debug_vector  
1978				endif  
1978				if BASE_KEV=1  
1978					rst 8  
1978				endif  
1978				endm  
# End of macro CALLMONITOR
1978			endif	 
1978			 
1978			 
1978			    
1978 e5				push hl 
1979 e5				push hl 
197a			 
197a			;	ld a, 0   ; find end of string 
197a cd 51 0f			call strlenz 
197d			if DEBUG_FORTH_PUSH 
197d						DMARK "PQ2" 
197d				if DEMARK_VERSION = 1  
197d e5					push hl  
197e 21 86 19				ld hl, .dmark  
1981 22 60 ee				ld (debug_mark), hl  
1984				endif  
1984				if DEMARK_VERSION = 0  
1984					push af  
1984					ld a, (.dmark)  
1984					ld (debug_mark),a  
1984					ld a, (.dmark+1)  
1984					ld (debug_mark+1),a  
1984					ld a, (.dmark+2)  
1984					ld (debug_mark+2),a  
1984				endif  
1984 18 04			jr .pastdmark  
1986 ..			.dmark: db "PQ2"  
1989				if DEMARK_VERSION = 1  
1989 00					db 0  
198a				endif  
198a				if DEMARK_VERSION = 1  
198a e1			.pastdmark: pop hl  
198b				endif  
198b				if DEMARK_VERSION = 0  
198b			.pastdmark: pop af  
198b				endif  
198b			endm  
# End of macro DMARK
198b				CALLMONITOR 
198b				if BASE_CPM=1  
198b cd 6b ee				call debug_vector  
198e				endif  
198e				if BASE_KEV=1  
198e					rst 8  
198e				endif  
198e				endm  
# End of macro CALLMONITOR
198e			endif	 
198e eb				ex de, hl 
198f e1				pop hl   ; get ptr to start of string 
1990			if DEBUG_FORTH_PUSH 
1990						DMARK "PQ3" 
1990				if DEMARK_VERSION = 1  
1990 e5					push hl  
1991 21 99 19				ld hl, .dmark  
1994 22 60 ee				ld (debug_mark), hl  
1997				endif  
1997				if DEMARK_VERSION = 0  
1997					push af  
1997					ld a, (.dmark)  
1997					ld (debug_mark),a  
1997					ld a, (.dmark+1)  
1997					ld (debug_mark+1),a  
1997					ld a, (.dmark+2)  
1997					ld (debug_mark+2),a  
1997				endif  
1997 18 04			jr .pastdmark  
1999 ..			.dmark: db "PQ3"  
199c				if DEMARK_VERSION = 1  
199c 00					db 0  
199d				endif  
199d				if DEMARK_VERSION = 1  
199d e1			.pastdmark: pop hl  
199e				endif  
199e				if DEMARK_VERSION = 0  
199e			.pastdmark: pop af  
199e				endif  
199e			endm  
# End of macro DMARK
199e				CALLMONITOR 
199e				if BASE_CPM=1  
199e cd 6b ee				call debug_vector  
19a1				endif  
19a1				if BASE_KEV=1  
19a1					rst 8  
19a1				endif  
19a1				endm  
# End of macro CALLMONITOR
19a1			endif	 
19a1 19				add hl,de 
19a2			if DEBUG_FORTH_PUSH 
19a2						DMARK "PQE" 
19a2				if DEMARK_VERSION = 1  
19a2 e5					push hl  
19a3 21 ab 19				ld hl, .dmark  
19a6 22 60 ee				ld (debug_mark), hl  
19a9				endif  
19a9				if DEMARK_VERSION = 0  
19a9					push af  
19a9					ld a, (.dmark)  
19a9					ld (debug_mark),a  
19a9					ld a, (.dmark+1)  
19a9					ld (debug_mark+1),a  
19a9					ld a, (.dmark+2)  
19a9					ld (debug_mark+2),a  
19a9				endif  
19a9 18 04			jr .pastdmark  
19ab ..			.dmark: db "PQE"  
19ae				if DEMARK_VERSION = 1  
19ae 00					db 0  
19af				endif  
19af				if DEMARK_VERSION = 1  
19af e1			.pastdmark: pop hl  
19b0				endif  
19b0				if DEMARK_VERSION = 0  
19b0			.pastdmark: pop af  
19b0				endif  
19b0			endm  
# End of macro DMARK
19b0				CALLMONITOR 
19b0				if BASE_CPM=1  
19b0 cd 6b ee				call debug_vector  
19b3				endif  
19b3				if BASE_KEV=1  
19b3					rst 8  
19b3				endif  
19b3				endm  
# End of macro CALLMONITOR
19b3			endif	 
19b3			 
19b3 2b				dec hl    ; see if there is an optional trailing double quote 
19b4 7e				ld a,(hl) 
19b5 fe 22			cp '"' 
19b7 20 02			jr nz, .strnoq 
19b9			;	ld a, 0      ; get rid of double quote 
19b9 36 00			ld (hl), 0 
19bb 23			.strnoq: inc hl 
19bc			 
19bc			;	ld a, 0 
19bc 36 00			ld (hl), 0     ; add null term and get rid of trailing double quote 
19be			 
19be 13				inc de ; add one for the type string 
19bf 13				inc de ; add one for null term??? 
19c0			 
19c0				; tos is get string pointer again 
19c0				; de contains space to allocate 
19c0				 
19c0 d5				push de 
19c1			 
19c1 eb				ex de, hl 
19c2			 
19c2				;push af 
19c2			 
19c2			if DEBUG_FORTH_PUSH 
19c2						DMARK "PHm" 
19c2				if DEMARK_VERSION = 1  
19c2 e5					push hl  
19c3 21 cb 19				ld hl, .dmark  
19c6 22 60 ee				ld (debug_mark), hl  
19c9				endif  
19c9				if DEMARK_VERSION = 0  
19c9					push af  
19c9					ld a, (.dmark)  
19c9					ld (debug_mark),a  
19c9					ld a, (.dmark+1)  
19c9					ld (debug_mark+1),a  
19c9					ld a, (.dmark+2)  
19c9					ld (debug_mark+2),a  
19c9				endif  
19c9 18 04			jr .pastdmark  
19cb ..			.dmark: db "PHm"  
19ce				if DEMARK_VERSION = 1  
19ce 00					db 0  
19cf				endif  
19cf				if DEMARK_VERSION = 1  
19cf e1			.pastdmark: pop hl  
19d0				endif  
19d0				if DEMARK_VERSION = 0  
19d0			.pastdmark: pop af  
19d0				endif  
19d0			endm  
# End of macro DMARK
19d0				CALLMONITOR 
19d0				if BASE_CPM=1  
19d0 cd 6b ee				call debug_vector  
19d3				endif  
19d3				if BASE_KEV=1  
19d3					rst 8  
19d3				endif  
19d3				endm  
# End of macro CALLMONITOR
19d3			endif	 
19d3 cd c5 0f			call malloc	; on ret hl now contains allocated memory 
19d6				if DEBUG_FORTH_MALLOC_GUARD 
19d6 cc d5 46				call z,malloc_error 
19d9				endif 
19d9			 
19d9				 
19d9 c1				pop bc    ; get length 
19da d1				pop de   ;  get string start    
19db			 
19db				; hl has destination from malloc 
19db			 
19db eb				ex de, hl    ; prep for ldir 
19dc			 
19dc d5				push de   ; save malloc area for DSP later 
19dd				;push hl   ; save malloc area for DSP later 
19dd			 
19dd			if DEBUG_FORTH_PUSH 
19dd						DMARK "PHc" 
19dd				if DEMARK_VERSION = 1  
19dd e5					push hl  
19de 21 e6 19				ld hl, .dmark  
19e1 22 60 ee				ld (debug_mark), hl  
19e4				endif  
19e4				if DEMARK_VERSION = 0  
19e4					push af  
19e4					ld a, (.dmark)  
19e4					ld (debug_mark),a  
19e4					ld a, (.dmark+1)  
19e4					ld (debug_mark+1),a  
19e4					ld a, (.dmark+2)  
19e4					ld (debug_mark+2),a  
19e4				endif  
19e4 18 04			jr .pastdmark  
19e6 ..			.dmark: db "PHc"  
19e9				if DEMARK_VERSION = 1  
19e9 00					db 0  
19ea				endif  
19ea				if DEMARK_VERSION = 1  
19ea e1			.pastdmark: pop hl  
19eb				endif  
19eb				if DEMARK_VERSION = 0  
19eb			.pastdmark: pop af  
19eb				endif  
19eb			endm  
# End of macro DMARK
19eb				CALLMONITOR 
19eb				if BASE_CPM=1  
19eb cd 6b ee				call debug_vector  
19ee				endif  
19ee				if BASE_KEV=1  
19ee					rst 8  
19ee				endif  
19ee				endm  
# End of macro CALLMONITOR
19ee			endif	 
19ee			 
19ee			 
19ee ed b0			ldir 
19f0			 
19f0			 
19f0				; push malloc to data stack     macro?????  
19f0			 
19f0				FORTH_DSP_NEXT 
19f0 cd 97 18			call macro_forth_dsp_next 
19f3				endm 
# End of macro FORTH_DSP_NEXT
19f3			 
19f3				; save value and type 
19f3			 
19f3 2a ca e9			ld hl, (cli_data_sp) 
19f6			 
19f6				; save item type 
19f6			;	ld a,  DS_TYPE_STR 
19f6 36 01			ld (hl), DS_TYPE_STR 
19f8 23				inc hl 
19f9			 
19f9				; get malloc word off stack 
19f9 d1				pop de 
19fa 73				ld (hl), e 
19fb 23				inc hl 
19fc 72				ld (hl), d 
19fd			 
19fd			 
19fd			 
19fd			if DEBUG_FORTH_PUSH 
19fd 2a ca e9			ld hl, (cli_data_sp) 
1a00						DMARK "PHS" 
1a00				if DEMARK_VERSION = 1  
1a00 e5					push hl  
1a01 21 09 1a				ld hl, .dmark  
1a04 22 60 ee				ld (debug_mark), hl  
1a07				endif  
1a07				if DEMARK_VERSION = 0  
1a07					push af  
1a07					ld a, (.dmark)  
1a07					ld (debug_mark),a  
1a07					ld a, (.dmark+1)  
1a07					ld (debug_mark+1),a  
1a07					ld a, (.dmark+2)  
1a07					ld (debug_mark+2),a  
1a07				endif  
1a07 18 04			jr .pastdmark  
1a09 ..			.dmark: db "PHS"  
1a0c				if DEMARK_VERSION = 1  
1a0c 00					db 0  
1a0d				endif  
1a0d				if DEMARK_VERSION = 1  
1a0d e1			.pastdmark: pop hl  
1a0e				endif  
1a0e				if DEMARK_VERSION = 0  
1a0e			.pastdmark: pop af  
1a0e				endif  
1a0e			endm  
# End of macro DMARK
1a0e				CALLMONITOR 
1a0e				if BASE_CPM=1  
1a0e cd 6b ee				call debug_vector  
1a11				endif  
1a11				if BASE_KEV=1  
1a11					rst 8  
1a11				endif  
1a11				endm  
# End of macro CALLMONITOR
1a11			;	ex de,hl 
1a11			endif	 
1a11				; in case of spaces, skip the ptr past the copied string 
1a11				;pop af 
1a11				;ld (cli_origptr),hl 
1a11			 
1a11 c9				ret 
1a12			 
1a12			 
1a12			 
1a12			; TODO ascii push input onto stack given hl to start of input 
1a12			 
1a12			; identify type 
1a12			; if starts with a " then a string 
1a12			; otherwise it is a number 
1a12			;  
1a12			; if a string 
1a12			;     scan for ending " to get length of string to malloc for + 1 
1a12			;     malloc 
1a12			;     put pointer to string on stack first byte flags as string 
1a12			; 
1a12			; else a number 
1a12			;    look for number format identifier 
1a12			;    $xx hex 
1a12			;    %xxxxx bin 
1a12			;    xxxxx decimal 
1a12			;    convert number to 16bit word.  
1a12			;    malloc word + 1 with flag to identiy as num 
1a12			;    put pointer to number on stack 
1a12			;   
1a12			;  
1a12			  
1a12			forth_apush: 
1a12				; kernel push 
1a12			 
1a12			if DEBUG_FORTH_PUSH 
1a12						DMARK "PSH" 
1a12				if DEMARK_VERSION = 1  
1a12 e5					push hl  
1a13 21 1b 1a				ld hl, .dmark  
1a16 22 60 ee				ld (debug_mark), hl  
1a19				endif  
1a19				if DEMARK_VERSION = 0  
1a19					push af  
1a19					ld a, (.dmark)  
1a19					ld (debug_mark),a  
1a19					ld a, (.dmark+1)  
1a19					ld (debug_mark+1),a  
1a19					ld a, (.dmark+2)  
1a19					ld (debug_mark+2),a  
1a19				endif  
1a19 18 04			jr .pastdmark  
1a1b ..			.dmark: db "PSH"  
1a1e				if DEMARK_VERSION = 1  
1a1e 00					db 0  
1a1f				endif  
1a1f				if DEMARK_VERSION = 1  
1a1f e1			.pastdmark: pop hl  
1a20				endif  
1a20				if DEMARK_VERSION = 0  
1a20			.pastdmark: pop af  
1a20				endif  
1a20			endm  
# End of macro DMARK
1a20				CALLMONITOR 
1a20				if BASE_CPM=1  
1a20 cd 6b ee				call debug_vector  
1a23				endif  
1a23				if BASE_KEV=1  
1a23					rst 8  
1a23				endif  
1a23				endm  
# End of macro CALLMONITOR
1a23			endif	 
1a23				; identify input type 
1a23			 
1a23 7e				ld a,(hl) 
1a24			 
1a24 fe 23			cp '#' 
1a26 ca 5e 1a			jp z, .fapdec 
1a29			 
1a29			 
1a29 fe 22			cp '"' 
1a2b 28 0a			jr z, .fapstr 
1a2d fe 24			cp '$' 
1a2f ca 56 1a			jp z, .faphex 
1a32 fe 25			cp '%' 
1a34 ca 3f 1a			jp z, .fapbin 
1a37			;	cp 'b' 
1a37			;	jp z, .fabin 
1a37				; else decimal 
1a37			 
1a37				; TODO do decimal conversion 
1a37				; decimal is stored as a 16bit word 
1a37			 
1a37				; by default everything is a string if type is not detected 
1a37			.fapstr: ; 
1a37 fe 22			cp '"' 
1a39 20 01			jr nz, .strnoqu 
1a3b 23				inc hl 
1a3c			.strnoqu: 
1a3c c3 67 19			jp forth_push_str 
1a3f			 
1a3f			 
1a3f			 
1a3f			.fapbin:    ; push a binary string.  
1a3f 11 00 00			ld de, 0   ; hold a 16bit value 
1a42			 
1a42 23			.fapbinshift:	inc hl  
1a43 7e				ld a,(hl) 
1a44			;	cp 0     ; done scanning  
1a44 b7				or a 
1a45 28 0b			jr z, .fapbdone  	; got it in HL so push  
1a47			 
1a47				; left shift de 
1a47 eb				ex de, hl	 
1a48 29				add hl, hl 
1a49			 
1a49				; is 1 
1a49 fe 31			cp '1' 
1a4b 20 02			jr nz, .binzero 
1a4d cb 4d			bit 1, l 
1a4f			.binzero: 
1a4f eb				ex de, hl	 ; save current de 
1a50 18 f0			jr .fapbinshift 
1a52			 
1a52			.fapbdone: 
1a52 eb				ex de, hl 
1a53 c3 08 19			jp forth_push_numhl 
1a56			 
1a56			 
1a56			.faphex:   ; hex is always stored as a 16bit word 
1a56				; skip number prefix 
1a56 23				inc hl 
1a57				; turn ascii into number 
1a57 cd ab 0e			call get_word_hl	; ret 16bit word in hl 
1a5a			 
1a5a c3 08 19			jp forth_push_numhl 
1a5d			 
1a5d			;	 nop 
1a5d			 
1a5d			.fabin:   ; TODO bin conversion 
1a5d			 
1a5d			 
1a5d c9				ret 
1a5e			.fapdec:	 
1a5e				; string to dec conversion 
1a5e 23				inc hl 
1a5f eb				ex de, hl 
1a60 cd e8 0e			call string_to_uint16 
1a63 c3 08 19			jp forth_push_numhl 
1a66 c9				ret 
1a67				 
1a67			;atoui_16: 
1a67			 
1a67			; get either a string ptr or a 16bit word from the data stack 
1a67			 
1a67			FORTH_DSP: macro 
1a67				call macro_forth_dsp 
1a67				endm 
1a67			 
1a67			macro_forth_dsp: 
1a67				; data stack pointer points to current word on tos 
1a67			 
1a67 2a ca e9			ld hl,(cli_data_sp) 
1a6a			 
1a6a				if DEBUG_FORTH_PUSH 
1a6a						DMARK "DSP" 
1a6a				if DEMARK_VERSION = 1  
1a6a e5					push hl  
1a6b 21 73 1a				ld hl, .dmark  
1a6e 22 60 ee				ld (debug_mark), hl  
1a71				endif  
1a71				if DEMARK_VERSION = 0  
1a71					push af  
1a71					ld a, (.dmark)  
1a71					ld (debug_mark),a  
1a71					ld a, (.dmark+1)  
1a71					ld (debug_mark+1),a  
1a71					ld a, (.dmark+2)  
1a71					ld (debug_mark+2),a  
1a71				endif  
1a71 18 04			jr .pastdmark  
1a73 ..			.dmark: db "DSP"  
1a76				if DEMARK_VERSION = 1  
1a76 00					db 0  
1a77				endif  
1a77				if DEMARK_VERSION = 1  
1a77 e1			.pastdmark: pop hl  
1a78				endif  
1a78				if DEMARK_VERSION = 0  
1a78			.pastdmark: pop af  
1a78				endif  
1a78			endm  
# End of macro DMARK
1a78			 
1a78 cd 09 47				call display_data_sp 
1a7b				;call break_point_state 
1a7b				;rst 030h 
1a7b				CALLMONITOR 
1a7b				if BASE_CPM=1  
1a7b cd 6b ee				call debug_vector  
1a7e				endif  
1a7e				if BASE_KEV=1  
1a7e					rst 8  
1a7e				endif  
1a7e				endm  
# End of macro CALLMONITOR
1a7e				endif 
1a7e			 
1a7e c9				ret 
1a7f			 
1a7f			; return hl to start of value on stack 
1a7f			 
1a7f			FORTH_DSP_VALUE: macro 
1a7f				call macro_forth_dsp_value 
1a7f				endm 
1a7f			 
1a7f			macro_forth_dsp_value: 
1a7f			 
1a7f				FORTH_DSP 
1a7f cd 67 1a			call macro_forth_dsp 
1a82				endm 
# End of macro FORTH_DSP
1a82			 
1a82 d5				push de 
1a83			 
1a83 23				inc hl ; skip type 
1a84			 
1a84 5e				ld e, (hl) 
1a85 23				inc hl 
1a86 56				ld d, (hl) 
1a87 eb				ex de,hl  
1a88			 
1a88 d1				pop de 
1a89			 
1a89 c9				ret 
1a8a			 
1a8a			; return hl to start of value to second item on stack 
1a8a			 
1a8a			FORTH_DSP_VALUEM1: macro 
1a8a				call macro_forth_dsp_value_m1 
1a8a				endm 
1a8a			 
1a8a			macro_forth_dsp_value_m1: 
1a8a			 
1a8a				FORTH_DSP 
1a8a cd 67 1a			call macro_forth_dsp 
1a8d				endm 
# End of macro FORTH_DSP
1a8d			 
1a8d 2b				dec hl 
1a8e 2b				dec hl 
1a8f			;	dec hl 
1a8f			 
1a8f d5				push de 
1a90			 
1a90 5e				ld e, (hl) 
1a91 23				inc hl 
1a92 56				ld d, (hl) 
1a93 eb				ex de,hl  
1a94			 
1a94 d1				pop de 
1a95			 
1a95 c9				ret 
1a96			 
1a96				 
1a96			 
1a96			; whatever the current top os stack points to, we are now done with it so return memory to malloc 
1a96			 
1a96			FORTH_DSP_POP: macro 
1a96				if BASE_CPM=1 
1a96				call macro_forth_dsp_pop 
1a96				endif 
1a96				if BASE_KEV=1 
1a96					rst $10 
1a96				endif 
1a96				endm 
1a96			 
1a96			 
1a96			; get the tos data type 
1a96			 
1a96			FORTH_DSP_TYPE:   macro 
1a96			 
1a96				;FORTH_DSP_VALUE 
1a96				FORTH_DSP 
1a96				 
1a96				; hl points to value 
1a96				; check type 
1a96			 
1a96				ld a,(hl) 
1a96			 
1a96				endm 
1a96			 
1a96			 
1a96			FORTH_PUSH_VALUEHL: macro 
1a96			 
1a96				if BASE_CPM=1 
1a96					call forth_push_numhl 
1a96				endif 
1a96				if BASE_KEV=1 
1a96					rst $20 
1a96				endif 
1a96				endm 
1a96			 
1a96			; load the tos value into hl 
1a96			 
1a96			 
1a96			FORTH_DSP_VALUEHL:  macro 
1a96			 
1a96				if BASE_CPM=1 
1a96				call macro_dsp_valuehl 
1a96				endif 
1a96				if BASE_KEV=1 
1a96					rst $18 
1a96				endif 
1a96				endm 
1a96			 
1a96			 
1a96			 
1a96			macro_dsp_valuehl: 
1a96				FORTH_DSP_VALUE 
1a96 cd 7f 1a			call macro_forth_dsp_value 
1a99				endm 
# End of macro FORTH_DSP_VALUE
1a99			 
1a99				;FORTH_ERR_TOS_NOTNUM 
1a99			 
1a99				;inc hl   ; skip type id 
1a99			 
1a99			;	push de 
1a99			; 
1a99			;	ld e, (hl) 
1a99			;	inc hl 
1a99			;	ld d, (hl) 
1a99			;	ex de,hl  
1a99			 
1a99			;	pop de 
1a99			 
1a99				if DEBUG_FORTH_PUSH 
1a99						DMARK "DVL" 
1a99				if DEMARK_VERSION = 1  
1a99 e5					push hl  
1a9a 21 a2 1a				ld hl, .dmark  
1a9d 22 60 ee				ld (debug_mark), hl  
1aa0				endif  
1aa0				if DEMARK_VERSION = 0  
1aa0					push af  
1aa0					ld a, (.dmark)  
1aa0					ld (debug_mark),a  
1aa0					ld a, (.dmark+1)  
1aa0					ld (debug_mark+1),a  
1aa0					ld a, (.dmark+2)  
1aa0					ld (debug_mark+2),a  
1aa0				endif  
1aa0 18 04			jr .pastdmark  
1aa2 ..			.dmark: db "DVL"  
1aa5				if DEMARK_VERSION = 1  
1aa5 00					db 0  
1aa6				endif  
1aa6				if DEMARK_VERSION = 1  
1aa6 e1			.pastdmark: pop hl  
1aa7				endif  
1aa7				if DEMARK_VERSION = 0  
1aa7			.pastdmark: pop af  
1aa7				endif  
1aa7			endm  
# End of macro DMARK
1aa7				CALLMONITOR 
1aa7				if BASE_CPM=1  
1aa7 cd 6b ee				call debug_vector  
1aaa				endif  
1aaa				if BASE_KEV=1  
1aaa					rst 8  
1aaa				endif  
1aaa				endm  
# End of macro CALLMONITOR
1aaa				endif 
1aaa c9				ret 
1aab			 
1aab			forth_apushstrhl:      
1aab				; push of string requires use of cli_origptr 
1aab				; bodge use 
1aab			 
1aab				; get current cli_origptr, save, update with temp pointer  
1aab ed 5b 1a ea		ld de, (cli_origptr) 
1aaf 22 1a ea			ld (cli_origptr), hl 
1ab2 d5				push de 
1ab3 cd 12 1a			call forth_apush 
1ab6 d1				pop de 
1ab7 ed 53 1a ea		ld (cli_origptr), de 
1abb c9			        ret	 
1abc			 
1abc			 
1abc			; increase loop stack pointer and save hl to it 
1abc				 
1abc			FORTH_LOOP_NEXT: macro 
1abc				call macro_forth_loop_next 
1abc				;nop 
1abc				endm 
1abc			 
1abc			macro_forth_loop_next: 
1abc				if DEBUG_FORTH_STACK_GUARD 
1abc cd 26 57				call check_stacks 
1abf				endif 
1abf e5				push hl 
1ac0 d5				push de 
1ac1 eb				ex de,hl 
1ac2 2a cc e9			ld hl,(cli_loop_sp) 
1ac5 23				inc hl 
1ac6 23				inc hl 
1ac7					if DEBUG_FORTH_WORDS 
1ac7						DMARK "LNX" 
1ac7				if DEMARK_VERSION = 1  
1ac7 e5					push hl  
1ac8 21 d0 1a				ld hl, .dmark  
1acb 22 60 ee				ld (debug_mark), hl  
1ace				endif  
1ace				if DEMARK_VERSION = 0  
1ace					push af  
1ace					ld a, (.dmark)  
1ace					ld (debug_mark),a  
1ace					ld a, (.dmark+1)  
1ace					ld (debug_mark+1),a  
1ace					ld a, (.dmark+2)  
1ace					ld (debug_mark+2),a  
1ace				endif  
1ace 18 04			jr .pastdmark  
1ad0 ..			.dmark: db "LNX"  
1ad3				if DEMARK_VERSION = 1  
1ad3 00					db 0  
1ad4				endif  
1ad4				if DEMARK_VERSION = 1  
1ad4 e1			.pastdmark: pop hl  
1ad5				endif  
1ad5				if DEMARK_VERSION = 0  
1ad5			.pastdmark: pop af  
1ad5				endif  
1ad5			endm  
# End of macro DMARK
1ad5						CALLMONITOR 
1ad5				if BASE_CPM=1  
1ad5 cd 6b ee				call debug_vector  
1ad8				endif  
1ad8				if BASE_KEV=1  
1ad8					rst 8  
1ad8				endif  
1ad8				endm  
# End of macro CALLMONITOR
1ad8					endif 
1ad8 22 cc e9			ld (cli_loop_sp),hl 
1adb 73				ld (hl), e 
1adc 23				inc hl 
1add 72				ld (hl), d 
1ade d1				pop de    ; been reversed so save a swap on restore 
1adf e1				pop hl 
1ae0				if DEBUG_FORTH_STACK_GUARD 
1ae0 cd 26 57				call check_stacks 
1ae3				endif 
1ae3 c9				ret 
1ae4			 
1ae4			; get current ret stack pointer and save to hl  
1ae4				 
1ae4			FORTH_LOOP_TOS: macro 
1ae4				call macro_forth_loop_tos 
1ae4				endm 
1ae4			 
1ae4			macro_forth_loop_tos: 
1ae4 d5				push de 
1ae5 2a cc e9			ld hl,(cli_loop_sp) 
1ae8 5e				ld e, (hl) 
1ae9 23				inc hl 
1aea 56				ld d, (hl) 
1aeb eb				ex de, hl 
1aec d1				pop de 
1aed c9				ret 
1aee			 
1aee			; pop loop stack pointer 
1aee				 
1aee			FORTH_LOOP_POP: macro 
1aee				call macro_forth_loop_pop 
1aee				endm 
1aee			 
1aee			 
1aee			macro_forth_loop_pop: 
1aee				if DEBUG_FORTH_STACK_GUARD 
1aee					DMARK "LPP" 
1aee				if DEMARK_VERSION = 1  
1aee e5					push hl  
1aef 21 f7 1a				ld hl, .dmark  
1af2 22 60 ee				ld (debug_mark), hl  
1af5				endif  
1af5				if DEMARK_VERSION = 0  
1af5					push af  
1af5					ld a, (.dmark)  
1af5					ld (debug_mark),a  
1af5					ld a, (.dmark+1)  
1af5					ld (debug_mark+1),a  
1af5					ld a, (.dmark+2)  
1af5					ld (debug_mark+2),a  
1af5				endif  
1af5 18 04			jr .pastdmark  
1af7 ..			.dmark: db "LPP"  
1afa				if DEMARK_VERSION = 1  
1afa 00					db 0  
1afb				endif  
1afb				if DEMARK_VERSION = 1  
1afb e1			.pastdmark: pop hl  
1afc				endif  
1afc				if DEMARK_VERSION = 0  
1afc			.pastdmark: pop af  
1afc				endif  
1afc			endm  
# End of macro DMARK
1afc cd 26 57				call check_stacks 
1aff					FORTH_CHK_LOOP_UNDER 
1aff e5				push hl 
1b00 d5				push de 
1b01 2a cc e9			ld hl,(cli_loop_sp) 
1b04 11 06 e9			ld de, cli_loop_stack 
1b07 cd 17 0c			call cmp16 
1b0a da 4d 58			jp c, fault_loop_under 
1b0d d1				pop de 
1b0e e1				pop hl 
1b0f				endm 
# End of macro FORTH_CHK_LOOP_UNDER
1b0f				endif 
1b0f e5				push hl 
1b10 2a cc e9			ld hl,(cli_loop_sp) 
1b13 2b				dec hl 
1b14 2b				dec hl 
1b15 22 cc e9			ld (cli_loop_sp), hl 
1b18				; TODO do stack underflow checks 
1b18 e1				pop hl 
1b19				if DEBUG_FORTH_STACK_GUARD 
1b19 cd 26 57				call check_stacks 
1b1c					FORTH_CHK_LOOP_UNDER 
1b1c e5				push hl 
1b1d d5				push de 
1b1e 2a cc e9			ld hl,(cli_loop_sp) 
1b21 11 06 e9			ld de, cli_loop_stack 
1b24 cd 17 0c			call cmp16 
1b27 da 4d 58			jp c, fault_loop_under 
1b2a d1				pop de 
1b2b e1				pop hl 
1b2c				endm 
# End of macro FORTH_CHK_LOOP_UNDER
1b2c				endif 
1b2c c9				ret 
1b2d			 
1b2d			macro_forth_dsp_pop: 
1b2d			 
1b2d e5				push hl 
1b2e			 
1b2e				; release malloc data 
1b2e			 
1b2e				if DEBUG_FORTH_STACK_GUARD 
1b2e cd 26 57				call check_stacks 
1b31					FORTH_CHK_DSP_UNDER 
1b31 e5				push hl 
1b32 d5				push de 
1b33 2a ca e9			ld hl,(cli_data_sp) 
1b36 11 04 e8			ld de, cli_data_stack 
1b39 cd 17 0c			call cmp16 
1b3c da 41 58			jp c, fault_dsp_under 
1b3f d1				pop de 
1b40 e1				pop hl 
1b41				endm 
# End of macro FORTH_CHK_DSP_UNDER
1b41				endif 
1b41				;ld hl,(cli_data_sp) 
1b41			if DEBUG_FORTH_DOT 
1b41				DMARK "DPP" 
1b41				if DEMARK_VERSION = 1  
1b41 e5					push hl  
1b42 21 4a 1b				ld hl, .dmark  
1b45 22 60 ee				ld (debug_mark), hl  
1b48				endif  
1b48				if DEMARK_VERSION = 0  
1b48					push af  
1b48					ld a, (.dmark)  
1b48					ld (debug_mark),a  
1b48					ld a, (.dmark+1)  
1b48					ld (debug_mark+1),a  
1b48					ld a, (.dmark+2)  
1b48					ld (debug_mark+2),a  
1b48				endif  
1b48 18 04			jr .pastdmark  
1b4a ..			.dmark: db "DPP"  
1b4d				if DEMARK_VERSION = 1  
1b4d 00					db 0  
1b4e				endif  
1b4e				if DEMARK_VERSION = 1  
1b4e e1			.pastdmark: pop hl  
1b4f				endif  
1b4f				if DEMARK_VERSION = 0  
1b4f			.pastdmark: pop af  
1b4f				endif  
1b4f			endm  
# End of macro DMARK
1b4f				CALLMONITOR 
1b4f				if BASE_CPM=1  
1b4f cd 6b ee				call debug_vector  
1b52				endif  
1b52				if BASE_KEV=1  
1b52					rst 8  
1b52				endif  
1b52				endm  
# End of macro CALLMONITOR
1b52			endif	 
1b52			 
1b52			 
1b52			if FORTH_ENABLE_DSPPOPFREE 
1b52			 
1b52				FORTH_DSP 
1b52 cd 67 1a			call macro_forth_dsp 
1b55				endm 
# End of macro FORTH_DSP
1b55			 
1b55 7e				ld a, (hl) 
1b56 fe 01			cp DS_TYPE_STR             ; implies that DS_TYPE_CONST *WONT* be freed 
1b58 20 17			jr nz, .skippopfree 
1b5a			 
1b5a				FORTH_DSP_VALUEHL 
1b5a				if BASE_CPM=1 
1b5a cd 96 1a			call macro_dsp_valuehl 
1b5d				endif 
1b5d				if BASE_KEV=1 
1b5d					rst $18 
1b5d				endif 
1b5d				endm 
# End of macro FORTH_DSP_VALUEHL
1b5d			;	nop 
1b5d			if DEBUG_FORTH_DOT 
1b5d				DMARK "DPf" 
1b5d				if DEMARK_VERSION = 1  
1b5d e5					push hl  
1b5e 21 66 1b				ld hl, .dmark  
1b61 22 60 ee				ld (debug_mark), hl  
1b64				endif  
1b64				if DEMARK_VERSION = 0  
1b64					push af  
1b64					ld a, (.dmark)  
1b64					ld (debug_mark),a  
1b64					ld a, (.dmark+1)  
1b64					ld (debug_mark+1),a  
1b64					ld a, (.dmark+2)  
1b64					ld (debug_mark+2),a  
1b64				endif  
1b64 18 04			jr .pastdmark  
1b66 ..			.dmark: db "DPf"  
1b69				if DEMARK_VERSION = 1  
1b69 00					db 0  
1b6a				endif  
1b6a				if DEMARK_VERSION = 1  
1b6a e1			.pastdmark: pop hl  
1b6b				endif  
1b6b				if DEMARK_VERSION = 0  
1b6b			.pastdmark: pop af  
1b6b				endif  
1b6b			endm  
# End of macro DMARK
1b6b				CALLMONITOR 
1b6b				if BASE_CPM=1  
1b6b cd 6b ee				call debug_vector  
1b6e				endif  
1b6e				if BASE_KEV=1  
1b6e					rst 8  
1b6e				endif  
1b6e				endm  
# End of macro CALLMONITOR
1b6e			endif	 
1b6e cd 8f 10			call free 
1b71			.skippopfree: 
1b71				 
1b71			 
1b71			endif 
1b71			 
1b71			if DEBUG_FORTH_DOT_KEY 
1b71				DMARK "DP2" 
1b71				CALLMONITOR 
1b71			endif	 
1b71			 
1b71				; move pointer down 
1b71			 
1b71 2a ca e9			ld hl,(cli_data_sp) 
1b74 2b				dec hl 
1b75 2b				dec hl 
1b76			; PARSEV5 
1b76 2b				dec hl 
1b77 22 ca e9			ld (cli_data_sp), hl 
1b7a			 
1b7a				if DEBUG_FORTH_STACK_GUARD 
1b7a cd 26 57				call check_stacks 
1b7d					FORTH_CHK_DSP_UNDER 
1b7d e5				push hl 
1b7e d5				push de 
1b7f 2a ca e9			ld hl,(cli_data_sp) 
1b82 11 04 e8			ld de, cli_data_stack 
1b85 cd 17 0c			call cmp16 
1b88 da 41 58			jp c, fault_dsp_under 
1b8b d1				pop de 
1b8c e1				pop hl 
1b8d				endm 
# End of macro FORTH_CHK_DSP_UNDER
1b8d				endif 
1b8d			 
1b8d e1				pop hl 
1b8e			 
1b8e c9				ret 
1b8f			 
1b8f			getwordathl: 
1b8f				; hl points to an address 
1b8f				; load hl with the word at that address 
1b8f			 
1b8f d5				push de 
1b90			 
1b90 5e				ld e, (hl) 
1b91 23				inc hl 
1b92 56				ld d, (hl) 
1b93 eb				ex de, hl 
1b94			 
1b94 d1				pop de 
1b95 c9				ret 
1b96			 
1b96			 
1b96			; functions to manuplite stack pointers 
1b96			 
1b96			; generate fragment to set hl to be pointer to a stack item 
1b96			 
1b96			FORTH_DSP_PTR: macro  x 
1b96				ld hl,(cli_data_sp) 
1b96				ld de, x * 3 
1b96				sbc hl, de 
1b96				endm 
1b96			 
1b96			 
1b96			 
1b96			; copy point in hl to stack tmp storage slots 1-4 
1b96			hltostack1: 
1b96 11 9a e2			ld de, os_stack_1  
1b99 c3 c4 1b			jp hltostackmv 
1b9c			 
1b9c			hltostack2:  
1b9c 11 97 e2			ld de, os_stack_2 
1b9f c3 c4 1b			jp hltostackmv 
1ba2			 
1ba2			hltostack3:  
1ba2 11 94 e2			ld de, os_stack_3 
1ba5 c3 c4 1b			jp hltostackmv 
1ba8			 
1ba8			hltostack4:  
1ba8 11 91 e2			ld de, os_stack_4  
1bab c3 c4 1b			jp hltostackmv 
1bae			 
1bae			; copy to point in hl from stack tmp storage slots 1-4 
1bae			hlfromstack1: 
1bae 11 9a e2			ld de, os_stack_1 
1bb1 c3 c3 1b			jp hlfromsttackmv 
1bb4			 
1bb4			hlfromstack2:  
1bb4 11 97 e2			ld de, os_stack_2 
1bb7 c3 c3 1b			jp hlfromsttackmv 
1bba			 
1bba			hlfromstack3:  
1bba 11 94 e2			ld de, os_stack_3 
1bbd c3 c3 1b			jp hlfromsttackmv 
1bc0			 
1bc0			hlfromstack4:  
1bc0 11 91 e2			ld de, os_stack_4 
1bc3			 
1bc3			hlfromsttackmv: 
1bc3 eb				ex de, hl 
1bc4			 
1bc4			hltostackmv: 
1bc4			 
1bc4				; do stack move 
1bc4 c5				push bc 
1bc5 01 03 00			ld bc, 3 
1bc8 ed b0			ldir  
1bca c1				pop bc	 
1bcb c9				ret 
1bcc			 
1bcc			; eof 
1bcc			 
# End of file forth_stackopsv5.asm
1bcc			endif 
1bcc			loadwordinhl:	 
1bcc			 
1bcc d5				push de 
1bcd			 
1bcd 5e				ld e, (hl) 
1bce 23				inc hl 
1bcf 56				ld d, (hl) 
1bd0 eb				ex de,hl  
1bd1			 
1bd1 d1				pop de 
1bd2			 
1bd2 c9				ret 
1bd3			 
1bd3			user_word_eol:  
1bd3				; hl contains the pointer to where to create a linked list item from the end 
1bd3				; of the user dict to continue on at the system word dict 
1bd3				 
1bd3				; poke the stub of the word list linked list to repoint to rom words 
1bd3			 
1bd3				; stub format 
1bd3				; db   word id 
1bd3				; dw    link to next word 
1bd3			        ; db char length of token 
1bd3				; db string + 0 term 
1bd3				; db exec code....  
1bd3			 
1bd3			;	ld a, WORD_SYS_ROOT     ; root word 
1bd3 36 00			ld (hl), WORD_SYS_ROOT		; word id 
1bd5 23				inc hl 
1bd6			 
1bd6 11 7f 1d			ld de, sysdict 
1bd9 73				ld (hl), e		; next word link ie system dict 
1bda 23				inc hl 
1bdb 72				ld (hl), d		; next word link ie system dict 
1bdc 23				inc hl	 
1bdd			 
1bdd			;	ld (hl), sysdict		; next word link ie system dict 
1bdd			;	inc hl 
1bdd			;	inc hl 
1bdd			 
1bdd			;	inc hl 
1bdd			;	inc hl 
1bdd			 
1bdd			;	ld a, 2			; word length is 0 
1bdd 36 02			ld (hl), 2 
1bdf 23				inc hl 
1be0			 
1be0			;	ld a, '~'			; word length is 0 
1be0 36 7e			ld (hl), '~' 
1be2 23				inc hl 
1be3			;	ld a, 0			; save empty word 
1be3 36 00			ld (hl), 0 
1be5			 
1be5 c9				ret 
1be6			 
1be6				 
1be6			 
1be6			forthexec_cleanup: 
1be6				FORTH_RSP_POP 
1be6 cd d0 18			call macro_forth_rsp_pop 
1be9				endm 
# End of macro FORTH_RSP_POP
1be9 c9				ret 
1bea			 
1bea			forth_call_hl: 
1bea				; taking hl 
1bea e5				push hl 
1beb c9				ret 
1bec			 
1bec			; this is called to reset Forth system but keep existing uwords etc 
1bec			 
1bec			forth_warmstart: 
1bec				; setup stack over/under flow checks 
1bec				if DEBUG_FORTH_STACK_GUARD 
1bec cd 0c 57				call chk_stk_init 
1bef				endif 
1bef			 
1bef				; init stack pointers  - * these stacks go upwards *  
1bef 21 88 e9			ld hl, cli_ret_stack 
1bf2 22 ce e9			ld (cli_ret_sp), hl	 
1bf5				; set bottom of stack 
1bf5			;	ld a,0 
1bf5 36 00			ld (hl),0 
1bf7 23				inc hl 
1bf8 36 00			ld (hl),0 
1bfa			 
1bfa 21 04 e8			ld hl, cli_data_stack 
1bfd 22 ca e9			ld (cli_data_sp), hl	 
1c00				; set bottom of stack 
1c00			;	ld a,0 
1c00 36 00			ld (hl),0 
1c02 23				inc hl 
1c03 36 00			ld (hl),0 
1c05			 
1c05 21 06 e9			ld hl, cli_loop_stack 
1c08 22 cc e9			ld (cli_loop_sp), hl	 
1c0b				; set bottom of stack 
1c0b			;	ld a,0 
1c0b 36 00			ld (hl),0 
1c0d 23				inc hl 
1c0e 36 00			ld (hl),0 
1c10			 
1c10				; init extent of current open file 
1c10			 
1c10 3e 00			ld a, 0 
1c12 32 5f ea			ld (store_openext), a 
1c15			 
1c15 c9				ret 
1c16			 
1c16			 
1c16			 
1c16			; Cold Start - this is called to setup the whole Forth system 
1c16			 
1c16			forth_init: 
1c16			 
1c16				; setup stack over/under flow checks 
1c16			 
1c16			;	if DEBUG_FORTH_STACK_GUARD 
1c16			;		call chk_stk_init 
1c16			;	endif 
1c16			 
1c16				; enable auto display updates (slow.....) 
1c16			 
1c16 3e 01			ld a, 1 
1c18 32 18 ea			ld (cli_autodisplay), a 
1c1b			 
1c1b				; if storage is in use disable long reads for now 
1c1b 3e 00			ld a, 0 
1c1d 32 6a ea			ld (store_longread), a 
1c20			 
1c20			 
1c20				; show start up screen 
1c20			 
1c20 cd b9 09			call clear_display 
1c23			 
1c23 3e 00			ld a,0 
1c25 32 3a ea			ld (f_cursor_ptr), a 
1c28			 
1c28				; set start of word list in start of ram - for use when creating user words 
1c28			 
1c28 21 4e 5b			ld hl, baseram 
1c2b 22 9a e5			ld (os_last_new_uword), hl 
1c2e cd d3 1b			call user_word_eol 
1c31				 
1c31			;		call display_data_sp 
1c31			;		call next_page_prompt 
1c31			 
1c31			 
1c31			 
1c31			 
1c31 c9				ret 
1c32			 
1c32 .. 00		.bootforth: db " Forth Kernel Init ",0 
1c46			 
1c46			; TODO push to stack 
1c46			 
1c46			;  
1c46			 
1c46			if FORTH_PARSEV2 
1c46			 
1c46			 
1c46				include "forth_parserv2.asm" 
1c46			 
1c46			endif 
1c46			 
1c46			 
1c46			; parse cli version 1 
1c46			 
1c46			if FORTH_PARSEV1 
1c46			 
1c46			 
1c46			 
1c46			      include "forth_parserv1.asm" 
1c46			endif 
1c46				 
1c46			if FORTH_PARSEV3 
1c46			      include "forth_parserv3.asm" 
1c46				include "forth_wordsv3.asm" 
1c46			endif 
1c46			 
1c46			if FORTH_PARSEV4 
1c46			      include "forth_parserv4.asm" 
1c46				include "forth_wordsv4.asm" 
1c46			endif 
1c46			 
1c46			if FORTH_PARSEV5 
1c46			      include "forth_parserv5.asm" 
1c46				include "forth_wordsv4.asm" 
1c46			endif 
1c46			 
1c46			if FORTH_PARSEV6 
1c46			      include "forth_parserv6.asm" 
1c46			 
1c46			 
1c46			; A better parser without using malloc and string copies all over the place.  
1c46			; Exec in situ should be faster 
1c46			 
1c46			;WORD_SYS_LOWPRIM: equ 4    ; Offset for low level prim words opcode 
1c46			;WORD_SYS_BRANCH: equ 10    ; Offset for branching and loop words opcode 
1c46			WORD_SYS_UWORD: equ 1   ; Opcode for all user words 
1c46			WORD_SYS_DELETED: equ 3 ; Op code for a deleted UWORD 
1c46			WORD_SYS_ROOT: equ 0   ; Opcode for all user words 
1c46			WORD_SYS_END: equ 0   ; Opcode for all user words 
1c46			WORD_SYS_CORE: equ 20    ; Offset for dict core words opcode 
1c46			WORD_FLAG_CODE: equ 0	   ; opcodeflag to exec pure code for this word 
1c46			WORD_FLAG_JP: equ 1	   ; opcodeflag to list zero term jump table words 
1c46			 
1c46			; Core word preamble macro 
1c46			 
1c46			CWHEAD:   macro nxtword opcode lit len opflags 
1c46				db WORD_SYS_CORE+opcode             
1c46				; internal op code number 
1c46				dw nxtword            
1c46				; link to next dict word block 
1c46				db len + 1 
1c46				; literal length of dict word inc zero term 
1c46				db lit,0              
1c46				; literal dict word 
1c46			        ; TODO db opflags        
1c46				endm 
1c46			 
1c46			 
1c46			NEXTW: macro  
1c46				call parse_vector 
1c46				jp macro_next 
1c46				endm 
1c46			 
1c46			macro_next: 
1c46			if DEBUG_FORTH_PARSE_EXEC 
1c46				DMARK "NXT" 
1c46				CALLMONITOR 
1c46			endif	 
1c46			;	inc hl  ; skip token null term  
1c46 ed 4b 1c ea		ld bc,(cli_ptr)   ; move to next token to parse in the input stream 
1c4a ed 5b 1a ea		ld de,(cli_origptr)   ; move to next token to parse in the input stream 
1c4e 2a 9e e5			ld hl,(os_tok_ptr)   ; move to next token to parse in the input stream 
1c51			if DEBUG_FORTH_PARSE_EXEC 
1c51				DMARK "}AA" 
1c51				CALLMONITOR 
1c51			endif	 
1c51 c3 36 1d			jp execnext 
1c54				;jp exec1 
1c54			       
1c54			 
1c54			 
1c54			; Another go at the parser to compile  
1c54			 
1c54			 
1c54			; TODO rework parser to change all of the string words to byte tokens 
1c54			; TODO do a search for  
1c54			 
1c54			; TODO first run normal parser to zero term sections 
1c54			; TODO for each word do a token look up to get the op code 
1c54			; TODO need some means to flag to the exec that this is a byte code form    
1c54			 
1c54			 
1c54			forthcompile: 
1c54			 
1c54			; 
1c54			; line parse: 
1c54			;       parse raw input buffer 
1c54			;       tokenise the words 
1c54			;       malloc new copy (for looping etc) 
1c54			;       copy to malloc + current pc in line to start of string and add line term 
1c54			;       save on new rsp 
1c54			; 
1c54			 
1c54			; hl to point to the line to tokenise 
1c54			 
1c54			;	push hl 
1c54 22 9e e5			ld (os_tok_ptr), hl  ; save ptr to string 
1c57			 
1c57			;	ld a,0		; string term on input 
1c57			;	call strlent 
1c57			 
1c57			;	ld (os_tok_len), hl	 ; save string length 
1c57			 
1c57			;if DEBUG_FORTH_TOK 
1c57			;	ex de,hl		 
1c57			;endif 
1c57			 
1c57			;	pop hl 		; get back string pointer 
1c57			 
1c57			if DEBUG_FORTH_TOK 
1c57						DMARK "TOc" 
1c57				CALLMONITOR 
1c57			endif 
1c57 7e			.cptoken2:    ld a,(hl) 
1c58 23				inc hl 
1c59 fe 7f			cp FORTH_END_BUFFER 
1c5b 28 26			jr z, .cptokendone2 
1c5d			;	cp 0 
1c5d b7				or a 
1c5e 28 23			jr z, .cptokendone2 
1c60 fe 22			cp '"' 
1c62 28 0a			jr z, .cptokenstr2     ; will want to skip until end of string delim 
1c64 fe 20			cp ' ' 
1c66 20 ef			jr nz,  .cptoken2 
1c68			 
1c68			; TODO consume comments held between ( and ) 
1c68			 
1c68				; we have a space so change to zero term for dict match later 
1c68 2b				dec hl 
1c69			;	ld a,0 
1c69 36 00			ld (hl), 0 
1c6b 23				inc hl 
1c6c 18 e9			jr .cptoken2 
1c6e				 
1c6e			 
1c6e			.cptokenstr2: 
1c6e				; skip all white space until either eol (because forgot to term) or end double quote 
1c6e			        ;   if double quotes spotted ensure to skip any space sep until matched doble quote 
1c6e				;inc hl ; skip current double quote 
1c6e 7e				ld a,(hl) 
1c6f 23				inc hl 
1c70 fe 22			cp '"' 
1c72 28 e3			jr z, .cptoken2 
1c74 fe 7f			cp FORTH_END_BUFFER 
1c76 28 0b			jr z, .cptokendone2 
1c78			;	cp 0 
1c78 b7				or a 
1c79 28 08			jr z, .cptokendone2 
1c7b fe 20			cp ' ' 
1c7d 28 02			jr z, .cptmp2 
1c7f 18 ed			jr .cptokenstr2 
1c81			 
1c81			.cptmp2:	; we have a space so change to zero term for dict match later 
1c81				;dec hl 
1c81				;ld a,"-"	; TODO remove this when working 
1c81				;ld (hl), a 
1c81				;inc hl 
1c81 18 eb			jr .cptokenstr2 
1c83			 
1c83			.cptokendone2: 
1c83				;inc hl 
1c83			;	ld a, FORTH_END_BUFFER 
1c83 36 7f			ld (hl),FORTH_END_BUFFER 
1c85			;	inc hl 
1c85			;	ld a, '!' 
1c85			;	ld (hl),a 
1c85			 
1c85 2a 9e e5			ld hl,(os_tok_ptr) 
1c88			         
1c88			if DEBUG_FORTH_TOK 
1c88						DMARK "Tc1" 
1c88				CALLMONITOR 
1c88			endif 
1c88			 
1c88				; push exec string to top of return stack 
1c88				FORTH_RSP_NEXT 
1c88 cd af 18			call macro_forth_rsp_next 
1c8b				endm 
# End of macro FORTH_RSP_NEXT
1c8b c9				ret 
1c8c			 
1c8c			; Another go at the parser need to simplify the process 
1c8c			 
1c8c			forthparse: 
1c8c			 
1c8c			; 
1c8c			; line parse: 
1c8c			;       parse raw input buffer 
1c8c			;       tokenise the words 
1c8c			;       malloc new copy (for looping etc) 
1c8c			;       copy to malloc + current pc in line to start of string and add line term 
1c8c			;       save on new rsp 
1c8c			; 
1c8c			 
1c8c			; hl to point to the line to tokenise 
1c8c			 
1c8c			;	push hl 
1c8c 22 9e e5			ld (os_tok_ptr), hl  ; save ptr to string 
1c8f			 
1c8f			;	ld a,0		; string term on input 
1c8f			;	call strlent 
1c8f			 
1c8f			;	ld (os_tok_len), hl	 ; save string length 
1c8f			 
1c8f			;if DEBUG_FORTH_TOK 
1c8f			;	ex de,hl		 
1c8f			;endif 
1c8f			 
1c8f			;	pop hl 		; get back string pointer 
1c8f			 
1c8f			if DEBUG_FORTH_TOK 
1c8f						DMARK "TOK" 
1c8f				CALLMONITOR 
1c8f			endif 
1c8f 7e			.ptoken2:    ld a,(hl) 
1c90 23				inc hl 
1c91 fe 7f			cp FORTH_END_BUFFER 
1c93 28 26			jr z, .ptokendone2 
1c95			;	cp 0 
1c95 b7				or a 
1c96 28 23			jr z, .ptokendone2 
1c98 fe 22			cp '"' 
1c9a 28 0a			jr z, .ptokenstr2     ; will want to skip until end of string delim 
1c9c fe 20			cp ' ' 
1c9e 20 ef			jr nz,  .ptoken2 
1ca0			 
1ca0			; TODO consume comments held between ( and ) 
1ca0			 
1ca0				; we have a space so change to zero term for dict match later 
1ca0 2b				dec hl 
1ca1			;	ld a,0 
1ca1 36 00			ld (hl), 0 
1ca3 23				inc hl 
1ca4 18 e9			jr .ptoken2 
1ca6				 
1ca6			 
1ca6			.ptokenstr2: 
1ca6				; skip all white space until either eol (because forgot to term) or end double quote 
1ca6			        ;   if double quotes spotted ensure to skip any space sep until matched doble quote 
1ca6				;inc hl ; skip current double quote 
1ca6 7e				ld a,(hl) 
1ca7 23				inc hl 
1ca8 fe 22			cp '"' 
1caa 28 e3			jr z, .ptoken2 
1cac fe 7f			cp FORTH_END_BUFFER 
1cae 28 0b			jr z, .ptokendone2 
1cb0			;	cp 0 
1cb0 b7				or a 
1cb1 28 08			jr z, .ptokendone2 
1cb3 fe 20			cp ' ' 
1cb5 28 02			jr z, .ptmp2 
1cb7 18 ed			jr .ptokenstr2 
1cb9			 
1cb9			.ptmp2:	; we have a space so change to zero term for dict match later 
1cb9				;dec hl 
1cb9				;ld a,"-"	; TODO remove this when working 
1cb9				;ld (hl), a 
1cb9				;inc hl 
1cb9 18 eb			jr .ptokenstr2 
1cbb			 
1cbb			.ptokendone2: 
1cbb				;inc hl 
1cbb			;	ld a, FORTH_END_BUFFER 
1cbb 36 7f			ld (hl),FORTH_END_BUFFER 
1cbd			;	inc hl 
1cbd			;	ld a, '!' 
1cbd			;	ld (hl),a 
1cbd			 
1cbd 2a 9e e5			ld hl,(os_tok_ptr) 
1cc0			         
1cc0			if DEBUG_FORTH_TOK 
1cc0						DMARK "TK1" 
1cc0				CALLMONITOR 
1cc0			endif 
1cc0			 
1cc0				; push exec string to top of return stack 
1cc0				FORTH_RSP_NEXT 
1cc0 cd af 18			call macro_forth_rsp_next 
1cc3				endm 
# End of macro FORTH_RSP_NEXT
1cc3 c9				ret 
1cc4			 
1cc4			; 
1cc4			;	; malloc size + buffer pointer + if is loop flag 
1cc4			;	ld hl,(os_tok_len) 		 ; get string length 
1cc4			; 
1cc4			;	ld a,l 
1cc4			; 
1cc4			;	cp 0			; we dont want to use a null string 
1cc4			;	ret z 
1cc4			; 
1cc4			;;	add 3    ; prefix malloc with buffer for current word ptr 
1cc4			; 
1cc4			;	add 5     ; TODO when certain not over writing memory remove 
1cc4			; 
1cc4			;		 
1cc4			; 
1cc4			;if DEBUG_FORTH_TOK 
1cc4			;			DMARK "TKE" 
1cc4			;	CALLMONITOR 
1cc4			;endif 
1cc4			; 
1cc4			;	ld l,a 
1cc4			;	ld h,0 
1cc4			;;	push hl   ; save required space for the copy later 
1cc4			;	call malloc 
1cc4			;if DEBUG_FORTH_TOK 
1cc4			;			DMARK "TKM" 
1cc4			;	CALLMONITOR 
1cc4			;endif 
1cc4			;	if DEBUG_FORTH_MALLOC_GUARD 
1cc4			;		push af 
1cc4			;		call ishlzero 
1cc4			;;		ld a, l 
1cc4			;;		add h 
1cc4			;;		cp 0 
1cc4			;		pop af 
1cc4			;		 
1cc4			;		call z,malloc_error 
1cc4			;	endif 
1cc4			;	ld (os_tok_malloc), hl	 ; save malloc ptr 
1cc4			; 
1cc4			; 
1cc4			;if DEBUG_FORTH_TOK 
1cc4			;			DMARK "TKR" 
1cc4			;	CALLMONITOR 
1cc4			;endif 
1cc4			; 
1cc4			;	FORTH_RSP_NEXT 
1cc4			; 
1cc4			;	;inc hl	 ; go past current buffer pointer 
1cc4			;	;inc hl 
1cc4			;	;inc hl   ; and past if loop flag 
1cc4			;		; TODO Need to set flag  
1cc4			; 
1cc4			;	 
1cc4			;	 
1cc4			;	ex de,hl	; malloc is dest 
1cc4			;	ld hl, (os_tok_len) 
1cc4			;;	pop bc 
1cc4			;	ld c, l                
1cc4			;	ld b,0 
1cc4			;	ld hl, (os_tok_ptr) 
1cc4			; 
1cc4			;if DEBUG_FORTH_TOK 
1cc4			;			DMARK "TKT" 
1cc4			;	CALLMONITOR 
1cc4			;endif 
1cc4			; 
1cc4			;	; do str cpy 
1cc4			; 
1cc4			;	ldir      ; copy byte in hl to de 
1cc4			; 
1cc4			;	; set end of buffer to high bit on zero term and use that for end of buffer scan 
1cc4			; 
1cc4			;if DEBUG_FORTH_TOK 
1cc4			; 
1cc4			;			DMARK "TKY" 
1cc4			;	CALLMONITOR 
1cc4			;endif 
1cc4			;	;ld a,0 
1cc4			;	;ld a,FORTH_END_BUFFER 
1cc4			;	ex de, hl 
1cc4			;	;dec hl			 ; go back over the space delim at the end of word 
1cc4			;	;ld (hl),a 
1cc4			;	;inc hl                    ;  TODO double check this. Going past the end of string to make sure end of processing buffer is marked 
1cc4			;	ld a,FORTH_END_BUFFER 
1cc4			;	ld (hl),a 
1cc4			;	inc hl 
1cc4			;	ld a,FORTH_END_BUFFER 
1cc4			;	ld (hl),a 
1cc4			; 
1cc4			;	; init the malloc area data 
1cc4			;	; set pc for in current area 
1cc4			;	;ld hl, (os_tok_malloc) 
1cc4			;	;inc hl 
1cc4			;	;inc hl 
1cc4			;	;inc hl 
1cc4			;	;ex de,hl 
1cc4			;	;ld hl, (os_tok_malloc) 
1cc4			;	;ld (hl),e 
1cc4			;	;inc hl 
1cc4			;	;ld (hl),d 
1cc4			; 
1cc4			; 
1cc4			;	ld hl,(os_tok_malloc) 
1cc4			;if DEBUG_FORTH_PARSE_KEY 
1cc4			;			DMARK "TKU" 
1cc4			;	CALLMONITOR 
1cc4			;endif 
1cc4			; 
1cc4			;	ret 
1cc4			 
1cc4			forthexec: 
1cc4			 
1cc4			; line exec: 
1cc4			; forth parser 
1cc4			 
1cc4			; 
1cc4			;       get current exec line on rsp 
1cc4			 
1cc4				FORTH_RSP_TOS 
1cc4 cd c6 18			call macro_forth_rsp_tos 
1cc7				endm 
# End of macro FORTH_RSP_TOS
1cc7			 
1cc7			;       restore current pc - hl points to malloc of data 
1cc7			 
1cc7				;ld e, (hl) 
1cc7				;inc hl 
1cc7				;ld d, (hl) 
1cc7				;ex de,hl 
1cc7			 
1cc7			 
1cc7			exec1: 
1cc7 22 9e e5			ld (os_tok_ptr), hl                 ; here move out of repeated saving in this tight loop 
1cca			 
1cca				; copy our PC to working vars  
1cca 22 1c ea			ld (cli_ptr), hl                    ; here 
1ccd 22 1a ea			ld (cli_origptr), hl                ; here 
1cd0			 
1cd0 7e				ld a,(hl)                           ; here make hl be the ram ptr 
1cd1 fe 7f			cp FORTH_END_BUFFER 
1cd3 c8				ret z 
1cd4			 
1cd4				; skip any nulls 
1cd4			 
1cd4			;	cp 0 
1cd4 b7				or a 
1cd5 20 03			jr nz, .execword 
1cd7 23				inc hl 
1cd8 18 ed			jr exec1 
1cda			 
1cda			 
1cda			.execword: 
1cda			 
1cda			 
1cda			 
1cda			if DEBUG_FORTH_PARSE_EXEC 
1cda						DMARK "KYQ" 
1cda				CALLMONITOR 
1cda			endif 
1cda			;       while at start of word: 
1cda			; get start of dict (in user area first) 
1cda			 
1cda 21 4e 5b		ld hl, baseram 
1cdd			;ld hl, sysdict 
1cdd 22 1e ea		ld (cli_nextword),hl                            ; here do we need to do this? 
1ce0			;           match word at pc 
1ce0			;           exec word 
1ce0			;           or push to dsp 
1ce0			;           forward to next token 
1ce0			;           if line term pop rsp and exit 
1ce0			;        
1ce0			 
1ce0			if DEBUG_FORTH_PARSE_EXEC 
1ce0						DMARK "KYq" 
1ce0				CALLMONITOR 
1ce0			endif 
1ce0			 
1ce0			; 
1ce0			; word comp 
1ce0			;    get compiled byte and save it (need to decide if code is compiled or not for comparison) 
1ce0			;    if byte is 0 then end parsing and report failed lookup (or could be something to add to stack etc) 
1ce0			;    move to start of word  
1ce0			;    compare word to cli_token 
1ce0			 
1ce0			.execpnword:	; HL at start of a word in the dictionary to check 
1ce0			 
1ce0 2a 1e ea			ld hl,(cli_nextword)                  ; here remove the need to store???? 
1ce3			 
1ce3 cd 78 1d			call forth_tok_next 
1ce6			; tok next end here 
1ce6 22 1e ea			ld (cli_nextword), hl     ; save for next check if no match on this word 
1ce9 eb				ex de, hl 
1cea			 
1cea			 
1cea				; save the pointer of the current token - 1 to check against 
1cea				 
1cea 22 22 ea			ld (cli_token), hl   
1ced				; TODO maybe remove below save if no debug 
1ced				; save token string ptr for any debug later 
1ced 23				inc hl  
1cee 22 24 ea			ld (cli_origtoken), hl 
1cf1 2b				dec hl 
1cf2				; save pointer to the start of the next dictionay word 
1cf2 7e				ld a,(hl)   ; get string length 
1cf3			;	ld b,a 
1cf3			;.execpnwordinc:  
1cf3			;	inc hl 
1cf3			;	djnz .execpnwordinc 
1cf3 06 00			ld b, 0 
1cf5 4f				ld c, a 
1cf6 09				add hl, bc 
1cf7 22 20 ea			ld (cli_execword), hl      ; save start of this words code 
1cfa			 
1cfa				; now check the word token against the string being parsed 
1cfa			 
1cfa 2a 22 ea			ld hl,(cli_token) 
1cfd 23				inc hl     ; skip string length (use zero term instead to end) 
1cfe				;ld (cli_token), hl 
1cfe			 
1cfe			.execpnchar:    ; compare char between token and string to parse 
1cfe			 
1cfe			 
1cfe				;ld hl, (cli_token)     ; the dict word  
1cfe ed 5b 1c ea		ld de, (cli_ptr)     ; cli to parse 
1d02			 
1d02			 
1d02			.execpncharl:    ; compare char between token and string to parse (loop) 
1d02			 
1d02 1a				ld a,(de) 
1d03 cd 48 0f			call toUpper 		; make sure the input string matches case 
1d06 be				cp (hl) 
1d07			 
1d07 c2 1f 1d			jp nz, .execpnskipword	 ; no match so move to next word 
1d0a				 
1d0a			;    if same 
1d0a			;       scan for string terms 0 for token and 32 for input 
1d0a 46				ld b,(hl) 
1d0b 80				add b			 
1d0c 23				inc hl 
1d0d 13				inc de 
1d0e b7				or a 
1d0f			;	cp 0			 ; add both chars together, if 32 then other must be 0 so at end of string we are parsing? 
1d0f							; TODO need to make sure last word in zero term string is accounted for 
1d0f 20 f1			jr nz, .execpncharl 		 ; not at end of strings yet 
1d11			 
1d11			 
1d11				; at end of both strings so both are exact match 
1d11			 
1d11			;       skip ptr for next word 
1d11			 
1d11 2a 1c ea			ld hl,(cli_ptr) 	; at input string term 
1d14 23				inc hl			 ; at next char 
1d15 22 1c ea			ld (cli_ptr), hl     ; save for next round of the parser 
1d18 22 1a ea			ld (cli_origptr), hl     ; save for any restart of current string ie a number or string to push to data stack 
1d1b				 
1d1b				 
1d1b			 
1d1b			 
1d1b			 
1d1b			;       exec code block 
1d1b			if DEBUG_FORTH_JP 
1d1b				call clear_display 
1d1b				call update_display 
1d1b				call delay1s 
1d1b				ld hl, (cli_execword)     ; save for next check if no match on this word 
1d1b				ld a,h 
1d1b				ld hl, os_word_scratch 
1d1b				call hexout 
1d1b				ld hl, (cli_execword)     ; save for next check if no match on this word 
1d1b				ld a,l 
1d1b				ld hl, os_word_scratch+2 
1d1b				call hexout 
1d1b				ld hl, os_word_scratch+4 
1d1b			;	ld a,0 
1d1b				ld (hl),0 
1d1b				ld de,os_word_scratch 
1d1b				call str_at_display 
1d1b					ld a, display_row_2 
1d1b					call str_at_display 
1d1b				ld de, (cli_origtoken) 
1d1b				ld a, display_row_1+10 
1d1b					call str_at_display 
1d1b			 
1d1b				ld a,display_row_1 
1d1b				ld de, .foundword 
1d1b				ld a, display_row_3 
1d1b				call str_at_display 
1d1b				call update_display 
1d1b				call delay1s 
1d1b				call delay1s 
1d1b				call delay1s 
1d1b			endif 
1d1b			 
1d1b			if DEBUG_FORTH_PARSE_EXEC 
1d1b						DMARK "KYj" 
1d1b			endif 
1d1b				; TODO save the word pointer in this exec 
1d1b			 
1d1b 2a 20 ea			ld hl,(cli_execword) 
1d1e e9				jp (hl) 
1d1f			 
1d1f			 
1d1f			;    if not same 
1d1f			;	scan for zero term 
1d1f			;	get ptr for next word 
1d1f			;	goto word comp 
1d1f			 
1d1f			.execpnskipword:	; get pointer to next word 
1d1f 2a 1e ea			ld hl,(cli_nextword) 
1d22			 
1d22 7e				ld a,(hl) 
1d23 fe 00			cp WORD_SYS_END 
1d25			;	cp 0 
1d25 28 09			jr z, .execendofdict			 ; at end of words 
1d27			 
1d27			if DEBUG_FORTH_PARSE_EXEC 
1d27						DMARK "KY4" 
1d27			endif 
1d27			if DEBUG_FORTH_PARSE_EXEC 
1d27			 
1d27				; see if disabled 
1d27			 
1d27			;	ld a, (os_view_disable) 
1d27			;	cp '*' 
1d27				ld a,(debug_vector) 
1d27				cp $c9   ; RET 
1d27				jr z, .noskip 
1d27			 
1d27			 
1d27				ld de, .nowordfound 
1d27				ld a, display_row_3 
1d27				call str_at_display 
1d27				call update_display 
1d27				ld a, 100 
1d27				call aDelayInMS 
1d27				 
1d27				if DEBUG_FORTH_PARSE_EXEC_SLOW 
1d27					call delay250ms 
1d27				endif 
1d27			.noskip:  
1d27			 
1d27			endif	 
1d27			 
1d27 2a 1a ea			ld hl,(cli_origptr) 
1d2a 22 1c ea			ld (cli_ptr),hl 
1d2d			 
1d2d			if DEBUG_FORTH_PARSE_EXEC 
1d2d						DMARK "KY5" 
1d2d			endif 
1d2d c3 e0 1c			jp .execpnword			; else go to next word 
1d30			 
1d30			.execendofdict:  
1d30			 
1d30			if DEBUG_FORTH_PARSE_EXEC 
1d30						DMARK "KYe" 
1d30			endif 
1d30			if DEBUG_FORTH_PARSE_EXEC 
1d30				; see if disabled 
1d30			 
1d30			;	ld a, (os_view_disable) 
1d30			;	cp '*' 
1d30				ld a,(debug_vector) 
1d30				cp $c9   ; ret 
1d30				jr z, .ispskip 
1d30			 
1d30				call clear_display 
1d30				call update_display 
1d30				call delay1s 
1d30				ld de, (cli_origptr) 
1d30				ld a, display_row_1 
1d30				call str_at_display 
1d30				 
1d30				ld de, .enddict 
1d30				ld a, display_row_3 
1d30				call str_at_display 
1d30				call update_display 
1d30				ld a, 100 
1d30				call aDelayInMS 
1d30				if DEBUG_FORTH_PARSE_EXEC_SLOW 
1d30				call delay1s 
1d30				call delay1s 
1d30				call delay1s 
1d30				endif 
1d30			.ispskip:  
1d30				 
1d30			endif	 
1d30			 
1d30			 
1d30			 
1d30				; if the word is not a keyword then must be a literal so push it to stack 
1d30			 
1d30			; push token to stack to end of word 
1d30			 
1d30				STACKFRAME ON $1efe $2f9f 
1d30				if DEBUG_STACK_IMB 
1d30					if ON 
1d30						exx 
1d30						ld de, $1efe 
1d30						ld a, d 
1d30						ld hl, curframe 
1d30						call hexout 
1d30						ld a, e 
1d30						ld hl, curframe+2 
1d30						call hexout 
1d30						ld hl, $1efe 
1d30						push hl 
1d30						ld hl, $2f9f 
1d30						push hl 
1d30						exx 
1d30					endif 
1d30				endif 
1d30			endm 
# End of macro STACKFRAME
1d30			 
1d30 2a 9e e5		ld hl,(os_tok_ptr) 
1d33 cd 12 1a		call forth_apush 
1d36			 
1d36				STACKFRAMECHK ON $1efe $2f9f 
1d36				if DEBUG_STACK_IMB 
1d36					if ON 
1d36						exx 
1d36						ld hl, $2f9f 
1d36						pop de   ; $2f9f 
1d36						call cmp16 
1d36						jr nz, .spnosame 
1d36						ld hl, $1efe 
1d36						pop de   ; $1efe 
1d36						call cmp16 
1d36						jr z, .spfrsame 
1d36						.spnosame: call showsperror 
1d36						.spfrsame: nop 
1d36						exx 
1d36					endif 
1d36				endif 
1d36			endm 
# End of macro STACKFRAMECHK
1d36			 
1d36			execnext: 
1d36			 
1d36			if DEBUG_FORTH_PARSE_EXEC 
1d36						DMARK "KY>" 
1d36			endif 
1d36			; move past token to next word 
1d36			 
1d36 2a 9e e5		ld hl, (os_tok_ptr) 
1d39 3e 00		ld a, 0 
1d3b 01 ff 00		ld bc, 255     ; input buffer size 
1d3e ed b1		cpir 
1d40			 
1d40			if DEBUG_FORTH_PARSE_EXEC 
1d40						DMARK "KY!" 
1d40				CALLMONITOR 
1d40			endif	 
1d40			; TODO this might place hl on the null, so will need to forward on??? 
1d40			;inc hl   ; see if this gets onto the next item 
1d40			 
1d40			 
1d40			; TODO pass a pointer to the buffer to push 
1d40			; TODO call function to push 
1d40			 
1d40			; look for end of input 
1d40			 
1d40			;inc hl 
1d40			;ld a,(hl) 
1d40			;cp FORTH_END_BUFFER 
1d40			;ret z 
1d40			 
1d40			 
1d40 c3 c7 1c		jp exec1 
1d43			 
1d43			 
1d43			 
1d43			 
1d43			 
1d43			 
1d43			 
1d43			 
1d43			 
1d43			findnexttok: 
1d43			 
1d43				; hl is pointer to move 
1d43				; de is the token to locate 
1d43			 
1d43					if DEBUG_FORTH 
1d43						DMARK "NTK" 
1d43						CALLMONITOR 
1d43					endif 
1d43 d5				push de 
1d44			 
1d44			.fnt1:	 
1d44				; find first char of token to locate 
1d44			 
1d44 1a				ld a, (de) 
1d45 4f				ld c,a 
1d46 7e				ld a,(hl) 
1d47 cd 48 0f			call toUpper 
1d4a					if DEBUG_FORTH 
1d4a						DMARK "NT1" 
1d4a						CALLMONITOR 
1d4a					endif 
1d4a b9				cp c 
1d4b			 
1d4b 28 03			jr z, .fnt2cmpmorefirst	 
1d4d			 
1d4d				; first char not found move to next char 
1d4d			 
1d4d 23				inc hl 
1d4e 18 f4			jr .fnt1 
1d50			 
1d50			.fnt2cmpmorefirst:	 
1d50				; first char of token found.  
1d50			 
1d50 e5				push hl     ; save start of token just in case it is the right one 
1d51 d9				exx 
1d52 e1				pop hl        ; save it to hl' 
1d53 d9				exx 
1d54			 
1d54			 
1d54			.fnt2cmpmore:	 
1d54				; compare the rest 
1d54				 
1d54 23				inc hl 
1d55 13				inc de 
1d56				 
1d56 1a				ld a, (de) 
1d57 4f				ld c,a 
1d58 7e				ld a,(hl) 
1d59 cd 48 0f			call toUpper 
1d5c			 
1d5c					if DEBUG_FORTH 
1d5c						DMARK "NT2" 
1d5c						CALLMONITOR 
1d5c					endif 
1d5c				; c has the token to find char 
1d5c				; a has the mem to scan char 
1d5c			 
1d5c b9				cp c 
1d5d 28 04			jr z,.fntmatch1 
1d5f			 
1d5f				; they are not the same 
1d5f			 
1d5f					if DEBUG_FORTH 
1d5f						DMARK "NT3" 
1d5f						CALLMONITOR 
1d5f					endif 
1d5f d1				pop de	; reset de token to look for 
1d60 d5				push de 
1d61 18 e1			jr .fnt1 
1d63				 
1d63			.fntmatch1: 
1d63			 
1d63				; is the same char a null which means we might have a full hit? 
1d63					if DEBUG_FORTH 
1d63						DMARK "NT4" 
1d63						CALLMONITOR 
1d63					endif 
1d63			 
1d63			;	cp 0 
1d63 b7				or a 
1d64 28 0b			jr z, .fntmatchyes 
1d66			 
1d66				; are we at the end of the token to find? 
1d66			 
1d66					if DEBUG_FORTH 
1d66						DMARK "NT5" 
1d66						CALLMONITOR 
1d66					endif 
1d66 3e 00			ld a, 0 
1d68 b9				cp c 
1d69			 
1d69 c2 54 1d			jp nz, .fnt2cmpmore    ; no, so keep going to a direct hit 
1d6c			 
1d6c					if DEBUG_FORTH 
1d6c						DMARK "NT6" 
1d6c						CALLMONITOR 
1d6c					endif 
1d6c				; token to find is exhusted but no match to stream 
1d6c			 
1d6c				; restore tok pointer and continue on 
1d6c d1				pop de 
1d6d d5				push de 
1d6e c3 44 1d			jp .fnt1 
1d71			 
1d71			 
1d71			.fntmatchyes: 
1d71			 
1d71				; hl now contains the end of the found token 
1d71			 
1d71				; get rid of saved token pointer to find 
1d71			 
1d71 d1				pop de 
1d72			 
1d72					if DEBUG_FORTH 
1d72						DMARK "NT9" 
1d72						CALLMONITOR 
1d72					endif 
1d72			 
1d72				; hl will be on the null term so forward on 
1d72			 
1d72				; get back the saved start of the token 
1d72			 
1d72 d9				exx 
1d73 e5				push hl     ; save start of token just in case it is the right one 
1d74 d9				exx 
1d75 e1				pop hl        ; save it to hl 
1d76			 
1d76 c9				ret 
1d77			 
1d77			 
1d77			; LIST needs to find a specific token   
1d77			; FORGET needs to find a spefici token 
1d77			 
1d77			; SAVE needs to find all tokens by flag 
1d77			; WORDS just needs to scan through all  by flag 
1d77			; UWORDS needs to scan through all by flag 
1d77			 
1d77			 
1d77			; given hl as pointer to start of dict look up string 
1d77			; return hl as pointer to start of word block 
1d77			; or 0 if not found 
1d77			 
1d77			forth_find_tok: 
1d77 c9				ret 
1d78			 
1d78			; given hl as pointer to dict structure 
1d78			; move to the next dict block structure 
1d78			 
1d78			forth_tok_next: 
1d78				; hl now points to the address of the next word pointer  
1d78				; TODO skip compiled symbol for now 
1d78			;	push de 
1d78 23				inc hl 
1d79 5e				ld e, (hl) 
1d7a 23				inc hl 
1d7b 56				ld d, (hl) 
1d7c 23				inc hl 
1d7d			 
1d7d eb				ex de,hl 
1d7e			if DEBUG_FORTH_PARSE_NEXTWORD 
1d7e				push bc 
1d7e				ld bc, (cli_nextword) 
1d7e						DMARK "NXW" 
1d7e				CALLMONITOR 
1d7e				pop bc 
1d7e			endif 
1d7e			;	pop de	 
1d7e c9				ret 
1d7f			 
1d7f			 
1d7f			 
1d7f			; eof 
# End of file forth_parserv6.asm
1d7f				include "forth_wordsv4.asm" 
1d7f			 
1d7f			; the core word dictionary v4 
1d7f			; https://www.complang.tuwien.ac.at/forth/gforth/Docs-html/Notation.html#Notation 
1d7f			 
1d7f			; this is a linked list for each of the system words used 
1d7f			; user defined words will follow the same format but will be in ram 
1d7f			 
1d7f			 
1d7f			; 
1d7f			; 
1d7f			; define linked list: 
1d7f			; 
1d7f			; 1. compiled byte op code 
1d7f			; 2. len of text word 
1d7f			; 3. text word 
1d7f			; 4. ptr to next dictionary word 
1d7f			; 5. asm, calls etc for the word 
1d7f			; 
1d7f			;  if 1 == 0 then last word in dict  
1d7f			;   
1d7f			; set the start of dictionary scanning to be in ram and the last word point to the system dict 
1d7f			;  
1d7f			;  
1d7f			; create basic standard set of words 
1d7f			; 
1d7f			;  
1d7f			; + - / * DUP EMIT . SWAP IF..THEN..ELSE DO..LOOP  : ; DROP  
1d7f			; 2DUP 2DROP 2SWAP  
1d7f			; @ C@ - get byte  
1d7f			; ! C! - store byte 
1d7f			; 0< true if less than zero 
1d7f			; 0= true if zero 
1d7f			; < >  
1d7f			; = true if same 
1d7f			; variables 
1d7f			 
1d7f			 
1d7f			; Hardware specific words I may need 
1d7f			; 
1d7f			; IN OUT  
1d7f			; calls to key util functions 
1d7f			; calls to hardward abstraction stuff 
1d7f			; easy control of frame buffers and lcd i/o 
1d7f			; keyboard  
1d7f			 
1d7f			 
1d7f			;DICT: macro 
1d7f			; op_code, len, word, next 
1d7f			;    word: 
1d7f			;    db op_code 
1d7f			;    ds word zero term 
1d7f			;    dw next 
1d7f			;    endm 
1d7f			 
1d7f			 
1d7f			 
1d7f			 
1d7f			; op code 1 is a flag for user define words which are to be handled differently 
1d7f			 
1d7f			 
1d7f			; 
1d7f			; 
1d7f			;    TODO on entry to a word this should be the expected environment 
1d7f			;    hl - tos value if number then held, if string this is the ptr 
1d7f			;    de -  
1d7f			 
1d7f			 
1d7f			; opcode ranges 
1d7f			; 0 - end of word dict 
1d7f			; 255 - user define words 
1d7f			 
1d7f			sysdict: 
1d7f			include "forth_opcodes.asm" 
1d7f			; op codes for forth keywords 
1d7f			 
1d7f			; Changing use of opcodes to flag is the word exists in compiled form or not.  
1d7f			; This provides a means to compile uwords if required for higher performance 
1d7f			; by avoiding the use of the keyword parser and just jumping directly to the code 
1d7f			; Actually there is already a flag for if the code exists as binary thinking about it... 
1d7f			 
1d7f			 
1d7f			 
1d7f			 
1d7f			 
1d7f			; free to use code 0  
1d7f				OPCODE_HEAP: equ  1 
1d7f				OPCODE_EXEC: equ 2 
1d7f				OPCODE_DUP: equ 3 
1d7f				OPCODE_SWAP: equ 4 
1d7f				OPCODE_COLN: equ 5 
1d7f				OPCODE_SCOLN: equ 6 
1d7f				OPCODE_DROP: equ 7 
1d7f				OPCODE_DUP2: equ 8 
1d7f				OPCODE_DROP2: equ 9 
1d7f				OPCODE_SWAP2: equ 10 
1d7f				OPCODE_AT: equ 11 
1d7f				OPCODE_CAT: equ 12 
1d7f				OPCODE_BANG: equ 13 
1d7f				OPCODE_CBANG: equ 14 
1d7f				OPCODE_SCALL: equ 15 
1d7f				OPCODE_DEPTH: equ 16 
1d7f				OPCODE_OVER: equ 17 
1d7f				OPCODE_PAUSE: equ 18 
1d7f				OPCODE_PAUSES: equ 19 
1d7f				OPCODE_ROT: equ 20 
1d7f			;free to reuse	OPCODE_WORDS: equ 21 
1d7f			        OPCODE_NOT: equ 21 
1d7f				OPCODE_UWORDS: equ 22 
1d7f				OPCODE_BP: equ 23 
1d7f				OPCODE_MONITOR: equ 24  
1d7f				OPCODE_MALLOC: equ 25 
1d7f				OPCODE_FREE: equ 26 
1d7f				OPCODE_LIST: equ 27 
1d7f				OPCODE_FORGET: equ 28 
1d7f				OPCODE_NOP: equ 29 
1d7f				OPCODE_COMO: equ 30 
1d7f				OPCODE_COMC: equ 31 
1d7f			;free to reuse	OPCODE_ENDCORE: equ 32 
1d7f				OPCODE_AFTERSOUND: equ 33 
1d7f				OPCODE_GP2: equ 34 
1d7f				OPCODE_GP3: equ 35 
1d7f				OPCODE_GP4: equ 36 
1d7f				OPCODE_SIN: equ 37 
1d7f				OPCODE_SOUT: equ 38 
1d7f				OPCODE_SPIO: equ 39 
1d7f				OPCODE_SPICEH: equ 40 
1d7f				OPCODE_SPIOb: equ 41 
1d7f				OPCODE_SPII: equ 42 
1d7f				OPCODE_SESEL: equ 43 
1d7f				OPCODE_CARTDEV: equ 44 
1d7f			; free to reuse	OPCODE_ENDDEVICE: equ 45 
1d7f				OPCODE_FB: equ 46 
1d7f				OPCODE_EMIT: equ 47 
1d7f				OPCODE_DOTH: equ 48 
1d7f				OPCODE_DOTF: equ 49 
1d7f				OPCODE_DOT: equ 50 
1d7f				OPCODE_CLS: equ 51 
1d7f				OPCODE_DRAW: equ 52 
1d7f				OPCODE_DUMP: equ 53 
1d7f				OPCODE_CDUMP: equ 54 
1d7f				OPCODE_DAT: equ 55 
1d7f				OPCODE_HOME: equ 56 
1d7f				OPCODE_SPACE: equ 57 
1d7f				OPCODE_SPACES: equ 58 
1d7f				OPCODE_SCROLL: equ 59 
1d7f				OPCODE_ATQ: equ 60 
1d7f				OPCODE_AUTODSP: equ 61 
1d7f				OPCODE_MENU: equ 62 
1d7f			; free to reuse	OPCODE_ENDDISPLAY: equ 63  
1d7f				OPCODE_THEN: equ 64 
1d7f				OPCODE_ELSE: equ 65 
1d7f				OPCODE_DO: equ 66 
1d7f				OPCODE_LOOP: equ 67 
1d7f				OPCODE_I: equ 68 
1d7f				OPCODE_DLOOP: equ 69  
1d7f				OPCODE_REPEAT: equ 70  
1d7f				OPCODE_UNTIL: equ 71 
1d7f				OPCODE_ENDFLOW: equ 72 
1d7f				OPCODE_WAITK: equ 73 
1d7f				OPCODE_ACCEPT: equ 74 
1d7f				OPCODE_EDIT: equ 75 
1d7f			;free to reuse	OPCODE_ENDKEY: equ 76 
1d7f				OPCODE_LZERO: equ 77 
1d7f				OPCODE_TZERO: equ 78 
1d7f				OPCODE_LESS: equ 79 
1d7f				OPCODE_GT: equ 80 
1d7f				OPCODE_EQUAL: equ 81  
1d7f			;free to reuse	OPCODE_ENDLOGIC: equ 82 
1d7f				OPCODE_NEG: equ 83 
1d7f				OPCODE_DIV: equ 84 
1d7f				OPCODE_MUL: equ 85 
1d7f				OPCODE_MIN: equ 86 
1d7f				OPCODE_MAX: equ 87 
1d7f				OPCODE_RND16: equ 88 
1d7f				OPCODE_RND8: equ 89 
1d7f				OPCODE_RND: equ 90 
1d7f			;free to reuse	OPCODE_ENDMATHS: equ 91  
1d7f				OPCODE_BYNAME: equ 92 
1d7f				OPCODE_DIR: equ 93 
1d7f				OPCODE_SAVE: equ 94 
1d7f				OPCODE_LOAD: equ 95 
1d7f				OPCODE_BSAVE: equ 96 
1d7f				OPCODE_BLOAD: equ 97 
1d7f				OPCODE_SEO: equ 98  
1d7f				OPCODE_SEI: equ 99 
1d7f				OPCODE_SFREE: equ 100 
1d7f				OPCODE_SIZE: equ 101 
1d7f				OPCODE_CREATE: equ 102 
1d7f				OPCODE_APPEND: equ 103 
1d7f				OPCODE_SDEL: equ 104 
1d7f				OPCODE_OPEN: equ 105 
1d7f				OPCODE_READ: equ 106 
1d7f				OPCODE_EOF: equ 106 
1d7f				OPCODE_FORMAT: equ 107 
1d7f				OPCODE_LABEL: equ 108 
1d7f				OPCODE_LABELS: equ 109 
1d7f			;free to reuse	OPCODE_ENDSTORAGE: equ 110  
1d7f				OPCODE_UPPER: equ 111 
1d7f				OPCODE_LOWER: equ 112 
1d7f				OPCODE_SUBSTR: equ 113 
1d7f				OPCODE_LEFT: equ 114 
1d7f				OPCODE_RIGHT: equ 115 
1d7f				OPCODE_STR2NUM: equ 116 
1d7f				OPCODE_NUM2STR: equ 117 
1d7f				OPCODE_CONCAT: equ 118 
1d7f				OPCODE_FIND: equ 119 
1d7f				OPCODE_LEN: equ 120 
1d7f				OPCODE_CHAR: equ 121 
1d7f			; free to reuse	OPCODE_STRLEN: equ 122 
1d7f			; free to reuse	OPCODE_ENDSTR: equ 123 
1d7f				OPCODE_V0S: equ 124 
1d7f				OPCODE_V0Q: equ 125 
1d7f				OPCODE_V1S: equ 126 
1d7f				OPCODE_V1Q: equ 127 
1d7f				OPCODE_V2S: equ 128 
1d7f				OPCODE_V2Q: equ 129 
1d7f				OPCODE_V3S: equ 130 
1d7f				OPCODE_V3Q: equ 131 
1d7f			;free to reuse	OPCODE_END: equ 132 
1d7f				OPCODE_ZDUP: equ 133 
1d7f			 
1d7f			; eof 
# End of file forth_opcodes.asm
1d7f			 
1d7f			include "forth_words_core.asm" 
1d7f			 
1d7f			; | ## Core Words 
1d7f			 
1d7f			;if MALLOC_4 
1d7f			 
1d7f			.NMICLR:  
1d7f			 
1d7f			CWHEAD .NMICLREND OPCODE_HEAP "NMICLR" 6 WORD_FLAG_CODE 
1d7f 15				db WORD_SYS_CORE+OPCODE_HEAP             
1d80 93 1d			dw .NMICLREND            
1d82 07				db 6 + 1 
1d83 .. 00			db "NMICLR",0              
1d8a				endm 
# End of macro CWHEAD
1d8a			; | NMICLR ( -- ) Clears the use of the NMI switch | DONE 
1d8a cd 11 5a			call clear_nmi 
1d8d			 
1d8d				NEXTW 
1d8d cd 68 ee			call parse_vector 
1d90 c3 46 1c			jp macro_next 
1d93				endm 
# End of macro NEXTW
1d93			.NMICLREND: 
1d93			 
1d93			.NEW: 
1d93			CWHEAD .HEAP OPCODE_HEAP "NEW" 3 WORD_FLAG_CODE 
1d93 15				db WORD_SYS_CORE+OPCODE_HEAP             
1d94 ad 1d			dw .HEAP            
1d96 04				db 3 + 1 
1d97 .. 00			db "NEW",0              
1d9b				endm 
# End of macro CWHEAD
1d9b			; | NEW ( -- ) Clears all user words and stack | DONE 
1d9b				 
1d9b				if MALLOC_4 
1d9b					call  heap_init 
1d9b				endif 
1d9b				; reset uword pointers 
1d9b 21 4e 5b			ld hl, baseram 
1d9e 22 9a e5			ld (os_last_new_uword), hl 
1da1 cd d3 1b			call user_word_eol 
1da4				; clear stack 
1da4 cd ec 1b			call forth_warmstart 
1da7				NEXTW 
1da7 cd 68 ee			call parse_vector 
1daa c3 46 1c			jp macro_next 
1dad				endm 
# End of macro NEXTW
1dad			 
1dad			.HEAP: 
1dad			CWHEAD .EXEC OPCODE_HEAP "HEAP" 4 WORD_FLAG_CODE 
1dad 15				db WORD_SYS_CORE+OPCODE_HEAP             
1dae e4 1d			dw .EXEC            
1db0 05				db 4 + 1 
1db1 .. 00			db "HEAP",0              
1db6				endm 
# End of macro CWHEAD
1db6			; | HEAP ( -- u1 u2 )   Pushes u1 the current number of bytes in the heap and u2 the remaining bytes - Only present if using my MALLOC | DONE 
1db6			; | | u1 - Current number of bytes in the heap 
1db6			; | | u2 - Remaining bytes left on the heap 
1db6			; | |  
1db6			; | | The heap is used for storing user defined words as well as any values pushed to stack. 
1db6			 
1db6			 
1db6				if DEBUG_FORTH_WORDS_KEY 
1db6					DMARK "HEP" 
1db6				if DEMARK_VERSION = 1  
1db6 e5					push hl  
1db7 21 bf 1d				ld hl, .dmark  
1dba 22 60 ee				ld (debug_mark), hl  
1dbd				endif  
1dbd				if DEMARK_VERSION = 0  
1dbd					push af  
1dbd					ld a, (.dmark)  
1dbd					ld (debug_mark),a  
1dbd					ld a, (.dmark+1)  
1dbd					ld (debug_mark+1),a  
1dbd					ld a, (.dmark+2)  
1dbd					ld (debug_mark+2),a  
1dbd				endif  
1dbd 18 04			jr .pastdmark  
1dbf ..			.dmark: db "HEP"  
1dc2				if DEMARK_VERSION = 1  
1dc2 00					db 0  
1dc3				endif  
1dc3				if DEMARK_VERSION = 1  
1dc3 e1			.pastdmark: pop hl  
1dc4				endif  
1dc4				if DEMARK_VERSION = 0  
1dc4			.pastdmark: pop af  
1dc4				endif  
1dc4			endm  
# End of macro DMARK
1dc4					CALLMONITOR 
1dc4				if BASE_CPM=1  
1dc4 cd 6b ee				call debug_vector  
1dc7				endif  
1dc7				if BASE_KEV=1  
1dc7					rst 8  
1dc7				endif  
1dc7				endm  
# End of macro CALLMONITOR
1dc7				endif 
1dc7 2a 58 5b			ld hl, (free_list )      
1dca 11 5d 5b			ld de, heap_start 
1dcd			 
1dcd ed 52			sbc hl, de  
1dcf			 
1dcf			;	call forth_push_numhl 
1dcf					FORTH_PUSH_VALUEHL 
1dcf				if BASE_CPM=1 
1dcf cd 08 19				call forth_push_numhl 
1dd2				endif 
1dd2				if BASE_KEV=1 
1dd2					rst $20 
1dd2				endif 
1dd2				endm 
# End of macro FORTH_PUSH_VALUEHL
1dd2			 
1dd2			 
1dd2 ed 5b 58 5b		ld de, (free_list )      
1dd6 21 78 e2			ld hl, heap_end 
1dd9			 
1dd9 ed 52			sbc hl, de 
1ddb			 
1ddb			;	call forth_push_numhl 
1ddb					FORTH_PUSH_VALUEHL 
1ddb				if BASE_CPM=1 
1ddb cd 08 19				call forth_push_numhl 
1dde				endif 
1dde				if BASE_KEV=1 
1dde					rst $20 
1dde				endif 
1dde				endm 
# End of macro FORTH_PUSH_VALUEHL
1dde				 
1dde			 
1dde				 
1dde			 
1dde			 
1dde			 
1dde				NEXTW 
1dde cd 68 ee			call parse_vector 
1de1 c3 46 1c			jp macro_next 
1de4				endm 
# End of macro NEXTW
1de4			;endif 
1de4			 
1de4			.EXEC: 
1de4			;	CWHEAD .STKEXEC OPCODE_EXEC "EXEC" 4 WORD_FLAG_CODE 
1de4			;; > EXEC ( u -- )    Execs the string on TOS as a FORTH expression > CRASHES ON NEXTW 
1de4			;; > > u - A qutoed string which can consist of any valid Forth expression excluding : defintions (use LOAD instead) 
1de4			;; > > 
1de4			;; > >   
1de4			;	STACKFRAME OFF $5efe $5f9f 
1de4			; 
1de4			;		if DEBUG_FORTH_WORDS_KEY 
1de4			;			DMARK "EXE" 
1de4			;			CALLMONITOR 
1de4			;		endif 
1de4			; 
1de4			;	FORTH_DSP_VALUEHL 
1de4			; 
1de4			;	FORTH_DSP_POP 
1de4			; 
1de4			;		if DEBUG_FORTH_WORDS 
1de4			;			DMARK "EX1" 
1de4			;			CALLMONITOR 
1de4			;		endif 
1de4			;;	ld e,(hl) 
1de4			;;	inc hl 
1de4			;;	ld d,(hl) 
1de4			;;	ex de,hl 
1de4			; 
1de4			;;		if DEBUG_FORTH_WORDS 
1de4			;;			DMARK "EX2" 
1de4			;;			CALLMONITOR 
1de4			;;		endif 
1de4			;	push hl 
1de4			; 
1de4			;	;ld a, 0 
1de4			;	;ld a, FORTH_END_BUFFER 
1de4			;	call strlenz 
1de4			;	inc hl   ; include zero term to copy 
1de4			;	inc hl   ; include term 
1de4			;	inc hl   ; include term 
1de4			;	ld b,0 
1de4			;	ld c,l 
1de4			;	pop hl 
1de4			;	ld de, execscratch 
1de4			;		if DEBUG_FORTH_WORDS 
1de4			;			DMARK "EX3" 
1de4			;			CALLMONITOR 
1de4			;		endif 
1de4			;	ldir 
1de4			; 
1de4			; 
1de4			;	ld hl, execscratch 
1de4			; 
1de4			;		if DEBUG_FORTH_WORDS 
1de4			;			DMARK "EXe" 
1de4			;			CALLMONITOR 
1de4			;		endif 
1de4			; 
1de4			;	call forthparse 
1de4			;	call forthexec 
1de4			;;	call forthexec_cleanup 
1de4			;;	call forthparse 
1de4			;;	call forthexec 
1de4			; 
1de4			;	STACKFRAMECHK OFF $5efe $5f9f 
1de4			; 
1de4			;	; an immediate word so no need to process any more words 
1de4			;	ret 
1de4			;	NEXTW 
1de4			 
1de4			; dead code - old version  
1de4			;	FORTH_RSP_NEXT 
1de4			 
1de4			;  
1de4			;	ld bc,(cli_ptr)   ; move to next token to parse in the input stream 
1de4			;	ld de,(cli_origptr)   ; move to next token to parse in the input stream 
1de4			;	ld hl,(os_tok_ptr)   ; move to next token to parse in the input stream 
1de4			;	push hl 
1de4			;	push de 
1de4			;	push bc 
1de4			; 
1de4			; 
1de4			;		if DEBUG_FORTH_WORDS_KEY 
1de4			;			DMARK "EXR" 
1de4			;			CALLMONITOR 
1de4			;		endif 
1de4			; 
1de4			; 
1de4			; 
1de4			;	;v5 FORTH_DSP_VALUE 
1de4			;	FORTH_DSP_VALUEHL 
1de4			; 
1de4			;	; TODO do string type checks 
1de4			; 
1de4			;;v5	inc hl   ; skip type 
1de4			; 
1de4			;	push hl  ; source code  
1de4			;		if DEBUG_FORTH_WORDS 
1de4			;			DMARK "EX1" 
1de4			;			CALLMONITOR 
1de4			;		endif 
1de4			;	ld a, 0 
1de4			;	call strlent 
1de4			; 
1de4			;	inc hl 
1de4			;	inc hl 
1de4			;	inc hl 
1de4			;	inc hl 
1de4			; 
1de4			;	push hl    ; size 
1de4			; 
1de4			;		if DEBUG_FORTH_WORDS 
1de4			;			DMARK "EX2" 
1de4			;			CALLMONITOR 
1de4			;		endif 
1de4			;	call malloc 
1de4			; 
1de4			;	ex de, hl    ; de now contains malloc area 
1de4			;	pop bc   	; get byte count 
1de4			;	pop hl      ; get string to copy 
1de4			; 
1de4			;	push de     ; save malloc for free later 
1de4			; 
1de4			;		if DEBUG_FORTH_WORDS 
1de4			;			DMARK "EX3" 
1de4			;			CALLMONITOR 
1de4			;		endif 
1de4			;	ldir       ; duplicate string 
1de4			; 
1de4			;	; at the end of the string so go back the three extra spaces and fill in with extra terms 
1de4			;	 
1de4			;	; TODO fix the parse would be better than this...  
1de4			;	ex de, hl 
1de4			;	dec hl 
1de4			;	ld a, 0 
1de4			;	ld (hl), a 
1de4			;	dec hl 
1de4			;	ld a, ' ' 
1de4			;	ld (hl), a 
1de4			;	dec hl 
1de4			;	ld (hl), a 
1de4			; 
1de4			;	dec hl 
1de4			;	ld (hl), a 
1de4			; 
1de4			; 
1de4			;	FORTH_DSP_POP  
1de4			; 
1de4			;	pop hl     
1de4			;	push hl    ; save malloc area 
1de4			; 
1de4			;		if DEBUG_FORTH_WORDS 
1de4			;			DMARK "EX4" 
1de4			;			CALLMONITOR 
1de4			;		endif 
1de4			; 
1de4			;	call forthparse 
1de4			;	call forthexec 
1de4			;	 
1de4			;	pop hl 
1de4			;	if DEBUG_FORTH_WORDS 
1de4			;		DMARK "EX5" 
1de4			;		CALLMONITOR 
1de4			;	endif 
1de4			; 
1de4			;	if FORTH_ENABLE_FREE 
1de4			;	call free 
1de4			;	endif 
1de4			; 
1de4			;	if DEBUG_FORTH_WORDS 
1de4			;		DMARK "EX6" 
1de4			;		CALLMONITOR 
1de4			;	endif 
1de4			; 
1de4			;	pop bc 
1de4			;	pop de 
1de4			;	pop hl 
1de4			;;	FORTH_RSP_POP	  
1de4			;	ld (cli_ptr),bc   ; move to next token to parse in the input stream 
1de4			;	ld (cli_origptr),de   ; move to next token to parse in the input stream 
1de4			;	ld (os_tok_ptr),hl   ; move to next token to parse in the input stream 
1de4			; 
1de4			;	if DEBUG_FORTH_WORDS 
1de4			;		DMARK "EX7" 
1de4			;		CALLMONITOR 
1de4			;	endif 
1de4			;	NEXTW 
1de4			 
1de4			;.STKEXEC: 
1de4			;	CWHEAD .ZDUP 43 "STKEXEC" 7 WORD_FLAG_CODE 
1de4			;; > STKEXEC ( u .. u c -- ) Taking c count of strings off of the stack the strings are evaluated as code > TO TEST 
1de4			; 
1de4			; 
1de4			;		if DEBUG_FORTH_WORDS_KEY 
1de4			;			DMARK "STX" 
1de4			;			CALLMONITOR 
1de4			;		endif 
1de4			; 
1de4			;	FORTH_DSP_VALUEHL 
1de4			; 
1de4			;	ld (store_tmp1), hl    ; count 
1de4			; 
1de4			;	FORTH_DSP_POP 
1de4			;.stkexec1: 
1de4			;	ld hl, (store_tmp1)   ; count 
1de4			;	ld a, 0 
1de4			;	cp l 
1de4			;	ret z 
1de4			; 
1de4			;	dec hl 
1de4			;	ld (store_tmp1), hl    ; count 
1de4			;	 
1de4			;	FORTH_DSP_VALUEHL 
1de4			;	push hl 
1de4			;	 
1de4			;		if DEBUG_FORTH_WORDS 
1de4			;			DMARK "EXp" 
1de4			;			CALLMONITOR 
1de4			;		endif 
1de4			;	FORTH_DSP_POP 
1de4			; 
1de4			;	call strlenz 
1de4			;	inc hl   ; include zero term to copy 
1de4			;	inc hl   ; include zero term to copy 
1de4			;	inc hl   ; include zero term to copy 
1de4			;	ld b,0 
1de4			;	ld c,l 
1de4			;	pop hl 
1de4			;	ld de, execscratch 
1de4			;		if DEBUG_FORTH_WORDS 
1de4			;			DMARK "EX3" 
1de4			;			CALLMONITOR 
1de4			;		endif 
1de4			;	ldir 
1de4			; 
1de4			; 
1de4			;	ld hl, execscratch 
1de4			; 
1de4			;		if DEBUG_FORTH_WORDS 
1de4			;			DMARK "EXP" 
1de4			;			CALLMONITOR 
1de4			;		endif 
1de4			; 
1de4			;	call forthparse 
1de4			;	ld hl, execscratch 
1de4			;		if DEBUG_FORTH_WORDS 
1de4			;			DMARK "EXx" 
1de4			;			CALLMONITOR 
1de4			;		endif 
1de4			;	call forthexec 
1de4			; 
1de4			;	jp .stkexec1 
1de4			; 
1de4			;	ret 
1de4			 
1de4			 
1de4			.DUP: 
1de4			CWHEAD .ZDUP OPCODE_DUP "DUP" 3 WORD_FLAG_CODE 
1de4 17				db WORD_SYS_CORE+OPCODE_DUP             
1de5 3f 1e			dw .ZDUP            
1de7 04				db 3 + 1 
1de8 .. 00			db "DUP",0              
1dec				endm 
# End of macro CWHEAD
1dec			; | DUP ( u -- u u )     Duplicate whatever item is on TOS | DONE 
1dec			; | | >[!NOTE] 
1dec			; | | > If the duplicated item is a string it is safely duplicated 
1dec			 
1dec				if DEBUG_FORTH_WORDS_KEY 
1dec					DMARK "DUP" 
1dec				if DEMARK_VERSION = 1  
1dec e5					push hl  
1ded 21 f5 1d				ld hl, .dmark  
1df0 22 60 ee				ld (debug_mark), hl  
1df3				endif  
1df3				if DEMARK_VERSION = 0  
1df3					push af  
1df3					ld a, (.dmark)  
1df3					ld (debug_mark),a  
1df3					ld a, (.dmark+1)  
1df3					ld (debug_mark+1),a  
1df3					ld a, (.dmark+2)  
1df3					ld (debug_mark+2),a  
1df3				endif  
1df3 18 04			jr .pastdmark  
1df5 ..			.dmark: db "DUP"  
1df8				if DEMARK_VERSION = 1  
1df8 00					db 0  
1df9				endif  
1df9				if DEMARK_VERSION = 1  
1df9 e1			.pastdmark: pop hl  
1dfa				endif  
1dfa				if DEMARK_VERSION = 0  
1dfa			.pastdmark: pop af  
1dfa				endif  
1dfa			endm  
# End of macro DMARK
1dfa					CALLMONITOR 
1dfa				if BASE_CPM=1  
1dfa cd 6b ee				call debug_vector  
1dfd				endif  
1dfd				if BASE_KEV=1  
1dfd					rst 8  
1dfd				endif  
1dfd				endm  
# End of macro CALLMONITOR
1dfd				endif 
1dfd			 
1dfd				FORTH_DSP 
1dfd cd 67 1a			call macro_forth_dsp 
1e00				endm 
# End of macro FORTH_DSP
1e00			 
1e00 7e				ld a, (HL) 
1e01 fe 01			cp DS_TYPE_STR 
1e03 20 1d			jr nz, .dupinum 
1e05			 
1e05				; push another string 
1e05			 
1e05				FORTH_DSP_VALUEHL     		 
1e05				if BASE_CPM=1 
1e05 cd 96 1a			call macro_dsp_valuehl 
1e08				endif 
1e08				if BASE_KEV=1 
1e08					rst $18 
1e08				endif 
1e08				endm 
# End of macro FORTH_DSP_VALUEHL
1e08			 
1e08			if DEBUG_FORTH_WORDS 
1e08				DMARK "DUs" 
1e08				if DEMARK_VERSION = 1  
1e08 e5					push hl  
1e09 21 11 1e				ld hl, .dmark  
1e0c 22 60 ee				ld (debug_mark), hl  
1e0f				endif  
1e0f				if DEMARK_VERSION = 0  
1e0f					push af  
1e0f					ld a, (.dmark)  
1e0f					ld (debug_mark),a  
1e0f					ld a, (.dmark+1)  
1e0f					ld (debug_mark+1),a  
1e0f					ld a, (.dmark+2)  
1e0f					ld (debug_mark+2),a  
1e0f				endif  
1e0f 18 04			jr .pastdmark  
1e11 ..			.dmark: db "DUs"  
1e14				if DEMARK_VERSION = 1  
1e14 00					db 0  
1e15				endif  
1e15				if DEMARK_VERSION = 1  
1e15 e1			.pastdmark: pop hl  
1e16				endif  
1e16				if DEMARK_VERSION = 0  
1e16			.pastdmark: pop af  
1e16				endif  
1e16			endm  
# End of macro DMARK
1e16				CALLMONITOR 
1e16				if BASE_CPM=1  
1e16 cd 6b ee				call debug_vector  
1e19				endif  
1e19				if BASE_KEV=1  
1e19					rst 8  
1e19				endif  
1e19				endm  
# End of macro CALLMONITOR
1e19			endif 
1e19 cd 67 19			call forth_push_str 
1e1c			 
1e1c				NEXTW 
1e1c cd 68 ee			call parse_vector 
1e1f c3 46 1c			jp macro_next 
1e22				endm 
# End of macro NEXTW
1e22			 
1e22			 
1e22			.dupinum: 
1e22				 
1e22			 
1e22			 
1e22				FORTH_DSP_VALUEHL     			; TODO skip type check and assume number.... lol 
1e22				if BASE_CPM=1 
1e22 cd 96 1a			call macro_dsp_valuehl 
1e25				endif 
1e25				if BASE_KEV=1 
1e25					rst $18 
1e25				endif 
1e25				endm 
# End of macro FORTH_DSP_VALUEHL
1e25			 
1e25			; TODO add floating point number detection 
1e25			 
1e25			if DEBUG_FORTH_WORDS 
1e25				DMARK "DUi" 
1e25				if DEMARK_VERSION = 1  
1e25 e5					push hl  
1e26 21 2e 1e				ld hl, .dmark  
1e29 22 60 ee				ld (debug_mark), hl  
1e2c				endif  
1e2c				if DEMARK_VERSION = 0  
1e2c					push af  
1e2c					ld a, (.dmark)  
1e2c					ld (debug_mark),a  
1e2c					ld a, (.dmark+1)  
1e2c					ld (debug_mark+1),a  
1e2c					ld a, (.dmark+2)  
1e2c					ld (debug_mark+2),a  
1e2c				endif  
1e2c 18 04			jr .pastdmark  
1e2e ..			.dmark: db "DUi"  
1e31				if DEMARK_VERSION = 1  
1e31 00					db 0  
1e32				endif  
1e32				if DEMARK_VERSION = 1  
1e32 e1			.pastdmark: pop hl  
1e33				endif  
1e33				if DEMARK_VERSION = 0  
1e33			.pastdmark: pop af  
1e33				endif  
1e33			endm  
# End of macro DMARK
1e33				CALLMONITOR 
1e33				if BASE_CPM=1  
1e33 cd 6b ee				call debug_vector  
1e36				endif  
1e36				if BASE_KEV=1  
1e36					rst 8  
1e36				endif  
1e36				endm  
# End of macro CALLMONITOR
1e36			endif 
1e36			 
1e36			;	call forth_push_numhl 
1e36					FORTH_PUSH_VALUEHL 
1e36				if BASE_CPM=1 
1e36 cd 08 19				call forth_push_numhl 
1e39				endif 
1e39				if BASE_KEV=1 
1e39					rst $20 
1e39				endif 
1e39				endm 
# End of macro FORTH_PUSH_VALUEHL
1e39				NEXTW 
1e39 cd 68 ee			call parse_vector 
1e3c c3 46 1c			jp macro_next 
1e3f				endm 
# End of macro NEXTW
1e3f			.ZDUP: 
1e3f			CWHEAD .DMRK OPCODE_ZDUP "?DUP" 4 WORD_FLAG_CODE 
1e3f 99				db WORD_SYS_CORE+OPCODE_ZDUP             
1e40 6e 1e			dw .DMRK            
1e42 05				db 4 + 1 
1e43 .. 00			db "?DUP",0              
1e48				endm 
# End of macro CWHEAD
1e48			; | ?DUP ( u -- u u )     Duplicate item on TOS if the item is non-zero (Only works for numerics) | DONE 
1e48			; | | >[!NOTE] 
1e48			; | | > If the duplicated item is a string it is not safely duplicated and remain as pointer to the origin 
1e48			 
1e48				if DEBUG_FORTH_WORDS_KEY 
1e48					DMARK "qDU" 
1e48				if DEMARK_VERSION = 1  
1e48 e5					push hl  
1e49 21 51 1e				ld hl, .dmark  
1e4c 22 60 ee				ld (debug_mark), hl  
1e4f				endif  
1e4f				if DEMARK_VERSION = 0  
1e4f					push af  
1e4f					ld a, (.dmark)  
1e4f					ld (debug_mark),a  
1e4f					ld a, (.dmark+1)  
1e4f					ld (debug_mark+1),a  
1e4f					ld a, (.dmark+2)  
1e4f					ld (debug_mark+2),a  
1e4f				endif  
1e4f 18 04			jr .pastdmark  
1e51 ..			.dmark: db "qDU"  
1e54				if DEMARK_VERSION = 1  
1e54 00					db 0  
1e55				endif  
1e55				if DEMARK_VERSION = 1  
1e55 e1			.pastdmark: pop hl  
1e56				endif  
1e56				if DEMARK_VERSION = 0  
1e56			.pastdmark: pop af  
1e56				endif  
1e56			endm  
# End of macro DMARK
1e56					CALLMONITOR 
1e56				if BASE_CPM=1  
1e56 cd 6b ee				call debug_vector  
1e59				endif  
1e59				if BASE_KEV=1  
1e59					rst 8  
1e59				endif  
1e59				endm  
# End of macro CALLMONITOR
1e59				endif 
1e59				FORTH_DSP_VALUEHL     			; TODO skip type check and assume number.... lol 
1e59				if BASE_CPM=1 
1e59 cd 96 1a			call macro_dsp_valuehl 
1e5c				endif 
1e5c				if BASE_KEV=1 
1e5c					rst $18 
1e5c				endif 
1e5c				endm 
# End of macro FORTH_DSP_VALUEHL
1e5c			 
1e5c e5				push hl 
1e5d			 
1e5d				; is it a zero? 
1e5d			 
1e5d 3e 00			ld a, 0 
1e5f 84				add h 
1e60 85				add l 
1e61			 
1e61 e1				pop hl 
1e62			 
1e62			;	cp 0 
1e62 b7				or a 
1e63 28 03			jr z, .dup2orig 
1e65			 
1e65			 
1e65			;	call forth_push_numhl 
1e65					FORTH_PUSH_VALUEHL 
1e65				if BASE_CPM=1 
1e65 cd 08 19				call forth_push_numhl 
1e68				endif 
1e68				if BASE_KEV=1 
1e68					rst $20 
1e68				endif 
1e68				endm 
# End of macro FORTH_PUSH_VALUEHL
1e68			 
1e68			 
1e68			; TODO add floating point number detection 
1e68			 
1e68			.dup2orig: 
1e68			 
1e68				NEXTW 
1e68 cd 68 ee			call parse_vector 
1e6b c3 46 1c			jp macro_next 
1e6e				endm 
# End of macro NEXTW
1e6e			.DMRK: 
1e6e			CWHEAD .LSHIFT OPCODE_ZDUP "DMARK" 5 WORD_FLAG_CODE 
1e6e 99				db WORD_SYS_CORE+OPCODE_ZDUP             
1e6f a3 1e			dw .LSHIFT            
1e71 06				db 5 + 1 
1e72 .. 00			db "DMARK",0              
1e78				endm 
# End of macro CWHEAD
1e78			; | DMARK ( s --  )  Set the debug marker id to first three chars of s | DONE 
1e78			; | | Most useful for tracing your code for errors as you can set various markers to display when MONITOR is called 
1e78				if DEBUG_FORTH_WORDS_KEY 
1e78					DMARK "DMK" 
1e78				if DEMARK_VERSION = 1  
1e78 e5					push hl  
1e79 21 81 1e				ld hl, .dmark  
1e7c 22 60 ee				ld (debug_mark), hl  
1e7f				endif  
1e7f				if DEMARK_VERSION = 0  
1e7f					push af  
1e7f					ld a, (.dmark)  
1e7f					ld (debug_mark),a  
1e7f					ld a, (.dmark+1)  
1e7f					ld (debug_mark+1),a  
1e7f					ld a, (.dmark+2)  
1e7f					ld (debug_mark+2),a  
1e7f				endif  
1e7f 18 04			jr .pastdmark  
1e81 ..			.dmark: db "DMK"  
1e84				if DEMARK_VERSION = 1  
1e84 00					db 0  
1e85				endif  
1e85				if DEMARK_VERSION = 1  
1e85 e1			.pastdmark: pop hl  
1e86				endif  
1e86				if DEMARK_VERSION = 0  
1e86			.pastdmark: pop af  
1e86				endif  
1e86			endm  
# End of macro DMARK
1e86					CALLMONITOR 
1e86				if BASE_CPM=1  
1e86 cd 6b ee				call debug_vector  
1e89				endif  
1e89				if BASE_KEV=1  
1e89					rst 8  
1e89				endif  
1e89				endm  
# End of macro CALLMONITOR
1e89				endif 
1e89				FORTH_DSP_VALUEHL     			; TODO skip type check and assume number.... lol 
1e89				if BASE_CPM=1 
1e89 cd 96 1a			call macro_dsp_valuehl 
1e8c				endif 
1e8c				if BASE_KEV=1 
1e8c					rst $18 
1e8c				endif 
1e8c				endm 
# End of macro FORTH_DSP_VALUEHL
1e8c			 
1e8c 7e				ld a, (hl) 
1e8d 32 60 ee			ld (debug_mark),a 
1e90 23				inc hl 
1e91 7e				ld a, (hl) 
1e92 32 61 ee			ld (debug_mark+1),a 
1e95 23				inc hl 
1e96 7e				ld a, (hl) 
1e97 32 62 ee			ld (debug_mark+2),a 
1e9a			 
1e9a			 
1e9a				FORTH_DSP_POP 
1e9a				if BASE_CPM=1 
1e9a cd 2d 1b			call macro_forth_dsp_pop 
1e9d				endif 
1e9d				if BASE_KEV=1 
1e9d					rst $10 
1e9d				endif 
1e9d				endm 
# End of macro FORTH_DSP_POP
1e9d				NEXTW 
1e9d cd 68 ee			call parse_vector 
1ea0 c3 46 1c			jp macro_next 
1ea3				endm 
# End of macro NEXTW
1ea3			.LSHIFT: 
1ea3			CWHEAD .RSHIFT OPCODE_ZDUP "LSHIFT" 6 WORD_FLAG_CODE 
1ea3 99				db WORD_SYS_CORE+OPCODE_ZDUP             
1ea4 cf 1e			dw .RSHIFT            
1ea6 07				db 6 + 1 
1ea7 .. 00			db "LSHIFT",0              
1eae				endm 
# End of macro CWHEAD
1eae			; | LSHIFT ( w -- w )    16 bit left shift | DONE 
1eae				if DEBUG_FORTH_WORDS_KEY 
1eae					DMARK "LSH" 
1eae				if DEMARK_VERSION = 1  
1eae e5					push hl  
1eaf 21 b7 1e				ld hl, .dmark  
1eb2 22 60 ee				ld (debug_mark), hl  
1eb5				endif  
1eb5				if DEMARK_VERSION = 0  
1eb5					push af  
1eb5					ld a, (.dmark)  
1eb5					ld (debug_mark),a  
1eb5					ld a, (.dmark+1)  
1eb5					ld (debug_mark+1),a  
1eb5					ld a, (.dmark+2)  
1eb5					ld (debug_mark+2),a  
1eb5				endif  
1eb5 18 04			jr .pastdmark  
1eb7 ..			.dmark: db "LSH"  
1eba				if DEMARK_VERSION = 1  
1eba 00					db 0  
1ebb				endif  
1ebb				if DEMARK_VERSION = 1  
1ebb e1			.pastdmark: pop hl  
1ebc				endif  
1ebc				if DEMARK_VERSION = 0  
1ebc			.pastdmark: pop af  
1ebc				endif  
1ebc			endm  
# End of macro DMARK
1ebc					CALLMONITOR 
1ebc				if BASE_CPM=1  
1ebc cd 6b ee				call debug_vector  
1ebf				endif  
1ebf				if BASE_KEV=1  
1ebf					rst 8  
1ebf				endif  
1ebf				endm  
# End of macro CALLMONITOR
1ebf				endif 
1ebf				FORTH_DSP_VALUEHL     			; TODO skip type check and assume number.... lol 
1ebf				if BASE_CPM=1 
1ebf cd 96 1a			call macro_dsp_valuehl 
1ec2				endif 
1ec2				if BASE_KEV=1 
1ec2					rst $18 
1ec2				endif 
1ec2				endm 
# End of macro FORTH_DSP_VALUEHL
1ec2				FORTH_DSP_POP 
1ec2				if BASE_CPM=1 
1ec2 cd 2d 1b			call macro_forth_dsp_pop 
1ec5				endif 
1ec5				if BASE_KEV=1 
1ec5					rst $10 
1ec5				endif 
1ec5				endm 
# End of macro FORTH_DSP_POP
1ec5			 
1ec5 29				add hl, hl 
1ec6			;	call forth_push_numhl 
1ec6					FORTH_PUSH_VALUEHL 
1ec6				if BASE_CPM=1 
1ec6 cd 08 19				call forth_push_numhl 
1ec9				endif 
1ec9				if BASE_KEV=1 
1ec9					rst $20 
1ec9				endif 
1ec9				endm 
# End of macro FORTH_PUSH_VALUEHL
1ec9				NEXTW 
1ec9 cd 68 ee			call parse_vector 
1ecc c3 46 1c			jp macro_next 
1ecf				endm 
# End of macro NEXTW
1ecf			.RSHIFT: 
1ecf			CWHEAD .SWAP OPCODE_ZDUP "RSHIFT" 6 WORD_FLAG_CODE 
1ecf 99				db WORD_SYS_CORE+OPCODE_ZDUP             
1ed0 fe 1e			dw .SWAP            
1ed2 07				db 6 + 1 
1ed3 .. 00			db "RSHIFT",0              
1eda				endm 
# End of macro CWHEAD
1eda			; | RSHIFT ( w -- w )    16 bit right shift | DONE 
1eda				if DEBUG_FORTH_WORDS_KEY 
1eda					DMARK "RSH" 
1eda				if DEMARK_VERSION = 1  
1eda e5					push hl  
1edb 21 e3 1e				ld hl, .dmark  
1ede 22 60 ee				ld (debug_mark), hl  
1ee1				endif  
1ee1				if DEMARK_VERSION = 0  
1ee1					push af  
1ee1					ld a, (.dmark)  
1ee1					ld (debug_mark),a  
1ee1					ld a, (.dmark+1)  
1ee1					ld (debug_mark+1),a  
1ee1					ld a, (.dmark+2)  
1ee1					ld (debug_mark+2),a  
1ee1				endif  
1ee1 18 04			jr .pastdmark  
1ee3 ..			.dmark: db "RSH"  
1ee6				if DEMARK_VERSION = 1  
1ee6 00					db 0  
1ee7				endif  
1ee7				if DEMARK_VERSION = 1  
1ee7 e1			.pastdmark: pop hl  
1ee8				endif  
1ee8				if DEMARK_VERSION = 0  
1ee8			.pastdmark: pop af  
1ee8				endif  
1ee8			endm  
# End of macro DMARK
1ee8					CALLMONITOR 
1ee8				if BASE_CPM=1  
1ee8 cd 6b ee				call debug_vector  
1eeb				endif  
1eeb				if BASE_KEV=1  
1eeb					rst 8  
1eeb				endif  
1eeb				endm  
# End of macro CALLMONITOR
1eeb				endif 
1eeb				FORTH_DSP_VALUEHL     			; TODO skip type check and assume number.... lol 
1eeb				if BASE_CPM=1 
1eeb cd 96 1a			call macro_dsp_valuehl 
1eee				endif 
1eee				if BASE_KEV=1 
1eee					rst $18 
1eee				endif 
1eee				endm 
# End of macro FORTH_DSP_VALUEHL
1eee				FORTH_DSP_POP 
1eee				if BASE_CPM=1 
1eee cd 2d 1b			call macro_forth_dsp_pop 
1ef1				endif 
1ef1				if BASE_KEV=1 
1ef1					rst $10 
1ef1				endif 
1ef1				endm 
# End of macro FORTH_DSP_POP
1ef1 cb 3c			srl h 
1ef3 cb 1d			rr l 
1ef5			;	call forth_push_numhl 
1ef5					FORTH_PUSH_VALUEHL 
1ef5				if BASE_CPM=1 
1ef5 cd 08 19				call forth_push_numhl 
1ef8				endif 
1ef8				if BASE_KEV=1 
1ef8					rst $20 
1ef8				endif 
1ef8				endm 
# End of macro FORTH_PUSH_VALUEHL
1ef8				NEXTW 
1ef8 cd 68 ee			call parse_vector 
1efb c3 46 1c			jp macro_next 
1efe				endm 
# End of macro NEXTW
1efe			.SWAP: 
1efe			CWHEAD .COLN OPCODE_SWAP "SWAP" 4 WORD_FLAG_CODE 
1efe 18				db WORD_SYS_CORE+OPCODE_SWAP             
1eff 4a 1f			dw .COLN            
1f01 05				db 4 + 1 
1f02 .. 00			db "SWAP",0              
1f07				endm 
# End of macro CWHEAD
1f07			; | SWAP ( w1 w2 -- w2 w1 )    Swap top two items on TOS | DONE 
1f07				if DEBUG_FORTH_WORDS_KEY 
1f07					DMARK "SWP" 
1f07				if DEMARK_VERSION = 1  
1f07 e5					push hl  
1f08 21 10 1f				ld hl, .dmark  
1f0b 22 60 ee				ld (debug_mark), hl  
1f0e				endif  
1f0e				if DEMARK_VERSION = 0  
1f0e					push af  
1f0e					ld a, (.dmark)  
1f0e					ld (debug_mark),a  
1f0e					ld a, (.dmark+1)  
1f0e					ld (debug_mark+1),a  
1f0e					ld a, (.dmark+2)  
1f0e					ld (debug_mark+2),a  
1f0e				endif  
1f0e 18 04			jr .pastdmark  
1f10 ..			.dmark: db "SWP"  
1f13				if DEMARK_VERSION = 1  
1f13 00					db 0  
1f14				endif  
1f14				if DEMARK_VERSION = 1  
1f14 e1			.pastdmark: pop hl  
1f15				endif  
1f15				if DEMARK_VERSION = 0  
1f15			.pastdmark: pop af  
1f15				endif  
1f15			endm  
# End of macro DMARK
1f15					CALLMONITOR 
1f15				if BASE_CPM=1  
1f15 cd 6b ee				call debug_vector  
1f18				endif  
1f18				if BASE_KEV=1  
1f18					rst 8  
1f18				endif  
1f18				endm  
# End of macro CALLMONITOR
1f18				endif 
1f18			 
1f18			; DONE Use os stack swap memory 
1f18			 
1f18				FORTH_DSP_PTR 0     ; TOS 
1f18 2a ca e9			ld hl,(cli_data_sp) 
1f1b 11 00 00			ld de, 0 * 3 
1f1e ed 52			sbc hl, de 
1f20				endm 
# End of macro FORTH_DSP_PTR
1f20 cd 96 1b			call hltostack1 
1f23			  
1f23				FORTH_DSP_PTR 1     ; TOS 
1f23 2a ca e9			ld hl,(cli_data_sp) 
1f26 11 03 00			ld de, 1 * 3 
1f29 ed 52			sbc hl, de 
1f2b				endm 
# End of macro FORTH_DSP_PTR
1f2b cd 9c 1b			call hltostack2 
1f2e			 
1f2e				FORTH_DSP_PTR 0     ; TOS 
1f2e 2a ca e9			ld hl,(cli_data_sp) 
1f31 11 00 00			ld de, 0 * 3 
1f34 ed 52			sbc hl, de 
1f36				endm 
# End of macro FORTH_DSP_PTR
1f36 cd b4 1b			call hlfromstack2 
1f39			 
1f39				FORTH_DSP_PTR 1     ; TOS 
1f39 2a ca e9			ld hl,(cli_data_sp) 
1f3c 11 03 00			ld de, 1 * 3 
1f3f ed 52			sbc hl, de 
1f41				endm 
# End of macro FORTH_DSP_PTR
1f41 cd ae 1b			call hlfromstack1 
1f44			;	FORTH_DSP_VALUEHL 
1f44			;	push hl     ; w2 
1f44			; 
1f44			;	FORTH_DSP_POP 
1f44			; 
1f44			;	FORTH_DSP_VALUEHL 
1f44			; 
1f44			;	FORTH_DSP_POP 
1f44			; 
1f44			;	pop de     ; w2	, hl = w1 
1f44			; 
1f44			;	ex de, hl 
1f44			;	push de 
1f44			; 
1f44			;	call forth_push_numhl 
1f44			; 
1f44			;	pop hl 
1f44			; 
1f44			;	call forth_push_numhl 
1f44				 
1f44			 
1f44				NEXTW 
1f44 cd 68 ee			call parse_vector 
1f47 c3 46 1c			jp macro_next 
1f4a				endm 
# End of macro NEXTW
1f4a			.COLN: 
1f4a			CWHEAD .SCOLN OPCODE_COLN ":" 1 WORD_FLAG_CODE 
1f4a 19				db WORD_SYS_CORE+OPCODE_COLN             
1f4b a5 20			dw .SCOLN            
1f4d 02				db 1 + 1 
1f4e .. 00			db ":",0              
1f50				endm 
# End of macro CWHEAD
1f50			; | : ( -- )         Create new word | DONE 
1f50			 
1f50				if DEBUG_FORTH_WORDS_KEY 
1f50					DMARK "CLN" 
1f50				if DEMARK_VERSION = 1  
1f50 e5					push hl  
1f51 21 59 1f				ld hl, .dmark  
1f54 22 60 ee				ld (debug_mark), hl  
1f57				endif  
1f57				if DEMARK_VERSION = 0  
1f57					push af  
1f57					ld a, (.dmark)  
1f57					ld (debug_mark),a  
1f57					ld a, (.dmark+1)  
1f57					ld (debug_mark+1),a  
1f57					ld a, (.dmark+2)  
1f57					ld (debug_mark+2),a  
1f57				endif  
1f57 18 04			jr .pastdmark  
1f59 ..			.dmark: db "CLN"  
1f5c				if DEMARK_VERSION = 1  
1f5c 00					db 0  
1f5d				endif  
1f5d				if DEMARK_VERSION = 1  
1f5d e1			.pastdmark: pop hl  
1f5e				endif  
1f5e				if DEMARK_VERSION = 0  
1f5e			.pastdmark: pop af  
1f5e				endif  
1f5e			endm  
# End of macro DMARK
1f5e					CALLMONITOR 
1f5e				if BASE_CPM=1  
1f5e cd 6b ee				call debug_vector  
1f61				endif  
1f61				if BASE_KEV=1  
1f61					rst 8  
1f61				endif  
1f61				endm  
# End of macro CALLMONITOR
1f61				endif 
1f61			STACKFRAME OFF $8efe $989f 
1f61				if DEBUG_STACK_IMB 
1f61					if OFF 
1f61						exx 
1f61						ld de, $8efe 
1f61						ld a, d 
1f61						ld hl, curframe 
1f61						call hexout 
1f61						ld a, e 
1f61						ld hl, curframe+2 
1f61						call hexout 
1f61						ld hl, $8efe 
1f61						push hl 
1f61						ld hl, $989f 
1f61						push hl 
1f61						exx 
1f61					endif 
1f61				endif 
1f61			endm 
# End of macro STACKFRAME
1f61			; get parser buffer length  of new word 
1f61			 
1f61			 
1f61			 
1f61				; move tok past this to start of name defintition 
1f61				; TODO get word to define 
1f61				; TODO Move past word token 
1f61				; TODO get length of string up to the ';' 
1f61			 
1f61 2a 9e e5		ld hl, (os_tok_ptr) 
1f64 23			inc hl 
1f65 23			inc hl 
1f66			 
1f66 3e 3b		ld a, ';' 
1f68 cd 5c 0f		call strlent 
1f6b			 
1f6b 7d			ld a,l 
1f6c 32 8d e2		ld (os_new_parse_len), a 
1f6f			 
1f6f			 
1f6f			if DEBUG_FORTH_UWORD 
1f6f ed 5b 9e e5	ld de, (os_tok_ptr) 
1f73					DMARK ":01" 
1f73				if DEMARK_VERSION = 1  
1f73 e5					push hl  
1f74 21 7c 1f				ld hl, .dmark  
1f77 22 60 ee				ld (debug_mark), hl  
1f7a				endif  
1f7a				if DEMARK_VERSION = 0  
1f7a					push af  
1f7a					ld a, (.dmark)  
1f7a					ld (debug_mark),a  
1f7a					ld a, (.dmark+1)  
1f7a					ld (debug_mark+1),a  
1f7a					ld a, (.dmark+2)  
1f7a					ld (debug_mark+2),a  
1f7a				endif  
1f7a 18 04			jr .pastdmark  
1f7c ..			.dmark: db ":01"  
1f7f				if DEMARK_VERSION = 1  
1f7f 00					db 0  
1f80				endif  
1f80				if DEMARK_VERSION = 1  
1f80 e1			.pastdmark: pop hl  
1f81				endif  
1f81				if DEMARK_VERSION = 0  
1f81			.pastdmark: pop af  
1f81				endif  
1f81			endm  
# End of macro DMARK
1f81			CALLMONITOR 
1f81				if BASE_CPM=1  
1f81 cd 6b ee				call debug_vector  
1f84				endif  
1f84				if BASE_KEV=1  
1f84					rst 8  
1f84				endif  
1f84				endm  
# End of macro CALLMONITOR
1f84			endif 
1f84			 
1f84			; 
1f84			;  new word memory layout: 
1f84			;  
1f84			;    : adg 6666 ;  
1f84			; 
1f84			;    db   1     ; user defined word  
1f84 23			inc hl    
1f85			;    dw   sysdict 
1f85 23			inc hl 
1f86 23			inc hl 
1f87			;    db <word len>+1 (for null) 
1f87 23			inc hl 
1f88			;    db .... <word> 
1f88			; 
1f88			 
1f88 23			inc hl    ; some extras for the word preamble before the above 
1f89 23			inc hl 
1f8a 23			inc hl 
1f8b 23			inc hl 
1f8c 23			inc hl 
1f8d 23			inc hl 
1f8e 23			inc hl  
1f8f 23			inc hl 
1f90 23			inc hl 
1f91 23			inc hl 
1f92 23			inc hl 
1f93 23			inc hl 
1f94 23			inc hl 
1f95 23			inc hl     ; TODO how many do we really need?     maybe only 6 
1f96			;       exec word buffer 
1f96			;	<ptr word>   
1f96 23			inc hl 
1f97 23			inc hl 
1f98			;       <word list><null term> 7F final term 
1f98			 
1f98			 
1f98			if DEBUG_FORTH_UWORD 
1f98					DMARK ":02" 
1f98				if DEMARK_VERSION = 1  
1f98 e5					push hl  
1f99 21 a1 1f				ld hl, .dmark  
1f9c 22 60 ee				ld (debug_mark), hl  
1f9f				endif  
1f9f				if DEMARK_VERSION = 0  
1f9f					push af  
1f9f					ld a, (.dmark)  
1f9f					ld (debug_mark),a  
1f9f					ld a, (.dmark+1)  
1f9f					ld (debug_mark+1),a  
1f9f					ld a, (.dmark+2)  
1f9f					ld (debug_mark+2),a  
1f9f				endif  
1f9f 18 04			jr .pastdmark  
1fa1 ..			.dmark: db ":02"  
1fa4				if DEMARK_VERSION = 1  
1fa4 00					db 0  
1fa5				endif  
1fa5				if DEMARK_VERSION = 1  
1fa5 e1			.pastdmark: pop hl  
1fa6				endif  
1fa6				if DEMARK_VERSION = 0  
1fa6			.pastdmark: pop af  
1fa6				endif  
1fa6			endm  
# End of macro DMARK
1fa6			CALLMONITOR 
1fa6				if BASE_CPM=1  
1fa6 cd 6b ee				call debug_vector  
1fa9				endif  
1fa9				if BASE_KEV=1  
1fa9					rst 8  
1fa9				endif  
1fa9				endm  
# End of macro CALLMONITOR
1fa9			endif 
1fa9			 
1fa9			 
1fa9				; malloc the size 
1fa9			 
1fa9 cd c5 0f			call malloc 
1fac 22 8f e2			ld (os_new_malloc), hl     ; save malloc start 
1faf			 
1faf			;    db   1     ; user defined word  
1faf			;	ld a, WORD_SYS_UWORD  
1faf 36 01			ld (hl), WORD_SYS_UWORD 
1fb1			 
1fb1 23			inc hl    
1fb2			;    dw   sysdict 
1fb2 11 7f 1d		ld de, sysdict       ; continue on with the scan to the system dict 
1fb5 73			ld (hl), e 
1fb6 23			inc hl 
1fb7 72			ld (hl), d 
1fb8 23			inc hl                ; length of uword 
1fb9			 
1fb9			 
1fb9			;    Setup dict word 
1fb9			 
1fb9 23			inc hl 
1fba 22 89 e2		ld (os_new_work_ptr), hl     ; save start of dict word  
1fbd			 
1fbd			; 1. get length of dict word 
1fbd			 
1fbd			 
1fbd 2a 9e e5		ld hl, (os_tok_ptr) 
1fc0 23			inc hl 
1fc1 23			inc hl    ; position to start of dict word 
1fc2			;ld a, 0 
1fc2 cd 51 0f		call strlenz 
1fc5			 
1fc5			 
1fc5 23			inc hl    ; to include null 
1fc6			 
1fc6			; TODO DEBUG to here uword issue. Length of uword here is correct 
1fc6			if DEBUG_FORTH_UWORD 
1fc6					DMARK ":UL" 
1fc6				if DEMARK_VERSION = 1  
1fc6 e5					push hl  
1fc7 21 cf 1f				ld hl, .dmark  
1fca 22 60 ee				ld (debug_mark), hl  
1fcd				endif  
1fcd				if DEMARK_VERSION = 0  
1fcd					push af  
1fcd					ld a, (.dmark)  
1fcd					ld (debug_mark),a  
1fcd					ld a, (.dmark+1)  
1fcd					ld (debug_mark+1),a  
1fcd					ld a, (.dmark+2)  
1fcd					ld (debug_mark+2),a  
1fcd				endif  
1fcd 18 04			jr .pastdmark  
1fcf ..			.dmark: db ":UL"  
1fd2				if DEMARK_VERSION = 1  
1fd2 00					db 0  
1fd3				endif  
1fd3				if DEMARK_VERSION = 1  
1fd3 e1			.pastdmark: pop hl  
1fd4				endif  
1fd4				if DEMARK_VERSION = 0  
1fd4			.pastdmark: pop af  
1fd4				endif  
1fd4			endm  
# End of macro DMARK
1fd4			CALLMONITOR 
1fd4				if BASE_CPM=1  
1fd4 cd 6b ee				call debug_vector  
1fd7				endif  
1fd7				if BASE_KEV=1  
1fd7					rst 8  
1fd7				endif  
1fd7				endm  
# End of macro CALLMONITOR
1fd7			endif 
1fd7			 
1fd7			; write length of dict word 
1fd7			 
1fd7 ed 5b 89 e2	ld de, (os_new_work_ptr)   ; get dest for copy of word 
1fdb 1b			dec de 
1fdc eb			ex de, hl 
1fdd 73			ld (hl), e 
1fde eb			ex de, hl 
1fdf			 
1fdf			 
1fdf			 
1fdf			; copy 
1fdf			;ld c, l 
1fdf			;ld b, 0 
1fdf 45			ld b, l 
1fe0 ed 5b 89 e2	ld de, (os_new_work_ptr)   ; get dest for copy of word 
1fe4 2a 9e e5		ld hl, (os_tok_ptr) 
1fe7 23			inc hl 
1fe8 23			inc hl    ; position to start of dict word 
1fe9			 
1fe9			;	ldir       ; copy word - HL now is where we need to be for copy of the line 
1fe9			 
1fe9			; need to convert word to upper case 
1fe9			 
1fe9			if DEBUG_FORTH_UWORD 
1fe9					DMARK ":UC" 
1fe9				if DEMARK_VERSION = 1  
1fe9 e5					push hl  
1fea 21 f2 1f				ld hl, .dmark  
1fed 22 60 ee				ld (debug_mark), hl  
1ff0				endif  
1ff0				if DEMARK_VERSION = 0  
1ff0					push af  
1ff0					ld a, (.dmark)  
1ff0					ld (debug_mark),a  
1ff0					ld a, (.dmark+1)  
1ff0					ld (debug_mark+1),a  
1ff0					ld a, (.dmark+2)  
1ff0					ld (debug_mark+2),a  
1ff0				endif  
1ff0 18 04			jr .pastdmark  
1ff2 ..			.dmark: db ":UC"  
1ff5				if DEMARK_VERSION = 1  
1ff5 00					db 0  
1ff6				endif  
1ff6				if DEMARK_VERSION = 1  
1ff6 e1			.pastdmark: pop hl  
1ff7				endif  
1ff7				if DEMARK_VERSION = 0  
1ff7			.pastdmark: pop af  
1ff7				endif  
1ff7			endm  
# End of macro DMARK
1ff7			CALLMONITOR 
1ff7				if BASE_CPM=1  
1ff7 cd 6b ee				call debug_vector  
1ffa				endif  
1ffa				if BASE_KEV=1  
1ffa					rst 8  
1ffa				endif  
1ffa				endm  
# End of macro CALLMONITOR
1ffa			endif 
1ffa			ucasetok:	 
1ffa 7e			ld a,(hl) 
1ffb cd 48 0f		call toUpper 
1ffe 12			ld (de),a 
1fff			;ld (hl),a 
1fff			; TODO find out why the ldi, jp p is not working 
1fff			;ldi 
1fff			;jp p, ucasetok 
1fff 13			inc de 
2000 23			inc hl 
2001 10 f7		djnz ucasetok 
2003			 
2003			;inc de 
2003			;inc de 
2003			; de now points to start of where the word body code should be placed 
2003 ed 53 89 e2	ld (os_new_work_ptr), de 
2007			; hl now points to the words to throw at forthexec which needs to be copied 
2007 22 87 e2		ld (os_new_src_ptr), hl 
200a			 
200a			; add 'call to forthexec' 
200a			if DEBUG_FORTH_UWORD 
200a c5			push bc 
200b ed 4b 8f e2	ld bc, (os_new_malloc) 
200f					DMARK ":0x" 
200f				if DEMARK_VERSION = 1  
200f e5					push hl  
2010 21 18 20				ld hl, .dmark  
2013 22 60 ee				ld (debug_mark), hl  
2016				endif  
2016				if DEMARK_VERSION = 0  
2016					push af  
2016					ld a, (.dmark)  
2016					ld (debug_mark),a  
2016					ld a, (.dmark+1)  
2016					ld (debug_mark+1),a  
2016					ld a, (.dmark+2)  
2016					ld (debug_mark+2),a  
2016				endif  
2016 18 04			jr .pastdmark  
2018 ..			.dmark: db ":0x"  
201b				if DEMARK_VERSION = 1  
201b 00					db 0  
201c				endif  
201c				if DEMARK_VERSION = 1  
201c e1			.pastdmark: pop hl  
201d				endif  
201d				if DEMARK_VERSION = 0  
201d			.pastdmark: pop af  
201d				endif  
201d			endm  
# End of macro DMARK
201d			CALLMONITOR 
201d				if BASE_CPM=1  
201d cd 6b ee				call debug_vector  
2020				endif  
2020				if BASE_KEV=1  
2020					rst 8  
2020				endif  
2020				endm  
# End of macro CALLMONITOR
2020 c1			pop bc 
2021			endif 
2021			 
2021			 
2021			; create word preamble which should be: 
2021			 
2021			; possibly push the current os_tok_ptr to rsp and the current rsp will be the start of the string and not current pc???? 
2021			 
2021			;    ld hl, <word code> 
2021			;    jp user_exec 
2021			;    <word code bytes> 
2021			 
2021			 
2021			;	inc de     ;  ??? or are we already past the word's null 
2021 eb			ex de, hl 
2022			 
2022 36 21		ld (hl), 021h     ; get bytes poke "ld hl, " 
2024			 
2024 23			inc hl 
2025 22 83 e2		ld (os_new_exec_ptr),hl     ; save this location to poke with the address of the word buffer 
2028 23			inc hl 
2029			 
2029 23			inc hl 
202a 36 c3		ld (hl), 0c3h     ; get bytes poke "jp xx  " 
202c			 
202c 01 0e 46		ld bc, user_exec 
202f 23			inc hl 
2030 71			ld (hl), c     ; poke address of user_exec 
2031 23			inc hl 
2032 70			ld (hl), b     
2033			; 
2033			;	inc hl 
2033			;	ld (hl), 0cdh     ; TODO get bytes poke "call  " 
2033			; 
2033			; 
2033			;	ld bc, macro_forth_rsp_next 
2033			;	inc hl 
2033			;	ld (hl), c     ; poke address of FORTH_RSP_NEXT 
2033			;	inc hl 
2033			;	ld (hl), b     
2033			; 
2033			;	inc hl 
2033			;	ld (hl), 0cdh     ; TODO get bytes poke "call  " 
2033			; 
2033			; 
2033			;	inc hl 
2033			;	ld bc, forthexec 
2033			;	ld (hl), c     ; poke address of forthexec 
2033			;	inc hl 
2033			;	ld (hl), b      
2033			; 
2033			;	inc hl 
2033			;	ld (hl), 0c3h     ; TODO get bytes poke "jp  " 
2033			; 
2033			;	ld bc, user_dict_next 
2033			;	inc hl 
2033			;	ld (hl), c     ; poke address of forthexec 
2033			;	inc hl 
2033			;	ld (hl), b      
2033			 
2033			; hl is now where we need to copy the word byte data to save this 
2033			 
2033 23			inc hl 
2034 22 85 e2		ld (os_new_exec), hl 
2037			 
2037			; copy definition 
2037			 
2037 eb			ex de, hl 
2038			;	inc de    ; TODO BUG It appears the exec of a uword requires pc to be set 
2038			;	inc de    ; skip the PC for this parse 
2038 3a 8d e2		ld a, (os_new_parse_len) 
203b 4f			ld c, a 
203c 06 00		ld b, 0 
203e ed b0		ldir		 ; copy defintion 
2040			 
2040			 
2040			; poke the address of where the new word bytes live for forthexec 
2040			 
2040 2a 83 e2		ld hl, (os_new_exec_ptr)      
2043			 
2043 ed 5b 85 e2	ld de, (os_new_exec)      
2047			 
2047 73			ld (hl), e 
2048 23			inc hl 
2049 72			ld (hl), d 
204a			 
204a				; TODO copy last user dict word next link to this word 
204a				; TODO update last user dict word to point to this word 
204a			; 
204a			; hl f923 de 812a ; bc 811a 
204a			 
204a			if DEBUG_FORTH_UWORD 
204a c5			push bc 
204b ed 4b 8f e2	ld bc, (os_new_malloc) 
204f					DMARK ":0A" 
204f				if DEMARK_VERSION = 1  
204f e5					push hl  
2050 21 58 20				ld hl, .dmark  
2053 22 60 ee				ld (debug_mark), hl  
2056				endif  
2056				if DEMARK_VERSION = 0  
2056					push af  
2056					ld a, (.dmark)  
2056					ld (debug_mark),a  
2056					ld a, (.dmark+1)  
2056					ld (debug_mark+1),a  
2056					ld a, (.dmark+2)  
2056					ld (debug_mark+2),a  
2056				endif  
2056 18 04			jr .pastdmark  
2058 ..			.dmark: db ":0A"  
205b				if DEMARK_VERSION = 1  
205b 00					db 0  
205c				endif  
205c				if DEMARK_VERSION = 1  
205c e1			.pastdmark: pop hl  
205d				endif  
205d				if DEMARK_VERSION = 0  
205d			.pastdmark: pop af  
205d				endif  
205d			endm  
# End of macro DMARK
205d			CALLMONITOR 
205d				if BASE_CPM=1  
205d cd 6b ee				call debug_vector  
2060				endif  
2060				if BASE_KEV=1  
2060					rst 8  
2060				endif  
2060				endm  
# End of macro CALLMONITOR
2060 c1			pop bc 
2061			endif 
2061			if DEBUG_FORTH_UWORD 
2061 c5			push bc 
2062 ed 4b 8f e2	ld bc, (os_new_malloc) 
2066 03			inc bc 
2067 03			inc bc 
2068 03			inc bc 
2069 03			inc bc 
206a 03			inc bc 
206b 03			inc bc 
206c 03			inc bc 
206d 03			inc bc 
206e			 
206e					DMARK ":0B" 
206e				if DEMARK_VERSION = 1  
206e e5					push hl  
206f 21 77 20				ld hl, .dmark  
2072 22 60 ee				ld (debug_mark), hl  
2075				endif  
2075				if DEMARK_VERSION = 0  
2075					push af  
2075					ld a, (.dmark)  
2075					ld (debug_mark),a  
2075					ld a, (.dmark+1)  
2075					ld (debug_mark+1),a  
2075					ld a, (.dmark+2)  
2075					ld (debug_mark+2),a  
2075				endif  
2075 18 04			jr .pastdmark  
2077 ..			.dmark: db ":0B"  
207a				if DEMARK_VERSION = 1  
207a 00					db 0  
207b				endif  
207b				if DEMARK_VERSION = 1  
207b e1			.pastdmark: pop hl  
207c				endif  
207c				if DEMARK_VERSION = 0  
207c			.pastdmark: pop af  
207c				endif  
207c			endm  
# End of macro DMARK
207c			CALLMONITOR 
207c				if BASE_CPM=1  
207c cd 6b ee				call debug_vector  
207f				endif  
207f				if BASE_KEV=1  
207f					rst 8  
207f				endif  
207f				endm  
# End of macro CALLMONITOR
207f c1			pop bc 
2080			endif 
2080			 
2080			; update word dict linked list for new word 
2080			 
2080			 
2080 2a 9a e5		ld hl, (os_last_new_uword)		; get the start of the last added uword 
2083 23			inc hl     ; move to next work linked list ptr 
2084			 
2084 ed 5b 8f e2	ld de, (os_new_malloc)		 ; new next word 
2088 73			ld (hl), e 
2089 23			inc hl 
208a 72			ld (hl), d 
208b			 
208b			if DEBUG_FORTH_UWORD 
208b ed 4b 9a e5	ld bc, (os_last_new_uword)		; get the last word so we can check it worked in debug 
208f			endif 
208f			 
208f ed 53 9a e5	ld (os_last_new_uword), de      ; update last new uword ptr 
2093			 
2093			 
2093			if DEBUG_FORTH_UWORD 
2093					DMARK ":0+" 
2093				if DEMARK_VERSION = 1  
2093 e5					push hl  
2094 21 9c 20				ld hl, .dmark  
2097 22 60 ee				ld (debug_mark), hl  
209a				endif  
209a				if DEMARK_VERSION = 0  
209a					push af  
209a					ld a, (.dmark)  
209a					ld (debug_mark),a  
209a					ld a, (.dmark+1)  
209a					ld (debug_mark+1),a  
209a					ld a, (.dmark+2)  
209a					ld (debug_mark+2),a  
209a				endif  
209a 18 04			jr .pastdmark  
209c ..			.dmark: db ":0+"  
209f				if DEMARK_VERSION = 1  
209f 00					db 0  
20a0				endif  
20a0				if DEMARK_VERSION = 1  
20a0 e1			.pastdmark: pop hl  
20a1				endif  
20a1				if DEMARK_VERSION = 0  
20a1			.pastdmark: pop af  
20a1				endif  
20a1			endm  
# End of macro DMARK
20a1			CALLMONITOR 
20a1				if BASE_CPM=1  
20a1 cd 6b ee				call debug_vector  
20a4				endif  
20a4				if BASE_KEV=1  
20a4					rst 8  
20a4				endif  
20a4				endm  
# End of macro CALLMONITOR
20a4			endif 
20a4			 
20a4			STACKFRAMECHK OFF $8efe $989f 
20a4				if DEBUG_STACK_IMB 
20a4					if OFF 
20a4						exx 
20a4						ld hl, $989f 
20a4						pop de   ; $989f 
20a4						call cmp16 
20a4						jr nz, .spnosame 
20a4						ld hl, $8efe 
20a4						pop de   ; $8efe 
20a4						call cmp16 
20a4						jr z, .spfrsame 
20a4						.spnosame: call showsperror 
20a4						.spfrsame: nop 
20a4						exx 
20a4					endif 
20a4				endif 
20a4			endm 
# End of macro STACKFRAMECHK
20a4			 
20a4 c9			ret    ; dont process any remaining parser tokens as they form new word 
20a5			 
20a5			 
20a5			 
20a5			 
20a5			;		NEXT 
20a5			.SCOLN: 
20a5			;	CWHEAD .DROP 17 '\;' 1 WORD_FLAG_CODE 
20a5 06			db OPCODE_SCOLN 
20a6 de 20		dw .DROP 
20a8 02			db 2 
20a9 .. 00		db ";",0           
20ab			; | ; ( -- )     Terminate new word and return exec to previous exec level | DONE 
20ab				if DEBUG_FORTH_WORDS_KEY 
20ab					DMARK "SCN" 
20ab				if DEMARK_VERSION = 1  
20ab e5					push hl  
20ac 21 b4 20				ld hl, .dmark  
20af 22 60 ee				ld (debug_mark), hl  
20b2				endif  
20b2				if DEMARK_VERSION = 0  
20b2					push af  
20b2					ld a, (.dmark)  
20b2					ld (debug_mark),a  
20b2					ld a, (.dmark+1)  
20b2					ld (debug_mark+1),a  
20b2					ld a, (.dmark+2)  
20b2					ld (debug_mark+2),a  
20b2				endif  
20b2 18 04			jr .pastdmark  
20b4 ..			.dmark: db "SCN"  
20b7				if DEMARK_VERSION = 1  
20b7 00					db 0  
20b8				endif  
20b8				if DEMARK_VERSION = 1  
20b8 e1			.pastdmark: pop hl  
20b9				endif  
20b9				if DEMARK_VERSION = 0  
20b9			.pastdmark: pop af  
20b9				endif  
20b9			endm  
# End of macro DMARK
20b9					CALLMONITOR 
20b9				if BASE_CPM=1  
20b9 cd 6b ee				call debug_vector  
20bc				endif  
20bc				if BASE_KEV=1  
20bc					rst 8  
20bc				endif  
20bc				endm  
# End of macro CALLMONITOR
20bc				endif 
20bc				FORTH_RSP_TOS 
20bc cd c6 18			call macro_forth_rsp_tos 
20bf				endm 
# End of macro FORTH_RSP_TOS
20bf e5				push hl 
20c0				FORTH_RSP_POP 
20c0 cd d0 18			call macro_forth_rsp_pop 
20c3				endm 
# End of macro FORTH_RSP_POP
20c3 e1				pop hl 
20c4			;		ex de,hl 
20c4 22 9e e5			ld (os_tok_ptr),hl 
20c7			 
20c7			if DEBUG_FORTH_UWORD 
20c7					DMARK "SCL" 
20c7				if DEMARK_VERSION = 1  
20c7 e5					push hl  
20c8 21 d0 20				ld hl, .dmark  
20cb 22 60 ee				ld (debug_mark), hl  
20ce				endif  
20ce				if DEMARK_VERSION = 0  
20ce					push af  
20ce					ld a, (.dmark)  
20ce					ld (debug_mark),a  
20ce					ld a, (.dmark+1)  
20ce					ld (debug_mark+1),a  
20ce					ld a, (.dmark+2)  
20ce					ld (debug_mark+2),a  
20ce				endif  
20ce 18 04			jr .pastdmark  
20d0 ..			.dmark: db "SCL"  
20d3				if DEMARK_VERSION = 1  
20d3 00					db 0  
20d4				endif  
20d4				if DEMARK_VERSION = 1  
20d4 e1			.pastdmark: pop hl  
20d5				endif  
20d5				if DEMARK_VERSION = 0  
20d5			.pastdmark: pop af  
20d5				endif  
20d5			endm  
# End of macro DMARK
20d5			CALLMONITOR 
20d5				if BASE_CPM=1  
20d5 cd 6b ee				call debug_vector  
20d8				endif  
20d8				if BASE_KEV=1  
20d8					rst 8  
20d8				endif  
20d8				endm  
# End of macro CALLMONITOR
20d8			endif 
20d8				NEXTW 
20d8 cd 68 ee			call parse_vector 
20db c3 46 1c			jp macro_next 
20de				endm 
# End of macro NEXTW
20de			 
20de			.DROP: 
20de			CWHEAD .DUP2 OPCODE_DROP "DROP" 4 WORD_FLAG_CODE 
20de 1b				db WORD_SYS_CORE+OPCODE_DROP             
20df 01 21			dw .DUP2            
20e1 05				db 4 + 1 
20e2 .. 00			db "DROP",0              
20e7				endm 
# End of macro CWHEAD
20e7			; | DROP ( w -- )   drop the TOS item   | DONE 
20e7				if DEBUG_FORTH_WORDS_KEY 
20e7					DMARK "DRP" 
20e7				if DEMARK_VERSION = 1  
20e7 e5					push hl  
20e8 21 f0 20				ld hl, .dmark  
20eb 22 60 ee				ld (debug_mark), hl  
20ee				endif  
20ee				if DEMARK_VERSION = 0  
20ee					push af  
20ee					ld a, (.dmark)  
20ee					ld (debug_mark),a  
20ee					ld a, (.dmark+1)  
20ee					ld (debug_mark+1),a  
20ee					ld a, (.dmark+2)  
20ee					ld (debug_mark+2),a  
20ee				endif  
20ee 18 04			jr .pastdmark  
20f0 ..			.dmark: db "DRP"  
20f3				if DEMARK_VERSION = 1  
20f3 00					db 0  
20f4				endif  
20f4				if DEMARK_VERSION = 1  
20f4 e1			.pastdmark: pop hl  
20f5				endif  
20f5				if DEMARK_VERSION = 0  
20f5			.pastdmark: pop af  
20f5				endif  
20f5			endm  
# End of macro DMARK
20f5					CALLMONITOR 
20f5				if BASE_CPM=1  
20f5 cd 6b ee				call debug_vector  
20f8				endif  
20f8				if BASE_KEV=1  
20f8					rst 8  
20f8				endif  
20f8				endm  
# End of macro CALLMONITOR
20f8				endif 
20f8				FORTH_DSP_POP 
20f8				if BASE_CPM=1 
20f8 cd 2d 1b			call macro_forth_dsp_pop 
20fb				endif 
20fb				if BASE_KEV=1 
20fb					rst $10 
20fb				endif 
20fb				endm 
# End of macro FORTH_DSP_POP
20fb				NEXTW 
20fb cd 68 ee			call parse_vector 
20fe c3 46 1c			jp macro_next 
2101				endm 
# End of macro NEXTW
2101			.DUP2: 
2101			CWHEAD .DROP2 OPCODE_DUP2 "2DUP" 4 WORD_FLAG_CODE 
2101 1c				db WORD_SYS_CORE+OPCODE_DUP2             
2102 3e 21			dw .DROP2            
2104 05				db 4 + 1 
2105 .. 00			db "2DUP",0              
210a				endm 
# End of macro CWHEAD
210a			; | 2DUP ( w1 w2 -- w1 w2 w1 w2 ) Duplicate the top two items on TOS  (Only works for numerics) | DONE 
210a			; | | >[!NOTE] 
210a			; | | > If the duplicated items are string pointers, string are not safely duplicated and remain as pointers to the origin 
210a				if DEBUG_FORTH_WORDS_KEY 
210a					DMARK "2DU" 
210a				if DEMARK_VERSION = 1  
210a e5					push hl  
210b 21 13 21				ld hl, .dmark  
210e 22 60 ee				ld (debug_mark), hl  
2111				endif  
2111				if DEMARK_VERSION = 0  
2111					push af  
2111					ld a, (.dmark)  
2111					ld (debug_mark),a  
2111					ld a, (.dmark+1)  
2111					ld (debug_mark+1),a  
2111					ld a, (.dmark+2)  
2111					ld (debug_mark+2),a  
2111				endif  
2111 18 04			jr .pastdmark  
2113 ..			.dmark: db "2DU"  
2116				if DEMARK_VERSION = 1  
2116 00					db 0  
2117				endif  
2117				if DEMARK_VERSION = 1  
2117 e1			.pastdmark: pop hl  
2118				endif  
2118				if DEMARK_VERSION = 0  
2118			.pastdmark: pop af  
2118				endif  
2118			endm  
# End of macro DMARK
2118					CALLMONITOR 
2118				if BASE_CPM=1  
2118 cd 6b ee				call debug_vector  
211b				endif  
211b				if BASE_KEV=1  
211b					rst 8  
211b				endif  
211b				endm  
# End of macro CALLMONITOR
211b				endif 
211b				FORTH_DSP_VALUEHL 
211b				if BASE_CPM=1 
211b cd 96 1a			call macro_dsp_valuehl 
211e				endif 
211e				if BASE_KEV=1 
211e					rst $18 
211e				endif 
211e				endm 
# End of macro FORTH_DSP_VALUEHL
211e e5				push hl      ; 2 
211f			 
211f				FORTH_DSP_POP 
211f				if BASE_CPM=1 
211f cd 2d 1b			call macro_forth_dsp_pop 
2122				endif 
2122				if BASE_KEV=1 
2122					rst $10 
2122				endif 
2122				endm 
# End of macro FORTH_DSP_POP
2122				 
2122				FORTH_DSP_VALUEHL 
2122				if BASE_CPM=1 
2122 cd 96 1a			call macro_dsp_valuehl 
2125				endif 
2125				if BASE_KEV=1 
2125					rst $18 
2125				endif 
2125				endm 
# End of macro FORTH_DSP_VALUEHL
2125			;		push hl      ; 1 
2125			 
2125				FORTH_DSP_POP 
2125				if BASE_CPM=1 
2125 cd 2d 1b			call macro_forth_dsp_pop 
2128				endif 
2128				if BASE_KEV=1 
2128					rst $10 
2128				endif 
2128				endm 
# End of macro FORTH_DSP_POP
2128			 
2128			;		pop hl       ; 1 
2128 d1				pop de       ; 2 
2129			 
2129			;	call forth_push_numhl 
2129					FORTH_PUSH_VALUEHL 
2129				if BASE_CPM=1 
2129 cd 08 19				call forth_push_numhl 
212c				endif 
212c				if BASE_KEV=1 
212c					rst $20 
212c				endif 
212c				endm 
# End of macro FORTH_PUSH_VALUEHL
212c eb				ex de, hl 
212d			;	call forth_push_numhl 
212d					FORTH_PUSH_VALUEHL 
212d				if BASE_CPM=1 
212d cd 08 19				call forth_push_numhl 
2130				endif 
2130				if BASE_KEV=1 
2130					rst $20 
2130				endif 
2130				endm 
# End of macro FORTH_PUSH_VALUEHL
2130			 
2130				 
2130 eb				ex de, hl 
2131			 
2131			;	call forth_push_numhl 
2131					FORTH_PUSH_VALUEHL 
2131				if BASE_CPM=1 
2131 cd 08 19				call forth_push_numhl 
2134				endif 
2134				if BASE_KEV=1 
2134					rst $20 
2134				endif 
2134				endm 
# End of macro FORTH_PUSH_VALUEHL
2134 eb				ex de, hl 
2135			;	call forth_push_numhl 
2135					FORTH_PUSH_VALUEHL 
2135				if BASE_CPM=1 
2135 cd 08 19				call forth_push_numhl 
2138				endif 
2138				if BASE_KEV=1 
2138					rst $20 
2138				endif 
2138				endm 
# End of macro FORTH_PUSH_VALUEHL
2138			 
2138			 
2138				NEXTW 
2138 cd 68 ee			call parse_vector 
213b c3 46 1c			jp macro_next 
213e				endm 
# End of macro NEXTW
213e			.DROP2: 
213e			CWHEAD .PICK OPCODE_DROP2 "2DROP" 5 WORD_FLAG_CODE 
213e 1d				db WORD_SYS_CORE+OPCODE_DROP2             
213f 65 21			dw .PICK            
2141 06				db 5 + 1 
2142 .. 00			db "2DROP",0              
2148				endm 
# End of macro CWHEAD
2148			; | 2DROP ( w w -- )    Double drop | DONE 
2148				if DEBUG_FORTH_WORDS_KEY 
2148					DMARK "2DR" 
2148				if DEMARK_VERSION = 1  
2148 e5					push hl  
2149 21 51 21				ld hl, .dmark  
214c 22 60 ee				ld (debug_mark), hl  
214f				endif  
214f				if DEMARK_VERSION = 0  
214f					push af  
214f					ld a, (.dmark)  
214f					ld (debug_mark),a  
214f					ld a, (.dmark+1)  
214f					ld (debug_mark+1),a  
214f					ld a, (.dmark+2)  
214f					ld (debug_mark+2),a  
214f				endif  
214f 18 04			jr .pastdmark  
2151 ..			.dmark: db "2DR"  
2154				if DEMARK_VERSION = 1  
2154 00					db 0  
2155				endif  
2155				if DEMARK_VERSION = 1  
2155 e1			.pastdmark: pop hl  
2156				endif  
2156				if DEMARK_VERSION = 0  
2156			.pastdmark: pop af  
2156				endif  
2156			endm  
# End of macro DMARK
2156					CALLMONITOR 
2156				if BASE_CPM=1  
2156 cd 6b ee				call debug_vector  
2159				endif  
2159				if BASE_KEV=1  
2159					rst 8  
2159				endif  
2159				endm  
# End of macro CALLMONITOR
2159				endif 
2159				FORTH_DSP_POP 
2159				if BASE_CPM=1 
2159 cd 2d 1b			call macro_forth_dsp_pop 
215c				endif 
215c				if BASE_KEV=1 
215c					rst $10 
215c				endif 
215c				endm 
# End of macro FORTH_DSP_POP
215c				FORTH_DSP_POP 
215c				if BASE_CPM=1 
215c cd 2d 1b			call macro_forth_dsp_pop 
215f				endif 
215f				if BASE_KEV=1 
215f					rst $10 
215f				endif 
215f				endm 
# End of macro FORTH_DSP_POP
215f				NEXTW 
215f cd 68 ee			call parse_vector 
2162 c3 46 1c			jp macro_next 
2165				endm 
# End of macro NEXTW
2165			.PICK: 
2165			CWHEAD .SWAP2 99 "PICK" 4 WORD_FLAG_CODE 
2165 77				db WORD_SYS_CORE+99             
2166 d6 21			dw .SWAP2            
2168 05				db 4 + 1 
2169 .. 00			db "PICK",0              
216e				endm 
# End of macro CWHEAD
216e			; | PICK ( ux ... u x -- ux ... u n )    Replace x on stack with the item from position x on stack  | DONE 
216e			; | | >[!NOTE] 
216e			; | | > If the chosen item is a string the pointer is pushed to TOS. The string is not safely duplicated. 
216e				if DEBUG_FORTH_WORDS_KEY 
216e					DMARK "PIK" 
216e				if DEMARK_VERSION = 1  
216e e5					push hl  
216f 21 77 21				ld hl, .dmark  
2172 22 60 ee				ld (debug_mark), hl  
2175				endif  
2175				if DEMARK_VERSION = 0  
2175					push af  
2175					ld a, (.dmark)  
2175					ld (debug_mark),a  
2175					ld a, (.dmark+1)  
2175					ld (debug_mark+1),a  
2175					ld a, (.dmark+2)  
2175					ld (debug_mark+2),a  
2175				endif  
2175 18 04			jr .pastdmark  
2177 ..			.dmark: db "PIK"  
217a				if DEMARK_VERSION = 1  
217a 00					db 0  
217b				endif  
217b				if DEMARK_VERSION = 1  
217b e1			.pastdmark: pop hl  
217c				endif  
217c				if DEMARK_VERSION = 0  
217c			.pastdmark: pop af  
217c				endif  
217c			endm  
# End of macro DMARK
217c					CALLMONITOR 
217c				if BASE_CPM=1  
217c cd 6b ee				call debug_vector  
217f				endif  
217f				if BASE_KEV=1  
217f					rst 8  
217f				endif  
217f				endm  
# End of macro CALLMONITOR
217f				endif 
217f			 
217f				FORTH_DSP_VALUEHL     			; TODO skip type check and assume number.... lol 
217f				if BASE_CPM=1 
217f cd 96 1a			call macro_dsp_valuehl 
2182				endif 
2182				if BASE_KEV=1 
2182					rst $18 
2182				endif 
2182				endm 
# End of macro FORTH_DSP_VALUEHL
2182				 
2182				FORTH_DSP_POP  ; TODO add stock underflow checks and throws  
2182				if BASE_CPM=1 
2182 cd 2d 1b			call macro_forth_dsp_pop 
2185				endif 
2185				if BASE_KEV=1 
2185					rst $10 
2185				endif 
2185				endm 
# End of macro FORTH_DSP_POP
2185			 
2185				; init from TOS 
2185 e5				push hl 
2186				FORTH_DSP 
2186 cd 67 1a			call macro_forth_dsp 
2189				endm 
# End of macro FORTH_DSP
2189			;	ld hl, cli_data_sp 
2189				if DEBUG_FORTH_WORDS 
2189					DMARK "PK1" 
2189				if DEMARK_VERSION = 1  
2189 e5					push hl  
218a 21 92 21				ld hl, .dmark  
218d 22 60 ee				ld (debug_mark), hl  
2190				endif  
2190				if DEMARK_VERSION = 0  
2190					push af  
2190					ld a, (.dmark)  
2190					ld (debug_mark),a  
2190					ld a, (.dmark+1)  
2190					ld (debug_mark+1),a  
2190					ld a, (.dmark+2)  
2190					ld (debug_mark+2),a  
2190				endif  
2190 18 04			jr .pastdmark  
2192 ..			.dmark: db "PK1"  
2195				if DEMARK_VERSION = 1  
2195 00					db 0  
2196				endif  
2196				if DEMARK_VERSION = 1  
2196 e1			.pastdmark: pop hl  
2197				endif  
2197				if DEMARK_VERSION = 0  
2197			.pastdmark: pop af  
2197				endif  
2197			endm  
# End of macro DMARK
2197					CALLMONITOR 
2197				if BASE_CPM=1  
2197 cd 6b ee				call debug_vector  
219a				endif  
219a				if BASE_KEV=1  
219a					rst 8  
219a				endif  
219a				endm  
# End of macro CALLMONITOR
219a				endif 
219a c1				pop bc 
219b 41				ld b,c 
219c 3e 00			ld a, 0 
219e b8				cp b 
219f 28 16			jr z, .pdone	 
21a1			.pkl: 
21a1 2b				dec hl 
21a2 2b				dec hl 
21a3 2b				dec hl 
21a4			 
21a4				if DEBUG_FORTH_WORDS 
21a4					DMARK "PKl" 
21a4				if DEMARK_VERSION = 1  
21a4 e5					push hl  
21a5 21 ad 21				ld hl, .dmark  
21a8 22 60 ee				ld (debug_mark), hl  
21ab				endif  
21ab				if DEMARK_VERSION = 0  
21ab					push af  
21ab					ld a, (.dmark)  
21ab					ld (debug_mark),a  
21ab					ld a, (.dmark+1)  
21ab					ld (debug_mark+1),a  
21ab					ld a, (.dmark+2)  
21ab					ld (debug_mark+2),a  
21ab				endif  
21ab 18 04			jr .pastdmark  
21ad ..			.dmark: db "PKl"  
21b0				if DEMARK_VERSION = 1  
21b0 00					db 0  
21b1				endif  
21b1				if DEMARK_VERSION = 1  
21b1 e1			.pastdmark: pop hl  
21b2				endif  
21b2				if DEMARK_VERSION = 0  
21b2			.pastdmark: pop af  
21b2				endif  
21b2			endm  
# End of macro DMARK
21b2					CALLMONITOR 
21b2				if BASE_CPM=1  
21b2 cd 6b ee				call debug_vector  
21b5				endif  
21b5				if BASE_KEV=1  
21b5					rst 8  
21b5				endif  
21b5				endm  
# End of macro CALLMONITOR
21b5				endif 
21b5 10 ea			djnz .pkl 
21b7			.pdone: 
21b7				 
21b7				; TODO do type check with correct push 
21b7			 
21b7 23				inc hl 
21b8				;call loadwordinhl 
21b8 5e				ld e, (hl) 
21b9 23				inc hl 
21ba 56				ld d, (hl) 
21bb eb				ex de,hl 
21bc				if DEBUG_FORTH_WORDS 
21bc					DMARK "PKp" 
21bc				if DEMARK_VERSION = 1  
21bc e5					push hl  
21bd 21 c5 21				ld hl, .dmark  
21c0 22 60 ee				ld (debug_mark), hl  
21c3				endif  
21c3				if DEMARK_VERSION = 0  
21c3					push af  
21c3					ld a, (.dmark)  
21c3					ld (debug_mark),a  
21c3					ld a, (.dmark+1)  
21c3					ld (debug_mark+1),a  
21c3					ld a, (.dmark+2)  
21c3					ld (debug_mark+2),a  
21c3				endif  
21c3 18 04			jr .pastdmark  
21c5 ..			.dmark: db "PKp"  
21c8				if DEMARK_VERSION = 1  
21c8 00					db 0  
21c9				endif  
21c9				if DEMARK_VERSION = 1  
21c9 e1			.pastdmark: pop hl  
21ca				endif  
21ca				if DEMARK_VERSION = 0  
21ca			.pastdmark: pop af  
21ca				endif  
21ca			endm  
# End of macro DMARK
21ca					CALLMONITOR 
21ca				if BASE_CPM=1  
21ca cd 6b ee				call debug_vector  
21cd				endif  
21cd				if BASE_KEV=1  
21cd					rst 8  
21cd				endif  
21cd				endm  
# End of macro CALLMONITOR
21cd				endif 
21cd			;	call forth_push_numhl 
21cd					FORTH_PUSH_VALUEHL 
21cd				if BASE_CPM=1 
21cd cd 08 19				call forth_push_numhl 
21d0				endif 
21d0				if BASE_KEV=1 
21d0					rst $20 
21d0				endif 
21d0				endm 
# End of macro FORTH_PUSH_VALUEHL
21d0			 
21d0				NEXTW 
21d0 cd 68 ee			call parse_vector 
21d3 c3 46 1c			jp macro_next 
21d6				endm 
# End of macro NEXTW
21d6			.SWAP2: 
21d6			CWHEAD .AT OPCODE_SWAP2 "2SWAP" 5 WORD_FLAG_CODE 
21d6 1e				db WORD_SYS_CORE+OPCODE_SWAP2             
21d7 4f 22			dw .AT            
21d9 06				db 5 + 1 
21da .. 00			db "2SWAP",0              
21e0				endm 
# End of macro CWHEAD
21e0			; | 2SWAP ( w1 w2 w3 w4 -- w3 w4 w1 w2 ) Swap top pair of items | DONE 
21e0				if DEBUG_FORTH_WORDS_KEY 
21e0					DMARK "2SW" 
21e0				if DEMARK_VERSION = 1  
21e0 e5					push hl  
21e1 21 e9 21				ld hl, .dmark  
21e4 22 60 ee				ld (debug_mark), hl  
21e7				endif  
21e7				if DEMARK_VERSION = 0  
21e7					push af  
21e7					ld a, (.dmark)  
21e7					ld (debug_mark),a  
21e7					ld a, (.dmark+1)  
21e7					ld (debug_mark+1),a  
21e7					ld a, (.dmark+2)  
21e7					ld (debug_mark+2),a  
21e7				endif  
21e7 18 04			jr .pastdmark  
21e9 ..			.dmark: db "2SW"  
21ec				if DEMARK_VERSION = 1  
21ec 00					db 0  
21ed				endif  
21ed				if DEMARK_VERSION = 1  
21ed e1			.pastdmark: pop hl  
21ee				endif  
21ee				if DEMARK_VERSION = 0  
21ee			.pastdmark: pop af  
21ee				endif  
21ee			endm  
# End of macro DMARK
21ee					CALLMONITOR 
21ee				if BASE_CPM=1  
21ee cd 6b ee				call debug_vector  
21f1				endif  
21f1				if BASE_KEV=1  
21f1					rst 8  
21f1				endif  
21f1				endm  
# End of macro CALLMONITOR
21f1				endif 
21f1			; TODO Use os stack swap memory 
21f1			 
21f1				FORTH_DSP_PTR 0     ; TOS    w4 
21f1 2a ca e9			ld hl,(cli_data_sp) 
21f4 11 00 00			ld de, 0 * 3 
21f7 ed 52			sbc hl, de 
21f9				endm 
# End of macro FORTH_DSP_PTR
21f9 cd 96 1b			call hltostack1 
21fc			  
21fc				FORTH_DSP_PTR 1     ; TOS    w3 
21fc 2a ca e9			ld hl,(cli_data_sp) 
21ff 11 03 00			ld de, 1 * 3 
2202 ed 52			sbc hl, de 
2204				endm 
# End of macro FORTH_DSP_PTR
2204 cd 9c 1b			call hltostack2 
2207			 
2207			 
2207			 
2207				FORTH_DSP_PTR 2     ; TOS    w2 
2207 2a ca e9			ld hl,(cli_data_sp) 
220a 11 06 00			ld de, 2 * 3 
220d ed 52			sbc hl, de 
220f				endm 
# End of macro FORTH_DSP_PTR
220f cd a2 1b			call hltostack3 
2212			 
2212				FORTH_DSP_PTR 3     ; TOS   w1 
2212 2a ca e9			ld hl,(cli_data_sp) 
2215 11 09 00			ld de, 3 * 3 
2218 ed 52			sbc hl, de 
221a				endm 
# End of macro FORTH_DSP_PTR
221a cd a8 1b			call hltostack4 
221d			 
221d			 
221d			 
221d			 
221d				FORTH_DSP_PTR 0     ; TOS 
221d 2a ca e9			ld hl,(cli_data_sp) 
2220 11 00 00			ld de, 0 * 3 
2223 ed 52			sbc hl, de 
2225				endm 
# End of macro FORTH_DSP_PTR
2225 cd ba 1b			call hlfromstack3 
2228			 
2228				FORTH_DSP_PTR 1     ; TOS 
2228 2a ca e9			ld hl,(cli_data_sp) 
222b 11 03 00			ld de, 1 * 3 
222e ed 52			sbc hl, de 
2230				endm 
# End of macro FORTH_DSP_PTR
2230 cd c0 1b			call hlfromstack4 
2233			 
2233			 
2233			 
2233				FORTH_DSP_PTR 2     ; TOS 
2233 2a ca e9			ld hl,(cli_data_sp) 
2236 11 06 00			ld de, 2 * 3 
2239 ed 52			sbc hl, de 
223b				endm 
# End of macro FORTH_DSP_PTR
223b cd ae 1b			call hlfromstack1 
223e			 
223e				FORTH_DSP_PTR 3     ; TOS 
223e 2a ca e9			ld hl,(cli_data_sp) 
2241 11 09 00			ld de, 3 * 3 
2244 ed 52			sbc hl, de 
2246				endm 
# End of macro FORTH_DSP_PTR
2246 cd b4 1b			call hlfromstack2 
2249			 
2249				NEXTW 
2249 cd 68 ee			call parse_vector 
224c c3 46 1c			jp macro_next 
224f				endm 
# End of macro NEXTW
224f			.AT: 
224f			CWHEAD .CAT OPCODE_AT "@" 1 WORD_FLAG_CODE 
224f 1f				db WORD_SYS_CORE+OPCODE_AT             
2250 79 22			dw .CAT            
2252 02				db 1 + 1 
2253 .. 00			db "@",0              
2255				endm 
# End of macro CWHEAD
2255			; | @ ( w -- ) Push onto TOS byte stored at address   | DONE 
2255			 
2255				if DEBUG_FORTH_WORDS_KEY 
2255					DMARK "AT." 
2255				if DEMARK_VERSION = 1  
2255 e5					push hl  
2256 21 5e 22				ld hl, .dmark  
2259 22 60 ee				ld (debug_mark), hl  
225c				endif  
225c				if DEMARK_VERSION = 0  
225c					push af  
225c					ld a, (.dmark)  
225c					ld (debug_mark),a  
225c					ld a, (.dmark+1)  
225c					ld (debug_mark+1),a  
225c					ld a, (.dmark+2)  
225c					ld (debug_mark+2),a  
225c				endif  
225c 18 04			jr .pastdmark  
225e ..			.dmark: db "AT."  
2261				if DEMARK_VERSION = 1  
2261 00					db 0  
2262				endif  
2262				if DEMARK_VERSION = 1  
2262 e1			.pastdmark: pop hl  
2263				endif  
2263				if DEMARK_VERSION = 0  
2263			.pastdmark: pop af  
2263				endif  
2263			endm  
# End of macro DMARK
2263					CALLMONITOR 
2263				if BASE_CPM=1  
2263 cd 6b ee				call debug_vector  
2266				endif  
2266				if BASE_KEV=1  
2266					rst 8  
2266				endif  
2266				endm  
# End of macro CALLMONITOR
2266				endif 
2266			.getbyteat:	 
2266				FORTH_DSP_VALUEHL     			; TODO skip type check and assume number.... lol 
2266				if BASE_CPM=1 
2266 cd 96 1a			call macro_dsp_valuehl 
2269				endif 
2269				if BASE_KEV=1 
2269					rst $18 
2269				endif 
2269				endm 
# End of macro FORTH_DSP_VALUEHL
2269				 
2269			;		push hl 
2269			 
2269				FORTH_DSP_POP  ; TODO add stock underflow checks and throws  
2269				if BASE_CPM=1 
2269 cd 2d 1b			call macro_forth_dsp_pop 
226c				endif 
226c				if BASE_KEV=1 
226c					rst $10 
226c				endif 
226c				endm 
# End of macro FORTH_DSP_POP
226c			 
226c			;		pop hl 
226c			 
226c 7e				ld a, (hl) 
226d			 
226d 6f				ld l, a 
226e 26 00			ld h, 0 
2270			;	call forth_push_numhl 
2270					FORTH_PUSH_VALUEHL 
2270				if BASE_CPM=1 
2270 cd 08 19				call forth_push_numhl 
2273				endif 
2273				if BASE_KEV=1 
2273					rst $20 
2273				endif 
2273				endm 
# End of macro FORTH_PUSH_VALUEHL
2273			 
2273				NEXTW 
2273 cd 68 ee			call parse_vector 
2276 c3 46 1c			jp macro_next 
2279				endm 
# End of macro NEXTW
2279			.CAT: 
2279			CWHEAD .BANG OPCODE_CAT "C@" 2 WORD_FLAG_CODE 
2279 20				db WORD_SYS_CORE+OPCODE_CAT             
227a 9a 22			dw .BANG            
227c 03				db 2 + 1 
227d .. 00			db "C@",0              
2280				endm 
# End of macro CWHEAD
2280			; | C@  ( w -- ) Push onto TOS byte stored at address   | DONE 
2280				if DEBUG_FORTH_WORDS_KEY 
2280					DMARK "CAA" 
2280				if DEMARK_VERSION = 1  
2280 e5					push hl  
2281 21 89 22				ld hl, .dmark  
2284 22 60 ee				ld (debug_mark), hl  
2287				endif  
2287				if DEMARK_VERSION = 0  
2287					push af  
2287					ld a, (.dmark)  
2287					ld (debug_mark),a  
2287					ld a, (.dmark+1)  
2287					ld (debug_mark+1),a  
2287					ld a, (.dmark+2)  
2287					ld (debug_mark+2),a  
2287				endif  
2287 18 04			jr .pastdmark  
2289 ..			.dmark: db "CAA"  
228c				if DEMARK_VERSION = 1  
228c 00					db 0  
228d				endif  
228d				if DEMARK_VERSION = 1  
228d e1			.pastdmark: pop hl  
228e				endif  
228e				if DEMARK_VERSION = 0  
228e			.pastdmark: pop af  
228e				endif  
228e			endm  
# End of macro DMARK
228e					CALLMONITOR 
228e				if BASE_CPM=1  
228e cd 6b ee				call debug_vector  
2291				endif  
2291				if BASE_KEV=1  
2291					rst 8  
2291				endif  
2291				endm  
# End of macro CALLMONITOR
2291				endif 
2291 c3 66 22			jp .getbyteat 
2294				NEXTW 
2294 cd 68 ee			call parse_vector 
2297 c3 46 1c			jp macro_next 
229a				endm 
# End of macro NEXTW
229a			.BANG: 
229a			CWHEAD .CBANG OPCODE_BANG "!" 1 WORD_FLAG_CODE 
229a 21				db WORD_SYS_CORE+OPCODE_BANG             
229b c8 22			dw .CBANG            
229d 02				db 1 + 1 
229e .. 00			db "!",0              
22a0				endm 
# End of macro CWHEAD
22a0			; | ! ( x w -- ) Store x at address w      | DONE 
22a0				if DEBUG_FORTH_WORDS_KEY 
22a0					DMARK "BNG" 
22a0				if DEMARK_VERSION = 1  
22a0 e5					push hl  
22a1 21 a9 22				ld hl, .dmark  
22a4 22 60 ee				ld (debug_mark), hl  
22a7				endif  
22a7				if DEMARK_VERSION = 0  
22a7					push af  
22a7					ld a, (.dmark)  
22a7					ld (debug_mark),a  
22a7					ld a, (.dmark+1)  
22a7					ld (debug_mark+1),a  
22a7					ld a, (.dmark+2)  
22a7					ld (debug_mark+2),a  
22a7				endif  
22a7 18 04			jr .pastdmark  
22a9 ..			.dmark: db "BNG"  
22ac				if DEMARK_VERSION = 1  
22ac 00					db 0  
22ad				endif  
22ad				if DEMARK_VERSION = 1  
22ad e1			.pastdmark: pop hl  
22ae				endif  
22ae				if DEMARK_VERSION = 0  
22ae			.pastdmark: pop af  
22ae				endif  
22ae			endm  
# End of macro DMARK
22ae					CALLMONITOR 
22ae				if BASE_CPM=1  
22ae cd 6b ee				call debug_vector  
22b1				endif  
22b1				if BASE_KEV=1  
22b1					rst 8  
22b1				endif  
22b1				endm  
# End of macro CALLMONITOR
22b1				endif 
22b1			 
22b1			.storebyteat:		 
22b1				FORTH_DSP_VALUEHL     			; TODO skip type check and assume number.... lol 
22b1				if BASE_CPM=1 
22b1 cd 96 1a			call macro_dsp_valuehl 
22b4				endif 
22b4				if BASE_KEV=1 
22b4					rst $18 
22b4				endif 
22b4				endm 
# End of macro FORTH_DSP_VALUEHL
22b4				 
22b4 e5				push hl 
22b5			 
22b5				FORTH_DSP_POP  ; TODO add stock underflow checks and throws  
22b5				if BASE_CPM=1 
22b5 cd 2d 1b			call macro_forth_dsp_pop 
22b8				endif 
22b8				if BASE_KEV=1 
22b8					rst $10 
22b8				endif 
22b8				endm 
# End of macro FORTH_DSP_POP
22b8			 
22b8				; get byte to poke 
22b8			 
22b8				FORTH_DSP_VALUEHL     			; TODO skip type check and assume number.... lol 
22b8				if BASE_CPM=1 
22b8 cd 96 1a			call macro_dsp_valuehl 
22bb				endif 
22bb				if BASE_KEV=1 
22bb					rst $18 
22bb				endif 
22bb				endm 
# End of macro FORTH_DSP_VALUEHL
22bb e5				push hl 
22bc			 
22bc			 
22bc				FORTH_DSP_POP  ; TODO add stock underflow checks and throws  
22bc				if BASE_CPM=1 
22bc cd 2d 1b			call macro_forth_dsp_pop 
22bf				endif 
22bf				if BASE_KEV=1 
22bf					rst $10 
22bf				endif 
22bf				endm 
# End of macro FORTH_DSP_POP
22bf			 
22bf			 
22bf d1				pop de 
22c0 e1				pop hl 
22c1			 
22c1 73				ld (hl),e 
22c2			 
22c2			 
22c2				NEXTW 
22c2 cd 68 ee			call parse_vector 
22c5 c3 46 1c			jp macro_next 
22c8				endm 
# End of macro NEXTW
22c8			.CBANG: 
22c8			CWHEAD .SCALL OPCODE_CBANG "C!" 2 WORD_FLAG_CODE 
22c8 22				db WORD_SYS_CORE+OPCODE_CBANG             
22c9 e9 22			dw .SCALL            
22cb 03				db 2 + 1 
22cc .. 00			db "C!",0              
22cf				endm 
# End of macro CWHEAD
22cf			; | C!  ( x w -- ) Store x at address w  | DONE 
22cf				if DEBUG_FORTH_WORDS_KEY 
22cf					DMARK "CBA" 
22cf				if DEMARK_VERSION = 1  
22cf e5					push hl  
22d0 21 d8 22				ld hl, .dmark  
22d3 22 60 ee				ld (debug_mark), hl  
22d6				endif  
22d6				if DEMARK_VERSION = 0  
22d6					push af  
22d6					ld a, (.dmark)  
22d6					ld (debug_mark),a  
22d6					ld a, (.dmark+1)  
22d6					ld (debug_mark+1),a  
22d6					ld a, (.dmark+2)  
22d6					ld (debug_mark+2),a  
22d6				endif  
22d6 18 04			jr .pastdmark  
22d8 ..			.dmark: db "CBA"  
22db				if DEMARK_VERSION = 1  
22db 00					db 0  
22dc				endif  
22dc				if DEMARK_VERSION = 1  
22dc e1			.pastdmark: pop hl  
22dd				endif  
22dd				if DEMARK_VERSION = 0  
22dd			.pastdmark: pop af  
22dd				endif  
22dd			endm  
# End of macro DMARK
22dd					CALLMONITOR 
22dd				if BASE_CPM=1  
22dd cd 6b ee				call debug_vector  
22e0				endif  
22e0				if BASE_KEV=1  
22e0					rst 8  
22e0				endif  
22e0				endm  
# End of macro CALLMONITOR
22e0				endif 
22e0 c3 b1 22			jp .storebyteat 
22e3				NEXTW 
22e3 cd 68 ee			call parse_vector 
22e6 c3 46 1c			jp macro_next 
22e9				endm 
# End of macro NEXTW
22e9			.SCALL: 
22e9			CWHEAD .DEPTH OPCODE_SCALL "CALL" 4 WORD_FLAG_CODE 
22e9 23				db WORD_SYS_CORE+OPCODE_SCALL             
22ea 15 23			dw .DEPTH            
22ec 05				db 4 + 1 
22ed .. 00			db "CALL",0              
22f2				endm 
# End of macro CWHEAD
22f2			; | CALL ( w -- w  ) machine code call to address w  push the result of hl to stack | DONE 
22f2				if DEBUG_FORTH_WORDS_KEY 
22f2					DMARK "CLL" 
22f2				if DEMARK_VERSION = 1  
22f2 e5					push hl  
22f3 21 fb 22				ld hl, .dmark  
22f6 22 60 ee				ld (debug_mark), hl  
22f9				endif  
22f9				if DEMARK_VERSION = 0  
22f9					push af  
22f9					ld a, (.dmark)  
22f9					ld (debug_mark),a  
22f9					ld a, (.dmark+1)  
22f9					ld (debug_mark+1),a  
22f9					ld a, (.dmark+2)  
22f9					ld (debug_mark+2),a  
22f9				endif  
22f9 18 04			jr .pastdmark  
22fb ..			.dmark: db "CLL"  
22fe				if DEMARK_VERSION = 1  
22fe 00					db 0  
22ff				endif  
22ff				if DEMARK_VERSION = 1  
22ff e1			.pastdmark: pop hl  
2300				endif  
2300				if DEMARK_VERSION = 0  
2300			.pastdmark: pop af  
2300				endif  
2300			endm  
# End of macro DMARK
2300					CALLMONITOR 
2300				if BASE_CPM=1  
2300 cd 6b ee				call debug_vector  
2303				endif  
2303				if BASE_KEV=1  
2303					rst 8  
2303				endif  
2303				endm  
# End of macro CALLMONITOR
2303				endif 
2303			 
2303				FORTH_DSP_VALUEHL     			; TODO skip type check and assume number.... lol 
2303				if BASE_CPM=1 
2303 cd 96 1a			call macro_dsp_valuehl 
2306				endif 
2306				if BASE_KEV=1 
2306					rst $18 
2306				endif 
2306				endm 
# End of macro FORTH_DSP_VALUEHL
2306			 
2306			;		push hl 
2306			 
2306				; destroy value TOS 
2306			 
2306				FORTH_DSP_POP  ; TODO add stock underflow checks and throws  
2306				if BASE_CPM=1 
2306 cd 2d 1b			call macro_forth_dsp_pop 
2309				endif 
2309				if BASE_KEV=1 
2309					rst $10 
2309				endif 
2309				endm 
# End of macro FORTH_DSP_POP
2309			 
2309					 
2309			;		pop hl 
2309			 
2309				; how to do a call with hl???? save SP? 
2309 cd ea 1b			call forth_call_hl 
230c			 
230c			 
230c				; TODO push value back onto stack for another op etc 
230c			 
230c			;	call forth_push_numhl 
230c					FORTH_PUSH_VALUEHL 
230c				if BASE_CPM=1 
230c cd 08 19				call forth_push_numhl 
230f				endif 
230f				if BASE_KEV=1 
230f					rst $20 
230f				endif 
230f				endm 
# End of macro FORTH_PUSH_VALUEHL
230f				NEXTW 
230f cd 68 ee			call parse_vector 
2312 c3 46 1c			jp macro_next 
2315				endm 
# End of macro NEXTW
2315			.DEPTH: 
2315			CWHEAD .OVER OPCODE_DEPTH "DEPTH" 5 WORD_FLAG_CODE 
2315 24				db WORD_SYS_CORE+OPCODE_DEPTH             
2316 4a 23			dw .OVER            
2318 06				db 5 + 1 
2319 .. 00			db "DEPTH",0              
231f				endm 
# End of macro CWHEAD
231f			; | DEPTH ( -- u ) Push count of stack | DONE 
231f				; take current TOS and remove from base value div by two to get count 
231f				if DEBUG_FORTH_WORDS_KEY 
231f					DMARK "DEP" 
231f				if DEMARK_VERSION = 1  
231f e5					push hl  
2320 21 28 23				ld hl, .dmark  
2323 22 60 ee				ld (debug_mark), hl  
2326				endif  
2326				if DEMARK_VERSION = 0  
2326					push af  
2326					ld a, (.dmark)  
2326					ld (debug_mark),a  
2326					ld a, (.dmark+1)  
2326					ld (debug_mark+1),a  
2326					ld a, (.dmark+2)  
2326					ld (debug_mark+2),a  
2326				endif  
2326 18 04			jr .pastdmark  
2328 ..			.dmark: db "DEP"  
232b				if DEMARK_VERSION = 1  
232b 00					db 0  
232c				endif  
232c				if DEMARK_VERSION = 1  
232c e1			.pastdmark: pop hl  
232d				endif  
232d				if DEMARK_VERSION = 0  
232d			.pastdmark: pop af  
232d				endif  
232d			endm  
# End of macro DMARK
232d					CALLMONITOR 
232d				if BASE_CPM=1  
232d cd 6b ee				call debug_vector  
2330				endif  
2330				if BASE_KEV=1  
2330					rst 8  
2330				endif  
2330				endm  
# End of macro CALLMONITOR
2330				endif 
2330			 
2330			 
2330 2a ca e9		ld hl, (cli_data_sp) 
2333 11 04 e8		ld de, cli_data_stack 
2336 ed 52		sbc hl,de 
2338			 
2338			; div by size of stack item 
2338			 
2338 5d			ld e,l 
2339 0e 03		ld c, 3 
233b cd 89 0b		call Div8 
233e			 
233e 6f			ld l,a 
233f 26 00		ld h,0 
2341			 
2341			;srl h 
2341			;rr l 
2341			 
2341			;	call forth_push_numhl 
2341					FORTH_PUSH_VALUEHL 
2341				if BASE_CPM=1 
2341 cd 08 19				call forth_push_numhl 
2344				endif 
2344				if BASE_KEV=1 
2344					rst $20 
2344				endif 
2344				endm 
# End of macro FORTH_PUSH_VALUEHL
2344				NEXTW 
2344 cd 68 ee			call parse_vector 
2347 c3 46 1c			jp macro_next 
234a				endm 
# End of macro NEXTW
234a			.OVER: 
234a			CWHEAD .PAUSE 46 "OVER" 4 WORD_FLAG_CODE 
234a 42				db WORD_SYS_CORE+46             
234b 8f 23			dw .PAUSE            
234d 05				db 4 + 1 
234e .. 00			db "OVER",0              
2353				endm 
# End of macro CWHEAD
2353			; | OVER ( n1 n2 -- n1 n2 n1 )  Copy one below TOS onto TOS | DONE 
2353			; | | >[!NOTE] 
2353			; | | > If the copied item is a string it is properly duplicated allowing for a safe release after use.  
2353				if DEBUG_FORTH_WORDS_KEY 
2353					DMARK "OVR" 
2353				if DEMARK_VERSION = 1  
2353 e5					push hl  
2354 21 5c 23				ld hl, .dmark  
2357 22 60 ee				ld (debug_mark), hl  
235a				endif  
235a				if DEMARK_VERSION = 0  
235a					push af  
235a					ld a, (.dmark)  
235a					ld (debug_mark),a  
235a					ld a, (.dmark+1)  
235a					ld (debug_mark+1),a  
235a					ld a, (.dmark+2)  
235a					ld (debug_mark+2),a  
235a				endif  
235a 18 04			jr .pastdmark  
235c ..			.dmark: db "OVR"  
235f				if DEMARK_VERSION = 1  
235f 00					db 0  
2360				endif  
2360				if DEMARK_VERSION = 1  
2360 e1			.pastdmark: pop hl  
2361				endif  
2361				if DEMARK_VERSION = 0  
2361			.pastdmark: pop af  
2361				endif  
2361			endm  
# End of macro DMARK
2361					CALLMONITOR 
2361				if BASE_CPM=1  
2361 cd 6b ee				call debug_vector  
2364				endif  
2364				if BASE_KEV=1  
2364					rst 8  
2364				endif  
2364				endm  
# End of macro CALLMONITOR
2364				endif 
2364			 
2364			; TODO Use os stack swap memory 
2364			 
2364				; work out what type we are looking at 
2364			 
2364				FORTH_DSP_PTR 1 
2364 2a ca e9			ld hl,(cli_data_sp) 
2367 11 03 00			ld de, 1 * 3 
236a ed 52			sbc hl, de 
236c				endm 
# End of macro FORTH_DSP_PTR
236c			 
236c 7e				ld a, (hl) 
236d				 
236d f5				push af 
236e				; whatever the type lets get the pointer or word 
236e 23				inc hl 
236f			;; 
236f			 
236f				; type check now to decide on how to push  
236f			 
236f cd cc 1b			call loadwordinhl 
2372 f1				pop af 
2373 fe 01			cp DS_TYPE_STR 
2375 28 09			jr z, .ovstr 
2377			 
2377				; we have a numeric so load the word and push 
2377			;	ld e, (hl) 
2377			;	inc hl 
2377			;	ld d, (hl) 
2377			;	ex de, hl 
2377			;	call forth_push_numhl 
2377					FORTH_PUSH_VALUEHL 
2377				if BASE_CPM=1 
2377 cd 08 19				call forth_push_numhl 
237a				endif 
237a				if BASE_KEV=1 
237a					rst $20 
237a				endif 
237a				endm 
# End of macro FORTH_PUSH_VALUEHL
237a				NEXTW 
237a cd 68 ee			call parse_vector 
237d c3 46 1c			jp macro_next 
2380				endm 
# End of macro NEXTW
2380			 
2380			.ovstr: 
2380				; ok, a string so get the pointer and push as a string 
2380			 
2380			;	call loadwordinhl 
2380 cd 67 19			call forth_push_str 
2383				NEXTW 
2383 cd 68 ee			call parse_vector 
2386 c3 46 1c			jp macro_next 
2389				endm 
# End of macro NEXTW
2389			 
2389			;	FORTH_DSP_VALUEHL     			; TODO skip type check and assume number.... lol 
2389			;	push hl    ; n2 
2389			;	FORTH_DSP_POP  ; TODO add stock underflow checks and throws  
2389			; 
2389			;	FORTH_DSP_VALUEHL     			; TODO skip type check and assume number.... lol 
2389			;	push hl    ; n1 
2389			;	FORTH_DSP_POP  ; TODO add stock underflow checks and throws  
2389			; 
2389			;	pop de     ; n1 
2389			;	pop hl     ; n2 
2389			; 
2389			;	push de 
2389			;	push hl 
2389			;	push de 
2389			 
2389				; push back  
2389			 
2389			;	pop hl 
2389			;	call forth_push_numhl 
2389			;	pop hl 
2389			;	call forth_push_numhl 
2389			;	pop hl 
2389			;	call forth_push_numhl 
2389				NEXTW 
2389 cd 68 ee			call parse_vector 
238c c3 46 1c			jp macro_next 
238f				endm 
# End of macro NEXTW
238f			 
238f			.PAUSE: 
238f			CWHEAD .PAUSES 47 "PAUSEMS" 7 WORD_FLAG_CODE 
238f 43				db WORD_SYS_CORE+47             
2390 bc 23			dw .PAUSES            
2392 08				db 7 + 1 
2393 .. 00			db "PAUSEMS",0              
239b				endm 
# End of macro CWHEAD
239b			; | PAUSEMS ( n -- )  Pause for n millisconds | DONE 
239b				if DEBUG_FORTH_WORDS_KEY 
239b					DMARK "PMS" 
239b				if DEMARK_VERSION = 1  
239b e5					push hl  
239c 21 a4 23				ld hl, .dmark  
239f 22 60 ee				ld (debug_mark), hl  
23a2				endif  
23a2				if DEMARK_VERSION = 0  
23a2					push af  
23a2					ld a, (.dmark)  
23a2					ld (debug_mark),a  
23a2					ld a, (.dmark+1)  
23a2					ld (debug_mark+1),a  
23a2					ld a, (.dmark+2)  
23a2					ld (debug_mark+2),a  
23a2				endif  
23a2 18 04			jr .pastdmark  
23a4 ..			.dmark: db "PMS"  
23a7				if DEMARK_VERSION = 1  
23a7 00					db 0  
23a8				endif  
23a8				if DEMARK_VERSION = 1  
23a8 e1			.pastdmark: pop hl  
23a9				endif  
23a9				if DEMARK_VERSION = 0  
23a9			.pastdmark: pop af  
23a9				endif  
23a9			endm  
# End of macro DMARK
23a9					CALLMONITOR 
23a9				if BASE_CPM=1  
23a9 cd 6b ee				call debug_vector  
23ac				endif  
23ac				if BASE_KEV=1  
23ac					rst 8  
23ac				endif  
23ac				endm  
# End of macro CALLMONITOR
23ac				endif 
23ac				FORTH_DSP_VALUEHL     			; TODO skip type check and assume number.... lol 
23ac				if BASE_CPM=1 
23ac cd 96 1a			call macro_dsp_valuehl 
23af				endif 
23af				if BASE_KEV=1 
23af					rst $18 
23af				endif 
23af				endm 
# End of macro FORTH_DSP_VALUEHL
23af			;		push hl    ; n2 
23af				FORTH_DSP_POP  ; TODO add stock underflow checks and throws  
23af				if BASE_CPM=1 
23af cd 2d 1b			call macro_forth_dsp_pop 
23b2				endif 
23b2				if BASE_KEV=1 
23b2					rst $10 
23b2				endif 
23b2				endm 
# End of macro FORTH_DSP_POP
23b2			;		pop hl 
23b2			 
23b2 7d				ld a, l 
23b3 cd d2 08			call aDelayInMS 
23b6			       NEXTW 
23b6 cd 68 ee			call parse_vector 
23b9 c3 46 1c			jp macro_next 
23bc				endm 
# End of macro NEXTW
23bc			.PAUSES:  
23bc			CWHEAD .ROT 48 "PAUSE" 5 WORD_FLAG_CODE 
23bc 44				db WORD_SYS_CORE+48             
23bd 0d 24			dw .ROT            
23bf 06				db 5 + 1 
23c0 .. 00			db "PAUSE",0              
23c6				endm 
# End of macro CWHEAD
23c6			; | PAUSE ( n -- )  Pause for n seconds | DONE 
23c6				if DEBUG_FORTH_WORDS_KEY 
23c6					DMARK "PAU" 
23c6				if DEMARK_VERSION = 1  
23c6 e5					push hl  
23c7 21 cf 23				ld hl, .dmark  
23ca 22 60 ee				ld (debug_mark), hl  
23cd				endif  
23cd				if DEMARK_VERSION = 0  
23cd					push af  
23cd					ld a, (.dmark)  
23cd					ld (debug_mark),a  
23cd					ld a, (.dmark+1)  
23cd					ld (debug_mark+1),a  
23cd					ld a, (.dmark+2)  
23cd					ld (debug_mark+2),a  
23cd				endif  
23cd 18 04			jr .pastdmark  
23cf ..			.dmark: db "PAU"  
23d2				if DEMARK_VERSION = 1  
23d2 00					db 0  
23d3				endif  
23d3				if DEMARK_VERSION = 1  
23d3 e1			.pastdmark: pop hl  
23d4				endif  
23d4				if DEMARK_VERSION = 0  
23d4			.pastdmark: pop af  
23d4				endif  
23d4			endm  
# End of macro DMARK
23d4					CALLMONITOR 
23d4				if BASE_CPM=1  
23d4 cd 6b ee				call debug_vector  
23d7				endif  
23d7				if BASE_KEV=1  
23d7					rst 8  
23d7				endif  
23d7				endm  
# End of macro CALLMONITOR
23d7				endif 
23d7				FORTH_DSP_VALUEHL     			; TODO skip type check and assume number.... lol 
23d7				if BASE_CPM=1 
23d7 cd 96 1a			call macro_dsp_valuehl 
23da				endif 
23da				if BASE_KEV=1 
23da					rst $18 
23da				endif 
23da				endm 
# End of macro FORTH_DSP_VALUEHL
23da			;		push hl    ; n2 
23da				FORTH_DSP_POP  ; TODO add stock underflow checks and throws  
23da				if BASE_CPM=1 
23da cd 2d 1b			call macro_forth_dsp_pop 
23dd				endif 
23dd				if BASE_KEV=1 
23dd					rst $10 
23dd				endif 
23dd				endm 
# End of macro FORTH_DSP_POP
23dd			;		pop hl 
23dd 45				ld b, l 
23de				if DEBUG_FORTH_WORDS 
23de					DMARK "PAU" 
23de				if DEMARK_VERSION = 1  
23de e5					push hl  
23df 21 e7 23				ld hl, .dmark  
23e2 22 60 ee				ld (debug_mark), hl  
23e5				endif  
23e5				if DEMARK_VERSION = 0  
23e5					push af  
23e5					ld a, (.dmark)  
23e5					ld (debug_mark),a  
23e5					ld a, (.dmark+1)  
23e5					ld (debug_mark+1),a  
23e5					ld a, (.dmark+2)  
23e5					ld (debug_mark+2),a  
23e5				endif  
23e5 18 04			jr .pastdmark  
23e7 ..			.dmark: db "PAU"  
23ea				if DEMARK_VERSION = 1  
23ea 00					db 0  
23eb				endif  
23eb				if DEMARK_VERSION = 1  
23eb e1			.pastdmark: pop hl  
23ec				endif  
23ec				if DEMARK_VERSION = 0  
23ec			.pastdmark: pop af  
23ec				endif  
23ec			endm  
# End of macro DMARK
23ec					CALLMONITOR 
23ec				if BASE_CPM=1  
23ec cd 6b ee				call debug_vector  
23ef				endif  
23ef				if BASE_KEV=1  
23ef					rst 8  
23ef				endif  
23ef				endm  
# End of macro CALLMONITOR
23ef				endif 
23ef c5			.pauses1:	push bc 
23f0 cd ed 08			call delay1s 
23f3 c1				pop bc 
23f4				if DEBUG_FORTH_WORDS 
23f4					DMARK "PA1" 
23f4				if DEMARK_VERSION = 1  
23f4 e5					push hl  
23f5 21 fd 23				ld hl, .dmark  
23f8 22 60 ee				ld (debug_mark), hl  
23fb				endif  
23fb				if DEMARK_VERSION = 0  
23fb					push af  
23fb					ld a, (.dmark)  
23fb					ld (debug_mark),a  
23fb					ld a, (.dmark+1)  
23fb					ld (debug_mark+1),a  
23fb					ld a, (.dmark+2)  
23fb					ld (debug_mark+2),a  
23fb				endif  
23fb 18 04			jr .pastdmark  
23fd ..			.dmark: db "PA1"  
2400				if DEMARK_VERSION = 1  
2400 00					db 0  
2401				endif  
2401				if DEMARK_VERSION = 1  
2401 e1			.pastdmark: pop hl  
2402				endif  
2402				if DEMARK_VERSION = 0  
2402			.pastdmark: pop af  
2402				endif  
2402			endm  
# End of macro DMARK
2402					CALLMONITOR 
2402				if BASE_CPM=1  
2402 cd 6b ee				call debug_vector  
2405				endif  
2405				if BASE_KEV=1  
2405					rst 8  
2405				endif  
2405				endm  
# End of macro CALLMONITOR
2405				endif 
2405 10 e8			djnz .pauses1 
2407			 
2407			       NEXTW 
2407 cd 68 ee			call parse_vector 
240a c3 46 1c			jp macro_next 
240d				endm 
# End of macro NEXTW
240d			.ROT: 
240d			CWHEAD .UWORDS 49 "ROT" 3 WORD_FLAG_CODE 
240d 45				db WORD_SYS_CORE+49             
240e 6e 24			dw .UWORDS            
2410 04				db 3 + 1 
2411 .. 00			db "ROT",0              
2415				endm 
# End of macro CWHEAD
2415			; | ROT ( u1 u2 u3 -- u2 u3 u1 ) Rotate top three items on stack | DONE 
2415				if DEBUG_FORTH_WORDS_KEY 
2415					DMARK "ROT" 
2415				if DEMARK_VERSION = 1  
2415 e5					push hl  
2416 21 1e 24				ld hl, .dmark  
2419 22 60 ee				ld (debug_mark), hl  
241c				endif  
241c				if DEMARK_VERSION = 0  
241c					push af  
241c					ld a, (.dmark)  
241c					ld (debug_mark),a  
241c					ld a, (.dmark+1)  
241c					ld (debug_mark+1),a  
241c					ld a, (.dmark+2)  
241c					ld (debug_mark+2),a  
241c				endif  
241c 18 04			jr .pastdmark  
241e ..			.dmark: db "ROT"  
2421				if DEMARK_VERSION = 1  
2421 00					db 0  
2422				endif  
2422				if DEMARK_VERSION = 1  
2422 e1			.pastdmark: pop hl  
2423				endif  
2423				if DEMARK_VERSION = 0  
2423			.pastdmark: pop af  
2423				endif  
2423			endm  
# End of macro DMARK
2423					CALLMONITOR 
2423				if BASE_CPM=1  
2423 cd 6b ee				call debug_vector  
2426				endif  
2426				if BASE_KEV=1  
2426					rst 8  
2426				endif  
2426				endm  
# End of macro CALLMONITOR
2426				endif 
2426			 
2426			; DONE Use os stack swap memory 
2426			 
2426				FORTH_DSP_PTR 0     ; u3 
2426 2a ca e9			ld hl,(cli_data_sp) 
2429 11 00 00			ld de, 0 * 3 
242c ed 52			sbc hl, de 
242e				endm 
# End of macro FORTH_DSP_PTR
242e cd 96 1b			call hltostack1     
2431			  
2431				FORTH_DSP_PTR 1     ; u2 
2431 2a ca e9			ld hl,(cli_data_sp) 
2434 11 03 00			ld de, 1 * 3 
2437 ed 52			sbc hl, de 
2439				endm 
# End of macro FORTH_DSP_PTR
2439 cd 9c 1b			call hltostack2      
243c			 
243c				FORTH_DSP_PTR 2     ; u1 
243c 2a ca e9			ld hl,(cli_data_sp) 
243f 11 06 00			ld de, 2 * 3 
2442 ed 52			sbc hl, de 
2444				endm 
# End of macro FORTH_DSP_PTR
2444 cd a2 1b			call hltostack3 
2447			 
2447			 
2447				FORTH_DSP_PTR 0     ;  
2447 2a ca e9			ld hl,(cli_data_sp) 
244a 11 00 00			ld de, 0 * 3 
244d ed 52			sbc hl, de 
244f				endm 
# End of macro FORTH_DSP_PTR
244f cd ba 1b			call hlfromstack3 
2452			 
2452				FORTH_DSP_PTR 1     ; TOS 
2452 2a ca e9			ld hl,(cli_data_sp) 
2455 11 03 00			ld de, 1 * 3 
2458 ed 52			sbc hl, de 
245a				endm 
# End of macro FORTH_DSP_PTR
245a cd ae 1b			call hlfromstack1 
245d			 
245d				FORTH_DSP_PTR 2     ; TOS 
245d 2a ca e9			ld hl,(cli_data_sp) 
2460 11 06 00			ld de, 2 * 3 
2463 ed 52			sbc hl, de 
2465				endm 
# End of macro FORTH_DSP_PTR
2465 cd b4 1b			call hlfromstack2 
2468			 
2468			 
2468			;	FORTH_DSP_VALUEHL 
2468			;	push hl    ; u3  
2468			; 
2468			;	FORTH_DSP_POP 
2468			; 
2468			;	FORTH_DSP_VALUEHL 
2468			;	push hl     ; u2 
2468			; 
2468			;	FORTH_DSP_POP 
2468			; 
2468			;	FORTH_DSP_VALUEHL 
2468			;	push hl     ; u1 
2468			; 
2468			;	FORTH_DSP_POP 
2468			; 
2468			;	pop bc      ; u1 
2468			;	pop hl      ; u2 
2468			;	pop de      ; u3 
2468			; 
2468			; 
2468			;	push bc 
2468			;	push de 
2468			;	push hl 
2468			; 
2468			; 
2468			;	pop hl 
2468			;	call forth_push_numhl 
2468			; 
2468			;	pop hl 
2468			;	call forth_push_numhl 
2468			; 
2468			;	pop hl 
2468			;	call forth_push_numhl 
2468				 
2468			 
2468			 
2468			 
2468			 
2468			 
2468			       NEXTW 
2468 cd 68 ee			call parse_vector 
246b c3 46 1c			jp macro_next 
246e				endm 
# End of macro NEXTW
246e			 
246e			.UWORDS: 
246e			CWHEAD .BP 60 "UWORDS" 6 WORD_FLAG_CODE 
246e 50				db WORD_SYS_CORE+60             
246f fc 24			dw .BP            
2471 07				db 6 + 1 
2472 .. 00			db "UWORDS",0              
2479				endm 
# End of macro CWHEAD
2479			; | UWORDS (  -- s1 ... sn u )   List user word dict | DONE 
2479			; | | After use the TOS will have a count of the number of user words that have been pushed to stack. 
2479			; | | Following the count are the individual words. 
2479			; | | 
2479			; | | e.g. UWORDS 
2479			; | | BOX DIRLIST 2 
2479			; | |  
2479			; | | Can be used to save the words to storage via: 
2479			; | | UWORDS $01 DO $01 APPEND LOOP 
2479			if DEBUG_FORTH_WORDS_KEY 
2479				DMARK "UWR" 
2479				if DEMARK_VERSION = 1  
2479 e5					push hl  
247a 21 82 24				ld hl, .dmark  
247d 22 60 ee				ld (debug_mark), hl  
2480				endif  
2480				if DEMARK_VERSION = 0  
2480					push af  
2480					ld a, (.dmark)  
2480					ld (debug_mark),a  
2480					ld a, (.dmark+1)  
2480					ld (debug_mark+1),a  
2480					ld a, (.dmark+2)  
2480					ld (debug_mark+2),a  
2480				endif  
2480 18 04			jr .pastdmark  
2482 ..			.dmark: db "UWR"  
2485				if DEMARK_VERSION = 1  
2485 00					db 0  
2486				endif  
2486				if DEMARK_VERSION = 1  
2486 e1			.pastdmark: pop hl  
2487				endif  
2487				if DEMARK_VERSION = 0  
2487			.pastdmark: pop af  
2487				endif  
2487			endm  
# End of macro DMARK
2487				CALLMONITOR 
2487				if BASE_CPM=1  
2487 cd 6b ee				call debug_vector  
248a				endif  
248a				if BASE_KEV=1  
248a					rst 8  
248a				endif  
248a				endm  
# End of macro CALLMONITOR
248a			endif 
248a 21 4e 5b			ld hl, baseram 
248d				;ld hl, baseusermem 
248d 01 00 00			ld bc, 0    ; start a counter 
2490			 
2490			; skip dict stub 
2490			 
2490 cd 78 1d			call forth_tok_next 
2493			 
2493			 
2493			; while we have words to look for 
2493			 
2493 7e			.douscan:	ld a, (hl)      
2494			if DEBUG_FORTH_WORDS 
2494				DMARK "UWs" 
2494				if DEMARK_VERSION = 1  
2494 e5					push hl  
2495 21 9d 24				ld hl, .dmark  
2498 22 60 ee				ld (debug_mark), hl  
249b				endif  
249b				if DEMARK_VERSION = 0  
249b					push af  
249b					ld a, (.dmark)  
249b					ld (debug_mark),a  
249b					ld a, (.dmark+1)  
249b					ld (debug_mark+1),a  
249b					ld a, (.dmark+2)  
249b					ld (debug_mark+2),a  
249b				endif  
249b 18 04			jr .pastdmark  
249d ..			.dmark: db "UWs"  
24a0				if DEMARK_VERSION = 1  
24a0 00					db 0  
24a1				endif  
24a1				if DEMARK_VERSION = 1  
24a1 e1			.pastdmark: pop hl  
24a2				endif  
24a2				if DEMARK_VERSION = 0  
24a2			.pastdmark: pop af  
24a2				endif  
24a2			endm  
# End of macro DMARK
24a2				CALLMONITOR 
24a2				if BASE_CPM=1  
24a2 cd 6b ee				call debug_vector  
24a5				endif  
24a5				if BASE_KEV=1  
24a5					rst 8  
24a5				endif  
24a5				endm  
# End of macro CALLMONITOR
24a5			endif 
24a5 fe 00			cp WORD_SYS_END 
24a7 28 37			jr z, .udone 
24a9 fe 01			cp WORD_SYS_UWORD 
24ab 20 2e			jr nz, .nuword 
24ad			 
24ad			if DEBUG_FORTH_WORDS 
24ad				DMARK "UWu" 
24ad				if DEMARK_VERSION = 1  
24ad e5					push hl  
24ae 21 b6 24				ld hl, .dmark  
24b1 22 60 ee				ld (debug_mark), hl  
24b4				endif  
24b4				if DEMARK_VERSION = 0  
24b4					push af  
24b4					ld a, (.dmark)  
24b4					ld (debug_mark),a  
24b4					ld a, (.dmark+1)  
24b4					ld (debug_mark+1),a  
24b4					ld a, (.dmark+2)  
24b4					ld (debug_mark+2),a  
24b4				endif  
24b4 18 04			jr .pastdmark  
24b6 ..			.dmark: db "UWu"  
24b9				if DEMARK_VERSION = 1  
24b9 00					db 0  
24ba				endif  
24ba				if DEMARK_VERSION = 1  
24ba e1			.pastdmark: pop hl  
24bb				endif  
24bb				if DEMARK_VERSION = 0  
24bb			.pastdmark: pop af  
24bb				endif  
24bb			endm  
# End of macro DMARK
24bb				CALLMONITOR 
24bb				if BASE_CPM=1  
24bb cd 6b ee				call debug_vector  
24be				endif  
24be				if BASE_KEV=1  
24be					rst 8  
24be				endif  
24be				endm  
# End of macro CALLMONITOR
24be			endif 
24be				; we have a uword so push its name to the stack 
24be			 
24be e5				push hl  ; save so we can move to next dict block 
24bf			 
24bf				; skip opcode 
24bf 23				inc hl  
24c0				; skip next ptr 
24c0 23				inc hl  
24c1 23				inc hl 
24c2				; skip len 
24c2 23				inc hl 
24c3			if DEBUG_FORTH_WORDS 
24c3				DMARK "UWt" 
24c3				if DEMARK_VERSION = 1  
24c3 e5					push hl  
24c4 21 cc 24				ld hl, .dmark  
24c7 22 60 ee				ld (debug_mark), hl  
24ca				endif  
24ca				if DEMARK_VERSION = 0  
24ca					push af  
24ca					ld a, (.dmark)  
24ca					ld (debug_mark),a  
24ca					ld a, (.dmark+1)  
24ca					ld (debug_mark+1),a  
24ca					ld a, (.dmark+2)  
24ca					ld (debug_mark+2),a  
24ca				endif  
24ca 18 04			jr .pastdmark  
24cc ..			.dmark: db "UWt"  
24cf				if DEMARK_VERSION = 1  
24cf 00					db 0  
24d0				endif  
24d0				if DEMARK_VERSION = 1  
24d0 e1			.pastdmark: pop hl  
24d1				endif  
24d1				if DEMARK_VERSION = 0  
24d1			.pastdmark: pop af  
24d1				endif  
24d1			endm  
# End of macro DMARK
24d1				CALLMONITOR 
24d1				if BASE_CPM=1  
24d1 cd 6b ee				call debug_vector  
24d4				endif  
24d4				if BASE_KEV=1  
24d4					rst 8  
24d4				endif  
24d4				endm  
# End of macro CALLMONITOR
24d4			endif 
24d4 03				inc bc 
24d5			 
24d5 c5				push bc 
24d6 cd 67 19			call forth_push_str 
24d9 c1				pop bc 
24da			 
24da e1				pop hl 	 
24db			 
24db cd 78 1d		.nuword:	call forth_tok_next 
24de 18 b3			jr .douscan  
24e0			 
24e0			.udone:		 ; push count of uwords found 
24e0 c5				push bc 
24e1 e1				pop hl 
24e2			 
24e2			if DEBUG_FORTH_WORDS 
24e2				DMARK "UWc" 
24e2				if DEMARK_VERSION = 1  
24e2 e5					push hl  
24e3 21 eb 24				ld hl, .dmark  
24e6 22 60 ee				ld (debug_mark), hl  
24e9				endif  
24e9				if DEMARK_VERSION = 0  
24e9					push af  
24e9					ld a, (.dmark)  
24e9					ld (debug_mark),a  
24e9					ld a, (.dmark+1)  
24e9					ld (debug_mark+1),a  
24e9					ld a, (.dmark+2)  
24e9					ld (debug_mark+2),a  
24e9				endif  
24e9 18 04			jr .pastdmark  
24eb ..			.dmark: db "UWc"  
24ee				if DEMARK_VERSION = 1  
24ee 00					db 0  
24ef				endif  
24ef				if DEMARK_VERSION = 1  
24ef e1			.pastdmark: pop hl  
24f0				endif  
24f0				if DEMARK_VERSION = 0  
24f0			.pastdmark: pop af  
24f0				endif  
24f0			endm  
# End of macro DMARK
24f0				CALLMONITOR 
24f0				if BASE_CPM=1  
24f0 cd 6b ee				call debug_vector  
24f3				endif  
24f3				if BASE_KEV=1  
24f3					rst 8  
24f3				endif  
24f3				endm  
# End of macro CALLMONITOR
24f3			endif 
24f3			;	call forth_push_numhl 
24f3					FORTH_PUSH_VALUEHL 
24f3				if BASE_CPM=1 
24f3 cd 08 19				call forth_push_numhl 
24f6				endif 
24f6				if BASE_KEV=1 
24f6					rst $20 
24f6				endif 
24f6				endm 
# End of macro FORTH_PUSH_VALUEHL
24f6			 
24f6			 
24f6			       NEXTW 
24f6 cd 68 ee			call parse_vector 
24f9 c3 46 1c			jp macro_next 
24fc				endm 
# End of macro NEXTW
24fc			 
24fc			.BP: 
24fc			CWHEAD .MONITOR 64 "BP" 2 WORD_FLAG_CODE 
24fc 54				db WORD_SYS_CORE+64             
24fd 31 25			dw .MONITOR            
24ff 03				db 2 + 1 
2500 .. 00			db "BP",0              
2503				endm 
# End of macro CWHEAD
2503			; | BP ( u1 -- ) Enable or disable break point monitoring | DONE 
2503			; | | $00 Will enable the break points within specific code paths 
2503			; | | $01 Will disable break points 
2503			; | |  
2503			; | | By default break points are off. Either the above can be used to enable them 
2503			; | | or if a key is held down during start up the spashscreen will appear to freeze 
2503			; | | and on release of the pressed key the CONFIG menu will be displayed where you 
2503			; | | can disable break points. Exiting will then continue boot process. 
2503				; get byte count 
2503				if DEBUG_FORTH_WORDS_KEY 
2503					DMARK "BP." 
2503				if DEMARK_VERSION = 1  
2503 e5					push hl  
2504 21 0c 25				ld hl, .dmark  
2507 22 60 ee				ld (debug_mark), hl  
250a				endif  
250a				if DEMARK_VERSION = 0  
250a					push af  
250a					ld a, (.dmark)  
250a					ld (debug_mark),a  
250a					ld a, (.dmark+1)  
250a					ld (debug_mark+1),a  
250a					ld a, (.dmark+2)  
250a					ld (debug_mark+2),a  
250a				endif  
250a 18 04			jr .pastdmark  
250c ..			.dmark: db "BP."  
250f				if DEMARK_VERSION = 1  
250f 00					db 0  
2510				endif  
2510				if DEMARK_VERSION = 1  
2510 e1			.pastdmark: pop hl  
2511				endif  
2511				if DEMARK_VERSION = 0  
2511			.pastdmark: pop af  
2511				endif  
2511			endm  
# End of macro DMARK
2511					CALLMONITOR 
2511				if BASE_CPM=1  
2511 cd 6b ee				call debug_vector  
2514				endif  
2514				if BASE_KEV=1  
2514					rst 8  
2514				endif  
2514				endm  
# End of macro CALLMONITOR
2514				endif 
2514			 
2514				FORTH_DSP_VALUEHL     			; TODO skip type check and assume number.... lol 
2514				if BASE_CPM=1 
2514 cd 96 1a			call macro_dsp_valuehl 
2517				endif 
2517				if BASE_KEV=1 
2517					rst $18 
2517				endif 
2517				endm 
# End of macro FORTH_DSP_VALUEHL
2517			 
2517			;		push hl 
2517			 
2517				; destroy value TOS 
2517			 
2517				FORTH_DSP_POP  ; TODO add stock underflow checks and throws  
2517				if BASE_CPM=1 
2517 cd 2d 1b			call macro_forth_dsp_pop 
251a				endif 
251a				if BASE_KEV=1 
251a					rst $10 
251a				endif 
251a				endm 
# End of macro FORTH_DSP_POP
251a			 
251a			;		pop hl 
251a			 
251a 3e 00			ld a,0 
251c bd				cp l 
251d 28 09			jr z, .bpset 
251f			;		ld a, '*' 
251f cd 76 12			call bp_off 
2522				NEXTW 
2522 cd 68 ee			call parse_vector 
2525 c3 46 1c			jp macro_next 
2528				endm 
# End of macro NEXTW
2528			 
2528			.bpset:	 
2528				;	ld (os_view_disable), a 
2528 cd 6a 12			call bp_on 
252b			 
252b			 
252b				NEXTW 
252b cd 68 ee			call parse_vector 
252e c3 46 1c			jp macro_next 
2531				endm 
# End of macro NEXTW
2531			 
2531			 
2531			.MONITOR: 
2531			CWHEAD .MALLOC 65 "MONITOR" 7 WORD_FLAG_CODE 
2531 55				db WORD_SYS_CORE+65             
2532 5a 25			dw .MALLOC            
2534 08				db 7 + 1 
2535 .. 00			db "MONITOR",0              
253d				endm 
# End of macro CWHEAD
253d			; | MONITOR ( -- ) Display system breakpoint/monitor | DONE 
253d			; | | At start the current various registers will be displayed with contents. 
253d			; | | Top right corner will show the most recent debug marker seen. 
253d			; | | The bottom of the screen will also show the values of the data stack pointer (DSP) 
253d			; | | and the return stack pointer (RSP). 
253d			; | | Pressing: 
253d			; | |  
253d			; | |    1 - Initial screen 
253d			; | |  
253d			; | |    2 - Display a data dump of HL 
253d			; | |  
253d			; | |    3 - Display a data dump of DE 
253d			; | |  
253d			; | |    4 - Display a data dump of BC 
253d			; | |  
253d			; | |    5 - Display a data dump of HL 
253d			; | |  
253d			; | |    6 - Display a data dump of DSP 
253d			; | |  
253d			; | |    7 - Display a data dump of RSP 
253d			; | |  
253d			; | |    8 - Display a data dump of what is at DSP 
253d			; | |  
253d			; | |    9 - Display a data dump of what is at RSP 
253d			; | |  
253d			; | |    0 - Exit monitor and continue running. This will also enable break points 
253d			; | |  
253d			; | |    * - Disable break points 
253d			; | |  
253d			; | |    # - Enter traditional monitor mode 
253d			; | |  
253d			; | | 
253d			; | | Monitor Mode 
253d			; | | ------------ 
253d			; | | A prompt of '>' will be shown for various commands: 
253d			; | |  
253d			; | |    D xxxx - Display a data dump starting from hex address xxxx 
253d			; | |  
253d			; | |    C - Continue display a data dump from the last set address 
253d			; | |  
253d			; | |    M xxxx - Set start of memory edit at address xx 
253d			; | |  
253d			; | |    U xx - Poke the hex byte xx into the address set by M and increment the address to the next location 
253d			; | |  
253d			; | |    G xxxx - Exec code at specific address 
253d			; | |  
253d			; | |    Q - Return to previous 
253d				if DEBUG_FORTH_WORDS_KEY 
253d					DMARK "MON" 
253d				if DEMARK_VERSION = 1  
253d e5					push hl  
253e 21 46 25				ld hl, .dmark  
2541 22 60 ee				ld (debug_mark), hl  
2544				endif  
2544				if DEMARK_VERSION = 0  
2544					push af  
2544					ld a, (.dmark)  
2544					ld (debug_mark),a  
2544					ld a, (.dmark+1)  
2544					ld (debug_mark+1),a  
2544					ld a, (.dmark+2)  
2544					ld (debug_mark+2),a  
2544				endif  
2544 18 04			jr .pastdmark  
2546 ..			.dmark: db "MON"  
2549				if DEMARK_VERSION = 1  
2549 00					db 0  
254a				endif  
254a				if DEMARK_VERSION = 1  
254a e1			.pastdmark: pop hl  
254b				endif  
254b				if DEMARK_VERSION = 0  
254b			.pastdmark: pop af  
254b				endif  
254b			endm  
# End of macro DMARK
254b					CALLMONITOR 
254b				if BASE_CPM=1  
254b cd 6b ee				call debug_vector  
254e				endif  
254e				if BASE_KEV=1  
254e					rst 8  
254e				endif  
254e				endm  
# End of macro CALLMONITOR
254e				endif 
254e			;		ld a, 0 
254e			;		ld (os_view_disable), a 
254e cd 6a 12			call bp_on 
2551			 
2551				CALLMONITOR 
2551				if BASE_CPM=1  
2551 cd 6b ee				call debug_vector  
2554				endif  
2554				if BASE_KEV=1  
2554					rst 8  
2554				endif  
2554				endm  
# End of macro CALLMONITOR
2554			 
2554			;	call monitor 
2554			 
2554				NEXTW 
2554 cd 68 ee			call parse_vector 
2557 c3 46 1c			jp macro_next 
255a				endm 
# End of macro NEXTW
255a			 
255a			 
255a			.MALLOC: 
255a			CWHEAD .MALLOC2 66 "ALLOT" 5 WORD_FLAG_CODE 
255a 56				db WORD_SYS_CORE+66             
255b 78 25			dw .MALLOC2            
255d 06				db 5 + 1 
255e .. 00			db "ALLOT",0              
2564				endm 
# End of macro CWHEAD
2564			; | ALLOT ( u -- u ) Allocate u bytes of memory space and push the pointer TOS  | DONE 
2564				if DEBUG_FORTH_WORDS_KEY 
2564					DMARK "ALL" 
2564				if DEMARK_VERSION = 1  
2564 e5					push hl  
2565 21 6d 25				ld hl, .dmark  
2568 22 60 ee				ld (debug_mark), hl  
256b				endif  
256b				if DEMARK_VERSION = 0  
256b					push af  
256b					ld a, (.dmark)  
256b					ld (debug_mark),a  
256b					ld a, (.dmark+1)  
256b					ld (debug_mark+1),a  
256b					ld a, (.dmark+2)  
256b					ld (debug_mark+2),a  
256b				endif  
256b 18 04			jr .pastdmark  
256d ..			.dmark: db "ALL"  
2570				if DEMARK_VERSION = 1  
2570 00					db 0  
2571				endif  
2571				if DEMARK_VERSION = 1  
2571 e1			.pastdmark: pop hl  
2572				endif  
2572				if DEMARK_VERSION = 0  
2572			.pastdmark: pop af  
2572				endif  
2572			endm  
# End of macro DMARK
2572					CALLMONITOR 
2572				if BASE_CPM=1  
2572 cd 6b ee				call debug_vector  
2575				endif  
2575				if BASE_KEV=1  
2575					rst 8  
2575				endif  
2575				endm  
# End of macro CALLMONITOR
2575				endif 
2575 c3 94 25			jp .mallocc 
2578			.MALLOC2: 
2578			CWHEAD .FREE 66 "MALLOC" 6 WORD_FLAG_CODE 
2578 56				db WORD_SYS_CORE+66             
2579 ae 25			dw .FREE            
257b 07				db 6 + 1 
257c .. 00			db "MALLOC",0              
2583				endm 
# End of macro CWHEAD
2583			; | MALLOC ( u -- u ) Allocate u bytes of memory space and push the pointer TOS  | DONE 
2583				; get byte count 
2583				if DEBUG_FORTH_WORDS_KEY 
2583					DMARK "MAL" 
2583				if DEMARK_VERSION = 1  
2583 e5					push hl  
2584 21 8c 25				ld hl, .dmark  
2587 22 60 ee				ld (debug_mark), hl  
258a				endif  
258a				if DEMARK_VERSION = 0  
258a					push af  
258a					ld a, (.dmark)  
258a					ld (debug_mark),a  
258a					ld a, (.dmark+1)  
258a					ld (debug_mark+1),a  
258a					ld a, (.dmark+2)  
258a					ld (debug_mark+2),a  
258a				endif  
258a 18 04			jr .pastdmark  
258c ..			.dmark: db "MAL"  
258f				if DEMARK_VERSION = 1  
258f 00					db 0  
2590				endif  
2590				if DEMARK_VERSION = 1  
2590 e1			.pastdmark: pop hl  
2591				endif  
2591				if DEMARK_VERSION = 0  
2591			.pastdmark: pop af  
2591				endif  
2591			endm  
# End of macro DMARK
2591					CALLMONITOR 
2591				if BASE_CPM=1  
2591 cd 6b ee				call debug_vector  
2594				endif  
2594				if BASE_KEV=1  
2594					rst 8  
2594				endif  
2594				endm  
# End of macro CALLMONITOR
2594				endif 
2594			.mallocc: 
2594				FORTH_DSP_VALUEHL     			; TODO skip type check and assume number.... lol 
2594				if BASE_CPM=1 
2594 cd 96 1a			call macro_dsp_valuehl 
2597				endif 
2597				if BASE_KEV=1 
2597					rst $18 
2597				endif 
2597				endm 
# End of macro FORTH_DSP_VALUEHL
2597			 
2597			;		push hl 
2597			 
2597				; destroy value TOS 
2597			 
2597				FORTH_DSP_POP  ; TODO add stock underflow checks and throws  
2597				if BASE_CPM=1 
2597 cd 2d 1b			call macro_forth_dsp_pop 
259a				endif 
259a				if BASE_KEV=1 
259a					rst $10 
259a				endif 
259a				endm 
# End of macro FORTH_DSP_POP
259a			 
259a			;		pop hl 
259a cd c5 0f			call malloc 
259d			if DEBUG_FORTH_MALLOC_GUARD 
259d f5				push af 
259e cd 22 0c			call ishlzero 
25a1			;		ld a, l 
25a1			;		add h 
25a1			;		cp 0 
25a1 f1				pop af 
25a2				 
25a2 cc d5 46			call z,malloc_error 
25a5			endif 
25a5			 
25a5			;	call forth_push_numhl 
25a5					FORTH_PUSH_VALUEHL 
25a5				if BASE_CPM=1 
25a5 cd 08 19				call forth_push_numhl 
25a8				endif 
25a8				if BASE_KEV=1 
25a8					rst $20 
25a8				endif 
25a8				endm 
# End of macro FORTH_PUSH_VALUEHL
25a8				NEXTW 
25a8 cd 68 ee			call parse_vector 
25ab c3 46 1c			jp macro_next 
25ae				endm 
# End of macro NEXTW
25ae			 
25ae			.FREE: 
25ae			CWHEAD .UPTR 67 "FREE" 4 WORD_FLAG_CODE 
25ae 57				db WORD_SYS_CORE+67             
25af d7 25			dw .UPTR            
25b1 05				db 4 + 1 
25b2 .. 00			db "FREE",0              
25b7				endm 
# End of macro CWHEAD
25b7			; | FREE ( u --  ) Free memory block from malloc given u address  | DONE 
25b7				if DEBUG_FORTH_WORDS_KEY 
25b7					DMARK "FRE" 
25b7				if DEMARK_VERSION = 1  
25b7 e5					push hl  
25b8 21 c0 25				ld hl, .dmark  
25bb 22 60 ee				ld (debug_mark), hl  
25be				endif  
25be				if DEMARK_VERSION = 0  
25be					push af  
25be					ld a, (.dmark)  
25be					ld (debug_mark),a  
25be					ld a, (.dmark+1)  
25be					ld (debug_mark+1),a  
25be					ld a, (.dmark+2)  
25be					ld (debug_mark+2),a  
25be				endif  
25be 18 04			jr .pastdmark  
25c0 ..			.dmark: db "FRE"  
25c3				if DEMARK_VERSION = 1  
25c3 00					db 0  
25c4				endif  
25c4				if DEMARK_VERSION = 1  
25c4 e1			.pastdmark: pop hl  
25c5				endif  
25c5				if DEMARK_VERSION = 0  
25c5			.pastdmark: pop af  
25c5				endif  
25c5			endm  
# End of macro DMARK
25c5					CALLMONITOR 
25c5				if BASE_CPM=1  
25c5 cd 6b ee				call debug_vector  
25c8				endif  
25c8				if BASE_KEV=1  
25c8					rst 8  
25c8				endif  
25c8				endm  
# End of macro CALLMONITOR
25c8				endif 
25c8				; get address 
25c8			 
25c8				FORTH_DSP_VALUEHL     			; TODO skip type check and assume number.... lol 
25c8				if BASE_CPM=1 
25c8 cd 96 1a			call macro_dsp_valuehl 
25cb				endif 
25cb				if BASE_KEV=1 
25cb					rst $18 
25cb				endif 
25cb				endm 
# End of macro FORTH_DSP_VALUEHL
25cb			 
25cb			;		push hl 
25cb			 
25cb				; destroy value TOS 
25cb			 
25cb				FORTH_DSP_POP  ; TODO add stock underflow checks and throws  
25cb				if BASE_CPM=1 
25cb cd 2d 1b			call macro_forth_dsp_pop 
25ce				endif 
25ce				if BASE_KEV=1 
25ce					rst $10 
25ce				endif 
25ce				endm 
# End of macro FORTH_DSP_POP
25ce			 
25ce			;		pop hl 
25ce			if FORTH_ENABLE_MALLOCFREE 
25ce cd 8f 10			call free 
25d1			endif 
25d1				NEXTW 
25d1 cd 68 ee			call parse_vector 
25d4 c3 46 1c			jp macro_next 
25d7				endm 
# End of macro NEXTW
25d7			.UPTR: 
25d7			CWHEAD .LIST 67 "UPTR" 4 WORD_FLAG_CODE 
25d7 57				db WORD_SYS_CORE+67             
25d8 8a 26			dw .LIST            
25da 05				db 4 + 1 
25db .. 00			db "UPTR",0              
25e0				endm 
# End of macro CWHEAD
25e0			; | UPTR ( s -- u ) Push the address of the exec code for the quoted used word s  | DONE 
25e0				if DEBUG_FORTH_WORDS_KEY 
25e0					DMARK "UPT" 
25e0				if DEMARK_VERSION = 1  
25e0 e5					push hl  
25e1 21 e9 25				ld hl, .dmark  
25e4 22 60 ee				ld (debug_mark), hl  
25e7				endif  
25e7				if DEMARK_VERSION = 0  
25e7					push af  
25e7					ld a, (.dmark)  
25e7					ld (debug_mark),a  
25e7					ld a, (.dmark+1)  
25e7					ld (debug_mark+1),a  
25e7					ld a, (.dmark+2)  
25e7					ld (debug_mark+2),a  
25e7				endif  
25e7 18 04			jr .pastdmark  
25e9 ..			.dmark: db "UPT"  
25ec				if DEMARK_VERSION = 1  
25ec 00					db 0  
25ed				endif  
25ed				if DEMARK_VERSION = 1  
25ed e1			.pastdmark: pop hl  
25ee				endif  
25ee				if DEMARK_VERSION = 0  
25ee			.pastdmark: pop af  
25ee				endif  
25ee			endm  
# End of macro DMARK
25ee					CALLMONITOR 
25ee				if BASE_CPM=1  
25ee cd 6b ee				call debug_vector  
25f1				endif  
25f1				if BASE_KEV=1  
25f1					rst 8  
25f1				endif  
25f1				endm  
# End of macro CALLMONITOR
25f1				endif 
25f1				FORTH_DSP_VALUEHL 
25f1				if BASE_CPM=1 
25f1 cd 96 1a			call macro_dsp_valuehl 
25f4				endif 
25f4				if BASE_KEV=1 
25f4					rst $18 
25f4				endif 
25f4				endm 
# End of macro FORTH_DSP_VALUEHL
25f4			 
25f4 e5				push hl 
25f5				FORTH_DSP_POP 
25f5				if BASE_CPM=1 
25f5 cd 2d 1b			call macro_forth_dsp_pop 
25f8				endif 
25f8				if BASE_KEV=1 
25f8					rst $10 
25f8				endif 
25f8				endm 
# End of macro FORTH_DSP_POP
25f8 c1				pop bc 
25f9			 
25f9			 
25f9				; Get ptr to the word we need to look up 
25f9			 
25f9			;		FORTH_DSP_VALUEHL 
25f9				;v5 FORTH_DSP_VALUE 
25f9			; TODO type check 
25f9			;		inc hl    ; Skip type check  
25f9			;		push hl 
25f9			;		ex de, hl    ; put into DE 
25f9			 
25f9			 
25f9 21 4e 5b			ld hl, baseram 
25fc				;ld hl, baseusermem 
25fc			 
25fc e5			push hl   ; sacreifical push 
25fd			 
25fd			.uldouscanm: 
25fd e1			pop hl 
25fe			.uldouscan: 
25fe			if DEBUG_FORTH_WORDS 
25fe				DMARK "LSs" 
25fe				if DEMARK_VERSION = 1  
25fe e5					push hl  
25ff 21 07 26				ld hl, .dmark  
2602 22 60 ee				ld (debug_mark), hl  
2605				endif  
2605				if DEMARK_VERSION = 0  
2605					push af  
2605					ld a, (.dmark)  
2605					ld (debug_mark),a  
2605					ld a, (.dmark+1)  
2605					ld (debug_mark+1),a  
2605					ld a, (.dmark+2)  
2605					ld (debug_mark+2),a  
2605				endif  
2605 18 04			jr .pastdmark  
2607 ..			.dmark: db "LSs"  
260a				if DEMARK_VERSION = 1  
260a 00					db 0  
260b				endif  
260b				if DEMARK_VERSION = 1  
260b e1			.pastdmark: pop hl  
260c				endif  
260c				if DEMARK_VERSION = 0  
260c			.pastdmark: pop af  
260c				endif  
260c			endm  
# End of macro DMARK
260c				CALLMONITOR 
260c				if BASE_CPM=1  
260c cd 6b ee				call debug_vector  
260f				endif  
260f				if BASE_KEV=1  
260f					rst 8  
260f				endif  
260f				endm  
# End of macro CALLMONITOR
260f			endif 
260f			; skip dict stub 
260f cd 78 1d			call forth_tok_next 
2612			 
2612			 
2612			; while we have words to look for 
2612			 
2612 7e			ld a, (hl)      
2613			if DEBUG_FORTH_WORDS 
2613				DMARK "LSk" 
2613				if DEMARK_VERSION = 1  
2613 e5					push hl  
2614 21 1c 26				ld hl, .dmark  
2617 22 60 ee				ld (debug_mark), hl  
261a				endif  
261a				if DEMARK_VERSION = 0  
261a					push af  
261a					ld a, (.dmark)  
261a					ld (debug_mark),a  
261a					ld a, (.dmark+1)  
261a					ld (debug_mark+1),a  
261a					ld a, (.dmark+2)  
261a					ld (debug_mark+2),a  
261a				endif  
261a 18 04			jr .pastdmark  
261c ..			.dmark: db "LSk"  
261f				if DEMARK_VERSION = 1  
261f 00					db 0  
2620				endif  
2620				if DEMARK_VERSION = 1  
2620 e1			.pastdmark: pop hl  
2621				endif  
2621				if DEMARK_VERSION = 0  
2621			.pastdmark: pop af  
2621				endif  
2621			endm  
# End of macro DMARK
2621				CALLMONITOR 
2621				if BASE_CPM=1  
2621 cd 6b ee				call debug_vector  
2624				endif  
2624				if BASE_KEV=1  
2624					rst 8  
2624				endif  
2624				endm  
# End of macro CALLMONITOR
2624			endif 
2624				;cp WORD_SYS_END 
2624				;jp z, .lunotfound 
2624			 
2624					; if we hit non uwords then gone too far 
2624 fe 01				cp WORD_SYS_UWORD 
2626 c2 81 26				jp nz, .ulunotfound 
2629			 
2629				if DEBUG_FORTH_WORDS 
2629					DMARK "LSu" 
2629				if DEMARK_VERSION = 1  
2629 e5					push hl  
262a 21 32 26				ld hl, .dmark  
262d 22 60 ee				ld (debug_mark), hl  
2630				endif  
2630				if DEMARK_VERSION = 0  
2630					push af  
2630					ld a, (.dmark)  
2630					ld (debug_mark),a  
2630					ld a, (.dmark+1)  
2630					ld (debug_mark+1),a  
2630					ld a, (.dmark+2)  
2630					ld (debug_mark+2),a  
2630				endif  
2630 18 04			jr .pastdmark  
2632 ..			.dmark: db "LSu"  
2635				if DEMARK_VERSION = 1  
2635 00					db 0  
2636				endif  
2636				if DEMARK_VERSION = 1  
2636 e1			.pastdmark: pop hl  
2637				endif  
2637				if DEMARK_VERSION = 0  
2637			.pastdmark: pop af  
2637				endif  
2637			endm  
# End of macro DMARK
2637					CALLMONITOR 
2637				if BASE_CPM=1  
2637 cd 6b ee				call debug_vector  
263a				endif  
263a				if BASE_KEV=1  
263a					rst 8  
263a				endif  
263a				endm  
# End of macro CALLMONITOR
263a				endif 
263a			 
263a					; found a uword but is it the one we want... 
263a			 
263a c5					push bc     ; uword to find is on bc 
263b d1					pop de 
263c			 
263c e5					push hl  ; to save the ptr 
263d			 
263d					; skip opcode 
263d 23					inc hl  
263e					; skip next ptr 
263e 23					inc hl  
263f 23					inc hl 
2640					; skip len 
2640 23					inc hl 
2641			 
2641				if DEBUG_FORTH_WORDS 
2641					DMARK "LSc" 
2641				if DEMARK_VERSION = 1  
2641 e5					push hl  
2642 21 4a 26				ld hl, .dmark  
2645 22 60 ee				ld (debug_mark), hl  
2648				endif  
2648				if DEMARK_VERSION = 0  
2648					push af  
2648					ld a, (.dmark)  
2648					ld (debug_mark),a  
2648					ld a, (.dmark+1)  
2648					ld (debug_mark+1),a  
2648					ld a, (.dmark+2)  
2648					ld (debug_mark+2),a  
2648				endif  
2648 18 04			jr .pastdmark  
264a ..			.dmark: db "LSc"  
264d				if DEMARK_VERSION = 1  
264d 00					db 0  
264e				endif  
264e				if DEMARK_VERSION = 1  
264e e1			.pastdmark: pop hl  
264f				endif  
264f				if DEMARK_VERSION = 0  
264f			.pastdmark: pop af  
264f				endif  
264f			endm  
# End of macro DMARK
264f					CALLMONITOR 
264f				if BASE_CPM=1  
264f cd 6b ee				call debug_vector  
2652				endif  
2652				if BASE_KEV=1  
2652					rst 8  
2652				endif  
2652				endm  
# End of macro CALLMONITOR
2652				endif 
2652			; was exiting on the shorter of the words. swap and test is in favour of the longer word. 
2652			; ie. If WOO is defined first and then WO. Couldnt list WO. 
2652			; Nope that has gone the other way. It needs to be exact not on first zero 
2652			;		call strcmp 
2652 c5					push bc 
2653 cd 95 0f				call StrictStrCmp 
2656 c1					pop bc 
2657 c2 fd 25				jp nz, .uldouscanm 
265a				 
265a			 
265a			 
265a					; we have a uword so push its name to the stack 
265a			 
265a			;	   	push hl  ; save so we can move to next dict block 
265a e1			pop hl 
265b			 
265b				if DEBUG_FORTH_WORDS 
265b					DMARK "LSm" 
265b				if DEMARK_VERSION = 1  
265b e5					push hl  
265c 21 64 26				ld hl, .dmark  
265f 22 60 ee				ld (debug_mark), hl  
2662				endif  
2662				if DEMARK_VERSION = 0  
2662					push af  
2662					ld a, (.dmark)  
2662					ld (debug_mark),a  
2662					ld a, (.dmark+1)  
2662					ld (debug_mark+1),a  
2662					ld a, (.dmark+2)  
2662					ld (debug_mark+2),a  
2662				endif  
2662 18 04			jr .pastdmark  
2664 ..			.dmark: db "LSm"  
2667				if DEMARK_VERSION = 1  
2667 00					db 0  
2668				endif  
2668				if DEMARK_VERSION = 1  
2668 e1			.pastdmark: pop hl  
2669				endif  
2669				if DEMARK_VERSION = 0  
2669			.pastdmark: pop af  
2669				endif  
2669			endm  
# End of macro DMARK
2669					CALLMONITOR 
2669				if BASE_CPM=1  
2669 cd 6b ee				call debug_vector  
266c				endif  
266c				if BASE_KEV=1  
266c					rst 8  
266c				endif  
266c				endm  
# End of macro CALLMONITOR
266c				endif 
266c			 
266c					; skip opcode 
266c 23					inc hl  
266d					; skip next ptr 
266d 23					inc hl  
266e 23					inc hl 
266f					; skip len 
266f 7e					ld a, (hl)   ; save length to add 
2670				if DEBUG_FORTH_WORDS 
2670					DMARK "LS2" 
2670				if DEMARK_VERSION = 1  
2670 e5					push hl  
2671 21 79 26				ld hl, .dmark  
2674 22 60 ee				ld (debug_mark), hl  
2677				endif  
2677				if DEMARK_VERSION = 0  
2677					push af  
2677					ld a, (.dmark)  
2677					ld (debug_mark),a  
2677					ld a, (.dmark+1)  
2677					ld (debug_mark+1),a  
2677					ld a, (.dmark+2)  
2677					ld (debug_mark+2),a  
2677				endif  
2677 18 04			jr .pastdmark  
2679 ..			.dmark: db "LS2"  
267c				if DEMARK_VERSION = 1  
267c 00					db 0  
267d				endif  
267d				if DEMARK_VERSION = 1  
267d e1			.pastdmark: pop hl  
267e				endif  
267e				if DEMARK_VERSION = 0  
267e			.pastdmark: pop af  
267e				endif  
267e			endm  
# End of macro DMARK
267e					CALLMONITOR 
267e				if BASE_CPM=1  
267e cd 6b ee				call debug_vector  
2681				endif  
2681				if BASE_KEV=1  
2681					rst 8  
2681				endif  
2681				endm  
# End of macro CALLMONITOR
2681				endif 
2681			 
2681				; skip zero term and other uword defs to position right at the exec code 
2681			 
2681			; commented out as need the call to exec 
2681				;ld b, 4 
2681				;add a,b 
2681			 
2681			;	call addatohl 
2681					; save this location 
2681				 
2681			.ulunotfound: 
2681			;	call forth_push_numhl 
2681					FORTH_PUSH_VALUEHL 
2681				if BASE_CPM=1 
2681 cd 08 19				call forth_push_numhl 
2684				endif 
2684				if BASE_KEV=1 
2684					rst $20 
2684				endif 
2684				endm 
# End of macro FORTH_PUSH_VALUEHL
2684						 
2684				NEXTW 
2684 cd 68 ee			call parse_vector 
2687 c3 46 1c			jp macro_next 
268a				endm 
# End of macro NEXTW
268a			.LIST: 
268a			CWHEAD .FORGET 72 "LIST" 4 WORD_FLAG_CODE 
268a 5c				db WORD_SYS_CORE+72             
268b fd 27			dw .FORGET            
268d 05				db 4 + 1 
268e .. 00			db "LIST",0              
2693				endm 
# End of macro CWHEAD
2693			; | LIST ( uword -- u )    List the code to the word that is quoted (so as not to exec) on TOS | DONE 
2693			; | | The quoted word must be in upper case. 
2693			if DEBUG_FORTH_WORDS_KEY 
2693				DMARK "LST" 
2693				if DEMARK_VERSION = 1  
2693 e5					push hl  
2694 21 9c 26				ld hl, .dmark  
2697 22 60 ee				ld (debug_mark), hl  
269a				endif  
269a				if DEMARK_VERSION = 0  
269a					push af  
269a					ld a, (.dmark)  
269a					ld (debug_mark),a  
269a					ld a, (.dmark+1)  
269a					ld (debug_mark+1),a  
269a					ld a, (.dmark+2)  
269a					ld (debug_mark+2),a  
269a				endif  
269a 18 04			jr .pastdmark  
269c ..			.dmark: db "LST"  
269f				if DEMARK_VERSION = 1  
269f 00					db 0  
26a0				endif  
26a0				if DEMARK_VERSION = 1  
26a0 e1			.pastdmark: pop hl  
26a1				endif  
26a1				if DEMARK_VERSION = 0  
26a1			.pastdmark: pop af  
26a1				endif  
26a1			endm  
# End of macro DMARK
26a1				CALLMONITOR 
26a1				if BASE_CPM=1  
26a1 cd 6b ee				call debug_vector  
26a4				endif  
26a4				if BASE_KEV=1  
26a4					rst 8  
26a4				endif  
26a4				endm  
# End of macro CALLMONITOR
26a4			endif 
26a4			 
26a4				FORTH_DSP_VALUEHL 
26a4				if BASE_CPM=1 
26a4 cd 96 1a			call macro_dsp_valuehl 
26a7				endif 
26a7				if BASE_KEV=1 
26a7					rst $18 
26a7				endif 
26a7				endm 
# End of macro FORTH_DSP_VALUEHL
26a7			 
26a7 e5				push hl 
26a8				FORTH_DSP_POP 
26a8				if BASE_CPM=1 
26a8 cd 2d 1b			call macro_forth_dsp_pop 
26ab				endif 
26ab				if BASE_KEV=1 
26ab					rst $10 
26ab				endif 
26ab				endm 
# End of macro FORTH_DSP_POP
26ab c1				pop bc 
26ac			 
26ac			; Start format of scratch string 
26ac			 
26ac 21 9d e2			ld hl, scratch 
26af			 
26af			;	ld a, ':' 
26af 36 3a			ld (hl),':' 
26b1 23				inc hl 
26b2			;	ld a, ' ' 
26b2 36 20			ld (hl), ' ' 
26b4			 
26b4				; Get ptr to the word we need to look up 
26b4			 
26b4			;		FORTH_DSP_VALUEHL 
26b4				;v5 FORTH_DSP_VALUE 
26b4			; TODO type check 
26b4			;		inc hl    ; Skip type check  
26b4			;		push hl 
26b4			;		ex de, hl    ; put into DE 
26b4			 
26b4			 
26b4 21 4e 5b			ld hl, baseram 
26b7				;ld hl, baseusermem 
26b7			 
26b7 e5			push hl   ; sacreifical push 
26b8			 
26b8			.ldouscanm: 
26b8 e1			pop hl 
26b9			.ldouscan: 
26b9			if DEBUG_FORTH_WORDS 
26b9				DMARK "LSs" 
26b9				if DEMARK_VERSION = 1  
26b9 e5					push hl  
26ba 21 c2 26				ld hl, .dmark  
26bd 22 60 ee				ld (debug_mark), hl  
26c0				endif  
26c0				if DEMARK_VERSION = 0  
26c0					push af  
26c0					ld a, (.dmark)  
26c0					ld (debug_mark),a  
26c0					ld a, (.dmark+1)  
26c0					ld (debug_mark+1),a  
26c0					ld a, (.dmark+2)  
26c0					ld (debug_mark+2),a  
26c0				endif  
26c0 18 04			jr .pastdmark  
26c2 ..			.dmark: db "LSs"  
26c5				if DEMARK_VERSION = 1  
26c5 00					db 0  
26c6				endif  
26c6				if DEMARK_VERSION = 1  
26c6 e1			.pastdmark: pop hl  
26c7				endif  
26c7				if DEMARK_VERSION = 0  
26c7			.pastdmark: pop af  
26c7				endif  
26c7			endm  
# End of macro DMARK
26c7				CALLMONITOR 
26c7				if BASE_CPM=1  
26c7 cd 6b ee				call debug_vector  
26ca				endif  
26ca				if BASE_KEV=1  
26ca					rst 8  
26ca				endif  
26ca				endm  
# End of macro CALLMONITOR
26ca			endif 
26ca			; skip dict stub 
26ca cd 78 1d			call forth_tok_next 
26cd			 
26cd			 
26cd			; while we have words to look for 
26cd			 
26cd 7e			ld a, (hl)      
26ce			if DEBUG_FORTH_WORDS 
26ce				DMARK "LSk" 
26ce				if DEMARK_VERSION = 1  
26ce e5					push hl  
26cf 21 d7 26				ld hl, .dmark  
26d2 22 60 ee				ld (debug_mark), hl  
26d5				endif  
26d5				if DEMARK_VERSION = 0  
26d5					push af  
26d5					ld a, (.dmark)  
26d5					ld (debug_mark),a  
26d5					ld a, (.dmark+1)  
26d5					ld (debug_mark+1),a  
26d5					ld a, (.dmark+2)  
26d5					ld (debug_mark+2),a  
26d5				endif  
26d5 18 04			jr .pastdmark  
26d7 ..			.dmark: db "LSk"  
26da				if DEMARK_VERSION = 1  
26da 00					db 0  
26db				endif  
26db				if DEMARK_VERSION = 1  
26db e1			.pastdmark: pop hl  
26dc				endif  
26dc				if DEMARK_VERSION = 0  
26dc			.pastdmark: pop af  
26dc				endif  
26dc			endm  
# End of macro DMARK
26dc				CALLMONITOR 
26dc				if BASE_CPM=1  
26dc cd 6b ee				call debug_vector  
26df				endif  
26df				if BASE_KEV=1  
26df					rst 8  
26df				endif  
26df				endm  
# End of macro CALLMONITOR
26df			endif 
26df				;cp WORD_SYS_END 
26df				;jp z, .lunotfound 
26df			 
26df					; if we hit non uwords then gone too far 
26df fe 01				cp WORD_SYS_UWORD 
26e1 c2 c6 27				jp nz, .lunotfound 
26e4			 
26e4				if DEBUG_FORTH_WORDS 
26e4					DMARK "LSu" 
26e4				if DEMARK_VERSION = 1  
26e4 e5					push hl  
26e5 21 ed 26				ld hl, .dmark  
26e8 22 60 ee				ld (debug_mark), hl  
26eb				endif  
26eb				if DEMARK_VERSION = 0  
26eb					push af  
26eb					ld a, (.dmark)  
26eb					ld (debug_mark),a  
26eb					ld a, (.dmark+1)  
26eb					ld (debug_mark+1),a  
26eb					ld a, (.dmark+2)  
26eb					ld (debug_mark+2),a  
26eb				endif  
26eb 18 04			jr .pastdmark  
26ed ..			.dmark: db "LSu"  
26f0				if DEMARK_VERSION = 1  
26f0 00					db 0  
26f1				endif  
26f1				if DEMARK_VERSION = 1  
26f1 e1			.pastdmark: pop hl  
26f2				endif  
26f2				if DEMARK_VERSION = 0  
26f2			.pastdmark: pop af  
26f2				endif  
26f2			endm  
# End of macro DMARK
26f2					CALLMONITOR 
26f2				if BASE_CPM=1  
26f2 cd 6b ee				call debug_vector  
26f5				endif  
26f5				if BASE_KEV=1  
26f5					rst 8  
26f5				endif  
26f5				endm  
# End of macro CALLMONITOR
26f5				endif 
26f5			 
26f5					; found a uword but is it the one we want... 
26f5			 
26f5 c5					push bc     ; uword to find is on bc 
26f6 d1					pop de 
26f7			 
26f7 e5					push hl  ; to save the ptr 
26f8			 
26f8					; skip opcode 
26f8 23					inc hl  
26f9					; skip next ptr 
26f9 23					inc hl  
26fa 23					inc hl 
26fb					; skip len 
26fb 23					inc hl 
26fc			 
26fc				if DEBUG_FORTH_WORDS 
26fc					DMARK "LSc" 
26fc				if DEMARK_VERSION = 1  
26fc e5					push hl  
26fd 21 05 27				ld hl, .dmark  
2700 22 60 ee				ld (debug_mark), hl  
2703				endif  
2703				if DEMARK_VERSION = 0  
2703					push af  
2703					ld a, (.dmark)  
2703					ld (debug_mark),a  
2703					ld a, (.dmark+1)  
2703					ld (debug_mark+1),a  
2703					ld a, (.dmark+2)  
2703					ld (debug_mark+2),a  
2703				endif  
2703 18 04			jr .pastdmark  
2705 ..			.dmark: db "LSc"  
2708				if DEMARK_VERSION = 1  
2708 00					db 0  
2709				endif  
2709				if DEMARK_VERSION = 1  
2709 e1			.pastdmark: pop hl  
270a				endif  
270a				if DEMARK_VERSION = 0  
270a			.pastdmark: pop af  
270a				endif  
270a			endm  
# End of macro DMARK
270a					CALLMONITOR 
270a				if BASE_CPM=1  
270a cd 6b ee				call debug_vector  
270d				endif  
270d				if BASE_KEV=1  
270d					rst 8  
270d				endif  
270d				endm  
# End of macro CALLMONITOR
270d				endif 
270d			; was exiting on the shorter of the words. swap and test is in favour of the longer word. 
270d			; ie. If WOO is defined first and then WO. Couldnt list WO. 
270d			; Nope that has gone the other way. It needs to be exact not on first zero 
270d			;		call strcmp 
270d c5					push bc 
270e cd 95 0f				call StrictStrCmp 
2711 c1					pop bc 
2712 c2 b8 26				jp nz, .ldouscanm 
2715				 
2715			 
2715			 
2715					; we have a uword so push its name to the stack 
2715			 
2715			;	   	push hl  ; save so we can move to next dict block 
2715 e1			pop hl 
2716			 
2716				if DEBUG_FORTH_WORDS 
2716					DMARK "LSm" 
2716				if DEMARK_VERSION = 1  
2716 e5					push hl  
2717 21 1f 27				ld hl, .dmark  
271a 22 60 ee				ld (debug_mark), hl  
271d				endif  
271d				if DEMARK_VERSION = 0  
271d					push af  
271d					ld a, (.dmark)  
271d					ld (debug_mark),a  
271d					ld a, (.dmark+1)  
271d					ld (debug_mark+1),a  
271d					ld a, (.dmark+2)  
271d					ld (debug_mark+2),a  
271d				endif  
271d 18 04			jr .pastdmark  
271f ..			.dmark: db "LSm"  
2722				if DEMARK_VERSION = 1  
2722 00					db 0  
2723				endif  
2723				if DEMARK_VERSION = 1  
2723 e1			.pastdmark: pop hl  
2724				endif  
2724				if DEMARK_VERSION = 0  
2724			.pastdmark: pop af  
2724				endif  
2724			endm  
# End of macro DMARK
2724					CALLMONITOR 
2724				if BASE_CPM=1  
2724 cd 6b ee				call debug_vector  
2727				endif  
2727				if BASE_KEV=1  
2727					rst 8  
2727				endif  
2727				endm  
# End of macro CALLMONITOR
2727				endif 
2727			 
2727					; skip opcode 
2727 23					inc hl  
2728					; skip next ptr 
2728 23					inc hl  
2729 23					inc hl 
272a					; skip len 
272a 7e					ld a, (hl)   ; save length to add 
272b				if DEBUG_FORTH_WORDS 
272b					DMARK "LS2" 
272b				if DEMARK_VERSION = 1  
272b e5					push hl  
272c 21 34 27				ld hl, .dmark  
272f 22 60 ee				ld (debug_mark), hl  
2732				endif  
2732				if DEMARK_VERSION = 0  
2732					push af  
2732					ld a, (.dmark)  
2732					ld (debug_mark),a  
2732					ld a, (.dmark+1)  
2732					ld (debug_mark+1),a  
2732					ld a, (.dmark+2)  
2732					ld (debug_mark+2),a  
2732				endif  
2732 18 04			jr .pastdmark  
2734 ..			.dmark: db "LS2"  
2737				if DEMARK_VERSION = 1  
2737 00					db 0  
2738				endif  
2738				if DEMARK_VERSION = 1  
2738 e1			.pastdmark: pop hl  
2739				endif  
2739				if DEMARK_VERSION = 0  
2739			.pastdmark: pop af  
2739				endif  
2739			endm  
# End of macro DMARK
2739					CALLMONITOR 
2739				if BASE_CPM=1  
2739 cd 6b ee				call debug_vector  
273c				endif  
273c				if BASE_KEV=1  
273c					rst 8  
273c				endif  
273c				endm  
# End of macro CALLMONITOR
273c				endif 
273c			 
273c					; save this location 
273c				 
273c e5					push hl 
273d			 
273d 23					inc hl 
273e 11 9f e2				ld de, scratch+2 
2741 4f					ld c, a 
2742 06 00				ld b, 0 
2744			 
2744				if DEBUG_FORTH_WORDS 
2744					DMARK "LSn" 
2744				if DEMARK_VERSION = 1  
2744 e5					push hl  
2745 21 4d 27				ld hl, .dmark  
2748 22 60 ee				ld (debug_mark), hl  
274b				endif  
274b				if DEMARK_VERSION = 0  
274b					push af  
274b					ld a, (.dmark)  
274b					ld (debug_mark),a  
274b					ld a, (.dmark+1)  
274b					ld (debug_mark+1),a  
274b					ld a, (.dmark+2)  
274b					ld (debug_mark+2),a  
274b				endif  
274b 18 04			jr .pastdmark  
274d ..			.dmark: db "LSn"  
2750				if DEMARK_VERSION = 1  
2750 00					db 0  
2751				endif  
2751				if DEMARK_VERSION = 1  
2751 e1			.pastdmark: pop hl  
2752				endif  
2752				if DEMARK_VERSION = 0  
2752			.pastdmark: pop af  
2752				endif  
2752			endm  
# End of macro DMARK
2752					CALLMONITOR 
2752				if BASE_CPM=1  
2752 cd 6b ee				call debug_vector  
2755				endif  
2755				if BASE_KEV=1  
2755					rst 8  
2755				endif  
2755				endm  
# End of macro CALLMONITOR
2755				endif 
2755			 
2755					; copy uword name to scratch 
2755			 
2755			;		ldir 
2755			.licplw:	; copy uword name to scratch converting to lower case as we go 
2755 ed a0				ldi 
2757 1b					dec de 
2758 1a					ld a, (de) 
2759 cd 6a 0e				call to_lower 
275c 12					ld (de),a 
275d 13					inc de 
275e 3e 00				ld a, 0 
2760 b9					cp c 
2761 20 f2				jr nz, .licplw 
2763			 
2763			 
2763			 
2763 1b					dec de 
2764 3e 20				ld a, ' '    ; change null to space 
2766 12					ld (de), a 
2767			 
2767 13					inc de 
2768			 
2768 d5					push de 
2769 c1					pop bc     ; move scratch pointer to end of word name and save it 
276a			 
276a e1					pop hl 
276b 7e					ld a, (hl) 
276c					;inc hl 
276c					; skip word string 
276c cd f9 0b				call addatohl 
276f			 
276f 23					inc hl 
2770			 
2770				if DEBUG_FORTH_WORDS 
2770					DMARK "LS3" 
2770				if DEMARK_VERSION = 1  
2770 e5					push hl  
2771 21 79 27				ld hl, .dmark  
2774 22 60 ee				ld (debug_mark), hl  
2777				endif  
2777				if DEMARK_VERSION = 0  
2777					push af  
2777					ld a, (.dmark)  
2777					ld (debug_mark),a  
2777					ld a, (.dmark+1)  
2777					ld (debug_mark+1),a  
2777					ld a, (.dmark+2)  
2777					ld (debug_mark+2),a  
2777				endif  
2777 18 04			jr .pastdmark  
2779 ..			.dmark: db "LS3"  
277c				if DEMARK_VERSION = 1  
277c 00					db 0  
277d				endif  
277d				if DEMARK_VERSION = 1  
277d e1			.pastdmark: pop hl  
277e				endif  
277e				if DEMARK_VERSION = 0  
277e			.pastdmark: pop af  
277e				endif  
277e			endm  
# End of macro DMARK
277e					CALLMONITOR 
277e				if BASE_CPM=1  
277e cd 6b ee				call debug_vector  
2781				endif  
2781				if BASE_KEV=1  
2781					rst 8  
2781				endif  
2781				endm  
# End of macro CALLMONITOR
2781				endif 
2781					; should now be at the start of the machine code to setup the eval of the uword 
2781					; now locate the ptr to the string defintion 
2781			 
2781					; skip ld hl, 
2781					; then load the ptr 
2781			; TODO use get from hl ptr 
2781 23					inc hl 
2782 5e					ld e, (hl) 
2783 23					inc hl 
2784 56					ld d, (hl) 
2785 eb					ex de, hl 
2786			 
2786			 
2786				if DEBUG_FORTH_WORDS 
2786					DMARK "LSt" 
2786				if DEMARK_VERSION = 1  
2786 e5					push hl  
2787 21 8f 27				ld hl, .dmark  
278a 22 60 ee				ld (debug_mark), hl  
278d				endif  
278d				if DEMARK_VERSION = 0  
278d					push af  
278d					ld a, (.dmark)  
278d					ld (debug_mark),a  
278d					ld a, (.dmark+1)  
278d					ld (debug_mark+1),a  
278d					ld a, (.dmark+2)  
278d					ld (debug_mark+2),a  
278d				endif  
278d 18 04			jr .pastdmark  
278f ..			.dmark: db "LSt"  
2792				if DEMARK_VERSION = 1  
2792 00					db 0  
2793				endif  
2793				if DEMARK_VERSION = 1  
2793 e1			.pastdmark: pop hl  
2794				endif  
2794				if DEMARK_VERSION = 0  
2794			.pastdmark: pop af  
2794				endif  
2794			endm  
# End of macro DMARK
2794					CALLMONITOR 
2794				if BASE_CPM=1  
2794 cd 6b ee				call debug_vector  
2797				endif  
2797				if BASE_KEV=1  
2797					rst 8  
2797				endif  
2797				endm  
# End of macro CALLMONITOR
2797				endif 
2797			 
2797			; cant push right now due to tokenised strings  
2797			 
2797			; get the destination of where to copy this definition to. 
2797			 
2797 c5					push bc 
2798 d1					pop de 
2799			 
2799 7e			.listl:         ld a,(hl) 
279a			;		cp 0 
279a b7					or a 
279b 28 09				jr z, .lreplsp     ; replace zero with space 
279d					;cp FORTH_END_BUFFER 
279d fe 3b				cp ';'    ; No end buffer flag but the ';' will be a good sign of the end of definition 
279f 28 0a				jr z, .listdone    ; at end of uword defination to close of scratch and finish 
27a1				 
27a1					; just copy this char as is then 
27a1			 
27a1 12					ld (de), a 
27a2			 
27a2 23			.listnxt:	inc hl 
27a3 13					inc de 
27a4 18 f3				jr .listl 
27a6			 
27a6 3e 20		.lreplsp:	ld a,' ' 
27a8 12					ld (de), a 
27a9 18 f7				jr .listnxt 
27ab			 
27ab			; close up uword def 
27ab			 
27ab			.listdone: 
27ab 12					ld (de), a 
27ac 13					inc de 
27ad 3e 00				ld a, 0 
27af 12					ld (de), a 
27b0			 
27b0			; now have def so clean up and push to stack 
27b0			 
27b0 21 9d e2				ld hl, scratch 
27b3				if DEBUG_FORTH_WORDS 
27b3					DMARK "Ltp" 
27b3				if DEMARK_VERSION = 1  
27b3 e5					push hl  
27b4 21 bc 27				ld hl, .dmark  
27b7 22 60 ee				ld (debug_mark), hl  
27ba				endif  
27ba				if DEMARK_VERSION = 0  
27ba					push af  
27ba					ld a, (.dmark)  
27ba					ld (debug_mark),a  
27ba					ld a, (.dmark+1)  
27ba					ld (debug_mark+1),a  
27ba					ld a, (.dmark+2)  
27ba					ld (debug_mark+2),a  
27ba				endif  
27ba 18 04			jr .pastdmark  
27bc ..			.dmark: db "Ltp"  
27bf				if DEMARK_VERSION = 1  
27bf 00					db 0  
27c0				endif  
27c0				if DEMARK_VERSION = 1  
27c0 e1			.pastdmark: pop hl  
27c1				endif  
27c1				if DEMARK_VERSION = 0  
27c1			.pastdmark: pop af  
27c1				endif  
27c1			endm  
# End of macro DMARK
27c1					CALLMONITOR 
27c1				if BASE_CPM=1  
27c1 cd 6b ee				call debug_vector  
27c4				endif  
27c4				if BASE_KEV=1  
27c4					rst 8  
27c4				endif  
27c4				endm  
# End of macro CALLMONITOR
27c4				endif 
27c4			 
27c4 18 17			jr .listpush 
27c6			 
27c6			;.lnuword:	pop hl 
27c6			;		call forth_tok_next 
27c6			;		jp .ldouscan  
27c6			 
27c6			.lunotfound:		  
27c6			 
27c6				if DEBUG_FORTH_WORDS 
27c6					DMARK "LSn" 
27c6				if DEMARK_VERSION = 1  
27c6 e5					push hl  
27c7 21 cf 27				ld hl, .dmark  
27ca 22 60 ee				ld (debug_mark), hl  
27cd				endif  
27cd				if DEMARK_VERSION = 0  
27cd					push af  
27cd					ld a, (.dmark)  
27cd					ld (debug_mark),a  
27cd					ld a, (.dmark+1)  
27cd					ld (debug_mark+1),a  
27cd					ld a, (.dmark+2)  
27cd					ld (debug_mark+2),a  
27cd				endif  
27cd 18 04			jr .pastdmark  
27cf ..			.dmark: db "LSn"  
27d2				if DEMARK_VERSION = 1  
27d2 00					db 0  
27d3				endif  
27d3				if DEMARK_VERSION = 1  
27d3 e1			.pastdmark: pop hl  
27d4				endif  
27d4				if DEMARK_VERSION = 0  
27d4			.pastdmark: pop af  
27d4				endif  
27d4			endm  
# End of macro DMARK
27d4					CALLMONITOR 
27d4				if BASE_CPM=1  
27d4 cd 6b ee				call debug_vector  
27d7				endif  
27d7				if BASE_KEV=1  
27d7					rst 8  
27d7				endif  
27d7				endm  
# End of macro CALLMONITOR
27d7				endif 
27d7			 
27d7					 
27d7			;		FORTH_DSP_POP 
27d7			;		ld hl, .luno 
27d7			 
27d7					NEXTW			 
27d7 cd 68 ee			call parse_vector 
27da c3 46 1c			jp macro_next 
27dd				endm 
# End of macro NEXTW
27dd			 
27dd			.listpush: 
27dd				if DEBUG_FORTH_WORDS 
27dd					DMARK "LS>" 
27dd				if DEMARK_VERSION = 1  
27dd e5					push hl  
27de 21 e6 27				ld hl, .dmark  
27e1 22 60 ee				ld (debug_mark), hl  
27e4				endif  
27e4				if DEMARK_VERSION = 0  
27e4					push af  
27e4					ld a, (.dmark)  
27e4					ld (debug_mark),a  
27e4					ld a, (.dmark+1)  
27e4					ld (debug_mark+1),a  
27e4					ld a, (.dmark+2)  
27e4					ld (debug_mark+2),a  
27e4				endif  
27e4 18 04			jr .pastdmark  
27e6 ..			.dmark: db "LS>"  
27e9				if DEMARK_VERSION = 1  
27e9 00					db 0  
27ea				endif  
27ea				if DEMARK_VERSION = 1  
27ea e1			.pastdmark: pop hl  
27eb				endif  
27eb				if DEMARK_VERSION = 0  
27eb			.pastdmark: pop af  
27eb				endif  
27eb			endm  
# End of macro DMARK
27eb					CALLMONITOR 
27eb				if BASE_CPM=1  
27eb cd 6b ee				call debug_vector  
27ee				endif  
27ee				if BASE_KEV=1  
27ee					rst 8  
27ee				endif  
27ee				endm  
# End of macro CALLMONITOR
27ee				endif 
27ee cd 67 19				call forth_push_str 
27f1			 
27f1			 
27f1			 
27f1					NEXTW 
27f1 cd 68 ee			call parse_vector 
27f4 c3 46 1c			jp macro_next 
27f7				endm 
# End of macro NEXTW
27f7			 
27f7			;.luno:    db "Word not found",0 
27f7			 
27f7			 
27f7			 
27f7			 
27f7			 
27f7			;		push hl   ; save pointer to start of uword def string 
27f7			; 
27f7			;; look for FORTH_EOL_LINE 
27f7			;		ld a, FORTH_END_BUFFER 
27f7			;		call strlent 
27f7			; 
27f7			;		inc hl		 ; space for coln def 
27f7			;		inc hl 
27f7			;		inc hl          ; space for terms 
27f7			;		inc hl 
27f7			; 
27f7			;		ld a, 20   ; TODO get actual length 
27f7			;		call addatohl    ; include a random amount of room for the uword name 
27f7			; 
27f7			;		 
27f7			;	if DEBUG_FORTH_WORDS 
27f7			;		DMARK "Lt1" 
27f7			;		CALLMONITOR 
27f7			;	endif 
27f7			;		 
27f7			; 
27f7			;; malloc space for the string because we cant change it 
27f7			; 
27f7			;		call malloc 
27f7			;	if DEBUG_FORTH_MALLOC_GUARD 
27f7			;		push af 
27f7			;		call ishlzero 
27f7			;		pop af 
27f7			;		 
27f7			;		call z,malloc_error 
27f7			;	endif 
27f7			; 
27f7			;	if DEBUG_FORTH_WORDS 
27f7			;		DMARK "Lt2" 
27f7			;		CALLMONITOR 
27f7			;	endif 
27f7			;		pop de 
27f7			;		push hl    ; push the malloc to release later 
27f7			;		push hl   ;  push back a copy for the later stack push 
27f7			;		 
27f7			;; copy the string swapping out the zero terms for spaces 
27f7			; 
27f7			;		; de has our source 
27f7			;		; hl has our dest 
27f7			; 
27f7			;; add the coln def 
27f7			; 
27f7			;		ld a, ':' 
27f7			;		ld (hl), a 
27f7			;		inc hl 
27f7			;		ld a, ' ' 
27f7			;		ld (hl), a 
27f7			;		inc hl 
27f7			; 
27f7			;; add the uname word 
27f7			;		push de   ; save our string for now 
27f7			;		ex de, hl 
27f7			; 
27f7			;		FORTH_DSP_VALUE 
27f7			;		;v5 FORTH_DSP_VALUE 
27f7			; 
27f7			;		inc hl   ; skip type but we know by now this is OK 
27f7			; 
27f7			;.luword:	ld a,(hl) 
27f7			;		cp 0 
27f7			;		jr z, .luword2 
27f7			;		ld (de), a 
27f7			;		inc de 
27f7			;		inc hl 
27f7			;		jr .luword 
27f7			; 
27f7			;.luword2:	ld a, ' ' 
27f7			;		ld (de), a 
27f7			;;		inc hl 
27f7			;;		inc de 
27f7			;;		ld (de), a 
27f7			;;		inc hl 
27f7			;		inc de 
27f7			; 
27f7			;		ex de, hl 
27f7			;		pop de 
27f7			;		 
27f7			;		 
27f7			; 
27f7			;; detoken that string and copy it 
27f7			; 
27f7			;	if DEBUG_FORTH_WORDS 
27f7			;		DMARK "Lt2" 
27f7			;		CALLMONITOR 
27f7			;	endif 
27f7			;.ldetok:	ld a, (de) 
27f7			;		cp FORTH_END_BUFFER 
27f7			;		jr z, .ldetokend 
27f7			;		; swap out any zero term for space 
27f7			;		cp 0 
27f7			;		jr nz, .ldetoknext 
27f7			;		ld a, ' ' 
27f7			; 
27f7			;	if DEBUG_FORTH_WORDS 
27f7			;		DMARK "LtS" 
27f7			;		CALLMONITOR 
27f7			;	endif 
27f7			;.ldetoknext:	ld (hl), a 
27f7			;		inc de 
27f7			;		inc hl 
27f7			;		jr .ldetok 
27f7			; 
27f7			;.ldetokend:	ld a, 0    ; replace forth eol with string term for pushing 
27f7			;		ld (hl), a  
27f7			; 
27f7			;; free that temp malloc 
27f7			; 
27f7			;		pop hl    
27f7			; 
27f7			;	if DEBUG_FORTH_WORDS 
27f7			;		DMARK "Lt4" 
27f7			;		CALLMONITOR 
27f7			;	endif 
27f7			;		call forth_apushstrhl 
27f7			; 
27f7			;		; get rid of temp malloc area 
27f7			; 
27f7			;		pop hl 
27f7			;		call free 
27f7			; 
27f7			;		jr .ludone 
27f7			; 
27f7			;.lnuword:	pop hl 
27f7			;		call forth_tok_next 
27f7			;		jp .ldouscan  
27f7			; 
27f7			;.ludone:		 pop hl 
27f7			; 
27f7					NEXTW 
27f7 cd 68 ee			call parse_vector 
27fa c3 46 1c			jp macro_next 
27fd				endm 
# End of macro NEXTW
27fd			 
27fd			.FORGET: 
27fd				CWHEAD .NOP 73 "FORGET" 6 WORD_FLAG_CODE 
27fd 5d				db WORD_SYS_CORE+73             
27fe 62 28			dw .NOP            
2800 07				db 6 + 1 
2801 .. 00			db "FORGET",0              
2808				endm 
# End of macro CWHEAD
2808			; | FORGET ( uword -- )    Forget the uword on TOS | DONE 
2808			; | | Will flag the word's op code to be deleted as well as replace the first char of the word with '_'. Quoted uword name must be in caps. 
2808			; | |  
2808			; | | e.g. "MORE" forget 
2808					if DEBUG_FORTH_WORDS_KEY 
2808						DMARK "FRG" 
2808				if DEMARK_VERSION = 1  
2808 e5					push hl  
2809 21 11 28				ld hl, .dmark  
280c 22 60 ee				ld (debug_mark), hl  
280f				endif  
280f				if DEMARK_VERSION = 0  
280f					push af  
280f					ld a, (.dmark)  
280f					ld (debug_mark),a  
280f					ld a, (.dmark+1)  
280f					ld (debug_mark+1),a  
280f					ld a, (.dmark+2)  
280f					ld (debug_mark+2),a  
280f				endif  
280f 18 04			jr .pastdmark  
2811 ..			.dmark: db "FRG"  
2814				if DEMARK_VERSION = 1  
2814 00					db 0  
2815				endif  
2815				if DEMARK_VERSION = 1  
2815 e1			.pastdmark: pop hl  
2816				endif  
2816				if DEMARK_VERSION = 0  
2816			.pastdmark: pop af  
2816				endif  
2816			endm  
# End of macro DMARK
2816						CALLMONITOR 
2816				if BASE_CPM=1  
2816 cd 6b ee				call debug_vector  
2819				endif  
2819				if BASE_KEV=1  
2819					rst 8  
2819				endif  
2819				endm  
# End of macro CALLMONITOR
2819					endif 
2819			 
2819				; find uword 
2819			        ; update start of word with "_" 
2819				; replace uword with deleted flag 
2819			 
2819			 
2819			;	if DEBUG_FORTH_WORDS 
2819			;		DMARK "FOG" 
2819			;		CALLMONITOR 
2819			;	endif 
2819			 
2819			 
2819					; Get ptr to the word we need to look up 
2819			 
2819					FORTH_DSP_VALUEHL 
2819				if BASE_CPM=1 
2819 cd 96 1a			call macro_dsp_valuehl 
281c				endif 
281c				if BASE_KEV=1 
281c					rst $18 
281c				endif 
281c				endm 
# End of macro FORTH_DSP_VALUEHL
281c					;v5 FORTH_DSP_VALUE 
281c				; TODO type check 
281c			;		inc hl    ; Skip type check  
281c e5					push hl 
281d c1					pop bc 
281e			;		ex de, hl    ; put into DE 
281e			 
281e			 
281e 21 4e 5b				ld hl, baseram 
2821					;ld hl, baseusermem 
2821			 
2821				; skip dict stub 
2821			;	call forth_tok_next 
2821 e5			push hl   ; sacreifical push 
2822			 
2822			.fldouscanm: 
2822 e1				pop hl 
2823			.fldouscan: 
2823			;	if DEBUG_FORTH_WORDS 
2823			;		DMARK "LSs" 
2823			;		CALLMONITOR 
2823			;	endif 
2823				; skip dict stub 
2823 cd 78 1d				call forth_tok_next 
2826			 
2826			 
2826			; while we have words to look for 
2826			 
2826 7e				ld a, (hl)      
2827			;	if DEBUG_FORTH_WORDS 
2827			;		DMARK "LSk" 
2827			;		CALLMONITOR 
2827			;	endif 
2827 fe 00				cp WORD_SYS_END 
2829 ca 59 28				jp z, .flunotfound 
282c fe 01				cp WORD_SYS_UWORD 
282e c2 23 28				jp nz, .fldouscan 
2831			 
2831			;	if DEBUG_FORTH_WORDS 
2831			;		DMARK "LSu" 
2831			;		CALLMONITOR 
2831			;	endif 
2831			 
2831					; found a uword but is it the one we want... 
2831			 
2831 c5					push bc     ; uword to find is on bc 
2832 d1					pop de 
2833			 
2833 e5					push hl  ; to save the ptr 
2834			 
2834					; skip opcode 
2834 23					inc hl  
2835					; skip next ptr 
2835 23					inc hl  
2836 23					inc hl 
2837					; skip len 
2837 23					inc hl 
2838			 
2838			;	if DEBUG_FORTH_WORDS 
2838			;		DMARK "LSc" 
2838			;		CALLMONITOR 
2838			;	endif 
2838 cd 89 0f				call strcmp 
283b c2 22 28				jp nz, .fldouscanm 
283e			; 
283e			; 
283e			;; while we have words to look for 
283e			; 
283e			;.fdouscan:	ld a, (hl)      
283e			;	if DEBUG_FORTH_WORDS 
283e			;		DMARK "LSs" 
283e			;		CALLMONITOR 
283e			;	endif 
283e			;		cp WORD_SYS_END 
283e			;		jp z, .fudone 
283e			;		cp WORD_SYS_UWORD 
283e			;		jp nz, .fnuword 
283e			; 
283e			;	if DEBUG_FORTH_WORDS 
283e			;		DMARK "FGu" 
283e			;		CALLMONITOR 
283e			;	endif 
283e			; 
283e			;		; found a uword but is it the one we want... 
283e			; 
283e			; 
283e			;	        pop de   ; get back the dsp name 
283e			;		push de 
283e			; 
283e			;		push hl  ; to save the ptr 
283e			; 
283e			;		; skip opcode 
283e			;		inc hl  
283e			;		; skip next ptr 
283e			;		inc hl  
283e			;		inc hl 
283e			;		; skip len 
283e			;		inc hl 
283e			; 
283e			;	if DEBUG_FORTH_WORDS 
283e			;		DMARK "FGc" 
283e			;		CALLMONITOR 
283e			;	endif 
283e			;		call strcmp 
283e			;		jp nz, .fnuword 
283e			 
283e			 
283e e1			pop hl 
283f			 
283f				 
283f				if DEBUG_FORTH_WORDS 
283f					DMARK "FGm" 
283f				if DEMARK_VERSION = 1  
283f e5					push hl  
2840 21 48 28				ld hl, .dmark  
2843 22 60 ee				ld (debug_mark), hl  
2846				endif  
2846				if DEMARK_VERSION = 0  
2846					push af  
2846					ld a, (.dmark)  
2846					ld (debug_mark),a  
2846					ld a, (.dmark+1)  
2846					ld (debug_mark+1),a  
2846					ld a, (.dmark+2)  
2846					ld (debug_mark+2),a  
2846				endif  
2846 18 04			jr .pastdmark  
2848 ..			.dmark: db "FGm"  
284b				if DEMARK_VERSION = 1  
284b 00					db 0  
284c				endif  
284c				if DEMARK_VERSION = 1  
284c e1			.pastdmark: pop hl  
284d				endif  
284d				if DEMARK_VERSION = 0  
284d			.pastdmark: pop af  
284d				endif  
284d			endm  
# End of macro DMARK
284d					CALLMONITOR 
284d				if BASE_CPM=1  
284d cd 6b ee				call debug_vector  
2850				endif  
2850				if BASE_KEV=1  
2850					rst 8  
2850				endif  
2850				endm  
# End of macro CALLMONITOR
2850				endif 
2850			 
2850			 
2850			 
2850					; we have a uword so push its name to the stack 
2850			 
2850			;	   	push hl  ; save so we can move to next dict block 
2850			;pop hl 
2850			 
2850					; update opcode to deleted 
2850			;		ld a, WORD_SYS_DELETED 
2850 36 03				ld (hl), WORD_SYS_DELETED 
2852			 
2852 23					inc hl  
2853					; skip next ptr 
2853 23					inc hl  
2854 23					inc hl 
2855					; skip len 
2855 23					inc hl 
2856			 
2856					; TODO change parser to skip deleted words but for now mark it out 
2856 3e 5f				ld a, "_" 
2858 77					ld  (hl),a 
2859			 
2859			;		jr .fudone 
2859			; 
2859			;.fnuword:	pop hl 
2859			;		call forth_tok_next 
2859			;		jp .fdouscan  
2859			 
2859			.flunotfound:		  
2859			 
2859			 
2859					 
2859					FORTH_DSP_POP 
2859				if BASE_CPM=1 
2859 cd 2d 1b			call macro_forth_dsp_pop 
285c				endif 
285c				if BASE_KEV=1 
285c					rst $10 
285c				endif 
285c				endm 
# End of macro FORTH_DSP_POP
285c			;		ld hl, .luno 
285c			;.fudone:		 pop hl 
285c					NEXTW 
285c cd 68 ee			call parse_vector 
285f c3 46 1c			jp macro_next 
2862				endm 
# End of macro NEXTW
2862			.NOP: 
2862				CWHEAD .COMO 77 "NOP" 3 WORD_FLAG_CODE 
2862 61				db WORD_SYS_CORE+77             
2863 81 28			dw .COMO            
2865 04				db 3 + 1 
2866 .. 00			db "NOP",0              
286a				endm 
# End of macro CWHEAD
286a			; | NOP (  --  ) Do nothing | DONE 
286a					if DEBUG_FORTH_WORDS_KEY 
286a						DMARK "NOP" 
286a				if DEMARK_VERSION = 1  
286a e5					push hl  
286b 21 73 28				ld hl, .dmark  
286e 22 60 ee				ld (debug_mark), hl  
2871				endif  
2871				if DEMARK_VERSION = 0  
2871					push af  
2871					ld a, (.dmark)  
2871					ld (debug_mark),a  
2871					ld a, (.dmark+1)  
2871					ld (debug_mark+1),a  
2871					ld a, (.dmark+2)  
2871					ld (debug_mark+2),a  
2871				endif  
2871 18 04			jr .pastdmark  
2873 ..			.dmark: db "NOP"  
2876				if DEMARK_VERSION = 1  
2876 00					db 0  
2877				endif  
2877				if DEMARK_VERSION = 1  
2877 e1			.pastdmark: pop hl  
2878				endif  
2878				if DEMARK_VERSION = 0  
2878			.pastdmark: pop af  
2878				endif  
2878			endm  
# End of macro DMARK
2878						CALLMONITOR 
2878				if BASE_CPM=1  
2878 cd 6b ee				call debug_vector  
287b				endif  
287b				if BASE_KEV=1  
287b					rst 8  
287b				endif  
287b				endm  
# End of macro CALLMONITOR
287b					endif 
287b				       NEXTW 
287b cd 68 ee			call parse_vector 
287e c3 46 1c			jp macro_next 
2881				endm 
# End of macro NEXTW
2881			.COMO: 
2881				CWHEAD .COMC 90 "(" 1 WORD_FLAG_CODE 
2881 6e				db WORD_SYS_CORE+90             
2882 c0 28			dw .COMC            
2884 02				db 1 + 1 
2885 .. 00			db "(",0              
2887				endm 
# End of macro CWHEAD
2887			; | ( ( -- )  Start of comment | DONE 
2887			 
2887			 
2887 2a 9e e5				ld hl, ( os_tok_ptr) 
288a 11 b8 28			ld de, .closepar 
288d					 
288d					if DEBUG_FORTH_WORDS 
288d						DMARK ").." 
288d				if DEMARK_VERSION = 1  
288d e5					push hl  
288e 21 96 28				ld hl, .dmark  
2891 22 60 ee				ld (debug_mark), hl  
2894				endif  
2894				if DEMARK_VERSION = 0  
2894					push af  
2894					ld a, (.dmark)  
2894					ld (debug_mark),a  
2894					ld a, (.dmark+1)  
2894					ld (debug_mark+1),a  
2894					ld a, (.dmark+2)  
2894					ld (debug_mark+2),a  
2894				endif  
2894 18 04			jr .pastdmark  
2896 ..			.dmark: db ").."  
2899				if DEMARK_VERSION = 1  
2899 00					db 0  
289a				endif  
289a				if DEMARK_VERSION = 1  
289a e1			.pastdmark: pop hl  
289b				endif  
289b				if DEMARK_VERSION = 0  
289b			.pastdmark: pop af  
289b				endif  
289b			endm  
# End of macro DMARK
289b						CALLMONITOR 
289b				if BASE_CPM=1  
289b cd 6b ee				call debug_vector  
289e				endif  
289e				if BASE_KEV=1  
289e					rst 8  
289e				endif  
289e				endm  
# End of macro CALLMONITOR
289e					endif 
289e cd 43 1d			call findnexttok  
28a1			 
28a1					if DEBUG_FORTH_WORDS 
28a1						DMARK "IF5" 
28a1				if DEMARK_VERSION = 1  
28a1 e5					push hl  
28a2 21 aa 28				ld hl, .dmark  
28a5 22 60 ee				ld (debug_mark), hl  
28a8				endif  
28a8				if DEMARK_VERSION = 0  
28a8					push af  
28a8					ld a, (.dmark)  
28a8					ld (debug_mark),a  
28a8					ld a, (.dmark+1)  
28a8					ld (debug_mark+1),a  
28a8					ld a, (.dmark+2)  
28a8					ld (debug_mark+2),a  
28a8				endif  
28a8 18 04			jr .pastdmark  
28aa ..			.dmark: db "IF5"  
28ad				if DEMARK_VERSION = 1  
28ad 00					db 0  
28ae				endif  
28ae				if DEMARK_VERSION = 1  
28ae e1			.pastdmark: pop hl  
28af				endif  
28af				if DEMARK_VERSION = 0  
28af			.pastdmark: pop af  
28af				endif  
28af			endm  
# End of macro DMARK
28af						CALLMONITOR 
28af				if BASE_CPM=1  
28af cd 6b ee				call debug_vector  
28b2				endif  
28b2				if BASE_KEV=1  
28b2					rst 8  
28b2				endif  
28b2				endm  
# End of macro CALLMONITOR
28b2					endif 
28b2				; replace below with ) exec using tok_ptr 
28b2 22 9e e5			ld (os_tok_ptr), hl 
28b5 c3 c7 1c			jp exec1 
28b8			 
28b8 .. 00			.closepar:   db ")",0 
28ba			 
28ba				       NEXTW 
28ba cd 68 ee			call parse_vector 
28bd c3 46 1c			jp macro_next 
28c0				endm 
# End of macro NEXTW
28c0			.COMC: 
28c0				CWHEAD .SCRATCH 91 ")" 1 WORD_FLAG_CODE 
28c0 6f				db WORD_SYS_CORE+91             
28c1 cc 28			dw .SCRATCH            
28c3 02				db 1 + 1 
28c4 .. 00			db ")",0              
28c6				endm 
# End of macro CWHEAD
28c6			; | ) ( -- )  End of comment |  DONE  
28c6				       NEXTW 
28c6 cd 68 ee			call parse_vector 
28c9 c3 46 1c			jp macro_next 
28cc				endm 
# End of macro NEXTW
28cc			 
28cc			.SCRATCH: 
28cc				CWHEAD .INC 91 "SCRATCH" 7 WORD_FLAG_CODE 
28cc 6f				db WORD_SYS_CORE+91             
28cd ff 28			dw .INC            
28cf 08				db 7 + 1 
28d0 .. 00			db "SCRATCH",0              
28d8				endm 
# End of macro CWHEAD
28d8			; | SCRATCH ( u -- addr ) Pushes address of offset u to stack | DONE 
28d8			; | | The scratch area provides 32 word array. Can be used as single byte or as a word by passing the offset on stack. Pushes the resulting address to stack.  
28d8			; | | When used with the direct storage writing/malloc and the !@ or word versions it is possible to construct an expanded and flexible variable system 
28d8			; | |  
28d8			; | | e.g.    : score $00 scratch ; 
28d8			; | |  
28d8			; | | $00 score ! 
28d8			; | | $01 score +! 
28d8			; | |  
28d8			; | | e.g.   : varword $0a scratch ;  
28d8			; | | 
28d8			; | | $8000 varword ! 
28d8					if DEBUG_FORTH_WORDS_KEY 
28d8						DMARK "SCR" 
28d8				if DEMARK_VERSION = 1  
28d8 e5					push hl  
28d9 21 e1 28				ld hl, .dmark  
28dc 22 60 ee				ld (debug_mark), hl  
28df				endif  
28df				if DEMARK_VERSION = 0  
28df					push af  
28df					ld a, (.dmark)  
28df					ld (debug_mark),a  
28df					ld a, (.dmark+1)  
28df					ld (debug_mark+1),a  
28df					ld a, (.dmark+2)  
28df					ld (debug_mark+2),a  
28df				endif  
28df 18 04			jr .pastdmark  
28e1 ..			.dmark: db "SCR"  
28e4				if DEMARK_VERSION = 1  
28e4 00					db 0  
28e5				endif  
28e5				if DEMARK_VERSION = 1  
28e5 e1			.pastdmark: pop hl  
28e6				endif  
28e6				if DEMARK_VERSION = 0  
28e6			.pastdmark: pop af  
28e6				endif  
28e6			endm  
# End of macro DMARK
28e6						CALLMONITOR 
28e6				if BASE_CPM=1  
28e6 cd 6b ee				call debug_vector  
28e9				endif  
28e9				if BASE_KEV=1  
28e9					rst 8  
28e9				endif  
28e9				endm  
# End of macro CALLMONITOR
28e9					endif 
28e9			 
28e9					FORTH_DSP_VALUEHL 
28e9				if BASE_CPM=1 
28e9 cd 96 1a			call macro_dsp_valuehl 
28ec				endif 
28ec				if BASE_KEV=1 
28ec					rst $18 
28ec				endif 
28ec				endm 
# End of macro FORTH_DSP_VALUEHL
28ec				 
28ec					FORTH_DSP_POP 
28ec				if BASE_CPM=1 
28ec cd 2d 1b			call macro_forth_dsp_pop 
28ef				endif 
28ef				if BASE_KEV=1 
28ef					rst $10 
28ef				endif 
28ef				endm 
# End of macro FORTH_DSP_POP
28ef			 
28ef 7d					ld a, l 
28f0 21 c2 e7				ld hl, os_var_array 
28f3 cd f9 0b				call addatohl 
28f6			 
28f6					;call forth_push_numhl 
28f6					FORTH_PUSH_VALUEHL 
28f6				if BASE_CPM=1 
28f6 cd 08 19				call forth_push_numhl 
28f9				endif 
28f9				if BASE_KEV=1 
28f9					rst $20 
28f9				endif 
28f9				endm 
# End of macro FORTH_PUSH_VALUEHL
28f9			 
28f9				       NEXTW 
28f9 cd 68 ee			call parse_vector 
28fc c3 46 1c			jp macro_next 
28ff				endm 
# End of macro NEXTW
28ff			 
28ff			.INC: 
28ff				CWHEAD .DEC 91 "+!" 2 WORD_FLAG_CODE 
28ff 6f				db WORD_SYS_CORE+91             
2900 42 29			dw .DEC            
2902 03				db 2 + 1 
2903 .. 00			db "+!",0              
2906				endm 
# End of macro CWHEAD
2906			; | +! ( u a -- )  Increment byte at address a by the value u | DONE 
2906					if DEBUG_FORTH_WORDS_KEY 
2906						DMARK "+s_" 
2906				if DEMARK_VERSION = 1  
2906 e5					push hl  
2907 21 0f 29				ld hl, .dmark  
290a 22 60 ee				ld (debug_mark), hl  
290d				endif  
290d				if DEMARK_VERSION = 0  
290d					push af  
290d					ld a, (.dmark)  
290d					ld (debug_mark),a  
290d					ld a, (.dmark+1)  
290d					ld (debug_mark+1),a  
290d					ld a, (.dmark+2)  
290d					ld (debug_mark+2),a  
290d				endif  
290d 18 04			jr .pastdmark  
290f ..			.dmark: db "+s_"  
2912				if DEMARK_VERSION = 1  
2912 00					db 0  
2913				endif  
2913				if DEMARK_VERSION = 1  
2913 e1			.pastdmark: pop hl  
2914				endif  
2914				if DEMARK_VERSION = 0  
2914			.pastdmark: pop af  
2914				endif  
2914			endm  
# End of macro DMARK
2914						CALLMONITOR 
2914				if BASE_CPM=1  
2914 cd 6b ee				call debug_vector  
2917				endif  
2917				if BASE_KEV=1  
2917					rst 8  
2917				endif  
2917				endm  
# End of macro CALLMONITOR
2917					endif 
2917			 
2917					FORTH_DSP_VALUEHL 
2917				if BASE_CPM=1 
2917 cd 96 1a			call macro_dsp_valuehl 
291a				endif 
291a				if BASE_KEV=1 
291a					rst $18 
291a				endif 
291a				endm 
# End of macro FORTH_DSP_VALUEHL
291a			 
291a e5					push hl   ; save address 
291b			 
291b					FORTH_DSP_POP 
291b				if BASE_CPM=1 
291b cd 2d 1b			call macro_forth_dsp_pop 
291e				endif 
291e				if BASE_KEV=1 
291e					rst $10 
291e				endif 
291e				endm 
# End of macro FORTH_DSP_POP
291e			 
291e					FORTH_DSP_VALUEHL 
291e				if BASE_CPM=1 
291e cd 96 1a			call macro_dsp_valuehl 
2921				endif 
2921				if BASE_KEV=1 
2921					rst $18 
2921				endif 
2921				endm 
# End of macro FORTH_DSP_VALUEHL
2921			 
2921 e5					push hl 
2922					FORTH_DSP_POP 
2922				if BASE_CPM=1 
2922 cd 2d 1b			call macro_forth_dsp_pop 
2925				endif 
2925				if BASE_KEV=1 
2925					rst $10 
2925				endif 
2925				endm 
# End of macro FORTH_DSP_POP
2925 e1					pop hl 
2926			 
2926					; hl contains value to add to byte at a 
2926				 
2926 eb					ex de, hl 
2927			 
2927 e1					pop hl 
2928			 
2928					if DEBUG_FORTH_WORDS 
2928						DMARK "INC" 
2928				if DEMARK_VERSION = 1  
2928 e5					push hl  
2929 21 31 29				ld hl, .dmark  
292c 22 60 ee				ld (debug_mark), hl  
292f				endif  
292f				if DEMARK_VERSION = 0  
292f					push af  
292f					ld a, (.dmark)  
292f					ld (debug_mark),a  
292f					ld a, (.dmark+1)  
292f					ld (debug_mark+1),a  
292f					ld a, (.dmark+2)  
292f					ld (debug_mark+2),a  
292f				endif  
292f 18 04			jr .pastdmark  
2931 ..			.dmark: db "INC"  
2934				if DEMARK_VERSION = 1  
2934 00					db 0  
2935				endif  
2935				if DEMARK_VERSION = 1  
2935 e1			.pastdmark: pop hl  
2936				endif  
2936				if DEMARK_VERSION = 0  
2936			.pastdmark: pop af  
2936				endif  
2936			endm  
# End of macro DMARK
2936						CALLMONITOR 
2936				if BASE_CPM=1  
2936 cd 6b ee				call debug_vector  
2939				endif  
2939				if BASE_KEV=1  
2939					rst 8  
2939				endif  
2939				endm  
# End of macro CALLMONITOR
2939					endif 
2939			 
2939 7e					ld a,(hl) 
293a 83					add e 
293b 77					ld (hl),a 
293c			 
293c			 
293c			 
293c				       NEXTW 
293c cd 68 ee			call parse_vector 
293f c3 46 1c			jp macro_next 
2942				endm 
# End of macro NEXTW
2942			 
2942			.DEC: 
2942				CWHEAD .INC2 91 "-!" 2 WORD_FLAG_CODE 
2942 6f				db WORD_SYS_CORE+91             
2943 83 29			dw .INC2            
2945 03				db 2 + 1 
2946 .. 00			db "-!",0              
2949				endm 
# End of macro CWHEAD
2949			; | -! ( u a -- )  Decrement byte at address a by the value u | DONE 
2949					if DEBUG_FORTH_WORDS_KEY 
2949						DMARK "-s_" 
2949				if DEMARK_VERSION = 1  
2949 e5					push hl  
294a 21 52 29				ld hl, .dmark  
294d 22 60 ee				ld (debug_mark), hl  
2950				endif  
2950				if DEMARK_VERSION = 0  
2950					push af  
2950					ld a, (.dmark)  
2950					ld (debug_mark),a  
2950					ld a, (.dmark+1)  
2950					ld (debug_mark+1),a  
2950					ld a, (.dmark+2)  
2950					ld (debug_mark+2),a  
2950				endif  
2950 18 04			jr .pastdmark  
2952 ..			.dmark: db "-s_"  
2955				if DEMARK_VERSION = 1  
2955 00					db 0  
2956				endif  
2956				if DEMARK_VERSION = 1  
2956 e1			.pastdmark: pop hl  
2957				endif  
2957				if DEMARK_VERSION = 0  
2957			.pastdmark: pop af  
2957				endif  
2957			endm  
# End of macro DMARK
2957						CALLMONITOR 
2957				if BASE_CPM=1  
2957 cd 6b ee				call debug_vector  
295a				endif  
295a				if BASE_KEV=1  
295a					rst 8  
295a				endif  
295a				endm  
# End of macro CALLMONITOR
295a					endif 
295a			 
295a					FORTH_DSP_VALUEHL 
295a				if BASE_CPM=1 
295a cd 96 1a			call macro_dsp_valuehl 
295d				endif 
295d				if BASE_KEV=1 
295d					rst $18 
295d				endif 
295d				endm 
# End of macro FORTH_DSP_VALUEHL
295d			 
295d e5					push hl   ; save address 
295e			 
295e					FORTH_DSP_POP 
295e				if BASE_CPM=1 
295e cd 2d 1b			call macro_forth_dsp_pop 
2961				endif 
2961				if BASE_KEV=1 
2961					rst $10 
2961				endif 
2961				endm 
# End of macro FORTH_DSP_POP
2961			 
2961					FORTH_DSP_VALUEHL 
2961				if BASE_CPM=1 
2961 cd 96 1a			call macro_dsp_valuehl 
2964				endif 
2964				if BASE_KEV=1 
2964					rst $18 
2964				endif 
2964				endm 
# End of macro FORTH_DSP_VALUEHL
2964			 
2964					; hl contains value to add to byte at a 
2964				 
2964 eb					ex de, hl 
2965			 
2965 e1					pop hl 
2966			 
2966					if DEBUG_FORTH_WORDS 
2966						DMARK "DEC" 
2966				if DEMARK_VERSION = 1  
2966 e5					push hl  
2967 21 6f 29				ld hl, .dmark  
296a 22 60 ee				ld (debug_mark), hl  
296d				endif  
296d				if DEMARK_VERSION = 0  
296d					push af  
296d					ld a, (.dmark)  
296d					ld (debug_mark),a  
296d					ld a, (.dmark+1)  
296d					ld (debug_mark+1),a  
296d					ld a, (.dmark+2)  
296d					ld (debug_mark+2),a  
296d				endif  
296d 18 04			jr .pastdmark  
296f ..			.dmark: db "DEC"  
2972				if DEMARK_VERSION = 1  
2972 00					db 0  
2973				endif  
2973				if DEMARK_VERSION = 1  
2973 e1			.pastdmark: pop hl  
2974				endif  
2974				if DEMARK_VERSION = 0  
2974			.pastdmark: pop af  
2974				endif  
2974			endm  
# End of macro DMARK
2974						CALLMONITOR 
2974				if BASE_CPM=1  
2974 cd 6b ee				call debug_vector  
2977				endif  
2977				if BASE_KEV=1  
2977					rst 8  
2977				endif  
2977				endm  
# End of macro CALLMONITOR
2977					endif 
2977			 
2977 7e					ld a,(hl) 
2978 93					sub e 
2979 77					ld (hl),a 
297a			 
297a			 
297a					FORTH_DSP_POP 
297a				if BASE_CPM=1 
297a cd 2d 1b			call macro_forth_dsp_pop 
297d				endif 
297d				if BASE_KEV=1 
297d					rst $10 
297d				endif 
297d				endm 
# End of macro FORTH_DSP_POP
297d			 
297d				       NEXTW 
297d cd 68 ee			call parse_vector 
2980 c3 46 1c			jp macro_next 
2983				endm 
# End of macro NEXTW
2983			 
2983			.INC2: 
2983				CWHEAD .DEC2 91 "+2!" 3 WORD_FLAG_CODE 
2983 6f				db WORD_SYS_CORE+91             
2984 fc 29			dw .DEC2            
2986 04				db 3 + 1 
2987 .. 00			db "+2!",0              
298b				endm 
# End of macro CWHEAD
298b			; | +2! ( u a -- )  Increment word at address a by the value u | DONE 
298b			 
298b					if DEBUG_FORTH_WORDS_KEY 
298b						DMARK "+2s" 
298b				if DEMARK_VERSION = 1  
298b e5					push hl  
298c 21 94 29				ld hl, .dmark  
298f 22 60 ee				ld (debug_mark), hl  
2992				endif  
2992				if DEMARK_VERSION = 0  
2992					push af  
2992					ld a, (.dmark)  
2992					ld (debug_mark),a  
2992					ld a, (.dmark+1)  
2992					ld (debug_mark+1),a  
2992					ld a, (.dmark+2)  
2992					ld (debug_mark+2),a  
2992				endif  
2992 18 04			jr .pastdmark  
2994 ..			.dmark: db "+2s"  
2997				if DEMARK_VERSION = 1  
2997 00					db 0  
2998				endif  
2998				if DEMARK_VERSION = 1  
2998 e1			.pastdmark: pop hl  
2999				endif  
2999				if DEMARK_VERSION = 0  
2999			.pastdmark: pop af  
2999				endif  
2999			endm  
# End of macro DMARK
2999						CALLMONITOR 
2999				if BASE_CPM=1  
2999 cd 6b ee				call debug_vector  
299c				endif  
299c				if BASE_KEV=1  
299c					rst 8  
299c				endif  
299c				endm  
# End of macro CALLMONITOR
299c					endif 
299c			 
299c					; Address 
299c			 
299c					FORTH_DSP_VALUEHL 
299c				if BASE_CPM=1 
299c cd 96 1a			call macro_dsp_valuehl 
299f				endif 
299f				if BASE_KEV=1 
299f					rst $18 
299f				endif 
299f				endm 
# End of macro FORTH_DSP_VALUEHL
299f			 
299f e5					push hl    ; save address 
29a0			 
29a0					; load content into de 
29a0			 
29a0 5e					ld e,(hl) 
29a1 23					inc hl 
29a2 56					ld d, (hl) 
29a3			 
29a3					if DEBUG_FORTH_WORDS 
29a3						DMARK "+2a" 
29a3				if DEMARK_VERSION = 1  
29a3 e5					push hl  
29a4 21 ac 29				ld hl, .dmark  
29a7 22 60 ee				ld (debug_mark), hl  
29aa				endif  
29aa				if DEMARK_VERSION = 0  
29aa					push af  
29aa					ld a, (.dmark)  
29aa					ld (debug_mark),a  
29aa					ld a, (.dmark+1)  
29aa					ld (debug_mark+1),a  
29aa					ld a, (.dmark+2)  
29aa					ld (debug_mark+2),a  
29aa				endif  
29aa 18 04			jr .pastdmark  
29ac ..			.dmark: db "+2a"  
29af				if DEMARK_VERSION = 1  
29af 00					db 0  
29b0				endif  
29b0				if DEMARK_VERSION = 1  
29b0 e1			.pastdmark: pop hl  
29b1				endif  
29b1				if DEMARK_VERSION = 0  
29b1			.pastdmark: pop af  
29b1				endif  
29b1			endm  
# End of macro DMARK
29b1						CALLMONITOR 
29b1				if BASE_CPM=1  
29b1 cd 6b ee				call debug_vector  
29b4				endif  
29b4				if BASE_KEV=1  
29b4					rst 8  
29b4				endif  
29b4				endm  
# End of macro CALLMONITOR
29b4					endif 
29b4			 
29b4					FORTH_DSP_POP 
29b4				if BASE_CPM=1 
29b4 cd 2d 1b			call macro_forth_dsp_pop 
29b7				endif 
29b7				if BASE_KEV=1 
29b7					rst $10 
29b7				endif 
29b7				endm 
# End of macro FORTH_DSP_POP
29b7			 
29b7					; Get value to add 
29b7			 
29b7					FORTH_DSP_VALUE 
29b7 cd 7f 1a			call macro_forth_dsp_value 
29ba				endm 
# End of macro FORTH_DSP_VALUE
29ba			 
29ba					if DEBUG_FORTH_WORDS 
29ba						DMARK "+2v" 
29ba				if DEMARK_VERSION = 1  
29ba e5					push hl  
29bb 21 c3 29				ld hl, .dmark  
29be 22 60 ee				ld (debug_mark), hl  
29c1				endif  
29c1				if DEMARK_VERSION = 0  
29c1					push af  
29c1					ld a, (.dmark)  
29c1					ld (debug_mark),a  
29c1					ld a, (.dmark+1)  
29c1					ld (debug_mark+1),a  
29c1					ld a, (.dmark+2)  
29c1					ld (debug_mark+2),a  
29c1				endif  
29c1 18 04			jr .pastdmark  
29c3 ..			.dmark: db "+2v"  
29c6				if DEMARK_VERSION = 1  
29c6 00					db 0  
29c7				endif  
29c7				if DEMARK_VERSION = 1  
29c7 e1			.pastdmark: pop hl  
29c8				endif  
29c8				if DEMARK_VERSION = 0  
29c8			.pastdmark: pop af  
29c8				endif  
29c8			endm  
# End of macro DMARK
29c8						CALLMONITOR 
29c8				if BASE_CPM=1  
29c8 cd 6b ee				call debug_vector  
29cb				endif  
29cb				if BASE_KEV=1  
29cb					rst 8  
29cb				endif  
29cb				endm  
# End of macro CALLMONITOR
29cb					endif 
29cb			 
29cb 19					add hl, de 
29cc			 
29cc					if DEBUG_FORTH_WORDS 
29cc						DMARK "+2+" 
29cc				if DEMARK_VERSION = 1  
29cc e5					push hl  
29cd 21 d5 29				ld hl, .dmark  
29d0 22 60 ee				ld (debug_mark), hl  
29d3				endif  
29d3				if DEMARK_VERSION = 0  
29d3					push af  
29d3					ld a, (.dmark)  
29d3					ld (debug_mark),a  
29d3					ld a, (.dmark+1)  
29d3					ld (debug_mark+1),a  
29d3					ld a, (.dmark+2)  
29d3					ld (debug_mark+2),a  
29d3				endif  
29d3 18 04			jr .pastdmark  
29d5 ..			.dmark: db "+2+"  
29d8				if DEMARK_VERSION = 1  
29d8 00					db 0  
29d9				endif  
29d9				if DEMARK_VERSION = 1  
29d9 e1			.pastdmark: pop hl  
29da				endif  
29da				if DEMARK_VERSION = 0  
29da			.pastdmark: pop af  
29da				endif  
29da			endm  
# End of macro DMARK
29da						CALLMONITOR 
29da				if BASE_CPM=1  
29da cd 6b ee				call debug_vector  
29dd				endif  
29dd				if BASE_KEV=1  
29dd					rst 8  
29dd				endif  
29dd				endm  
# End of macro CALLMONITOR
29dd					endif 
29dd			 
29dd					; move result to de 
29dd			 
29dd eb					ex de, hl 
29de			 
29de					; Address 
29de			 
29de e1					pop hl 
29df			 
29df					; save it back 
29df			 
29df 73					ld (hl), e 
29e0 23					inc hl 
29e1 72					ld (hl), d 
29e2			 
29e2					if DEBUG_FORTH_WORDS 
29e2						DMARK "+2e" 
29e2				if DEMARK_VERSION = 1  
29e2 e5					push hl  
29e3 21 eb 29				ld hl, .dmark  
29e6 22 60 ee				ld (debug_mark), hl  
29e9				endif  
29e9				if DEMARK_VERSION = 0  
29e9					push af  
29e9					ld a, (.dmark)  
29e9					ld (debug_mark),a  
29e9					ld a, (.dmark+1)  
29e9					ld (debug_mark+1),a  
29e9					ld a, (.dmark+2)  
29e9					ld (debug_mark+2),a  
29e9				endif  
29e9 18 04			jr .pastdmark  
29eb ..			.dmark: db "+2e"  
29ee				if DEMARK_VERSION = 1  
29ee 00					db 0  
29ef				endif  
29ef				if DEMARK_VERSION = 1  
29ef e1			.pastdmark: pop hl  
29f0				endif  
29f0				if DEMARK_VERSION = 0  
29f0			.pastdmark: pop af  
29f0				endif  
29f0			endm  
# End of macro DMARK
29f0						CALLMONITOR 
29f0				if BASE_CPM=1  
29f0 cd 6b ee				call debug_vector  
29f3				endif  
29f3				if BASE_KEV=1  
29f3					rst 8  
29f3				endif  
29f3				endm  
# End of macro CALLMONITOR
29f3					endif 
29f3			 
29f3			 
29f3			 
29f3					FORTH_DSP_POP 
29f3				if BASE_CPM=1 
29f3 cd 2d 1b			call macro_forth_dsp_pop 
29f6				endif 
29f6				if BASE_KEV=1 
29f6					rst $10 
29f6				endif 
29f6				endm 
# End of macro FORTH_DSP_POP
29f6			 
29f6			 
29f6				       NEXTW 
29f6 cd 68 ee			call parse_vector 
29f9 c3 46 1c			jp macro_next 
29fc				endm 
# End of macro NEXTW
29fc			 
29fc			.DEC2: 
29fc				CWHEAD .GET2 91 "-2!" 3 WORD_FLAG_CODE 
29fc 6f				db WORD_SYS_CORE+91             
29fd 77 2a			dw .GET2            
29ff 04				db 3 + 1 
2a00 .. 00			db "-2!",0              
2a04				endm 
# End of macro CWHEAD
2a04			; | -2! ( u a -- )  Decrement word at address a by the value u | DONE 
2a04			 
2a04			 
2a04					if DEBUG_FORTH_WORDS_KEY 
2a04						DMARK "-2s" 
2a04				if DEMARK_VERSION = 1  
2a04 e5					push hl  
2a05 21 0d 2a				ld hl, .dmark  
2a08 22 60 ee				ld (debug_mark), hl  
2a0b				endif  
2a0b				if DEMARK_VERSION = 0  
2a0b					push af  
2a0b					ld a, (.dmark)  
2a0b					ld (debug_mark),a  
2a0b					ld a, (.dmark+1)  
2a0b					ld (debug_mark+1),a  
2a0b					ld a, (.dmark+2)  
2a0b					ld (debug_mark+2),a  
2a0b				endif  
2a0b 18 04			jr .pastdmark  
2a0d ..			.dmark: db "-2s"  
2a10				if DEMARK_VERSION = 1  
2a10 00					db 0  
2a11				endif  
2a11				if DEMARK_VERSION = 1  
2a11 e1			.pastdmark: pop hl  
2a12				endif  
2a12				if DEMARK_VERSION = 0  
2a12			.pastdmark: pop af  
2a12				endif  
2a12			endm  
# End of macro DMARK
2a12						CALLMONITOR 
2a12				if BASE_CPM=1  
2a12 cd 6b ee				call debug_vector  
2a15				endif  
2a15				if BASE_KEV=1  
2a15					rst 8  
2a15				endif  
2a15				endm  
# End of macro CALLMONITOR
2a15					endif 
2a15			 
2a15					; Address 
2a15			 
2a15					FORTH_DSP_VALUEHL 
2a15				if BASE_CPM=1 
2a15 cd 96 1a			call macro_dsp_valuehl 
2a18				endif 
2a18				if BASE_KEV=1 
2a18					rst $18 
2a18				endif 
2a18				endm 
# End of macro FORTH_DSP_VALUEHL
2a18			 
2a18 e5					push hl    ; save address 
2a19			 
2a19					; load content into de 
2a19			 
2a19 5e					ld e,(hl) 
2a1a 23					inc hl 
2a1b 56					ld d, (hl) 
2a1c			 
2a1c					if DEBUG_FORTH_WORDS 
2a1c						DMARK "-2a" 
2a1c				if DEMARK_VERSION = 1  
2a1c e5					push hl  
2a1d 21 25 2a				ld hl, .dmark  
2a20 22 60 ee				ld (debug_mark), hl  
2a23				endif  
2a23				if DEMARK_VERSION = 0  
2a23					push af  
2a23					ld a, (.dmark)  
2a23					ld (debug_mark),a  
2a23					ld a, (.dmark+1)  
2a23					ld (debug_mark+1),a  
2a23					ld a, (.dmark+2)  
2a23					ld (debug_mark+2),a  
2a23				endif  
2a23 18 04			jr .pastdmark  
2a25 ..			.dmark: db "-2a"  
2a28				if DEMARK_VERSION = 1  
2a28 00					db 0  
2a29				endif  
2a29				if DEMARK_VERSION = 1  
2a29 e1			.pastdmark: pop hl  
2a2a				endif  
2a2a				if DEMARK_VERSION = 0  
2a2a			.pastdmark: pop af  
2a2a				endif  
2a2a			endm  
# End of macro DMARK
2a2a						CALLMONITOR 
2a2a				if BASE_CPM=1  
2a2a cd 6b ee				call debug_vector  
2a2d				endif  
2a2d				if BASE_KEV=1  
2a2d					rst 8  
2a2d				endif  
2a2d				endm  
# End of macro CALLMONITOR
2a2d					endif 
2a2d			 
2a2d					FORTH_DSP_POP 
2a2d				if BASE_CPM=1 
2a2d cd 2d 1b			call macro_forth_dsp_pop 
2a30				endif 
2a30				if BASE_KEV=1 
2a30					rst $10 
2a30				endif 
2a30				endm 
# End of macro FORTH_DSP_POP
2a30			 
2a30					; Get value to remove 
2a30			 
2a30					FORTH_DSP_VALUE 
2a30 cd 7f 1a			call macro_forth_dsp_value 
2a33				endm 
# End of macro FORTH_DSP_VALUE
2a33			 
2a33					if DEBUG_FORTH_WORDS 
2a33						DMARK "-2v" 
2a33				if DEMARK_VERSION = 1  
2a33 e5					push hl  
2a34 21 3c 2a				ld hl, .dmark  
2a37 22 60 ee				ld (debug_mark), hl  
2a3a				endif  
2a3a				if DEMARK_VERSION = 0  
2a3a					push af  
2a3a					ld a, (.dmark)  
2a3a					ld (debug_mark),a  
2a3a					ld a, (.dmark+1)  
2a3a					ld (debug_mark+1),a  
2a3a					ld a, (.dmark+2)  
2a3a					ld (debug_mark+2),a  
2a3a				endif  
2a3a 18 04			jr .pastdmark  
2a3c ..			.dmark: db "-2v"  
2a3f				if DEMARK_VERSION = 1  
2a3f 00					db 0  
2a40				endif  
2a40				if DEMARK_VERSION = 1  
2a40 e1			.pastdmark: pop hl  
2a41				endif  
2a41				if DEMARK_VERSION = 0  
2a41			.pastdmark: pop af  
2a41				endif  
2a41			endm  
# End of macro DMARK
2a41						CALLMONITOR 
2a41				if BASE_CPM=1  
2a41 cd 6b ee				call debug_vector  
2a44				endif  
2a44				if BASE_KEV=1  
2a44					rst 8  
2a44				endif  
2a44				endm  
# End of macro CALLMONITOR
2a44					endif 
2a44			 
2a44 eb					ex de, hl 
2a45 ed 52				sbc hl, de 
2a47			 
2a47					if DEBUG_FORTH_WORDS 
2a47						DMARK "-2d" 
2a47				if DEMARK_VERSION = 1  
2a47 e5					push hl  
2a48 21 50 2a				ld hl, .dmark  
2a4b 22 60 ee				ld (debug_mark), hl  
2a4e				endif  
2a4e				if DEMARK_VERSION = 0  
2a4e					push af  
2a4e					ld a, (.dmark)  
2a4e					ld (debug_mark),a  
2a4e					ld a, (.dmark+1)  
2a4e					ld (debug_mark+1),a  
2a4e					ld a, (.dmark+2)  
2a4e					ld (debug_mark+2),a  
2a4e				endif  
2a4e 18 04			jr .pastdmark  
2a50 ..			.dmark: db "-2d"  
2a53				if DEMARK_VERSION = 1  
2a53 00					db 0  
2a54				endif  
2a54				if DEMARK_VERSION = 1  
2a54 e1			.pastdmark: pop hl  
2a55				endif  
2a55				if DEMARK_VERSION = 0  
2a55			.pastdmark: pop af  
2a55				endif  
2a55			endm  
# End of macro DMARK
2a55						CALLMONITOR 
2a55				if BASE_CPM=1  
2a55 cd 6b ee				call debug_vector  
2a58				endif  
2a58				if BASE_KEV=1  
2a58					rst 8  
2a58				endif  
2a58				endm  
# End of macro CALLMONITOR
2a58					endif 
2a58			 
2a58					; move result to de 
2a58			 
2a58 eb					ex de, hl 
2a59			 
2a59					; Address 
2a59			 
2a59 e1					pop hl 
2a5a			 
2a5a					; save it back 
2a5a			 
2a5a 73					ld (hl), e 
2a5b 23					inc hl 
2a5c 72					ld (hl), d 
2a5d			 
2a5d					if DEBUG_FORTH_WORDS 
2a5d						DMARK "-2e" 
2a5d				if DEMARK_VERSION = 1  
2a5d e5					push hl  
2a5e 21 66 2a				ld hl, .dmark  
2a61 22 60 ee				ld (debug_mark), hl  
2a64				endif  
2a64				if DEMARK_VERSION = 0  
2a64					push af  
2a64					ld a, (.dmark)  
2a64					ld (debug_mark),a  
2a64					ld a, (.dmark+1)  
2a64					ld (debug_mark+1),a  
2a64					ld a, (.dmark+2)  
2a64					ld (debug_mark+2),a  
2a64				endif  
2a64 18 04			jr .pastdmark  
2a66 ..			.dmark: db "-2e"  
2a69				if DEMARK_VERSION = 1  
2a69 00					db 0  
2a6a				endif  
2a6a				if DEMARK_VERSION = 1  
2a6a e1			.pastdmark: pop hl  
2a6b				endif  
2a6b				if DEMARK_VERSION = 0  
2a6b			.pastdmark: pop af  
2a6b				endif  
2a6b			endm  
# End of macro DMARK
2a6b						CALLMONITOR 
2a6b				if BASE_CPM=1  
2a6b cd 6b ee				call debug_vector  
2a6e				endif  
2a6e				if BASE_KEV=1  
2a6e					rst 8  
2a6e				endif  
2a6e				endm  
# End of macro CALLMONITOR
2a6e					endif 
2a6e			 
2a6e			 
2a6e					FORTH_DSP_POP 
2a6e				if BASE_CPM=1 
2a6e cd 2d 1b			call macro_forth_dsp_pop 
2a71				endif 
2a71				if BASE_KEV=1 
2a71					rst $10 
2a71				endif 
2a71				endm 
# End of macro FORTH_DSP_POP
2a71			 
2a71			 
2a71			 
2a71				       NEXTW 
2a71 cd 68 ee			call parse_vector 
2a74 c3 46 1c			jp macro_next 
2a77				endm 
# End of macro NEXTW
2a77			.GET2: 
2a77				CWHEAD .BANG2 91 "2@" 2 WORD_FLAG_CODE 
2a77 6f				db WORD_SYS_CORE+91             
2a78 a4 2a			dw .BANG2            
2a7a 03				db 2 + 1 
2a7b .. 00			db "2@",0              
2a7e				endm 
# End of macro CWHEAD
2a7e			; | 2@ ( a -- u )  Push word at address a onto stack | DONE 
2a7e					if DEBUG_FORTH_WORDS_KEY 
2a7e						DMARK "2A_" 
2a7e				if DEMARK_VERSION = 1  
2a7e e5					push hl  
2a7f 21 87 2a				ld hl, .dmark  
2a82 22 60 ee				ld (debug_mark), hl  
2a85				endif  
2a85				if DEMARK_VERSION = 0  
2a85					push af  
2a85					ld a, (.dmark)  
2a85					ld (debug_mark),a  
2a85					ld a, (.dmark+1)  
2a85					ld (debug_mark+1),a  
2a85					ld a, (.dmark+2)  
2a85					ld (debug_mark+2),a  
2a85				endif  
2a85 18 04			jr .pastdmark  
2a87 ..			.dmark: db "2A_"  
2a8a				if DEMARK_VERSION = 1  
2a8a 00					db 0  
2a8b				endif  
2a8b				if DEMARK_VERSION = 1  
2a8b e1			.pastdmark: pop hl  
2a8c				endif  
2a8c				if DEMARK_VERSION = 0  
2a8c			.pastdmark: pop af  
2a8c				endif  
2a8c			endm  
# End of macro DMARK
2a8c						CALLMONITOR 
2a8c				if BASE_CPM=1  
2a8c cd 6b ee				call debug_vector  
2a8f				endif  
2a8f				if BASE_KEV=1  
2a8f					rst 8  
2a8f				endif  
2a8f				endm  
# End of macro CALLMONITOR
2a8f					endif 
2a8f			 
2a8f					FORTH_DSP_VALUEHL 
2a8f				if BASE_CPM=1 
2a8f cd 96 1a			call macro_dsp_valuehl 
2a92				endif 
2a92				if BASE_KEV=1 
2a92					rst $18 
2a92				endif 
2a92				endm 
# End of macro FORTH_DSP_VALUEHL
2a92			 
2a92 e5					push hl   ; save address 
2a93			 
2a93					FORTH_DSP_POP 
2a93				if BASE_CPM=1 
2a93 cd 2d 1b			call macro_forth_dsp_pop 
2a96				endif 
2a96				if BASE_KEV=1 
2a96					rst $10 
2a96				endif 
2a96				endm 
# End of macro FORTH_DSP_POP
2a96			 
2a96 e1					pop hl 
2a97			 
2a97 5e					ld e, (hl) 
2a98 23					inc hl 
2a99 56					ld d, (hl) 
2a9a			 
2a9a eb					ex de, hl 
2a9b			 
2a9b					;call forth_push_numhl 
2a9b					FORTH_PUSH_VALUEHL 
2a9b				if BASE_CPM=1 
2a9b cd 08 19				call forth_push_numhl 
2a9e				endif 
2a9e				if BASE_KEV=1 
2a9e					rst $20 
2a9e				endif 
2a9e				endm 
# End of macro FORTH_PUSH_VALUEHL
2a9e			 
2a9e				       NEXTW 
2a9e cd 68 ee			call parse_vector 
2aa1 c3 46 1c			jp macro_next 
2aa4				endm 
# End of macro NEXTW
2aa4			.BANG2: 
2aa4				CWHEAD .CONFIG 91 "2!" 2 WORD_FLAG_CODE 
2aa4 6f				db WORD_SYS_CORE+91             
2aa5 d4 2a			dw .CONFIG            
2aa7 03				db 2 + 1 
2aa8 .. 00			db "2!",0              
2aab				endm 
# End of macro CWHEAD
2aab			; | 2! ( u a -- )  Store value u as a word at address a | DONE 
2aab					if DEBUG_FORTH_WORDS_KEY 
2aab						DMARK "2S_" 
2aab				if DEMARK_VERSION = 1  
2aab e5					push hl  
2aac 21 b4 2a				ld hl, .dmark  
2aaf 22 60 ee				ld (debug_mark), hl  
2ab2				endif  
2ab2				if DEMARK_VERSION = 0  
2ab2					push af  
2ab2					ld a, (.dmark)  
2ab2					ld (debug_mark),a  
2ab2					ld a, (.dmark+1)  
2ab2					ld (debug_mark+1),a  
2ab2					ld a, (.dmark+2)  
2ab2					ld (debug_mark+2),a  
2ab2				endif  
2ab2 18 04			jr .pastdmark  
2ab4 ..			.dmark: db "2S_"  
2ab7				if DEMARK_VERSION = 1  
2ab7 00					db 0  
2ab8				endif  
2ab8				if DEMARK_VERSION = 1  
2ab8 e1			.pastdmark: pop hl  
2ab9				endif  
2ab9				if DEMARK_VERSION = 0  
2ab9			.pastdmark: pop af  
2ab9				endif  
2ab9			endm  
# End of macro DMARK
2ab9						CALLMONITOR 
2ab9				if BASE_CPM=1  
2ab9 cd 6b ee				call debug_vector  
2abc				endif  
2abc				if BASE_KEV=1  
2abc					rst 8  
2abc				endif  
2abc				endm  
# End of macro CALLMONITOR
2abc					endif 
2abc			 
2abc					FORTH_DSP_VALUEHL 
2abc				if BASE_CPM=1 
2abc cd 96 1a			call macro_dsp_valuehl 
2abf				endif 
2abf				if BASE_KEV=1 
2abf					rst $18 
2abf				endif 
2abf				endm 
# End of macro FORTH_DSP_VALUEHL
2abf			 
2abf e5					push hl   ; save address 
2ac0			 
2ac0			 
2ac0					FORTH_DSP_POP 
2ac0				if BASE_CPM=1 
2ac0 cd 2d 1b			call macro_forth_dsp_pop 
2ac3				endif 
2ac3				if BASE_KEV=1 
2ac3					rst $10 
2ac3				endif 
2ac3				endm 
# End of macro FORTH_DSP_POP
2ac3			 
2ac3					 
2ac3					FORTH_DSP_VALUEHL 
2ac3				if BASE_CPM=1 
2ac3 cd 96 1a			call macro_dsp_valuehl 
2ac6				endif 
2ac6				if BASE_KEV=1 
2ac6					rst $18 
2ac6				endif 
2ac6				endm 
# End of macro FORTH_DSP_VALUEHL
2ac6			 
2ac6					FORTH_DSP_POP 
2ac6				if BASE_CPM=1 
2ac6 cd 2d 1b			call macro_forth_dsp_pop 
2ac9				endif 
2ac9				if BASE_KEV=1 
2ac9					rst $10 
2ac9				endif 
2ac9				endm 
# End of macro FORTH_DSP_POP
2ac9			 
2ac9 eb					ex de, hl    ; value now in de 
2aca			 
2aca e1					pop hl 
2acb			 
2acb 73					ld (hl), e 
2acc			 
2acc 23					inc hl 
2acd			 
2acd 72					ld (hl), d 
2ace			 
2ace			 
2ace				       NEXTW 
2ace cd 68 ee			call parse_vector 
2ad1 c3 46 1c			jp macro_next 
2ad4				endm 
# End of macro NEXTW
2ad4			.CONFIG: 
2ad4				CWHEAD .ADTOS 91 "CONFIG" 6 WORD_FLAG_CODE 
2ad4 6f				db WORD_SYS_CORE+91             
2ad5 e8 2a			dw .ADTOS            
2ad7 07				db 6 + 1 
2ad8 .. 00			db "CONFIG",0              
2adf				endm 
# End of macro CWHEAD
2adf			; | CONFIG ( -- )  Access the system configuration menu. Set boot from file, hardware diags, and more! | DONE 
2adf			 
2adf cd 5e 11				call config 
2ae2					NEXTW 
2ae2 cd 68 ee			call parse_vector 
2ae5 c3 46 1c			jp macro_next 
2ae8				endm 
# End of macro NEXTW
2ae8			 
2ae8			.ADTOS: 
2ae8				CWHEAD .SBTOS 91 "1+" 2 WORD_FLAG_CODE 
2ae8 6f				db WORD_SYS_CORE+91             
2ae9 01 2b			dw .SBTOS            
2aeb 03				db 2 + 1 
2aec .. 00			db "1+",0              
2aef				endm 
# End of macro CWHEAD
2aef			; | 1+ ( u -- u )  Increment value on TOS | DONE 
2aef			 
2aef					FORTH_DSP_VALUEHL 
2aef				if BASE_CPM=1 
2aef cd 96 1a			call macro_dsp_valuehl 
2af2				endif 
2af2				if BASE_KEV=1 
2af2					rst $18 
2af2				endif 
2af2				endm 
# End of macro FORTH_DSP_VALUEHL
2af2 e5					push hl 
2af3			 
2af3					FORTH_DSP_POP 
2af3				if BASE_CPM=1 
2af3 cd 2d 1b			call macro_forth_dsp_pop 
2af6				endif 
2af6				if BASE_KEV=1 
2af6					rst $10 
2af6				endif 
2af6				endm 
# End of macro FORTH_DSP_POP
2af6 e1					pop hl 
2af7			 
2af7 23					inc hl 
2af8					;call forth_push_numhl 
2af8					FORTH_PUSH_VALUEHL 
2af8				if BASE_CPM=1 
2af8 cd 08 19				call forth_push_numhl 
2afb				endif 
2afb				if BASE_KEV=1 
2afb					rst $20 
2afb				endif 
2afb				endm 
# End of macro FORTH_PUSH_VALUEHL
2afb					 
2afb					NEXTW 
2afb cd 68 ee			call parse_vector 
2afe c3 46 1c			jp macro_next 
2b01				endm 
# End of macro NEXTW
2b01			.SBTOS: 
2b01				CWHEAD .ADSTORE 91 "1-" 2 WORD_FLAG_CODE 
2b01 6f				db WORD_SYS_CORE+91             
2b02 1a 2b			dw .ADSTORE            
2b04 03				db 2 + 1 
2b05 .. 00			db "1-",0              
2b08				endm 
# End of macro CWHEAD
2b08			; | 1- ( u -- u )  Decrement value on TOS | DONE 
2b08			 
2b08					FORTH_DSP_VALUEHL 
2b08				if BASE_CPM=1 
2b08 cd 96 1a			call macro_dsp_valuehl 
2b0b				endif 
2b0b				if BASE_KEV=1 
2b0b					rst $18 
2b0b				endif 
2b0b				endm 
# End of macro FORTH_DSP_VALUEHL
2b0b e5					push hl 
2b0c			 
2b0c					FORTH_DSP_POP 
2b0c				if BASE_CPM=1 
2b0c cd 2d 1b			call macro_forth_dsp_pop 
2b0f				endif 
2b0f				if BASE_KEV=1 
2b0f					rst $10 
2b0f				endif 
2b0f				endm 
# End of macro FORTH_DSP_POP
2b0f e1					pop hl 
2b10			 
2b10 2b					dec hl 
2b11					;call forth_push_numhl 
2b11					FORTH_PUSH_VALUEHL 
2b11				if BASE_CPM=1 
2b11 cd 08 19				call forth_push_numhl 
2b14				endif 
2b14				if BASE_KEV=1 
2b14					rst $20 
2b14				endif 
2b14				endm 
# End of macro FORTH_PUSH_VALUEHL
2b14					 
2b14					NEXTW 
2b14 cd 68 ee			call parse_vector 
2b17 c3 46 1c			jp macro_next 
2b1a				endm 
# End of macro NEXTW
2b1a			.ADSTORE: 
2b1a				CWHEAD .ADWSTORE 91 "1+!" 3 WORD_FLAG_CODE 
2b1a 6f				db WORD_SYS_CORE+91             
2b1b 33 2b			dw .ADWSTORE            
2b1d 04				db 3 + 1 
2b1e .. 00			db "1+!",0              
2b22				endm 
# End of macro CWHEAD
2b22			; | 1+! ( addr -- )  Increment byte at address addr | DONE 
2b22			 
2b22					FORTH_DSP_VALUEHL 
2b22				if BASE_CPM=1 
2b22 cd 96 1a			call macro_dsp_valuehl 
2b25				endif 
2b25				if BASE_KEV=1 
2b25					rst $18 
2b25				endif 
2b25				endm 
# End of macro FORTH_DSP_VALUEHL
2b25 e5					push hl 
2b26			 
2b26					FORTH_DSP_POP 
2b26				if BASE_CPM=1 
2b26 cd 2d 1b			call macro_forth_dsp_pop 
2b29				endif 
2b29				if BASE_KEV=1 
2b29					rst $10 
2b29				endif 
2b29				endm 
# End of macro FORTH_DSP_POP
2b29 e1					pop hl 
2b2a			 
2b2a 7e					ld a, (hl) 
2b2b 3c					inc a 
2b2c 77					ld (hl), a 
2b2d					 
2b2d					NEXTW 
2b2d cd 68 ee			call parse_vector 
2b30 c3 46 1c			jp macro_next 
2b33				endm 
# End of macro NEXTW
2b33			.ADWSTORE: 
2b33				CWHEAD .SBSTORE 91 "1+2!" 4 WORD_FLAG_CODE 
2b33 6f				db WORD_SYS_CORE+91             
2b34 54 2b			dw .SBSTORE            
2b36 05				db 4 + 1 
2b37 .. 00			db "1+2!",0              
2b3c				endm 
# End of macro CWHEAD
2b3c			; | 1+2! ( addr -- )  Increment word at address addr | DONE 
2b3c			 
2b3c					FORTH_DSP_VALUEHL 
2b3c				if BASE_CPM=1 
2b3c cd 96 1a			call macro_dsp_valuehl 
2b3f				endif 
2b3f				if BASE_KEV=1 
2b3f					rst $18 
2b3f				endif 
2b3f				endm 
# End of macro FORTH_DSP_VALUEHL
2b3f e5					push hl 
2b40			 
2b40					FORTH_DSP_POP 
2b40				if BASE_CPM=1 
2b40 cd 2d 1b			call macro_forth_dsp_pop 
2b43				endif 
2b43				if BASE_KEV=1 
2b43					rst $10 
2b43				endif 
2b43				endm 
# End of macro FORTH_DSP_POP
2b43 e1					pop hl 
2b44			 
2b44 e5					push hl 
2b45			 
2b45 cd cc 1b				call loadwordinhl 
2b48 23					inc hl 
2b49			 
2b49 d1					pop de 
2b4a eb					ex de, hl 
2b4b 73					ld (hl), e 
2b4c 23					inc hl 
2b4d 72					ld (hl), d 
2b4e					 
2b4e					NEXTW 
2b4e cd 68 ee			call parse_vector 
2b51 c3 46 1c			jp macro_next 
2b54				endm 
# End of macro NEXTW
2b54			.SBSTORE: 
2b54				CWHEAD .SBWSTORE 91 "1-!" 3 WORD_FLAG_CODE 
2b54 6f				db WORD_SYS_CORE+91             
2b55 6d 2b			dw .SBWSTORE            
2b57 04				db 3 + 1 
2b58 .. 00			db "1-!",0              
2b5c				endm 
# End of macro CWHEAD
2b5c			; | 1-! ( addr -- )  Decrement byte at address addr | DONE 
2b5c			 
2b5c					FORTH_DSP_VALUEHL 
2b5c				if BASE_CPM=1 
2b5c cd 96 1a			call macro_dsp_valuehl 
2b5f				endif 
2b5f				if BASE_KEV=1 
2b5f					rst $18 
2b5f				endif 
2b5f				endm 
# End of macro FORTH_DSP_VALUEHL
2b5f e5					push hl 
2b60			 
2b60					FORTH_DSP_POP 
2b60				if BASE_CPM=1 
2b60 cd 2d 1b			call macro_forth_dsp_pop 
2b63				endif 
2b63				if BASE_KEV=1 
2b63					rst $10 
2b63				endif 
2b63				endm 
# End of macro FORTH_DSP_POP
2b63 e1					pop hl 
2b64			 
2b64 7e					ld a, (hl) 
2b65 3d					dec a 
2b66 77					ld (hl), a 
2b67					 
2b67					NEXTW 
2b67 cd 68 ee			call parse_vector 
2b6a c3 46 1c			jp macro_next 
2b6d				endm 
# End of macro NEXTW
2b6d			.SBWSTORE: 
2b6d				CWHEAD .ENDCORE 91 "1-2!" 4 WORD_FLAG_CODE 
2b6d 6f				db WORD_SYS_CORE+91             
2b6e 8e 2b			dw .ENDCORE            
2b70 05				db 4 + 1 
2b71 .. 00			db "1-2!",0              
2b76				endm 
# End of macro CWHEAD
2b76			; | 1-2! ( addr -- )  Decrement word at address addr | DONE 
2b76			 
2b76					FORTH_DSP_VALUEHL 
2b76				if BASE_CPM=1 
2b76 cd 96 1a			call macro_dsp_valuehl 
2b79				endif 
2b79				if BASE_KEV=1 
2b79					rst $18 
2b79				endif 
2b79				endm 
# End of macro FORTH_DSP_VALUEHL
2b79 e5					push hl 
2b7a			 
2b7a					FORTH_DSP_POP 
2b7a				if BASE_CPM=1 
2b7a cd 2d 1b			call macro_forth_dsp_pop 
2b7d				endif 
2b7d				if BASE_KEV=1 
2b7d					rst $10 
2b7d				endif 
2b7d				endm 
# End of macro FORTH_DSP_POP
2b7d e1					pop hl 
2b7e			 
2b7e e5					push hl 
2b7f			 
2b7f cd cc 1b				call loadwordinhl 
2b82 2b					dec hl 
2b83			 
2b83 d1					pop de 
2b84 eb					ex de, hl 
2b85 73					ld (hl), e 
2b86 23					inc hl 
2b87 72					ld (hl), d 
2b88					 
2b88					NEXTW 
2b88 cd 68 ee			call parse_vector 
2b8b c3 46 1c			jp macro_next 
2b8e				endm 
# End of macro NEXTW
2b8e			.ENDCORE: 
2b8e			 
2b8e			; eof 
2b8e			 
2b8e			 
# End of file forth_words_core.asm
2b8e			include "forth_words_flow.asm" 
2b8e			 
2b8e			; | ## Program Flow Words 
2b8e			 
2b8e			.IF: 
2b8e				CWHEAD .THEN 10 "IF" 2 WORD_FLAG_CODE 
2b8e 1e				db WORD_SYS_CORE+10             
2b8f 3c 2c			dw .THEN            
2b91 03				db 2 + 1 
2b92 .. 00			db "IF",0              
2b95				endm 
# End of macro CWHEAD
2b95			; | IF ( w -- f ) If TOS is true exec code following up to THEN  | DONE 
2b95			; | | Note: currently not supporting ELSE or nested IF 
2b95			; 
2b95					if DEBUG_FORTH_WORDS_KEY 
2b95						DMARK "IF." 
2b95				if DEMARK_VERSION = 1  
2b95 e5					push hl  
2b96 21 9e 2b				ld hl, .dmark  
2b99 22 60 ee				ld (debug_mark), hl  
2b9c				endif  
2b9c				if DEMARK_VERSION = 0  
2b9c					push af  
2b9c					ld a, (.dmark)  
2b9c					ld (debug_mark),a  
2b9c					ld a, (.dmark+1)  
2b9c					ld (debug_mark+1),a  
2b9c					ld a, (.dmark+2)  
2b9c					ld (debug_mark+2),a  
2b9c				endif  
2b9c 18 04			jr .pastdmark  
2b9e ..			.dmark: db "IF."  
2ba1				if DEMARK_VERSION = 1  
2ba1 00					db 0  
2ba2				endif  
2ba2				if DEMARK_VERSION = 1  
2ba2 e1			.pastdmark: pop hl  
2ba3				endif  
2ba3				if DEMARK_VERSION = 0  
2ba3			.pastdmark: pop af  
2ba3				endif  
2ba3			endm  
# End of macro DMARK
2ba3						CALLMONITOR 
2ba3				if BASE_CPM=1  
2ba3 cd 6b ee				call debug_vector  
2ba6				endif  
2ba6				if BASE_KEV=1  
2ba6					rst 8  
2ba6				endif  
2ba6				endm  
# End of macro CALLMONITOR
2ba6					endif 
2ba6			; eval TOS 
2ba6			 
2ba6				FORTH_DSP_VALUEHL 
2ba6				if BASE_CPM=1 
2ba6 cd 96 1a			call macro_dsp_valuehl 
2ba9				endif 
2ba9				if BASE_KEV=1 
2ba9					rst $18 
2ba9				endif 
2ba9				endm 
# End of macro FORTH_DSP_VALUEHL
2ba9			 
2ba9			;	push hl 
2ba9				FORTH_DSP_POP 
2ba9				if BASE_CPM=1 
2ba9 cd 2d 1b			call macro_forth_dsp_pop 
2bac				endif 
2bac				if BASE_KEV=1 
2bac					rst $10 
2bac				endif 
2bac				endm 
# End of macro FORTH_DSP_POP
2bac			;	pop hl 
2bac			 
2bac					if DEBUG_FORTH_WORDS 
2bac						DMARK "IF1" 
2bac				if DEMARK_VERSION = 1  
2bac e5					push hl  
2bad 21 b5 2b				ld hl, .dmark  
2bb0 22 60 ee				ld (debug_mark), hl  
2bb3				endif  
2bb3				if DEMARK_VERSION = 0  
2bb3					push af  
2bb3					ld a, (.dmark)  
2bb3					ld (debug_mark),a  
2bb3					ld a, (.dmark+1)  
2bb3					ld (debug_mark+1),a  
2bb3					ld a, (.dmark+2)  
2bb3					ld (debug_mark+2),a  
2bb3				endif  
2bb3 18 04			jr .pastdmark  
2bb5 ..			.dmark: db "IF1"  
2bb8				if DEMARK_VERSION = 1  
2bb8 00					db 0  
2bb9				endif  
2bb9				if DEMARK_VERSION = 1  
2bb9 e1			.pastdmark: pop hl  
2bba				endif  
2bba				if DEMARK_VERSION = 0  
2bba			.pastdmark: pop af  
2bba				endif  
2bba			endm  
# End of macro DMARK
2bba						CALLMONITOR 
2bba				if BASE_CPM=1  
2bba cd 6b ee				call debug_vector  
2bbd				endif  
2bbd				if BASE_KEV=1  
2bbd					rst 8  
2bbd				endif  
2bbd				endm  
# End of macro CALLMONITOR
2bbd					endif 
2bbd b7				or a        ; clear carry flag 
2bbe 11 00 00			ld de, 0 
2bc1 eb				ex de,hl 
2bc2 ed 52			sbc hl, de 
2bc4 c2 25 2c			jp nz, .iftrue 
2bc7			 
2bc7					if DEBUG_FORTH_WORDS 
2bc7						DMARK "IF2" 
2bc7				if DEMARK_VERSION = 1  
2bc7 e5					push hl  
2bc8 21 d0 2b				ld hl, .dmark  
2bcb 22 60 ee				ld (debug_mark), hl  
2bce				endif  
2bce				if DEMARK_VERSION = 0  
2bce					push af  
2bce					ld a, (.dmark)  
2bce					ld (debug_mark),a  
2bce					ld a, (.dmark+1)  
2bce					ld (debug_mark+1),a  
2bce					ld a, (.dmark+2)  
2bce					ld (debug_mark+2),a  
2bce				endif  
2bce 18 04			jr .pastdmark  
2bd0 ..			.dmark: db "IF2"  
2bd3				if DEMARK_VERSION = 1  
2bd3 00					db 0  
2bd4				endif  
2bd4				if DEMARK_VERSION = 1  
2bd4 e1			.pastdmark: pop hl  
2bd5				endif  
2bd5				if DEMARK_VERSION = 0  
2bd5			.pastdmark: pop af  
2bd5				endif  
2bd5			endm  
# End of macro DMARK
2bd5						CALLMONITOR 
2bd5				if BASE_CPM=1  
2bd5 cd 6b ee				call debug_vector  
2bd8				endif  
2bd8				if BASE_KEV=1  
2bd8					rst 8  
2bd8				endif  
2bd8				endm  
# End of macro CALLMONITOR
2bd8					endif 
2bd8			 
2bd8			; if not true then skip to THEN 
2bd8			 
2bd8				; TODO get tok_ptr 
2bd8				; TODO consume toks until we get to THEN 
2bd8			 
2bd8 2a 9e e5			ld hl, (os_tok_ptr) 
2bdb					if DEBUG_FORTH_WORDS 
2bdb						DMARK "IF3" 
2bdb				if DEMARK_VERSION = 1  
2bdb e5					push hl  
2bdc 21 e4 2b				ld hl, .dmark  
2bdf 22 60 ee				ld (debug_mark), hl  
2be2				endif  
2be2				if DEMARK_VERSION = 0  
2be2					push af  
2be2					ld a, (.dmark)  
2be2					ld (debug_mark),a  
2be2					ld a, (.dmark+1)  
2be2					ld (debug_mark+1),a  
2be2					ld a, (.dmark+2)  
2be2					ld (debug_mark+2),a  
2be2				endif  
2be2 18 04			jr .pastdmark  
2be4 ..			.dmark: db "IF3"  
2be7				if DEMARK_VERSION = 1  
2be7 00					db 0  
2be8				endif  
2be8				if DEMARK_VERSION = 1  
2be8 e1			.pastdmark: pop hl  
2be9				endif  
2be9				if DEMARK_VERSION = 0  
2be9			.pastdmark: pop af  
2be9				endif  
2be9			endm  
# End of macro DMARK
2be9						CALLMONITOR 
2be9				if BASE_CPM=1  
2be9 cd 6b ee				call debug_vector  
2bec				endif  
2bec				if BASE_KEV=1  
2bec					rst 8  
2bec				endif  
2bec				endm  
# End of macro CALLMONITOR
2bec						 
2bec					endif 
2bec 11 20 2c			ld de, .ifthen 
2bef					if DEBUG_FORTH_WORDS 
2bef						DMARK "IF4" 
2bef				if DEMARK_VERSION = 1  
2bef e5					push hl  
2bf0 21 f8 2b				ld hl, .dmark  
2bf3 22 60 ee				ld (debug_mark), hl  
2bf6				endif  
2bf6				if DEMARK_VERSION = 0  
2bf6					push af  
2bf6					ld a, (.dmark)  
2bf6					ld (debug_mark),a  
2bf6					ld a, (.dmark+1)  
2bf6					ld (debug_mark+1),a  
2bf6					ld a, (.dmark+2)  
2bf6					ld (debug_mark+2),a  
2bf6				endif  
2bf6 18 04			jr .pastdmark  
2bf8 ..			.dmark: db "IF4"  
2bfb				if DEMARK_VERSION = 1  
2bfb 00					db 0  
2bfc				endif  
2bfc				if DEMARK_VERSION = 1  
2bfc e1			.pastdmark: pop hl  
2bfd				endif  
2bfd				if DEMARK_VERSION = 0  
2bfd			.pastdmark: pop af  
2bfd				endif  
2bfd			endm  
# End of macro DMARK
2bfd						CALLMONITOR 
2bfd				if BASE_CPM=1  
2bfd cd 6b ee				call debug_vector  
2c00				endif  
2c00				if BASE_KEV=1  
2c00					rst 8  
2c00				endif  
2c00				endm  
# End of macro CALLMONITOR
2c00					endif 
2c00 cd 43 1d			call findnexttok  
2c03			 
2c03					if DEBUG_FORTH_WORDS 
2c03						DMARK "IF5" 
2c03				if DEMARK_VERSION = 1  
2c03 e5					push hl  
2c04 21 0c 2c				ld hl, .dmark  
2c07 22 60 ee				ld (debug_mark), hl  
2c0a				endif  
2c0a				if DEMARK_VERSION = 0  
2c0a					push af  
2c0a					ld a, (.dmark)  
2c0a					ld (debug_mark),a  
2c0a					ld a, (.dmark+1)  
2c0a					ld (debug_mark+1),a  
2c0a					ld a, (.dmark+2)  
2c0a					ld (debug_mark+2),a  
2c0a				endif  
2c0a 18 04			jr .pastdmark  
2c0c ..			.dmark: db "IF5"  
2c0f				if DEMARK_VERSION = 1  
2c0f 00					db 0  
2c10				endif  
2c10				if DEMARK_VERSION = 1  
2c10 e1			.pastdmark: pop hl  
2c11				endif  
2c11				if DEMARK_VERSION = 0  
2c11			.pastdmark: pop af  
2c11				endif  
2c11			endm  
# End of macro DMARK
2c11						CALLMONITOR 
2c11				if BASE_CPM=1  
2c11 cd 6b ee				call debug_vector  
2c14				endif  
2c14				if BASE_KEV=1  
2c14					rst 8  
2c14				endif  
2c14				endm  
# End of macro CALLMONITOR
2c14					endif 
2c14				; TODO replace below with ; exec using tok_ptr 
2c14 22 9e e5			ld (os_tok_ptr), hl 
2c17 c3 c7 1c			jp exec1 
2c1a				NEXTW 
2c1a cd 68 ee			call parse_vector 
2c1d c3 46 1c			jp macro_next 
2c20				endm 
# End of macro NEXTW
2c20			 
2c20 .. 00		.ifthen:  db "THEN",0 
2c25			 
2c25			.iftrue:		 
2c25				; Exec next words normally 
2c25			 
2c25				; if true then exec following IF as normal 
2c25					if DEBUG_FORTH_WORDS 
2c25						DMARK "IFT" 
2c25				if DEMARK_VERSION = 1  
2c25 e5					push hl  
2c26 21 2e 2c				ld hl, .dmark  
2c29 22 60 ee				ld (debug_mark), hl  
2c2c				endif  
2c2c				if DEMARK_VERSION = 0  
2c2c					push af  
2c2c					ld a, (.dmark)  
2c2c					ld (debug_mark),a  
2c2c					ld a, (.dmark+1)  
2c2c					ld (debug_mark+1),a  
2c2c					ld a, (.dmark+2)  
2c2c					ld (debug_mark+2),a  
2c2c				endif  
2c2c 18 04			jr .pastdmark  
2c2e ..			.dmark: db "IFT"  
2c31				if DEMARK_VERSION = 1  
2c31 00					db 0  
2c32				endif  
2c32				if DEMARK_VERSION = 1  
2c32 e1			.pastdmark: pop hl  
2c33				endif  
2c33				if DEMARK_VERSION = 0  
2c33			.pastdmark: pop af  
2c33				endif  
2c33			endm  
# End of macro DMARK
2c33						CALLMONITOR 
2c33				if BASE_CPM=1  
2c33 cd 6b ee				call debug_vector  
2c36				endif  
2c36				if BASE_KEV=1  
2c36					rst 8  
2c36				endif  
2c36				endm  
# End of macro CALLMONITOR
2c36					endif 
2c36			 
2c36					NEXTW 
2c36 cd 68 ee			call parse_vector 
2c39 c3 46 1c			jp macro_next 
2c3c				endm 
# End of macro NEXTW
2c3c			.THEN: 
2c3c				CWHEAD .ELSE 11 "THEN" 4 WORD_FLAG_CODE 
2c3c 1f				db WORD_SYS_CORE+11             
2c3d 5c 2c			dw .ELSE            
2c3f 05				db 4 + 1 
2c40 .. 00			db "THEN",0              
2c45				endm 
# End of macro CWHEAD
2c45			; | THEN ( -- ) Does nothing. It is a marker for the end of an IF block | DONE 
2c45					if DEBUG_FORTH_WORDS_KEY 
2c45						DMARK "THN" 
2c45				if DEMARK_VERSION = 1  
2c45 e5					push hl  
2c46 21 4e 2c				ld hl, .dmark  
2c49 22 60 ee				ld (debug_mark), hl  
2c4c				endif  
2c4c				if DEMARK_VERSION = 0  
2c4c					push af  
2c4c					ld a, (.dmark)  
2c4c					ld (debug_mark),a  
2c4c					ld a, (.dmark+1)  
2c4c					ld (debug_mark+1),a  
2c4c					ld a, (.dmark+2)  
2c4c					ld (debug_mark+2),a  
2c4c				endif  
2c4c 18 04			jr .pastdmark  
2c4e ..			.dmark: db "THN"  
2c51				if DEMARK_VERSION = 1  
2c51 00					db 0  
2c52				endif  
2c52				if DEMARK_VERSION = 1  
2c52 e1			.pastdmark: pop hl  
2c53				endif  
2c53				if DEMARK_VERSION = 0  
2c53			.pastdmark: pop af  
2c53				endif  
2c53			endm  
# End of macro DMARK
2c53						CALLMONITOR 
2c53				if BASE_CPM=1  
2c53 cd 6b ee				call debug_vector  
2c56				endif  
2c56				if BASE_KEV=1  
2c56					rst 8  
2c56				endif  
2c56				endm  
# End of macro CALLMONITOR
2c56					endif 
2c56					NEXTW 
2c56 cd 68 ee			call parse_vector 
2c59 c3 46 1c			jp macro_next 
2c5c				endm 
# End of macro NEXTW
2c5c			.ELSE: 
2c5c				CWHEAD .DO 12 "ELSE" 2 WORD_FLAG_CODE 
2c5c 20				db WORD_SYS_CORE+12             
2c5d 7c 2c			dw .DO            
2c5f 03				db 2 + 1 
2c60 .. 00			db "ELSE",0              
2c65				endm 
# End of macro CWHEAD
2c65			; | ELSE ( -- ) Not supported - does nothing | TODO 
2c65			 
2c65					if DEBUG_FORTH_WORDS_KEY 
2c65						DMARK "ELS" 
2c65				if DEMARK_VERSION = 1  
2c65 e5					push hl  
2c66 21 6e 2c				ld hl, .dmark  
2c69 22 60 ee				ld (debug_mark), hl  
2c6c				endif  
2c6c				if DEMARK_VERSION = 0  
2c6c					push af  
2c6c					ld a, (.dmark)  
2c6c					ld (debug_mark),a  
2c6c					ld a, (.dmark+1)  
2c6c					ld (debug_mark+1),a  
2c6c					ld a, (.dmark+2)  
2c6c					ld (debug_mark+2),a  
2c6c				endif  
2c6c 18 04			jr .pastdmark  
2c6e ..			.dmark: db "ELS"  
2c71				if DEMARK_VERSION = 1  
2c71 00					db 0  
2c72				endif  
2c72				if DEMARK_VERSION = 1  
2c72 e1			.pastdmark: pop hl  
2c73				endif  
2c73				if DEMARK_VERSION = 0  
2c73			.pastdmark: pop af  
2c73				endif  
2c73			endm  
# End of macro DMARK
2c73						CALLMONITOR 
2c73				if BASE_CPM=1  
2c73 cd 6b ee				call debug_vector  
2c76				endif  
2c76				if BASE_KEV=1  
2c76					rst 8  
2c76				endif  
2c76				endm  
# End of macro CALLMONITOR
2c76					endif 
2c76			 
2c76			 
2c76					NEXTW 
2c76 cd 68 ee			call parse_vector 
2c79 c3 46 1c			jp macro_next 
2c7c				endm 
# End of macro NEXTW
2c7c			.DO: 
2c7c				CWHEAD .LOOP 13 "DO" 2 WORD_FLAG_CODE 
2c7c 21				db WORD_SYS_CORE+13             
2c7d 43 2d			dw .LOOP            
2c7f 03				db 2 + 1 
2c80 .. 00			db "DO",0              
2c83				endm 
# End of macro CWHEAD
2c83			; | DO ( u1 u2 -- ) Loop starting at u2 with a limit of u1 | DONE 
2c83			 
2c83					if DEBUG_FORTH_WORDS_KEY 
2c83						DMARK "DO." 
2c83				if DEMARK_VERSION = 1  
2c83 e5					push hl  
2c84 21 8c 2c				ld hl, .dmark  
2c87 22 60 ee				ld (debug_mark), hl  
2c8a				endif  
2c8a				if DEMARK_VERSION = 0  
2c8a					push af  
2c8a					ld a, (.dmark)  
2c8a					ld (debug_mark),a  
2c8a					ld a, (.dmark+1)  
2c8a					ld (debug_mark+1),a  
2c8a					ld a, (.dmark+2)  
2c8a					ld (debug_mark+2),a  
2c8a				endif  
2c8a 18 04			jr .pastdmark  
2c8c ..			.dmark: db "DO."  
2c8f				if DEMARK_VERSION = 1  
2c8f 00					db 0  
2c90				endif  
2c90				if DEMARK_VERSION = 1  
2c90 e1			.pastdmark: pop hl  
2c91				endif  
2c91				if DEMARK_VERSION = 0  
2c91			.pastdmark: pop af  
2c91				endif  
2c91			endm  
# End of macro DMARK
2c91						CALLMONITOR 
2c91				if BASE_CPM=1  
2c91 cd 6b ee				call debug_vector  
2c94				endif  
2c94				if BASE_KEV=1  
2c94					rst 8  
2c94				endif  
2c94				endm  
# End of macro CALLMONITOR
2c94					endif 
2c94			;  push pc to rsp stack past the DO 
2c94			 
2c94 2a 9e e5				ld hl, (os_tok_ptr) 
2c97 23					inc hl   ; D 
2c98 23					inc hl  ; O 
2c99 23					inc hl   ; null 
2c9a					if DEBUG_FORTH_WORDS 
2c9a						DMARK "DO2" 
2c9a				if DEMARK_VERSION = 1  
2c9a e5					push hl  
2c9b 21 a3 2c				ld hl, .dmark  
2c9e 22 60 ee				ld (debug_mark), hl  
2ca1				endif  
2ca1				if DEMARK_VERSION = 0  
2ca1					push af  
2ca1					ld a, (.dmark)  
2ca1					ld (debug_mark),a  
2ca1					ld a, (.dmark+1)  
2ca1					ld (debug_mark+1),a  
2ca1					ld a, (.dmark+2)  
2ca1					ld (debug_mark+2),a  
2ca1				endif  
2ca1 18 04			jr .pastdmark  
2ca3 ..			.dmark: db "DO2"  
2ca6				if DEMARK_VERSION = 1  
2ca6 00					db 0  
2ca7				endif  
2ca7				if DEMARK_VERSION = 1  
2ca7 e1			.pastdmark: pop hl  
2ca8				endif  
2ca8				if DEMARK_VERSION = 0  
2ca8			.pastdmark: pop af  
2ca8				endif  
2ca8			endm  
# End of macro DMARK
2ca8						CALLMONITOR 
2ca8				if BASE_CPM=1  
2ca8 cd 6b ee				call debug_vector  
2cab				endif  
2cab				if BASE_KEV=1  
2cab					rst 8  
2cab				endif  
2cab				endm  
# End of macro CALLMONITOR
2cab					endif 
2cab					FORTH_RSP_NEXT 
2cab cd af 18			call macro_forth_rsp_next 
2cae				endm 
# End of macro FORTH_RSP_NEXT
2cae					if DEBUG_FORTH_WORDS 
2cae						DMARK "DO3" 
2cae				if DEMARK_VERSION = 1  
2cae e5					push hl  
2caf 21 b7 2c				ld hl, .dmark  
2cb2 22 60 ee				ld (debug_mark), hl  
2cb5				endif  
2cb5				if DEMARK_VERSION = 0  
2cb5					push af  
2cb5					ld a, (.dmark)  
2cb5					ld (debug_mark),a  
2cb5					ld a, (.dmark+1)  
2cb5					ld (debug_mark+1),a  
2cb5					ld a, (.dmark+2)  
2cb5					ld (debug_mark+2),a  
2cb5				endif  
2cb5 18 04			jr .pastdmark  
2cb7 ..			.dmark: db "DO3"  
2cba				if DEMARK_VERSION = 1  
2cba 00					db 0  
2cbb				endif  
2cbb				if DEMARK_VERSION = 1  
2cbb e1			.pastdmark: pop hl  
2cbc				endif  
2cbc				if DEMARK_VERSION = 0  
2cbc			.pastdmark: pop af  
2cbc				endif  
2cbc			endm  
# End of macro DMARK
2cbc						CALLMONITOR 
2cbc				if BASE_CPM=1  
2cbc cd 6b ee				call debug_vector  
2cbf				endif  
2cbf				if BASE_KEV=1  
2cbf					rst 8  
2cbf				endif  
2cbf				endm  
# End of macro CALLMONITOR
2cbf					endif 
2cbf			 
2cbf					;if DEBUG_FORTH_WORDS 
2cbf				;		push hl 
2cbf			;		endif  
2cbf			 
2cbf			; get counters from data stack 
2cbf			 
2cbf			 
2cbf					FORTH_DSP_VALUEHL 
2cbf				if BASE_CPM=1 
2cbf cd 96 1a			call macro_dsp_valuehl 
2cc2				endif 
2cc2				if BASE_KEV=1 
2cc2					rst $18 
2cc2				endif 
2cc2				endm 
# End of macro FORTH_DSP_VALUEHL
2cc2 e5					push hl		 ; hl now has starting counter which needs to be tos 
2cc3			 
2cc3					if DEBUG_FORTH_WORDS 
2cc3						DMARK "DO4" 
2cc3				if DEMARK_VERSION = 1  
2cc3 e5					push hl  
2cc4 21 cc 2c				ld hl, .dmark  
2cc7 22 60 ee				ld (debug_mark), hl  
2cca				endif  
2cca				if DEMARK_VERSION = 0  
2cca					push af  
2cca					ld a, (.dmark)  
2cca					ld (debug_mark),a  
2cca					ld a, (.dmark+1)  
2cca					ld (debug_mark+1),a  
2cca					ld a, (.dmark+2)  
2cca					ld (debug_mark+2),a  
2cca				endif  
2cca 18 04			jr .pastdmark  
2ccc ..			.dmark: db "DO4"  
2ccf				if DEMARK_VERSION = 1  
2ccf 00					db 0  
2cd0				endif  
2cd0				if DEMARK_VERSION = 1  
2cd0 e1			.pastdmark: pop hl  
2cd1				endif  
2cd1				if DEMARK_VERSION = 0  
2cd1			.pastdmark: pop af  
2cd1				endif  
2cd1			endm  
# End of macro DMARK
2cd1						CALLMONITOR 
2cd1				if BASE_CPM=1  
2cd1 cd 6b ee				call debug_vector  
2cd4				endif  
2cd4				if BASE_KEV=1  
2cd4					rst 8  
2cd4				endif  
2cd4				endm  
# End of macro CALLMONITOR
2cd4					endif 
2cd4					FORTH_DSP_POP 
2cd4				if BASE_CPM=1 
2cd4 cd 2d 1b			call macro_forth_dsp_pop 
2cd7				endif 
2cd7				if BASE_KEV=1 
2cd7					rst $10 
2cd7				endif 
2cd7				endm 
# End of macro FORTH_DSP_POP
2cd7			 
2cd7					if DEBUG_FORTH_WORDS 
2cd7						DMARK "DO5" 
2cd7				if DEMARK_VERSION = 1  
2cd7 e5					push hl  
2cd8 21 e0 2c				ld hl, .dmark  
2cdb 22 60 ee				ld (debug_mark), hl  
2cde				endif  
2cde				if DEMARK_VERSION = 0  
2cde					push af  
2cde					ld a, (.dmark)  
2cde					ld (debug_mark),a  
2cde					ld a, (.dmark+1)  
2cde					ld (debug_mark+1),a  
2cde					ld a, (.dmark+2)  
2cde					ld (debug_mark+2),a  
2cde				endif  
2cde 18 04			jr .pastdmark  
2ce0 ..			.dmark: db "DO5"  
2ce3				if DEMARK_VERSION = 1  
2ce3 00					db 0  
2ce4				endif  
2ce4				if DEMARK_VERSION = 1  
2ce4 e1			.pastdmark: pop hl  
2ce5				endif  
2ce5				if DEMARK_VERSION = 0  
2ce5			.pastdmark: pop af  
2ce5				endif  
2ce5			endm  
# End of macro DMARK
2ce5						CALLMONITOR 
2ce5				if BASE_CPM=1  
2ce5 cd 6b ee				call debug_vector  
2ce8				endif  
2ce8				if BASE_KEV=1  
2ce8					rst 8  
2ce8				endif  
2ce8				endm  
# End of macro CALLMONITOR
2ce8					endif 
2ce8			 
2ce8					FORTH_DSP_VALUEHL 
2ce8				if BASE_CPM=1 
2ce8 cd 96 1a			call macro_dsp_valuehl 
2ceb				endif 
2ceb				if BASE_KEV=1 
2ceb					rst $18 
2ceb				endif 
2ceb				endm 
# End of macro FORTH_DSP_VALUEHL
2ceb			;		push hl		 ; hl now has starting limit counter 
2ceb			 
2ceb					if DEBUG_FORTH_WORDS 
2ceb						DMARK "DO6" 
2ceb				if DEMARK_VERSION = 1  
2ceb e5					push hl  
2cec 21 f4 2c				ld hl, .dmark  
2cef 22 60 ee				ld (debug_mark), hl  
2cf2				endif  
2cf2				if DEMARK_VERSION = 0  
2cf2					push af  
2cf2					ld a, (.dmark)  
2cf2					ld (debug_mark),a  
2cf2					ld a, (.dmark+1)  
2cf2					ld (debug_mark+1),a  
2cf2					ld a, (.dmark+2)  
2cf2					ld (debug_mark+2),a  
2cf2				endif  
2cf2 18 04			jr .pastdmark  
2cf4 ..			.dmark: db "DO6"  
2cf7				if DEMARK_VERSION = 1  
2cf7 00					db 0  
2cf8				endif  
2cf8				if DEMARK_VERSION = 1  
2cf8 e1			.pastdmark: pop hl  
2cf9				endif  
2cf9				if DEMARK_VERSION = 0  
2cf9			.pastdmark: pop af  
2cf9				endif  
2cf9			endm  
# End of macro DMARK
2cf9						CALLMONITOR 
2cf9				if BASE_CPM=1  
2cf9 cd 6b ee				call debug_vector  
2cfc				endif  
2cfc				if BASE_KEV=1  
2cfc					rst 8  
2cfc				endif  
2cfc				endm  
# End of macro CALLMONITOR
2cfc					endif 
2cfc					FORTH_DSP_POP 
2cfc				if BASE_CPM=1 
2cfc cd 2d 1b			call macro_forth_dsp_pop 
2cff				endif 
2cff				if BASE_KEV=1 
2cff					rst $10 
2cff				endif 
2cff				endm 
# End of macro FORTH_DSP_POP
2cff			 
2cff			; put counters on the loop stack 
2cff			 
2cff			;		pop hl			 ; limit counter 
2cff d1					pop de			; start counter 
2d00			 
2d00					; push limit counter 
2d00			 
2d00					if DEBUG_FORTH_WORDS 
2d00						DMARK "DO7" 
2d00				if DEMARK_VERSION = 1  
2d00 e5					push hl  
2d01 21 09 2d				ld hl, .dmark  
2d04 22 60 ee				ld (debug_mark), hl  
2d07				endif  
2d07				if DEMARK_VERSION = 0  
2d07					push af  
2d07					ld a, (.dmark)  
2d07					ld (debug_mark),a  
2d07					ld a, (.dmark+1)  
2d07					ld (debug_mark+1),a  
2d07					ld a, (.dmark+2)  
2d07					ld (debug_mark+2),a  
2d07				endif  
2d07 18 04			jr .pastdmark  
2d09 ..			.dmark: db "DO7"  
2d0c				if DEMARK_VERSION = 1  
2d0c 00					db 0  
2d0d				endif  
2d0d				if DEMARK_VERSION = 1  
2d0d e1			.pastdmark: pop hl  
2d0e				endif  
2d0e				if DEMARK_VERSION = 0  
2d0e			.pastdmark: pop af  
2d0e				endif  
2d0e			endm  
# End of macro DMARK
2d0e						CALLMONITOR 
2d0e				if BASE_CPM=1  
2d0e cd 6b ee				call debug_vector  
2d11				endif  
2d11				if BASE_KEV=1  
2d11					rst 8  
2d11				endif  
2d11				endm  
# End of macro CALLMONITOR
2d11					endif 
2d11					FORTH_LOOP_NEXT 
2d11 cd bc 1a			call macro_forth_loop_next 
2d14				endm 
# End of macro FORTH_LOOP_NEXT
2d14			 
2d14					; push start counter 
2d14			 
2d14 eb					ex de, hl 
2d15					if DEBUG_FORTH_WORDS 
2d15						DMARK "DO7" 
2d15				if DEMARK_VERSION = 1  
2d15 e5					push hl  
2d16 21 1e 2d				ld hl, .dmark  
2d19 22 60 ee				ld (debug_mark), hl  
2d1c				endif  
2d1c				if DEMARK_VERSION = 0  
2d1c					push af  
2d1c					ld a, (.dmark)  
2d1c					ld (debug_mark),a  
2d1c					ld a, (.dmark+1)  
2d1c					ld (debug_mark+1),a  
2d1c					ld a, (.dmark+2)  
2d1c					ld (debug_mark+2),a  
2d1c				endif  
2d1c 18 04			jr .pastdmark  
2d1e ..			.dmark: db "DO7"  
2d21				if DEMARK_VERSION = 1  
2d21 00					db 0  
2d22				endif  
2d22				if DEMARK_VERSION = 1  
2d22 e1			.pastdmark: pop hl  
2d23				endif  
2d23				if DEMARK_VERSION = 0  
2d23			.pastdmark: pop af  
2d23				endif  
2d23			endm  
# End of macro DMARK
2d23						CALLMONITOR 
2d23				if BASE_CPM=1  
2d23 cd 6b ee				call debug_vector  
2d26				endif  
2d26				if BASE_KEV=1  
2d26					rst 8  
2d26				endif  
2d26				endm  
# End of macro CALLMONITOR
2d26					endif 
2d26					FORTH_LOOP_NEXT 
2d26 cd bc 1a			call macro_forth_loop_next 
2d29				endm 
# End of macro FORTH_LOOP_NEXT
2d29			 
2d29			 
2d29					; init first round of I counter 
2d29			 
2d29 22 c2 e5				ld (os_current_i), hl 
2d2c			 
2d2c					if DEBUG_FORTH_WORDS 
2d2c						DMARK "DO8" 
2d2c				if DEMARK_VERSION = 1  
2d2c e5					push hl  
2d2d 21 35 2d				ld hl, .dmark  
2d30 22 60 ee				ld (debug_mark), hl  
2d33				endif  
2d33				if DEMARK_VERSION = 0  
2d33					push af  
2d33					ld a, (.dmark)  
2d33					ld (debug_mark),a  
2d33					ld a, (.dmark+1)  
2d33					ld (debug_mark+1),a  
2d33					ld a, (.dmark+2)  
2d33					ld (debug_mark+2),a  
2d33				endif  
2d33 18 04			jr .pastdmark  
2d35 ..			.dmark: db "DO8"  
2d38				if DEMARK_VERSION = 1  
2d38 00					db 0  
2d39				endif  
2d39				if DEMARK_VERSION = 1  
2d39 e1			.pastdmark: pop hl  
2d3a				endif  
2d3a				if DEMARK_VERSION = 0  
2d3a			.pastdmark: pop af  
2d3a				endif  
2d3a			endm  
# End of macro DMARK
2d3a						CALLMONITOR 
2d3a				if BASE_CPM=1  
2d3a cd 6b ee				call debug_vector  
2d3d				endif  
2d3d				if BASE_KEV=1  
2d3d					rst 8  
2d3d				endif  
2d3d				endm  
# End of macro CALLMONITOR
2d3d					endif 
2d3d			 
2d3d					NEXTW 
2d3d cd 68 ee			call parse_vector 
2d40 c3 46 1c			jp macro_next 
2d43				endm 
# End of macro NEXTW
2d43			.LOOP: 
2d43				CWHEAD .I 14 "LOOP" 4 WORD_FLAG_CODE 
2d43 22				db WORD_SYS_CORE+14             
2d44 09 2e			dw .I            
2d46 05				db 4 + 1 
2d47 .. 00			db "LOOP",0              
2d4c				endm 
# End of macro CWHEAD
2d4c			; | LOOP ( -- ) Increment and test loop counter  | DONE 
2d4c			 
2d4c				; pop tos as current loop count to hl 
2d4c			 
2d4c				; if new tos (loop limit) is not same as hl, inc hl, push hl to tos, pop rsp and set pc to it 
2d4c			 
2d4c				FORTH_LOOP_TOS 
2d4c cd e4 1a			call macro_forth_loop_tos 
2d4f				endm 
# End of macro FORTH_LOOP_TOS
2d4f e5				push hl 
2d50			 
2d50					if DEBUG_FORTH_WORDS_KEY 
2d50						DMARK "LOP" 
2d50				if DEMARK_VERSION = 1  
2d50 e5					push hl  
2d51 21 59 2d				ld hl, .dmark  
2d54 22 60 ee				ld (debug_mark), hl  
2d57				endif  
2d57				if DEMARK_VERSION = 0  
2d57					push af  
2d57					ld a, (.dmark)  
2d57					ld (debug_mark),a  
2d57					ld a, (.dmark+1)  
2d57					ld (debug_mark+1),a  
2d57					ld a, (.dmark+2)  
2d57					ld (debug_mark+2),a  
2d57				endif  
2d57 18 04			jr .pastdmark  
2d59 ..			.dmark: db "LOP"  
2d5c				if DEMARK_VERSION = 1  
2d5c 00					db 0  
2d5d				endif  
2d5d				if DEMARK_VERSION = 1  
2d5d e1			.pastdmark: pop hl  
2d5e				endif  
2d5e				if DEMARK_VERSION = 0  
2d5e			.pastdmark: pop af  
2d5e				endif  
2d5e			endm  
# End of macro DMARK
2d5e						CALLMONITOR 
2d5e				if BASE_CPM=1  
2d5e cd 6b ee				call debug_vector  
2d61				endif  
2d61				if BASE_KEV=1  
2d61					rst 8  
2d61				endif  
2d61				endm  
# End of macro CALLMONITOR
2d61					endif 
2d61				; next item on the stack is the limit. get it 
2d61			 
2d61			 
2d61				FORTH_LOOP_POP 
2d61 cd ee 1a			call macro_forth_loop_pop 
2d64				endm 
# End of macro FORTH_LOOP_POP
2d64			 
2d64				FORTH_LOOP_TOS 
2d64 cd e4 1a			call macro_forth_loop_tos 
2d67				endm 
# End of macro FORTH_LOOP_TOS
2d67			 
2d67 d1				pop de		 ; de = i, hl = limit 
2d68			 
2d68					if DEBUG_FORTH_WORDS 
2d68						DMARK "LP1" 
2d68				if DEMARK_VERSION = 1  
2d68 e5					push hl  
2d69 21 71 2d				ld hl, .dmark  
2d6c 22 60 ee				ld (debug_mark), hl  
2d6f				endif  
2d6f				if DEMARK_VERSION = 0  
2d6f					push af  
2d6f					ld a, (.dmark)  
2d6f					ld (debug_mark),a  
2d6f					ld a, (.dmark+1)  
2d6f					ld (debug_mark+1),a  
2d6f					ld a, (.dmark+2)  
2d6f					ld (debug_mark+2),a  
2d6f				endif  
2d6f 18 04			jr .pastdmark  
2d71 ..			.dmark: db "LP1"  
2d74				if DEMARK_VERSION = 1  
2d74 00					db 0  
2d75				endif  
2d75				if DEMARK_VERSION = 1  
2d75 e1			.pastdmark: pop hl  
2d76				endif  
2d76				if DEMARK_VERSION = 0  
2d76			.pastdmark: pop af  
2d76				endif  
2d76			endm  
# End of macro DMARK
2d76						CALLMONITOR 
2d76				if BASE_CPM=1  
2d76 cd 6b ee				call debug_vector  
2d79				endif  
2d79				if BASE_KEV=1  
2d79					rst 8  
2d79				endif  
2d79				endm  
# End of macro CALLMONITOR
2d79					endif 
2d79			 
2d79				; go back to previous word 
2d79			 
2d79 d5				push de    ; save I for inc later 
2d7a			 
2d7a			 
2d7a				; get limit 
2d7a				;  is I at limit? 
2d7a			 
2d7a			 
2d7a					if DEBUG_FORTH_WORDS 
2d7a						DMARK "LP1" 
2d7a				if DEMARK_VERSION = 1  
2d7a e5					push hl  
2d7b 21 83 2d				ld hl, .dmark  
2d7e 22 60 ee				ld (debug_mark), hl  
2d81				endif  
2d81				if DEMARK_VERSION = 0  
2d81					push af  
2d81					ld a, (.dmark)  
2d81					ld (debug_mark),a  
2d81					ld a, (.dmark+1)  
2d81					ld (debug_mark+1),a  
2d81					ld a, (.dmark+2)  
2d81					ld (debug_mark+2),a  
2d81				endif  
2d81 18 04			jr .pastdmark  
2d83 ..			.dmark: db "LP1"  
2d86				if DEMARK_VERSION = 1  
2d86 00					db 0  
2d87				endif  
2d87				if DEMARK_VERSION = 1  
2d87 e1			.pastdmark: pop hl  
2d88				endif  
2d88				if DEMARK_VERSION = 0  
2d88			.pastdmark: pop af  
2d88				endif  
2d88			endm  
# End of macro DMARK
2d88						CALLMONITOR 
2d88				if BASE_CPM=1  
2d88 cd 6b ee				call debug_vector  
2d8b				endif  
2d8b				if BASE_KEV=1  
2d8b					rst 8  
2d8b				endif  
2d8b				endm  
# End of macro CALLMONITOR
2d8b					endif 
2d8b			 
2d8b ed 52			sbc hl, de 
2d8d			 
2d8d			 
2d8d				;  if at limit pop both limit and current off stack do NEXT and get rid of saved DO 
2d8d			 
2d8d 20 1e				jr nz, .loopnotdone 
2d8f			 
2d8f e1				pop hl   ; get rid of saved I 
2d90				FORTH_LOOP_POP     ; get rid of limit 
2d90 cd ee 1a			call macro_forth_loop_pop 
2d93				endm 
# End of macro FORTH_LOOP_POP
2d93			 
2d93				FORTH_RSP_POP     ; get rid of DO ptr 
2d93 cd d0 18			call macro_forth_rsp_pop 
2d96				endm 
# End of macro FORTH_RSP_POP
2d96			 
2d96			if DEBUG_FORTH_WORDS 
2d96						DMARK "LP>" 
2d96				if DEMARK_VERSION = 1  
2d96 e5					push hl  
2d97 21 9f 2d				ld hl, .dmark  
2d9a 22 60 ee				ld (debug_mark), hl  
2d9d				endif  
2d9d				if DEMARK_VERSION = 0  
2d9d					push af  
2d9d					ld a, (.dmark)  
2d9d					ld (debug_mark),a  
2d9d					ld a, (.dmark+1)  
2d9d					ld (debug_mark+1),a  
2d9d					ld a, (.dmark+2)  
2d9d					ld (debug_mark+2),a  
2d9d				endif  
2d9d 18 04			jr .pastdmark  
2d9f ..			.dmark: db "LP>"  
2da2				if DEMARK_VERSION = 1  
2da2 00					db 0  
2da3				endif  
2da3				if DEMARK_VERSION = 1  
2da3 e1			.pastdmark: pop hl  
2da4				endif  
2da4				if DEMARK_VERSION = 0  
2da4			.pastdmark: pop af  
2da4				endif  
2da4			endm  
# End of macro DMARK
2da4				CALLMONITOR 
2da4				if BASE_CPM=1  
2da4 cd 6b ee				call debug_vector  
2da7				endif  
2da7				if BASE_KEV=1  
2da7					rst 8  
2da7				endif  
2da7				endm  
# End of macro CALLMONITOR
2da7			endif 
2da7			 
2da7					NEXTW 
2da7 cd 68 ee			call parse_vector 
2daa c3 46 1c			jp macro_next 
2dad				endm 
# End of macro NEXTW
2dad				; if not at limit. Inc I and update TOS get RTS off stack and reset parser 
2dad			 
2dad			.loopnotdone: 
2dad			 
2dad e1				pop hl    ; get I 
2dae 23				inc hl 
2daf			 
2daf			   	; save new I 
2daf			 
2daf			 
2daf					; set I counter 
2daf			 
2daf 22 c2 e5				ld (os_current_i), hl 
2db2			 
2db2					if DEBUG_FORTH_WORDS 
2db2						DMARK "LPN" 
2db2				if DEMARK_VERSION = 1  
2db2 e5					push hl  
2db3 21 bb 2d				ld hl, .dmark  
2db6 22 60 ee				ld (debug_mark), hl  
2db9				endif  
2db9				if DEMARK_VERSION = 0  
2db9					push af  
2db9					ld a, (.dmark)  
2db9					ld (debug_mark),a  
2db9					ld a, (.dmark+1)  
2db9					ld (debug_mark+1),a  
2db9					ld a, (.dmark+2)  
2db9					ld (debug_mark+2),a  
2db9				endif  
2db9 18 04			jr .pastdmark  
2dbb ..			.dmark: db "LPN"  
2dbe				if DEMARK_VERSION = 1  
2dbe 00					db 0  
2dbf				endif  
2dbf				if DEMARK_VERSION = 1  
2dbf e1			.pastdmark: pop hl  
2dc0				endif  
2dc0				if DEMARK_VERSION = 0  
2dc0			.pastdmark: pop af  
2dc0				endif  
2dc0			endm  
# End of macro DMARK
2dc0					CALLMONITOR 
2dc0				if BASE_CPM=1  
2dc0 cd 6b ee				call debug_vector  
2dc3				endif  
2dc3				if BASE_KEV=1  
2dc3					rst 8  
2dc3				endif  
2dc3				endm  
# End of macro CALLMONITOR
2dc3					endif 
2dc3					 
2dc3				FORTH_LOOP_NEXT 
2dc3 cd bc 1a			call macro_forth_loop_next 
2dc6				endm 
# End of macro FORTH_LOOP_NEXT
2dc6			 
2dc6			 
2dc6					if DEBUG_FORTH_WORDS 
2dc6 eb						ex de,hl 
2dc7					endif 
2dc7			 
2dc7			;	; get DO ptr 
2dc7			; 
2dc7					if DEBUG_FORTH_WORDS 
2dc7						DMARK "LP7" 
2dc7				if DEMARK_VERSION = 1  
2dc7 e5					push hl  
2dc8 21 d0 2d				ld hl, .dmark  
2dcb 22 60 ee				ld (debug_mark), hl  
2dce				endif  
2dce				if DEMARK_VERSION = 0  
2dce					push af  
2dce					ld a, (.dmark)  
2dce					ld (debug_mark),a  
2dce					ld a, (.dmark+1)  
2dce					ld (debug_mark+1),a  
2dce					ld a, (.dmark+2)  
2dce					ld (debug_mark+2),a  
2dce				endif  
2dce 18 04			jr .pastdmark  
2dd0 ..			.dmark: db "LP7"  
2dd3				if DEMARK_VERSION = 1  
2dd3 00					db 0  
2dd4				endif  
2dd4				if DEMARK_VERSION = 1  
2dd4 e1			.pastdmark: pop hl  
2dd5				endif  
2dd5				if DEMARK_VERSION = 0  
2dd5			.pastdmark: pop af  
2dd5				endif  
2dd5			endm  
# End of macro DMARK
2dd5					CALLMONITOR 
2dd5				if BASE_CPM=1  
2dd5 cd 6b ee				call debug_vector  
2dd8				endif  
2dd8				if BASE_KEV=1  
2dd8					rst 8  
2dd8				endif  
2dd8				endm  
# End of macro CALLMONITOR
2dd8					endif 
2dd8				FORTH_RSP_TOS 
2dd8 cd c6 18			call macro_forth_rsp_tos 
2ddb				endm 
# End of macro FORTH_RSP_TOS
2ddb			 
2ddb					if DEBUG_FORTH_WORDS 
2ddb						DMARK "LP8" 
2ddb				if DEMARK_VERSION = 1  
2ddb e5					push hl  
2ddc 21 e4 2d				ld hl, .dmark  
2ddf 22 60 ee				ld (debug_mark), hl  
2de2				endif  
2de2				if DEMARK_VERSION = 0  
2de2					push af  
2de2					ld a, (.dmark)  
2de2					ld (debug_mark),a  
2de2					ld a, (.dmark+1)  
2de2					ld (debug_mark+1),a  
2de2					ld a, (.dmark+2)  
2de2					ld (debug_mark+2),a  
2de2				endif  
2de2 18 04			jr .pastdmark  
2de4 ..			.dmark: db "LP8"  
2de7				if DEMARK_VERSION = 1  
2de7 00					db 0  
2de8				endif  
2de8				if DEMARK_VERSION = 1  
2de8 e1			.pastdmark: pop hl  
2de9				endif  
2de9				if DEMARK_VERSION = 0  
2de9			.pastdmark: pop af  
2de9				endif  
2de9			endm  
# End of macro DMARK
2de9					CALLMONITOR 
2de9				if BASE_CPM=1  
2de9 cd 6b ee				call debug_vector  
2dec				endif  
2dec				if BASE_KEV=1  
2dec					rst 8  
2dec				endif  
2dec				endm  
# End of macro CALLMONITOR
2dec					endif 
2dec				;push hl 
2dec			 
2dec				; not going to DO any more 
2dec				; get rid of the RSP pointer as DO will add it back in 
2dec				;FORTH_RSP_POP 
2dec				;pop hl 
2dec			 
2dec				;ld hl,(cli_ret_sp) 
2dec				;ld e, (hl) 
2dec				;inc hl 
2dec				;ld d, (hl) 
2dec				;ex de,hl 
2dec 22 9e e5			ld (os_tok_ptr), hl 
2def					if DEBUG_FORTH_WORDS 
2def						DMARK "LP<" 
2def				if DEMARK_VERSION = 1  
2def e5					push hl  
2df0 21 f8 2d				ld hl, .dmark  
2df3 22 60 ee				ld (debug_mark), hl  
2df6				endif  
2df6				if DEMARK_VERSION = 0  
2df6					push af  
2df6					ld a, (.dmark)  
2df6					ld (debug_mark),a  
2df6					ld a, (.dmark+1)  
2df6					ld (debug_mark+1),a  
2df6					ld a, (.dmark+2)  
2df6					ld (debug_mark+2),a  
2df6				endif  
2df6 18 04			jr .pastdmark  
2df8 ..			.dmark: db "LP<"  
2dfb				if DEMARK_VERSION = 1  
2dfb 00					db 0  
2dfc				endif  
2dfc				if DEMARK_VERSION = 1  
2dfc e1			.pastdmark: pop hl  
2dfd				endif  
2dfd				if DEMARK_VERSION = 0  
2dfd			.pastdmark: pop af  
2dfd				endif  
2dfd			endm  
# End of macro DMARK
2dfd					CALLMONITOR 
2dfd				if BASE_CPM=1  
2dfd cd 6b ee				call debug_vector  
2e00				endif  
2e00				if BASE_KEV=1  
2e00					rst 8  
2e00				endif  
2e00				endm  
# End of macro CALLMONITOR
2e00				endif 
2e00 c3 c7 1c			jp exec1 
2e03			 
2e03					 
2e03			 
2e03			 
2e03					NEXTW 
2e03 cd 68 ee			call parse_vector 
2e06 c3 46 1c			jp macro_next 
2e09				endm 
# End of macro NEXTW
2e09			.I:  
2e09			 
2e09				CWHEAD .DLOOP 74 "I" 1 WORD_FLAG_CODE 
2e09 5e				db WORD_SYS_CORE+74             
2e0a 2c 2e			dw .DLOOP            
2e0c 02				db 1 + 1 
2e0d .. 00			db "I",0              
2e0f				endm 
# End of macro CWHEAD
2e0f			; | I ( -- ) Current loop counter | DONE 
2e0f					if DEBUG_FORTH_WORDS_KEY 
2e0f						DMARK "I.." 
2e0f				if DEMARK_VERSION = 1  
2e0f e5					push hl  
2e10 21 18 2e				ld hl, .dmark  
2e13 22 60 ee				ld (debug_mark), hl  
2e16				endif  
2e16				if DEMARK_VERSION = 0  
2e16					push af  
2e16					ld a, (.dmark)  
2e16					ld (debug_mark),a  
2e16					ld a, (.dmark+1)  
2e16					ld (debug_mark+1),a  
2e16					ld a, (.dmark+2)  
2e16					ld (debug_mark+2),a  
2e16				endif  
2e16 18 04			jr .pastdmark  
2e18 ..			.dmark: db "I.."  
2e1b				if DEMARK_VERSION = 1  
2e1b 00					db 0  
2e1c				endif  
2e1c				if DEMARK_VERSION = 1  
2e1c e1			.pastdmark: pop hl  
2e1d				endif  
2e1d				if DEMARK_VERSION = 0  
2e1d			.pastdmark: pop af  
2e1d				endif  
2e1d			endm  
# End of macro DMARK
2e1d						CALLMONITOR 
2e1d				if BASE_CPM=1  
2e1d cd 6b ee				call debug_vector  
2e20				endif  
2e20				if BASE_KEV=1  
2e20					rst 8  
2e20				endif  
2e20				endm  
# End of macro CALLMONITOR
2e20					endif 
2e20			 
2e20 2a c2 e5				ld hl,(os_current_i) 
2e23					;call forth_push_numhl 
2e23					FORTH_PUSH_VALUEHL 
2e23				if BASE_CPM=1 
2e23 cd 08 19				call forth_push_numhl 
2e26				endif 
2e26				if BASE_KEV=1 
2e26					rst $20 
2e26				endif 
2e26				endm 
# End of macro FORTH_PUSH_VALUEHL
2e26			 
2e26					NEXTW 
2e26 cd 68 ee			call parse_vector 
2e29 c3 46 1c			jp macro_next 
2e2c				endm 
# End of macro NEXTW
2e2c			.DLOOP: 
2e2c				CWHEAD .REPEAT 75 "-LOOP" 5 WORD_FLAG_CODE 
2e2c 5f				db WORD_SYS_CORE+75             
2e2d d1 2e			dw .REPEAT            
2e2f 06				db 5 + 1 
2e30 .. 00			db "-LOOP",0              
2e36				endm 
# End of macro CWHEAD
2e36			; | -LOOP ( -- ) Decrement and test loop counter  | DONE 
2e36				; pop tos as current loop count to hl 
2e36					if DEBUG_FORTH_WORDS_KEY 
2e36						DMARK "-LP" 
2e36				if DEMARK_VERSION = 1  
2e36 e5					push hl  
2e37 21 3f 2e				ld hl, .dmark  
2e3a 22 60 ee				ld (debug_mark), hl  
2e3d				endif  
2e3d				if DEMARK_VERSION = 0  
2e3d					push af  
2e3d					ld a, (.dmark)  
2e3d					ld (debug_mark),a  
2e3d					ld a, (.dmark+1)  
2e3d					ld (debug_mark+1),a  
2e3d					ld a, (.dmark+2)  
2e3d					ld (debug_mark+2),a  
2e3d				endif  
2e3d 18 04			jr .pastdmark  
2e3f ..			.dmark: db "-LP"  
2e42				if DEMARK_VERSION = 1  
2e42 00					db 0  
2e43				endif  
2e43				if DEMARK_VERSION = 1  
2e43 e1			.pastdmark: pop hl  
2e44				endif  
2e44				if DEMARK_VERSION = 0  
2e44			.pastdmark: pop af  
2e44				endif  
2e44			endm  
# End of macro DMARK
2e44						CALLMONITOR 
2e44				if BASE_CPM=1  
2e44 cd 6b ee				call debug_vector  
2e47				endif  
2e47				if BASE_KEV=1  
2e47					rst 8  
2e47				endif  
2e47				endm  
# End of macro CALLMONITOR
2e47					endif 
2e47			 
2e47				; if new tos (loop limit) is not same as hl, inc hl, push hl to tos, pop rsp and set pc to it 
2e47			 
2e47				FORTH_LOOP_TOS 
2e47 cd e4 1a			call macro_forth_loop_tos 
2e4a				endm 
# End of macro FORTH_LOOP_TOS
2e4a e5				push hl 
2e4b			 
2e4b					if DEBUG_FORTH_WORDS 
2e4b						DMARK "-LP" 
2e4b				if DEMARK_VERSION = 1  
2e4b e5					push hl  
2e4c 21 54 2e				ld hl, .dmark  
2e4f 22 60 ee				ld (debug_mark), hl  
2e52				endif  
2e52				if DEMARK_VERSION = 0  
2e52					push af  
2e52					ld a, (.dmark)  
2e52					ld (debug_mark),a  
2e52					ld a, (.dmark+1)  
2e52					ld (debug_mark+1),a  
2e52					ld a, (.dmark+2)  
2e52					ld (debug_mark+2),a  
2e52				endif  
2e52 18 04			jr .pastdmark  
2e54 ..			.dmark: db "-LP"  
2e57				if DEMARK_VERSION = 1  
2e57 00					db 0  
2e58				endif  
2e58				if DEMARK_VERSION = 1  
2e58 e1			.pastdmark: pop hl  
2e59				endif  
2e59				if DEMARK_VERSION = 0  
2e59			.pastdmark: pop af  
2e59				endif  
2e59			endm  
# End of macro DMARK
2e59						CALLMONITOR 
2e59				if BASE_CPM=1  
2e59 cd 6b ee				call debug_vector  
2e5c				endif  
2e5c				if BASE_KEV=1  
2e5c					rst 8  
2e5c				endif  
2e5c				endm  
# End of macro CALLMONITOR
2e5c					endif 
2e5c				; next item on the stack is the limit. get it 
2e5c			 
2e5c			 
2e5c				FORTH_LOOP_POP 
2e5c cd ee 1a			call macro_forth_loop_pop 
2e5f				endm 
# End of macro FORTH_LOOP_POP
2e5f			 
2e5f				FORTH_LOOP_TOS 
2e5f cd e4 1a			call macro_forth_loop_tos 
2e62				endm 
# End of macro FORTH_LOOP_TOS
2e62			 
2e62 d1				pop de		 ; de = i, hl = limit 
2e63			 
2e63					if DEBUG_FORTH_WORDS 
2e63						DMARK "-L1" 
2e63				if DEMARK_VERSION = 1  
2e63 e5					push hl  
2e64 21 6c 2e				ld hl, .dmark  
2e67 22 60 ee				ld (debug_mark), hl  
2e6a				endif  
2e6a				if DEMARK_VERSION = 0  
2e6a					push af  
2e6a					ld a, (.dmark)  
2e6a					ld (debug_mark),a  
2e6a					ld a, (.dmark+1)  
2e6a					ld (debug_mark+1),a  
2e6a					ld a, (.dmark+2)  
2e6a					ld (debug_mark+2),a  
2e6a				endif  
2e6a 18 04			jr .pastdmark  
2e6c ..			.dmark: db "-L1"  
2e6f				if DEMARK_VERSION = 1  
2e6f 00					db 0  
2e70				endif  
2e70				if DEMARK_VERSION = 1  
2e70 e1			.pastdmark: pop hl  
2e71				endif  
2e71				if DEMARK_VERSION = 0  
2e71			.pastdmark: pop af  
2e71				endif  
2e71			endm  
# End of macro DMARK
2e71						CALLMONITOR 
2e71				if BASE_CPM=1  
2e71 cd 6b ee				call debug_vector  
2e74				endif  
2e74				if BASE_KEV=1  
2e74					rst 8  
2e74				endif  
2e74				endm  
# End of macro CALLMONITOR
2e74					endif 
2e74			 
2e74				; go back to previous word 
2e74			 
2e74 d5				push de    ; save I for inc later 
2e75			 
2e75			 
2e75				; get limit 
2e75				;  is I at limit? 
2e75			 
2e75			 
2e75					if DEBUG_FORTH_WORDS 
2e75						DMARK "-L1" 
2e75				if DEMARK_VERSION = 1  
2e75 e5					push hl  
2e76 21 7e 2e				ld hl, .dmark  
2e79 22 60 ee				ld (debug_mark), hl  
2e7c				endif  
2e7c				if DEMARK_VERSION = 0  
2e7c					push af  
2e7c					ld a, (.dmark)  
2e7c					ld (debug_mark),a  
2e7c					ld a, (.dmark+1)  
2e7c					ld (debug_mark+1),a  
2e7c					ld a, (.dmark+2)  
2e7c					ld (debug_mark+2),a  
2e7c				endif  
2e7c 18 04			jr .pastdmark  
2e7e ..			.dmark: db "-L1"  
2e81				if DEMARK_VERSION = 1  
2e81 00					db 0  
2e82				endif  
2e82				if DEMARK_VERSION = 1  
2e82 e1			.pastdmark: pop hl  
2e83				endif  
2e83				if DEMARK_VERSION = 0  
2e83			.pastdmark: pop af  
2e83				endif  
2e83			endm  
# End of macro DMARK
2e83						CALLMONITOR 
2e83				if BASE_CPM=1  
2e83 cd 6b ee				call debug_vector  
2e86				endif  
2e86				if BASE_KEV=1  
2e86					rst 8  
2e86				endif  
2e86				endm  
# End of macro CALLMONITOR
2e86					endif 
2e86			 
2e86 ed 52			sbc hl, de 
2e88			 
2e88			 
2e88				;  if at limit pop both limit and current off stack do NEXT and get rid of saved DO 
2e88			 
2e88 20 1e				jr nz, .mloopnotdone 
2e8a			 
2e8a e1				pop hl   ; get rid of saved I 
2e8b				FORTH_LOOP_POP     ; get rid of limit 
2e8b cd ee 1a			call macro_forth_loop_pop 
2e8e				endm 
# End of macro FORTH_LOOP_POP
2e8e			 
2e8e				FORTH_RSP_POP     ; get rid of DO ptr 
2e8e cd d0 18			call macro_forth_rsp_pop 
2e91				endm 
# End of macro FORTH_RSP_POP
2e91			 
2e91			if DEBUG_FORTH_WORDS 
2e91						DMARK "-L>" 
2e91				if DEMARK_VERSION = 1  
2e91 e5					push hl  
2e92 21 9a 2e				ld hl, .dmark  
2e95 22 60 ee				ld (debug_mark), hl  
2e98				endif  
2e98				if DEMARK_VERSION = 0  
2e98					push af  
2e98					ld a, (.dmark)  
2e98					ld (debug_mark),a  
2e98					ld a, (.dmark+1)  
2e98					ld (debug_mark+1),a  
2e98					ld a, (.dmark+2)  
2e98					ld (debug_mark+2),a  
2e98				endif  
2e98 18 04			jr .pastdmark  
2e9a ..			.dmark: db "-L>"  
2e9d				if DEMARK_VERSION = 1  
2e9d 00					db 0  
2e9e				endif  
2e9e				if DEMARK_VERSION = 1  
2e9e e1			.pastdmark: pop hl  
2e9f				endif  
2e9f				if DEMARK_VERSION = 0  
2e9f			.pastdmark: pop af  
2e9f				endif  
2e9f			endm  
# End of macro DMARK
2e9f				CALLMONITOR 
2e9f				if BASE_CPM=1  
2e9f cd 6b ee				call debug_vector  
2ea2				endif  
2ea2				if BASE_KEV=1  
2ea2					rst 8  
2ea2				endif  
2ea2				endm  
# End of macro CALLMONITOR
2ea2			endif 
2ea2			 
2ea2					NEXTW 
2ea2 cd 68 ee			call parse_vector 
2ea5 c3 46 1c			jp macro_next 
2ea8				endm 
# End of macro NEXTW
2ea8				; if not at limit. Inc I and update TOS get RTS off stack and reset parser 
2ea8			 
2ea8			.mloopnotdone: 
2ea8			 
2ea8 e1				pop hl    ; get I 
2ea9 2b				dec hl 
2eaa			 
2eaa			   	; save new I 
2eaa			 
2eaa			 
2eaa					; set I counter 
2eaa			 
2eaa 22 c2 e5				ld (os_current_i), hl 
2ead			 
2ead					 
2ead				FORTH_LOOP_NEXT 
2ead cd bc 1a			call macro_forth_loop_next 
2eb0				endm 
# End of macro FORTH_LOOP_NEXT
2eb0			 
2eb0			 
2eb0					if DEBUG_FORTH_WORDS 
2eb0 eb						ex de,hl 
2eb1					endif 
2eb1			 
2eb1			;	; get DO ptr 
2eb1			; 
2eb1				FORTH_RSP_TOS 
2eb1 cd c6 18			call macro_forth_rsp_tos 
2eb4				endm 
# End of macro FORTH_RSP_TOS
2eb4			 
2eb4				;push hl 
2eb4			 
2eb4				; not going to DO any more 
2eb4				; get rid of the RSP pointer as DO will add it back in 
2eb4				;FORTH_RSP_POP 
2eb4				;pop hl 
2eb4			 
2eb4			 
2eb4 22 9e e5			ld (os_tok_ptr), hl 
2eb7					if DEBUG_FORTH_WORDS 
2eb7						DMARK "-L<" 
2eb7				if DEMARK_VERSION = 1  
2eb7 e5					push hl  
2eb8 21 c0 2e				ld hl, .dmark  
2ebb 22 60 ee				ld (debug_mark), hl  
2ebe				endif  
2ebe				if DEMARK_VERSION = 0  
2ebe					push af  
2ebe					ld a, (.dmark)  
2ebe					ld (debug_mark),a  
2ebe					ld a, (.dmark+1)  
2ebe					ld (debug_mark+1),a  
2ebe					ld a, (.dmark+2)  
2ebe					ld (debug_mark+2),a  
2ebe				endif  
2ebe 18 04			jr .pastdmark  
2ec0 ..			.dmark: db "-L<"  
2ec3				if DEMARK_VERSION = 1  
2ec3 00					db 0  
2ec4				endif  
2ec4				if DEMARK_VERSION = 1  
2ec4 e1			.pastdmark: pop hl  
2ec5				endif  
2ec5				if DEMARK_VERSION = 0  
2ec5			.pastdmark: pop af  
2ec5				endif  
2ec5			endm  
# End of macro DMARK
2ec5					CALLMONITOR 
2ec5				if BASE_CPM=1  
2ec5 cd 6b ee				call debug_vector  
2ec8				endif  
2ec8				if BASE_KEV=1  
2ec8					rst 8  
2ec8				endif  
2ec8				endm  
# End of macro CALLMONITOR
2ec8				endif 
2ec8 c3 c7 1c			jp exec1 
2ecb			 
2ecb					 
2ecb			 
2ecb			 
2ecb			 
2ecb				NEXTW 
2ecb cd 68 ee			call parse_vector 
2ece c3 46 1c			jp macro_next 
2ed1				endm 
# End of macro NEXTW
2ed1			 
2ed1			 
2ed1			 
2ed1			 
2ed1			.REPEAT: 
2ed1				CWHEAD .UNTIL 93 "REPEAT" 5 WORD_FLAG_CODE 
2ed1 71				db WORD_SYS_CORE+93             
2ed2 11 2f			dw .UNTIL            
2ed4 06				db 5 + 1 
2ed5 .. 00			db "REPEAT",0              
2edc				endm 
# End of macro CWHEAD
2edc			; | REPEAT ( --  ) Start REPEAT...UNTIL loop  | DONE 
2edc			;  push pc to rsp stack past the REPEAT 
2edc					if DEBUG_FORTH_WORDS_KEY 
2edc						DMARK "REP" 
2edc				if DEMARK_VERSION = 1  
2edc e5					push hl  
2edd 21 e5 2e				ld hl, .dmark  
2ee0 22 60 ee				ld (debug_mark), hl  
2ee3				endif  
2ee3				if DEMARK_VERSION = 0  
2ee3					push af  
2ee3					ld a, (.dmark)  
2ee3					ld (debug_mark),a  
2ee3					ld a, (.dmark+1)  
2ee3					ld (debug_mark+1),a  
2ee3					ld a, (.dmark+2)  
2ee3					ld (debug_mark+2),a  
2ee3				endif  
2ee3 18 04			jr .pastdmark  
2ee5 ..			.dmark: db "REP"  
2ee8				if DEMARK_VERSION = 1  
2ee8 00					db 0  
2ee9				endif  
2ee9				if DEMARK_VERSION = 1  
2ee9 e1			.pastdmark: pop hl  
2eea				endif  
2eea				if DEMARK_VERSION = 0  
2eea			.pastdmark: pop af  
2eea				endif  
2eea			endm  
# End of macro DMARK
2eea						CALLMONITOR 
2eea				if BASE_CPM=1  
2eea cd 6b ee				call debug_vector  
2eed				endif  
2eed				if BASE_KEV=1  
2eed					rst 8  
2eed				endif  
2eed				endm  
# End of macro CALLMONITOR
2eed					endif 
2eed			 
2eed 2a 9e e5				ld hl, (os_tok_ptr) 
2ef0 23					inc hl   ; R 
2ef1 23					inc hl  ; E 
2ef2 23					inc hl   ; P 
2ef3 23					inc hl   ; E 
2ef4 23					inc hl   ; A 
2ef5 23					inc hl   ; T 
2ef6 23					inc hl   ; zero 
2ef7					FORTH_RSP_NEXT 
2ef7 cd af 18			call macro_forth_rsp_next 
2efa				endm 
# End of macro FORTH_RSP_NEXT
2efa			 
2efa			 
2efa					if DEBUG_FORTH_WORDS 
2efa						DMARK "REP" 
2efa				if DEMARK_VERSION = 1  
2efa e5					push hl  
2efb 21 03 2f				ld hl, .dmark  
2efe 22 60 ee				ld (debug_mark), hl  
2f01				endif  
2f01				if DEMARK_VERSION = 0  
2f01					push af  
2f01					ld a, (.dmark)  
2f01					ld (debug_mark),a  
2f01					ld a, (.dmark+1)  
2f01					ld (debug_mark+1),a  
2f01					ld a, (.dmark+2)  
2f01					ld (debug_mark+2),a  
2f01				endif  
2f01 18 04			jr .pastdmark  
2f03 ..			.dmark: db "REP"  
2f06				if DEMARK_VERSION = 1  
2f06 00					db 0  
2f07				endif  
2f07				if DEMARK_VERSION = 1  
2f07 e1			.pastdmark: pop hl  
2f08				endif  
2f08				if DEMARK_VERSION = 0  
2f08			.pastdmark: pop af  
2f08				endif  
2f08			endm  
# End of macro DMARK
2f08						;pop bc    ; TODO BUG ?????? what is this for???? 
2f08						CALLMONITOR 
2f08				if BASE_CPM=1  
2f08 cd 6b ee				call debug_vector  
2f0b				endif  
2f0b				if BASE_KEV=1  
2f0b					rst 8  
2f0b				endif  
2f0b				endm  
# End of macro CALLMONITOR
2f0b					endif 
2f0b			 
2f0b					NEXTW 
2f0b cd 68 ee			call parse_vector 
2f0e c3 46 1c			jp macro_next 
2f11				endm 
# End of macro NEXTW
2f11			;	       NEXTW 
2f11			 
2f11			.UNTIL: 
2f11				CWHEAD .ENDFLOW 94 "UNTIL" 5 WORD_FLAG_CODE 
2f11 72				db WORD_SYS_CORE+94             
2f12 82 2f			dw .ENDFLOW            
2f14 06				db 5 + 1 
2f15 .. 00			db "UNTIL",0              
2f1b				endm 
# End of macro CWHEAD
2f1b			; | UNTIL ( u -- ) Exit REPEAT...UNTIL loop if TOS is false  | DONE 
2f1b			 
2f1b				; pop tos as check 
2f1b			 
2f1b				; if new tos (loop limit) is not same as hl, inc hl, push hl to tos, pop rsp and set pc to it 
2f1b			 
2f1b				FORTH_DSP_VALUEHL 
2f1b				if BASE_CPM=1 
2f1b cd 96 1a			call macro_dsp_valuehl 
2f1e				endif 
2f1e				if BASE_KEV=1 
2f1e					rst $18 
2f1e				endif 
2f1e				endm 
# End of macro FORTH_DSP_VALUEHL
2f1e			 
2f1e					if DEBUG_FORTH_WORDS_KEY 
2f1e						DMARK "UNT" 
2f1e				if DEMARK_VERSION = 1  
2f1e e5					push hl  
2f1f 21 27 2f				ld hl, .dmark  
2f22 22 60 ee				ld (debug_mark), hl  
2f25				endif  
2f25				if DEMARK_VERSION = 0  
2f25					push af  
2f25					ld a, (.dmark)  
2f25					ld (debug_mark),a  
2f25					ld a, (.dmark+1)  
2f25					ld (debug_mark+1),a  
2f25					ld a, (.dmark+2)  
2f25					ld (debug_mark+2),a  
2f25				endif  
2f25 18 04			jr .pastdmark  
2f27 ..			.dmark: db "UNT"  
2f2a				if DEMARK_VERSION = 1  
2f2a 00					db 0  
2f2b				endif  
2f2b				if DEMARK_VERSION = 1  
2f2b e1			.pastdmark: pop hl  
2f2c				endif  
2f2c				if DEMARK_VERSION = 0  
2f2c			.pastdmark: pop af  
2f2c				endif  
2f2c			endm  
# End of macro DMARK
2f2c						CALLMONITOR 
2f2c				if BASE_CPM=1  
2f2c cd 6b ee				call debug_vector  
2f2f				endif  
2f2f				if BASE_KEV=1  
2f2f					rst 8  
2f2f				endif  
2f2f				endm  
# End of macro CALLMONITOR
2f2f					endif 
2f2f			 
2f2f			;	push hl 
2f2f				FORTH_DSP_POP 
2f2f				if BASE_CPM=1 
2f2f cd 2d 1b			call macro_forth_dsp_pop 
2f32				endif 
2f32				if BASE_KEV=1 
2f32					rst $10 
2f32				endif 
2f32				endm 
# End of macro FORTH_DSP_POP
2f32			 
2f32			;	pop hl 
2f32			 
2f32				; test if true 
2f32			 
2f32 cd 22 0c			call ishlzero 
2f35			;	ld a,l 
2f35			;	add h 
2f35			; 
2f35			;	cp 0 
2f35			 
2f35 20 2b			jr nz, .untilnotdone 
2f37			 
2f37					if DEBUG_FORTH_WORDS 
2f37						DMARK "UNf" 
2f37				if DEMARK_VERSION = 1  
2f37 e5					push hl  
2f38 21 40 2f				ld hl, .dmark  
2f3b 22 60 ee				ld (debug_mark), hl  
2f3e				endif  
2f3e				if DEMARK_VERSION = 0  
2f3e					push af  
2f3e					ld a, (.dmark)  
2f3e					ld (debug_mark),a  
2f3e					ld a, (.dmark+1)  
2f3e					ld (debug_mark+1),a  
2f3e					ld a, (.dmark+2)  
2f3e					ld (debug_mark+2),a  
2f3e				endif  
2f3e 18 04			jr .pastdmark  
2f40 ..			.dmark: db "UNf"  
2f43				if DEMARK_VERSION = 1  
2f43 00					db 0  
2f44				endif  
2f44				if DEMARK_VERSION = 1  
2f44 e1			.pastdmark: pop hl  
2f45				endif  
2f45				if DEMARK_VERSION = 0  
2f45			.pastdmark: pop af  
2f45				endif  
2f45			endm  
# End of macro DMARK
2f45						CALLMONITOR 
2f45				if BASE_CPM=1  
2f45 cd 6b ee				call debug_vector  
2f48				endif  
2f48				if BASE_KEV=1  
2f48					rst 8  
2f48				endif  
2f48				endm  
# End of macro CALLMONITOR
2f48					endif 
2f48			 
2f48			 
2f48			 
2f48				FORTH_RSP_POP     ; get rid of DO ptr 
2f48 cd d0 18			call macro_forth_rsp_pop 
2f4b				endm 
# End of macro FORTH_RSP_POP
2f4b			 
2f4b			if DEBUG_FORTH_WORDS 
2f4b						DMARK "UN>" 
2f4b				if DEMARK_VERSION = 1  
2f4b e5					push hl  
2f4c 21 54 2f				ld hl, .dmark  
2f4f 22 60 ee				ld (debug_mark), hl  
2f52				endif  
2f52				if DEMARK_VERSION = 0  
2f52					push af  
2f52					ld a, (.dmark)  
2f52					ld (debug_mark),a  
2f52					ld a, (.dmark+1)  
2f52					ld (debug_mark+1),a  
2f52					ld a, (.dmark+2)  
2f52					ld (debug_mark+2),a  
2f52				endif  
2f52 18 04			jr .pastdmark  
2f54 ..			.dmark: db "UN>"  
2f57				if DEMARK_VERSION = 1  
2f57 00					db 0  
2f58				endif  
2f58				if DEMARK_VERSION = 1  
2f58 e1			.pastdmark: pop hl  
2f59				endif  
2f59				if DEMARK_VERSION = 0  
2f59			.pastdmark: pop af  
2f59				endif  
2f59			endm  
# End of macro DMARK
2f59				CALLMONITOR 
2f59				if BASE_CPM=1  
2f59 cd 6b ee				call debug_vector  
2f5c				endif  
2f5c				if BASE_KEV=1  
2f5c					rst 8  
2f5c				endif  
2f5c				endm  
# End of macro CALLMONITOR
2f5c			endif 
2f5c			 
2f5c					NEXTW 
2f5c cd 68 ee			call parse_vector 
2f5f c3 46 1c			jp macro_next 
2f62				endm 
# End of macro NEXTW
2f62				; if not at limit. Inc I and update TOS get RTS off stack and reset parser 
2f62			 
2f62			.untilnotdone: 
2f62			 
2f62			 
2f62			;	; get DO ptr 
2f62			; 
2f62				FORTH_RSP_TOS 
2f62 cd c6 18			call macro_forth_rsp_tos 
2f65				endm 
# End of macro FORTH_RSP_TOS
2f65			 
2f65				;push hl 
2f65			 
2f65				; not going to DO any more 
2f65				; get rid of the RSP pointer as DO will add it back in 
2f65				;FORTH_RSP_POP 
2f65				;pop hl 
2f65			 
2f65			 
2f65 22 9e e5			ld (os_tok_ptr), hl 
2f68					if DEBUG_FORTH_WORDS 
2f68						DMARK "UN<" 
2f68				if DEMARK_VERSION = 1  
2f68 e5					push hl  
2f69 21 71 2f				ld hl, .dmark  
2f6c 22 60 ee				ld (debug_mark), hl  
2f6f				endif  
2f6f				if DEMARK_VERSION = 0  
2f6f					push af  
2f6f					ld a, (.dmark)  
2f6f					ld (debug_mark),a  
2f6f					ld a, (.dmark+1)  
2f6f					ld (debug_mark+1),a  
2f6f					ld a, (.dmark+2)  
2f6f					ld (debug_mark+2),a  
2f6f				endif  
2f6f 18 04			jr .pastdmark  
2f71 ..			.dmark: db "UN<"  
2f74				if DEMARK_VERSION = 1  
2f74 00					db 0  
2f75				endif  
2f75				if DEMARK_VERSION = 1  
2f75 e1			.pastdmark: pop hl  
2f76				endif  
2f76				if DEMARK_VERSION = 0  
2f76			.pastdmark: pop af  
2f76				endif  
2f76			endm  
# End of macro DMARK
2f76					CALLMONITOR 
2f76				if BASE_CPM=1  
2f76 cd 6b ee				call debug_vector  
2f79				endif  
2f79				if BASE_KEV=1  
2f79					rst 8  
2f79				endif  
2f79				endm  
# End of macro CALLMONITOR
2f79				endif 
2f79 c3 c7 1c			jp exec1 
2f7c			 
2f7c					 
2f7c			 
2f7c			 
2f7c					NEXTW 
2f7c cd 68 ee			call parse_vector 
2f7f c3 46 1c			jp macro_next 
2f82				endm 
# End of macro NEXTW
2f82			 
2f82			 
2f82			.ENDFLOW: 
2f82			 
2f82			; eof 
2f82			 
# End of file forth_words_flow.asm
2f82			; TODO something wrong with the first word of the next word group. no matter which group applies. On device, sc114 is fine. bad memory? 
2f82			include "forth_words_logic.asm" 
2f82			 
2f82			; | ## Logic Words 
2f82			 
2f82			.AND: 
2f82				CWHEAD .OR 25 "AND" 3 WORD_FLAG_CODE 
2f82 2d				db WORD_SYS_CORE+25             
2f83 b7 2f			dw .OR            
2f85 04				db 3 + 1 
2f86 .. 00			db "AND",0              
2f8a				endm 
# End of macro CWHEAD
2f8a			; | AND ( u1 u2  -- u3 ) u3 is logical AND of u1 with u2 | DONE 
2f8a					if DEBUG_FORTH_WORDS_KEY 
2f8a						DMARK "AND" 
2f8a				if DEMARK_VERSION = 1  
2f8a e5					push hl  
2f8b 21 93 2f				ld hl, .dmark  
2f8e 22 60 ee				ld (debug_mark), hl  
2f91				endif  
2f91				if DEMARK_VERSION = 0  
2f91					push af  
2f91					ld a, (.dmark)  
2f91					ld (debug_mark),a  
2f91					ld a, (.dmark+1)  
2f91					ld (debug_mark+1),a  
2f91					ld a, (.dmark+2)  
2f91					ld (debug_mark+2),a  
2f91				endif  
2f91 18 04			jr .pastdmark  
2f93 ..			.dmark: db "AND"  
2f96				if DEMARK_VERSION = 1  
2f96 00					db 0  
2f97				endif  
2f97				if DEMARK_VERSION = 1  
2f97 e1			.pastdmark: pop hl  
2f98				endif  
2f98				if DEMARK_VERSION = 0  
2f98			.pastdmark: pop af  
2f98				endif  
2f98			endm  
# End of macro DMARK
2f98						CALLMONITOR 
2f98				if BASE_CPM=1  
2f98 cd 6b ee				call debug_vector  
2f9b				endif  
2f9b				if BASE_KEV=1  
2f9b					rst 8  
2f9b				endif  
2f9b				endm  
# End of macro CALLMONITOR
2f9b					endif 
2f9b				        FORTH_DSP_VALUEHL 
2f9b				if BASE_CPM=1 
2f9b cd 96 1a			call macro_dsp_valuehl 
2f9e				endif 
2f9e				if BASE_KEV=1 
2f9e					rst $18 
2f9e				endif 
2f9e				endm 
# End of macro FORTH_DSP_VALUEHL
2f9e					FORTH_DSP_POP  ; TODO add stock underflow checks and throws  
2f9e				if BASE_CPM=1 
2f9e cd 2d 1b			call macro_forth_dsp_pop 
2fa1				endif 
2fa1				if BASE_KEV=1 
2fa1					rst $10 
2fa1				endif 
2fa1				endm 
# End of macro FORTH_DSP_POP
2fa1 e5					push hl 
2fa2				        FORTH_DSP_VALUEHL 
2fa2				if BASE_CPM=1 
2fa2 cd 96 1a			call macro_dsp_valuehl 
2fa5				endif 
2fa5				if BASE_KEV=1 
2fa5					rst $18 
2fa5				endif 
2fa5				endm 
# End of macro FORTH_DSP_VALUEHL
2fa5					FORTH_DSP_POP  ; TODO add stock underflow checks and throws  
2fa5				if BASE_CPM=1 
2fa5 cd 2d 1b			call macro_forth_dsp_pop 
2fa8				endif 
2fa8				if BASE_KEV=1 
2fa8					rst $10 
2fa8				endif 
2fa8				endm 
# End of macro FORTH_DSP_POP
2fa8 d1					pop de   ; u2, hl = u1 
2fa9 7b			                ld a, e 
2faa a5			                and l 
2fab 6f					ld l, a 
2fac 26 00				ld h, 0 
2fae					FORTH_PUSH_VALUEHL 
2fae				if BASE_CPM=1 
2fae cd 08 19				call forth_push_numhl 
2fb1				endif 
2fb1				if BASE_KEV=1 
2fb1					rst $20 
2fb1				endif 
2fb1				endm 
# End of macro FORTH_PUSH_VALUEHL
2fb1					NEXTW 
2fb1 cd 68 ee			call parse_vector 
2fb4 c3 46 1c			jp macro_next 
2fb7				endm 
# End of macro NEXTW
2fb7			 
2fb7			;# testing 
2fb7			;# 0 0 and = 0 
2fb7			;# 0 1 and =0 
2fb7			;# 1 0 and = 0 
2fb7			;# 1 1 and = 1 
2fb7			 
2fb7			 
2fb7			.OR: 
2fb7				CWHEAD .NOT 25 "OR" 2 WORD_FLAG_CODE 
2fb7 2d				db WORD_SYS_CORE+25             
2fb8 eb 2f			dw .NOT            
2fba 03				db 2 + 1 
2fbb .. 00			db "OR",0              
2fbe				endm 
# End of macro CWHEAD
2fbe			; | OR ( u1 u2  -- u3 ) u3 is logical OR of u1 with u2 | DONE 
2fbe					if DEBUG_FORTH_WORDS_KEY 
2fbe						DMARK "ORA" 
2fbe				if DEMARK_VERSION = 1  
2fbe e5					push hl  
2fbf 21 c7 2f				ld hl, .dmark  
2fc2 22 60 ee				ld (debug_mark), hl  
2fc5				endif  
2fc5				if DEMARK_VERSION = 0  
2fc5					push af  
2fc5					ld a, (.dmark)  
2fc5					ld (debug_mark),a  
2fc5					ld a, (.dmark+1)  
2fc5					ld (debug_mark+1),a  
2fc5					ld a, (.dmark+2)  
2fc5					ld (debug_mark+2),a  
2fc5				endif  
2fc5 18 04			jr .pastdmark  
2fc7 ..			.dmark: db "ORA"  
2fca				if DEMARK_VERSION = 1  
2fca 00					db 0  
2fcb				endif  
2fcb				if DEMARK_VERSION = 1  
2fcb e1			.pastdmark: pop hl  
2fcc				endif  
2fcc				if DEMARK_VERSION = 0  
2fcc			.pastdmark: pop af  
2fcc				endif  
2fcc			endm  
# End of macro DMARK
2fcc						CALLMONITOR 
2fcc				if BASE_CPM=1  
2fcc cd 6b ee				call debug_vector  
2fcf				endif  
2fcf				if BASE_KEV=1  
2fcf					rst 8  
2fcf				endif  
2fcf				endm  
# End of macro CALLMONITOR
2fcf					endif 
2fcf				        FORTH_DSP_VALUEHL 
2fcf				if BASE_CPM=1 
2fcf cd 96 1a			call macro_dsp_valuehl 
2fd2				endif 
2fd2				if BASE_KEV=1 
2fd2					rst $18 
2fd2				endif 
2fd2				endm 
# End of macro FORTH_DSP_VALUEHL
2fd2					FORTH_DSP_POP  ; TODO add stock underflow checks and throws  
2fd2				if BASE_CPM=1 
2fd2 cd 2d 1b			call macro_forth_dsp_pop 
2fd5				endif 
2fd5				if BASE_KEV=1 
2fd5					rst $10 
2fd5				endif 
2fd5				endm 
# End of macro FORTH_DSP_POP
2fd5 e5					push hl 
2fd6				        FORTH_DSP_VALUEHL 
2fd6				if BASE_CPM=1 
2fd6 cd 96 1a			call macro_dsp_valuehl 
2fd9				endif 
2fd9				if BASE_KEV=1 
2fd9					rst $18 
2fd9				endif 
2fd9				endm 
# End of macro FORTH_DSP_VALUEHL
2fd9					FORTH_DSP_POP  ; TODO add stock underflow checks and throws  
2fd9				if BASE_CPM=1 
2fd9 cd 2d 1b			call macro_forth_dsp_pop 
2fdc				endif 
2fdc				if BASE_KEV=1 
2fdc					rst $10 
2fdc				endif 
2fdc				endm 
# End of macro FORTH_DSP_POP
2fdc d1					pop de   ; u2, hl = u1 
2fdd 7b			                ld a, e 
2fde b5			                or l 
2fdf 6f					ld l, a 
2fe0 26 00				ld h, 0 
2fe2					FORTH_PUSH_VALUEHL 
2fe2				if BASE_CPM=1 
2fe2 cd 08 19				call forth_push_numhl 
2fe5				endif 
2fe5				if BASE_KEV=1 
2fe5					rst $20 
2fe5				endif 
2fe5				endm 
# End of macro FORTH_PUSH_VALUEHL
2fe5					NEXTW 
2fe5 cd 68 ee			call parse_vector 
2fe8 c3 46 1c			jp macro_next 
2feb				endm 
# End of macro NEXTW
2feb			 
2feb			;# testing 
2feb			;# 0 0 or = 0 
2feb			;# 0 1 or = 1 
2feb			;# 1 0 or = 1 
2feb			;# 1 1 or = 1 
2feb			 
2feb			 
2feb			.NOT: 
2feb				CWHEAD .IS 25 "NOT" 3 WORD_FLAG_CODE 
2feb 2d				db WORD_SYS_CORE+25             
2fec 2e 30			dw .IS            
2fee 04				db 3 + 1 
2fef .. 00			db "NOT",0              
2ff3				endm 
# End of macro CWHEAD
2ff3			; | NOT ( u  -- u ) Inverse true/false on stack | DONE 
2ff3					if DEBUG_FORTH_WORDS_KEY 
2ff3						DMARK "NOT" 
2ff3				if DEMARK_VERSION = 1  
2ff3 e5					push hl  
2ff4 21 fc 2f				ld hl, .dmark  
2ff7 22 60 ee				ld (debug_mark), hl  
2ffa				endif  
2ffa				if DEMARK_VERSION = 0  
2ffa					push af  
2ffa					ld a, (.dmark)  
2ffa					ld (debug_mark),a  
2ffa					ld a, (.dmark+1)  
2ffa					ld (debug_mark+1),a  
2ffa					ld a, (.dmark+2)  
2ffa					ld (debug_mark+2),a  
2ffa				endif  
2ffa 18 04			jr .pastdmark  
2ffc ..			.dmark: db "NOT"  
2fff				if DEMARK_VERSION = 1  
2fff 00					db 0  
3000				endif  
3000				if DEMARK_VERSION = 1  
3000 e1			.pastdmark: pop hl  
3001				endif  
3001				if DEMARK_VERSION = 0  
3001			.pastdmark: pop af  
3001				endif  
3001			endm  
# End of macro DMARK
3001						CALLMONITOR 
3001				if BASE_CPM=1  
3001 cd 6b ee				call debug_vector  
3004				endif  
3004				if BASE_KEV=1  
3004					rst 8  
3004				endif  
3004				endm  
# End of macro CALLMONITOR
3004					endif 
3004					FORTH_DSP 
3004 cd 67 1a			call macro_forth_dsp 
3007				endm 
# End of macro FORTH_DSP
3007 7e					ld a,(hl)	; get type of value on TOS 
3008 fe 02				cp DS_TYPE_INUM  
300a 28 06				jr z, .noti 
300c					NEXTW 
300c cd 68 ee			call parse_vector 
300f c3 46 1c			jp macro_next 
3012				endm 
# End of macro NEXTW
3012			.noti:          FORTH_DSP_VALUEHL 
3012				if BASE_CPM=1 
3012 cd 96 1a			call macro_dsp_valuehl 
3015				endif 
3015				if BASE_KEV=1 
3015					rst $18 
3015				endif 
3015				endm 
# End of macro FORTH_DSP_VALUEHL
3015			;		push hl 
3015					FORTH_DSP_POP  ; TODO add stock underflow checks and throws  
3015				if BASE_CPM=1 
3015 cd 2d 1b			call macro_forth_dsp_pop 
3018				endif 
3018				if BASE_KEV=1 
3018					rst $10 
3018				endif 
3018				endm 
# End of macro FORTH_DSP_POP
3018			;		pop hl 
3018 3e 00				ld a,0 
301a bd					cp l 
301b 28 04				jr z, .not2t 
301d 2e 00				ld l, 0 
301f 18 02				jr .notip 
3021			 
3021 2e ff		.not2t:		ld l, 255 
3023			 
3023 26 00		.notip:		ld h, 0	 
3025			 
3025					;call forth_push_numhl 
3025					FORTH_PUSH_VALUEHL 
3025				if BASE_CPM=1 
3025 cd 08 19				call forth_push_numhl 
3028				endif 
3028				if BASE_KEV=1 
3028					rst $20 
3028				endif 
3028				endm 
# End of macro FORTH_PUSH_VALUEHL
3028					NEXTW 
3028 cd 68 ee			call parse_vector 
302b c3 46 1c			jp macro_next 
302e				endm 
# End of macro NEXTW
302e			 
302e			.IS: 
302e				CWHEAD .LZERO 25 "COMPARE" 7 WORD_FLAG_CODE 
302e 2d				db WORD_SYS_CORE+25             
302f 67 30			dw .LZERO            
3031 08				db 7 + 1 
3032 .. 00			db "COMPARE",0              
303a				endm 
# End of macro CWHEAD
303a			; | COMPARE ( s1 s2  -- f ) Push true if string s1 is the same as s2 | DONE 
303a					if DEBUG_FORTH_WORDS_KEY 
303a						DMARK "CMP" 
303a				if DEMARK_VERSION = 1  
303a e5					push hl  
303b 21 43 30				ld hl, .dmark  
303e 22 60 ee				ld (debug_mark), hl  
3041				endif  
3041				if DEMARK_VERSION = 0  
3041					push af  
3041					ld a, (.dmark)  
3041					ld (debug_mark),a  
3041					ld a, (.dmark+1)  
3041					ld (debug_mark+1),a  
3041					ld a, (.dmark+2)  
3041					ld (debug_mark+2),a  
3041				endif  
3041 18 04			jr .pastdmark  
3043 ..			.dmark: db "CMP"  
3046				if DEMARK_VERSION = 1  
3046 00					db 0  
3047				endif  
3047				if DEMARK_VERSION = 1  
3047 e1			.pastdmark: pop hl  
3048				endif  
3048				if DEMARK_VERSION = 0  
3048			.pastdmark: pop af  
3048				endif  
3048			endm  
# End of macro DMARK
3048						CALLMONITOR 
3048				if BASE_CPM=1  
3048 cd 6b ee				call debug_vector  
304b				endif  
304b				if BASE_KEV=1  
304b					rst 8  
304b				endif  
304b				endm  
# End of macro CALLMONITOR
304b					endif 
304b			 
304b					FORTH_DSP_VALUEHL 
304b				if BASE_CPM=1 
304b cd 96 1a			call macro_dsp_valuehl 
304e				endif 
304e				if BASE_KEV=1 
304e					rst $18 
304e				endif 
304e				endm 
# End of macro FORTH_DSP_VALUEHL
304e			 
304e e5					push hl 
304f			 
304f					FORTH_DSP_VALUEM1 
304f cd 8a 1a			call macro_forth_dsp_value_m1 
3052				endm 
# End of macro FORTH_DSP_VALUEM1
3052			 
3052 d1					pop de 
3053			 
3053					; got pointers to both. Now check. 
3053			 
3053 cd 89 0f				call strcmp 
3056				 
3056 26 00				ld h, 0 
3058 2e 00				ld l, 0 
305a 20 02				jr nz, .compnsame 
305c 2e 01				ld l, 1	 
305e			.compnsame: 
305e					;call forth_push_numhl 
305e					FORTH_PUSH_VALUEHL 
305e				if BASE_CPM=1 
305e cd 08 19				call forth_push_numhl 
3061				endif 
3061				if BASE_KEV=1 
3061					rst $20 
3061				endif 
3061				endm 
# End of macro FORTH_PUSH_VALUEHL
3061			 
3061					NEXTW 
3061 cd 68 ee			call parse_vector 
3064 c3 46 1c			jp macro_next 
3067				endm 
# End of macro NEXTW
3067			.LZERO: 
3067				CWHEAD .TZERO 25 "0<" 2 WORD_FLAG_CODE 
3067 2d				db WORD_SYS_CORE+25             
3068 74 30			dw .TZERO            
306a 03				db 2 + 1 
306b .. 00			db "0<",0              
306e				endm 
# End of macro CWHEAD
306e			; | 0< ( u -- f ) Push true if u is less than o | CANT DO UNTIL FLOAT 
306e					NEXTW 
306e cd 68 ee			call parse_vector 
3071 c3 46 1c			jp macro_next 
3074				endm 
# End of macro NEXTW
3074			.TZERO: 
3074				CWHEAD .LESS 26 "0=" 2 WORD_FLAG_CODE 
3074 2e				db WORD_SYS_CORE+26             
3075 b3 30			dw .LESS            
3077 03				db 2 + 1 
3078 .. 00			db "0=",0              
307b				endm 
# End of macro CWHEAD
307b			; | 0= ( u -- f ) Push true if u equals 0 | DONE 
307b				; TODO add floating point number detection 
307b					;v5 FORTH_DSP_VALUE 
307b					if DEBUG_FORTH_WORDS_KEY 
307b						DMARK "0=." 
307b				if DEMARK_VERSION = 1  
307b e5					push hl  
307c 21 84 30				ld hl, .dmark  
307f 22 60 ee				ld (debug_mark), hl  
3082				endif  
3082				if DEMARK_VERSION = 0  
3082					push af  
3082					ld a, (.dmark)  
3082					ld (debug_mark),a  
3082					ld a, (.dmark+1)  
3082					ld (debug_mark+1),a  
3082					ld a, (.dmark+2)  
3082					ld (debug_mark+2),a  
3082				endif  
3082 18 04			jr .pastdmark  
3084 ..			.dmark: db "0=."  
3087				if DEMARK_VERSION = 1  
3087 00					db 0  
3088				endif  
3088				if DEMARK_VERSION = 1  
3088 e1			.pastdmark: pop hl  
3089				endif  
3089				if DEMARK_VERSION = 0  
3089			.pastdmark: pop af  
3089				endif  
3089			endm  
# End of macro DMARK
3089						CALLMONITOR 
3089				if BASE_CPM=1  
3089 cd 6b ee				call debug_vector  
308c				endif  
308c				if BASE_KEV=1  
308c					rst 8  
308c				endif  
308c				endm  
# End of macro CALLMONITOR
308c					endif 
308c					FORTH_DSP 
308c cd 67 1a			call macro_forth_dsp 
308f				endm 
# End of macro FORTH_DSP
308f 7e					ld a,(hl)	; get type of value on TOS 
3090 fe 02				cp DS_TYPE_INUM  
3092 28 00				jr z, .tz_inum 
3094			 
3094				if FORTH_ENABLE_FLOATMATH 
3094					jr .tz_done 
3094			 
3094				endif 
3094					 
3094			 
3094			.tz_inum: 
3094					FORTH_DSP_VALUEHL     			; TODO skip type check and assume number.... lol 
3094				if BASE_CPM=1 
3094 cd 96 1a			call macro_dsp_valuehl 
3097				endif 
3097				if BASE_KEV=1 
3097					rst $18 
3097				endif 
3097				endm 
# End of macro FORTH_DSP_VALUEHL
3097			 
3097			;		push hl 
3097			 
3097					; destroy value TOS 
3097			 
3097					FORTH_DSP_POP  ; TODO add stock underflow checks and throws  
3097				if BASE_CPM=1 
3097 cd 2d 1b			call macro_forth_dsp_pop 
309a				endif 
309a				if BASE_KEV=1 
309a					rst $10 
309a				endif 
309a				endm 
# End of macro FORTH_DSP_POP
309a			 
309a			;		pop hl 
309a			 
309a 3e 00				ld a,0 
309c			 
309c bd					cp l 
309d 20 08				jr nz, .tz_notzero 
309f			 
309f bc					cp h 
30a0			 
30a0 20 05				jr nz, .tz_notzero 
30a2			 
30a2			 
30a2 21 01 00				ld hl, FORTH_TRUE 
30a5 18 03				jr .tz_done 
30a7			 
30a7 21 00 00		.tz_notzero:	ld hl, FORTH_FALSE 
30aa			 
30aa					; push value back onto stack for another op etc 
30aa			 
30aa			.tz_done: 
30aa					;call forth_push_numhl 
30aa					FORTH_PUSH_VALUEHL 
30aa				if BASE_CPM=1 
30aa cd 08 19				call forth_push_numhl 
30ad				endif 
30ad				if BASE_KEV=1 
30ad					rst $20 
30ad				endif 
30ad				endm 
# End of macro FORTH_PUSH_VALUEHL
30ad			 
30ad					NEXTW 
30ad cd 68 ee			call parse_vector 
30b0 c3 46 1c			jp macro_next 
30b3				endm 
# End of macro NEXTW
30b3			.LESS: 
30b3				CWHEAD .GT 27 "<" 1 WORD_FLAG_CODE 
30b3 2f				db WORD_SYS_CORE+27             
30b4 09 31			dw .GT            
30b6 02				db 1 + 1 
30b7 .. 00			db "<",0              
30b9				endm 
# End of macro CWHEAD
30b9			; | < ( u1 u2 -- f ) True if u1 is less than u2 | DONE 
30b9				; TODO add floating point number detection 
30b9					if DEBUG_FORTH_WORDS_KEY 
30b9						DMARK "LES" 
30b9				if DEMARK_VERSION = 1  
30b9 e5					push hl  
30ba 21 c2 30				ld hl, .dmark  
30bd 22 60 ee				ld (debug_mark), hl  
30c0				endif  
30c0				if DEMARK_VERSION = 0  
30c0					push af  
30c0					ld a, (.dmark)  
30c0					ld (debug_mark),a  
30c0					ld a, (.dmark+1)  
30c0					ld (debug_mark+1),a  
30c0					ld a, (.dmark+2)  
30c0					ld (debug_mark+2),a  
30c0				endif  
30c0 18 04			jr .pastdmark  
30c2 ..			.dmark: db "LES"  
30c5				if DEMARK_VERSION = 1  
30c5 00					db 0  
30c6				endif  
30c6				if DEMARK_VERSION = 1  
30c6 e1			.pastdmark: pop hl  
30c7				endif  
30c7				if DEMARK_VERSION = 0  
30c7			.pastdmark: pop af  
30c7				endif  
30c7			endm  
# End of macro DMARK
30c7						CALLMONITOR 
30c7				if BASE_CPM=1  
30c7 cd 6b ee				call debug_vector  
30ca				endif  
30ca				if BASE_KEV=1  
30ca					rst 8  
30ca				endif  
30ca				endm  
# End of macro CALLMONITOR
30ca					endif 
30ca					FORTH_DSP 
30ca cd 67 1a			call macro_forth_dsp 
30cd				endm 
# End of macro FORTH_DSP
30cd					;v5 FORTH_DSP_VALUE 
30cd 7e					ld a,(hl)	; get type of value on TOS 
30ce fe 02				cp DS_TYPE_INUM  
30d0 28 00				jr z, .less_inum 
30d2			 
30d2				if FORTH_ENABLE_FLOATMATH 
30d2					jr .less_done 
30d2			 
30d2				endif 
30d2					 
30d2			 
30d2			.less_inum: 
30d2					FORTH_DSP_VALUEHL     			; TODO skip type check and assume number.... lol 
30d2				if BASE_CPM=1 
30d2 cd 96 1a			call macro_dsp_valuehl 
30d5				endif 
30d5				if BASE_KEV=1 
30d5					rst $18 
30d5				endif 
30d5				endm 
# End of macro FORTH_DSP_VALUEHL
30d5			 
30d5 e5					push hl  ; u2 
30d6			 
30d6					; destroy value TOS 
30d6			 
30d6					FORTH_DSP_POP  ; TODO add stock underflow checks and throws  
30d6				if BASE_CPM=1 
30d6 cd 2d 1b			call macro_forth_dsp_pop 
30d9				endif 
30d9				if BASE_KEV=1 
30d9					rst $10 
30d9				endif 
30d9				endm 
# End of macro FORTH_DSP_POP
30d9			 
30d9			 
30d9					FORTH_DSP_VALUEHL     			; TODO skip type check and assume number.... lol 
30d9				if BASE_CPM=1 
30d9 cd 96 1a			call macro_dsp_valuehl 
30dc				endif 
30dc				if BASE_KEV=1 
30dc					rst $18 
30dc				endif 
30dc				endm 
# End of macro FORTH_DSP_VALUEHL
30dc			 
30dc e5					push hl    ; u1 
30dd			 
30dd					FORTH_DSP_POP  ; TODO add stock underflow checks and throws  
30dd				if BASE_CPM=1 
30dd cd 2d 1b			call macro_forth_dsp_pop 
30e0				endif 
30e0				if BASE_KEV=1 
30e0					rst $10 
30e0				endif 
30e0				endm 
# End of macro FORTH_DSP_POP
30e0			 
30e0			 
30e0 b7			 or a      ;clear carry flag 
30e1 01 00 00		 ld bc, FORTH_FALSE 
30e4 e1			  pop hl    ; u1 
30e5 d1			  pop de    ; u2 
30e6 ed 52		  sbc hl,de 
30e8 30 03		  jr nc,.lscont   	;	if hl >= de, carry flag will be cleared 
30ea			 
30ea 01 01 00		 ld bc, FORTH_TRUE 
30ed			.lscont:  
30ed c5					push bc 
30ee e1					pop hl 
30ef			 
30ef					if DEBUG_FORTH_WORDS 
30ef						DMARK "LT1" 
30ef				if DEMARK_VERSION = 1  
30ef e5					push hl  
30f0 21 f8 30				ld hl, .dmark  
30f3 22 60 ee				ld (debug_mark), hl  
30f6				endif  
30f6				if DEMARK_VERSION = 0  
30f6					push af  
30f6					ld a, (.dmark)  
30f6					ld (debug_mark),a  
30f6					ld a, (.dmark+1)  
30f6					ld (debug_mark+1),a  
30f6					ld a, (.dmark+2)  
30f6					ld (debug_mark+2),a  
30f6				endif  
30f6 18 04			jr .pastdmark  
30f8 ..			.dmark: db "LT1"  
30fb				if DEMARK_VERSION = 1  
30fb 00					db 0  
30fc				endif  
30fc				if DEMARK_VERSION = 1  
30fc e1			.pastdmark: pop hl  
30fd				endif  
30fd				if DEMARK_VERSION = 0  
30fd			.pastdmark: pop af  
30fd				endif  
30fd			endm  
# End of macro DMARK
30fd						CALLMONITOR 
30fd				if BASE_CPM=1  
30fd cd 6b ee				call debug_vector  
3100				endif  
3100				if BASE_KEV=1  
3100					rst 8  
3100				endif  
3100				endm  
# End of macro CALLMONITOR
3100					endif 
3100					;call forth_push_numhl 
3100					FORTH_PUSH_VALUEHL 
3100				if BASE_CPM=1 
3100 cd 08 19				call forth_push_numhl 
3103				endif 
3103				if BASE_KEV=1 
3103					rst $20 
3103				endif 
3103				endm 
# End of macro FORTH_PUSH_VALUEHL
3103			 
3103					NEXTW 
3103 cd 68 ee			call parse_vector 
3106 c3 46 1c			jp macro_next 
3109				endm 
# End of macro NEXTW
3109			.GT: 
3109				CWHEAD .EQUAL 28 ">" 1 WORD_FLAG_CODE 
3109 30				db WORD_SYS_CORE+28             
310a 5f 31			dw .EQUAL            
310c 02				db 1 + 1 
310d .. 00			db ">",0              
310f				endm 
# End of macro CWHEAD
310f			; | > ( u1 u2 -- f ) True if u1 is greater than u2 | DONE 
310f				; TODO add floating point number detection 
310f					if DEBUG_FORTH_WORDS_KEY 
310f						DMARK "GRT" 
310f				if DEMARK_VERSION = 1  
310f e5					push hl  
3110 21 18 31				ld hl, .dmark  
3113 22 60 ee				ld (debug_mark), hl  
3116				endif  
3116				if DEMARK_VERSION = 0  
3116					push af  
3116					ld a, (.dmark)  
3116					ld (debug_mark),a  
3116					ld a, (.dmark+1)  
3116					ld (debug_mark+1),a  
3116					ld a, (.dmark+2)  
3116					ld (debug_mark+2),a  
3116				endif  
3116 18 04			jr .pastdmark  
3118 ..			.dmark: db "GRT"  
311b				if DEMARK_VERSION = 1  
311b 00					db 0  
311c				endif  
311c				if DEMARK_VERSION = 1  
311c e1			.pastdmark: pop hl  
311d				endif  
311d				if DEMARK_VERSION = 0  
311d			.pastdmark: pop af  
311d				endif  
311d			endm  
# End of macro DMARK
311d						CALLMONITOR 
311d				if BASE_CPM=1  
311d cd 6b ee				call debug_vector  
3120				endif  
3120				if BASE_KEV=1  
3120					rst 8  
3120				endif  
3120				endm  
# End of macro CALLMONITOR
3120					endif 
3120					FORTH_DSP 
3120 cd 67 1a			call macro_forth_dsp 
3123				endm 
# End of macro FORTH_DSP
3123					;FORTH_DSP_VALUE 
3123 7e					ld a,(hl)	; get type of value on TOS 
3124 fe 02				cp DS_TYPE_INUM  
3126 28 00				jr z, .gt_inum 
3128			 
3128				if FORTH_ENABLE_FLOATMATH 
3128					jr .gt_done 
3128			 
3128				endif 
3128					 
3128			 
3128			.gt_inum: 
3128					FORTH_DSP_VALUEHL     			; TODO skip type check and assume number.... lol 
3128				if BASE_CPM=1 
3128 cd 96 1a			call macro_dsp_valuehl 
312b				endif 
312b				if BASE_KEV=1 
312b					rst $18 
312b				endif 
312b				endm 
# End of macro FORTH_DSP_VALUEHL
312b			 
312b e5					push hl  ; u2 
312c			 
312c					; destroy value TOS 
312c			 
312c					FORTH_DSP_POP  ; TODO add stock underflow checks and throws  
312c				if BASE_CPM=1 
312c cd 2d 1b			call macro_forth_dsp_pop 
312f				endif 
312f				if BASE_KEV=1 
312f					rst $10 
312f				endif 
312f				endm 
# End of macro FORTH_DSP_POP
312f			 
312f			 
312f					FORTH_DSP_VALUEHL     			; TODO skip type check and assume number.... lol 
312f				if BASE_CPM=1 
312f cd 96 1a			call macro_dsp_valuehl 
3132				endif 
3132				if BASE_KEV=1 
3132					rst $18 
3132				endif 
3132				endm 
# End of macro FORTH_DSP_VALUEHL
3132			 
3132 e5					push hl    ; u1 
3133			 
3133					FORTH_DSP_POP  ; TODO add stock underflow checks and throws  
3133				if BASE_CPM=1 
3133 cd 2d 1b			call macro_forth_dsp_pop 
3136				endif 
3136				if BASE_KEV=1 
3136					rst $10 
3136				endif 
3136				endm 
# End of macro FORTH_DSP_POP
3136			 
3136			 
3136 b7			 or a      ;clear carry flag 
3137 01 00 00		 ld bc, FORTH_FALSE 
313a e1			  pop hl    ; u1 
313b d1			  pop de    ; u2 
313c ed 52		  sbc hl,de 
313e 38 03		  jr c,.gtcont   	;	if hl >= de, carry flag will be cleared 
3140			 
3140 01 01 00		 ld bc, FORTH_TRUE 
3143			.gtcont:  
3143 c5					push bc 
3144 e1					pop hl 
3145			 
3145					if DEBUG_FORTH_WORDS 
3145						DMARK "GT1" 
3145				if DEMARK_VERSION = 1  
3145 e5					push hl  
3146 21 4e 31				ld hl, .dmark  
3149 22 60 ee				ld (debug_mark), hl  
314c				endif  
314c				if DEMARK_VERSION = 0  
314c					push af  
314c					ld a, (.dmark)  
314c					ld (debug_mark),a  
314c					ld a, (.dmark+1)  
314c					ld (debug_mark+1),a  
314c					ld a, (.dmark+2)  
314c					ld (debug_mark+2),a  
314c				endif  
314c 18 04			jr .pastdmark  
314e ..			.dmark: db "GT1"  
3151				if DEMARK_VERSION = 1  
3151 00					db 0  
3152				endif  
3152				if DEMARK_VERSION = 1  
3152 e1			.pastdmark: pop hl  
3153				endif  
3153				if DEMARK_VERSION = 0  
3153			.pastdmark: pop af  
3153				endif  
3153			endm  
# End of macro DMARK
3153						CALLMONITOR 
3153				if BASE_CPM=1  
3153 cd 6b ee				call debug_vector  
3156				endif  
3156				if BASE_KEV=1  
3156					rst 8  
3156				endif  
3156				endm  
# End of macro CALLMONITOR
3156					endif 
3156					;call forth_push_numhl 
3156					FORTH_PUSH_VALUEHL 
3156				if BASE_CPM=1 
3156 cd 08 19				call forth_push_numhl 
3159				endif 
3159				if BASE_KEV=1 
3159					rst $20 
3159				endif 
3159				endm 
# End of macro FORTH_PUSH_VALUEHL
3159			 
3159					NEXTW 
3159 cd 68 ee			call parse_vector 
315c c3 46 1c			jp macro_next 
315f				endm 
# End of macro NEXTW
315f			.EQUAL: 
315f				CWHEAD .ENDLOGIC 29 "=" 1 WORD_FLAG_CODE 
315f 31				db WORD_SYS_CORE+29             
3160 b7 31			dw .ENDLOGIC            
3162 02				db 1 + 1 
3163 .. 00			db "=",0              
3165				endm 
# End of macro CWHEAD
3165			; | = ( u1 u2 -- f ) True if u1 equals u2 | DONE 
3165				; TODO add floating point number detection 
3165					if DEBUG_FORTH_WORDS_KEY 
3165						DMARK "EQ." 
3165				if DEMARK_VERSION = 1  
3165 e5					push hl  
3166 21 6e 31				ld hl, .dmark  
3169 22 60 ee				ld (debug_mark), hl  
316c				endif  
316c				if DEMARK_VERSION = 0  
316c					push af  
316c					ld a, (.dmark)  
316c					ld (debug_mark),a  
316c					ld a, (.dmark+1)  
316c					ld (debug_mark+1),a  
316c					ld a, (.dmark+2)  
316c					ld (debug_mark+2),a  
316c				endif  
316c 18 04			jr .pastdmark  
316e ..			.dmark: db "EQ."  
3171				if DEMARK_VERSION = 1  
3171 00					db 0  
3172				endif  
3172				if DEMARK_VERSION = 1  
3172 e1			.pastdmark: pop hl  
3173				endif  
3173				if DEMARK_VERSION = 0  
3173			.pastdmark: pop af  
3173				endif  
3173			endm  
# End of macro DMARK
3173						CALLMONITOR 
3173				if BASE_CPM=1  
3173 cd 6b ee				call debug_vector  
3176				endif  
3176				if BASE_KEV=1  
3176					rst 8  
3176				endif  
3176				endm  
# End of macro CALLMONITOR
3176					endif 
3176					FORTH_DSP 
3176 cd 67 1a			call macro_forth_dsp 
3179				endm 
# End of macro FORTH_DSP
3179					;v5 FORTH_DSP_VALUE 
3179 7e					ld a,(hl)	; get type of value on TOS 
317a fe 02				cp DS_TYPE_INUM  
317c 28 00				jr z, .eq_inum 
317e			 
317e				if FORTH_ENABLE_FLOATMATH 
317e					jr .eq_done 
317e			 
317e				endif 
317e					 
317e			 
317e			.eq_inum: 
317e					FORTH_DSP_VALUEHL     			; TODO skip type check and assume number.... lol 
317e				if BASE_CPM=1 
317e cd 96 1a			call macro_dsp_valuehl 
3181				endif 
3181				if BASE_KEV=1 
3181					rst $18 
3181				endif 
3181				endm 
# End of macro FORTH_DSP_VALUEHL
3181			 
3181 e5					push hl 
3182			 
3182					; destroy value TOS 
3182			 
3182					FORTH_DSP_POP  ; TODO add stock underflow checks and throws  
3182				if BASE_CPM=1 
3182 cd 2d 1b			call macro_forth_dsp_pop 
3185				endif 
3185				if BASE_KEV=1 
3185					rst $10 
3185				endif 
3185				endm 
# End of macro FORTH_DSP_POP
3185			 
3185			 
3185					FORTH_DSP_VALUEHL     			; TODO skip type check and assume number.... lol 
3185				if BASE_CPM=1 
3185 cd 96 1a			call macro_dsp_valuehl 
3188				endif 
3188				if BASE_KEV=1 
3188					rst $18 
3188				endif 
3188				endm 
# End of macro FORTH_DSP_VALUEHL
3188			 
3188					; one value on hl get other one back 
3188			 
3188 e5					push hl 
3189			 
3189					FORTH_DSP_POP  ; TODO add stock underflow checks and throws  
3189				if BASE_CPM=1 
3189 cd 2d 1b			call macro_forth_dsp_pop 
318c				endif 
318c				if BASE_KEV=1 
318c					rst $10 
318c				endif 
318c				endm 
# End of macro FORTH_DSP_POP
318c			 
318c 0e 00				ld c, FORTH_FALSE 
318e			 
318e e1					pop hl 
318f d1					pop de 
3190			 
3190 7b					ld a, e 
3191 bd					cp l 
3192			 
3192 20 06				jr nz, .eq_done 
3194			 
3194 7a					ld a, d 
3195 bc					cp h 
3196			 
3196 20 02				jr nz, .eq_done 
3198			 
3198 0e 01				ld c, FORTH_TRUE 
319a					 
319a			 
319a			 
319a			.eq_done: 
319a			 
319a					; TODO push value back onto stack for another op etc 
319a			 
319a 26 00				ld h, 0 
319c 69					ld l, c 
319d					if DEBUG_FORTH_WORDS 
319d						DMARK "EQ1" 
319d				if DEMARK_VERSION = 1  
319d e5					push hl  
319e 21 a6 31				ld hl, .dmark  
31a1 22 60 ee				ld (debug_mark), hl  
31a4				endif  
31a4				if DEMARK_VERSION = 0  
31a4					push af  
31a4					ld a, (.dmark)  
31a4					ld (debug_mark),a  
31a4					ld a, (.dmark+1)  
31a4					ld (debug_mark+1),a  
31a4					ld a, (.dmark+2)  
31a4					ld (debug_mark+2),a  
31a4				endif  
31a4 18 04			jr .pastdmark  
31a6 ..			.dmark: db "EQ1"  
31a9				if DEMARK_VERSION = 1  
31a9 00					db 0  
31aa				endif  
31aa				if DEMARK_VERSION = 1  
31aa e1			.pastdmark: pop hl  
31ab				endif  
31ab				if DEMARK_VERSION = 0  
31ab			.pastdmark: pop af  
31ab				endif  
31ab			endm  
# End of macro DMARK
31ab						CALLMONITOR 
31ab				if BASE_CPM=1  
31ab cd 6b ee				call debug_vector  
31ae				endif  
31ae				if BASE_KEV=1  
31ae					rst 8  
31ae				endif  
31ae				endm  
# End of macro CALLMONITOR
31ae					endif 
31ae					;call forth_push_numhl 
31ae					FORTH_PUSH_VALUEHL 
31ae				if BASE_CPM=1 
31ae cd 08 19				call forth_push_numhl 
31b1				endif 
31b1				if BASE_KEV=1 
31b1					rst $20 
31b1				endif 
31b1				endm 
# End of macro FORTH_PUSH_VALUEHL
31b1			 
31b1					NEXTW 
31b1 cd 68 ee			call parse_vector 
31b4 c3 46 1c			jp macro_next 
31b7				endm 
# End of macro NEXTW
31b7			 
31b7			 
31b7			.ENDLOGIC: 
31b7			; eof 
31b7			 
31b7			 
# End of file forth_words_logic.asm
31b7			include "forth_words_maths.asm" 
31b7			 
31b7			; | ## Maths Words 
31b7			 
31b7			.PLUS:	 
31b7				CWHEAD .NEG 1 "+" 1 WORD_FLAG_CODE 
31b7 15				db WORD_SYS_CORE+1             
31b8 05 32			dw .NEG            
31ba 02				db 1 + 1 
31bb .. 00			db "+",0              
31bd				endm 
# End of macro CWHEAD
31bd			; | + ( u u -- u )    Add two numbers and push result   | INT DONE 
31bd					if DEBUG_FORTH_WORDS_KEY 
31bd						DMARK "PLU" 
31bd				if DEMARK_VERSION = 1  
31bd e5					push hl  
31be 21 c6 31				ld hl, .dmark  
31c1 22 60 ee				ld (debug_mark), hl  
31c4				endif  
31c4				if DEMARK_VERSION = 0  
31c4					push af  
31c4					ld a, (.dmark)  
31c4					ld (debug_mark),a  
31c4					ld a, (.dmark+1)  
31c4					ld (debug_mark+1),a  
31c4					ld a, (.dmark+2)  
31c4					ld (debug_mark+2),a  
31c4				endif  
31c4 18 04			jr .pastdmark  
31c6 ..			.dmark: db "PLU"  
31c9				if DEMARK_VERSION = 1  
31c9 00					db 0  
31ca				endif  
31ca				if DEMARK_VERSION = 1  
31ca e1			.pastdmark: pop hl  
31cb				endif  
31cb				if DEMARK_VERSION = 0  
31cb			.pastdmark: pop af  
31cb				endif  
31cb			endm  
# End of macro DMARK
31cb						CALLMONITOR 
31cb				if BASE_CPM=1  
31cb cd 6b ee				call debug_vector  
31ce				endif  
31ce				if BASE_KEV=1  
31ce					rst 8  
31ce				endif  
31ce				endm  
# End of macro CALLMONITOR
31ce					endif 
31ce					; add top two values and push back result 
31ce			 
31ce					;for v5 FORTH_DSP_VALUE 
31ce					FORTH_DSP 
31ce cd 67 1a			call macro_forth_dsp 
31d1				endm 
# End of macro FORTH_DSP
31d1 7e					ld a,(hl)	; get type of value on TOS 
31d2 fe 02				cp DS_TYPE_INUM  
31d4 28 06				jr z, .dot_inum 
31d6			 
31d6					NEXTW 
31d6 cd 68 ee			call parse_vector 
31d9 c3 46 1c			jp macro_next 
31dc				endm 
# End of macro NEXTW
31dc			 
31dc			; float maths 
31dc			 
31dc				if FORTH_ENABLE_FLOATMATH 
31dc						inc hl      ; now at start of numeric as string 
31dc			 
31dc					if DEBUG_FORTH_MATHS 
31dc						DMARK "ADD" 
31dc				CALLMONITOR 
31dc					endif 
31dc			 
31dc					;ld ix, hl 
31dc					call CON 
31dc			 
31dc			 
31dc					push hl 
31dc					 
31dc					 
31dc			 
31dc						FORTH_DSP_POP      ; TODO add stock underflow checks and throws  
31dc			 
31dc					; get next number 
31dc			 
31dc						FORTH_DSP_VALUE 
31dc			 
31dc						inc hl      ; now at start of numeric as string 
31dc			 
31dc					;ld ix, hl 
31dc					call CON 
31dc			 
31dc					push hl 
31dc			 
31dc			 
31dc						FORTH_DSP_POP  ; TODO add stock underflow checks and throws  
31dc			 
31dc						; TODO do add 
31dc			 
31dc						call IADD 
31dc			 
31dc						; TODO get result back as ascii 
31dc			 
31dc						; TODO push result  
31dc			 
31dc			 
31dc			 
31dc						jr .dot_done 
31dc				endif 
31dc			 
31dc			.dot_inum: 
31dc			 
31dc			 
31dc					if DEBUG_FORTH_DOT 
31dc						DMARK "+IT" 
31dc				if DEMARK_VERSION = 1  
31dc e5					push hl  
31dd 21 e5 31				ld hl, .dmark  
31e0 22 60 ee				ld (debug_mark), hl  
31e3				endif  
31e3				if DEMARK_VERSION = 0  
31e3					push af  
31e3					ld a, (.dmark)  
31e3					ld (debug_mark),a  
31e3					ld a, (.dmark+1)  
31e3					ld (debug_mark+1),a  
31e3					ld a, (.dmark+2)  
31e3					ld (debug_mark+2),a  
31e3				endif  
31e3 18 04			jr .pastdmark  
31e5 ..			.dmark: db "+IT"  
31e8				if DEMARK_VERSION = 1  
31e8 00					db 0  
31e9				endif  
31e9				if DEMARK_VERSION = 1  
31e9 e1			.pastdmark: pop hl  
31ea				endif  
31ea				if DEMARK_VERSION = 0  
31ea			.pastdmark: pop af  
31ea				endif  
31ea			endm  
# End of macro DMARK
31ea				CALLMONITOR 
31ea				if BASE_CPM=1  
31ea cd 6b ee				call debug_vector  
31ed				endif  
31ed				if BASE_KEV=1  
31ed					rst 8  
31ed				endif  
31ed				endm  
# End of macro CALLMONITOR
31ed					endif 
31ed			 
31ed					FORTH_DSP_VALUEHL     			; TODO skip type check and assume number.... lol 
31ed				if BASE_CPM=1 
31ed cd 96 1a			call macro_dsp_valuehl 
31f0				endif 
31f0				if BASE_KEV=1 
31f0					rst $18 
31f0				endif 
31f0				endm 
# End of macro FORTH_DSP_VALUEHL
31f0			 
31f0				; TODO add floating point number detection 
31f0			 
31f0 e5					push hl 
31f1			 
31f1					; destroy value TOS 
31f1			 
31f1					FORTH_DSP_POP  ; TODO add stock underflow checks and throws  
31f1				if BASE_CPM=1 
31f1 cd 2d 1b			call macro_forth_dsp_pop 
31f4				endif 
31f4				if BASE_KEV=1 
31f4					rst $10 
31f4				endif 
31f4				endm 
# End of macro FORTH_DSP_POP
31f4			 
31f4			 
31f4					FORTH_DSP_VALUEHL     			; TODO skip type check and assume number.... lol 
31f4				if BASE_CPM=1 
31f4 cd 96 1a			call macro_dsp_valuehl 
31f7				endif 
31f7				if BASE_KEV=1 
31f7					rst $18 
31f7				endif 
31f7				endm 
# End of macro FORTH_DSP_VALUEHL
31f7			 
31f7					; one value on hl get other one back 
31f7			 
31f7 d1					pop de 
31f8			 
31f8					; do the add 
31f8			 
31f8 19					add hl,de 
31f9			 
31f9					; save it 
31f9			 
31f9			;		push hl	 
31f9			 
31f9					; 
31f9			 
31f9					; destroy value TOS 
31f9			 
31f9					FORTH_DSP_POP  ; TODO add stock underflow checks and throws  
31f9				if BASE_CPM=1 
31f9 cd 2d 1b			call macro_forth_dsp_pop 
31fc				endif 
31fc				if BASE_KEV=1 
31fc					rst $10 
31fc				endif 
31fc				endm 
# End of macro FORTH_DSP_POP
31fc			 
31fc					; TODO push value back onto stack for another op etc 
31fc			 
31fc			;		pop hl 
31fc			 
31fc			.dot_done: 
31fc					;call forth_push_numhl 
31fc					FORTH_PUSH_VALUEHL 
31fc				if BASE_CPM=1 
31fc cd 08 19				call forth_push_numhl 
31ff				endif 
31ff				if BASE_KEV=1 
31ff					rst $20 
31ff				endif 
31ff				endm 
# End of macro FORTH_PUSH_VALUEHL
31ff			 
31ff					NEXTW 
31ff cd 68 ee			call parse_vector 
3202 c3 46 1c			jp macro_next 
3205				endm 
# End of macro NEXTW
3205			.NEG: 
3205			 
3205				CWHEAD .DIV 3 "-" 1 WORD_FLAG_CODE 
3205 17				db WORD_SYS_CORE+3             
3206 43 32			dw .DIV            
3208 02				db 1 + 1 
3209 .. 00			db "-",0              
320b				endm 
# End of macro CWHEAD
320b			; | - ( u1 u2 -- u )    Subtract u2 from u1 and push result  | INT DONE 
320b					if DEBUG_FORTH_WORDS_KEY 
320b						DMARK "SUB" 
320b				if DEMARK_VERSION = 1  
320b e5					push hl  
320c 21 14 32				ld hl, .dmark  
320f 22 60 ee				ld (debug_mark), hl  
3212				endif  
3212				if DEMARK_VERSION = 0  
3212					push af  
3212					ld a, (.dmark)  
3212					ld (debug_mark),a  
3212					ld a, (.dmark+1)  
3212					ld (debug_mark+1),a  
3212					ld a, (.dmark+2)  
3212					ld (debug_mark+2),a  
3212				endif  
3212 18 04			jr .pastdmark  
3214 ..			.dmark: db "SUB"  
3217				if DEMARK_VERSION = 1  
3217 00					db 0  
3218				endif  
3218				if DEMARK_VERSION = 1  
3218 e1			.pastdmark: pop hl  
3219				endif  
3219				if DEMARK_VERSION = 0  
3219			.pastdmark: pop af  
3219				endif  
3219			endm  
# End of macro DMARK
3219						CALLMONITOR 
3219				if BASE_CPM=1  
3219 cd 6b ee				call debug_vector  
321c				endif  
321c				if BASE_KEV=1  
321c					rst 8  
321c				endif  
321c				endm  
# End of macro CALLMONITOR
321c					endif 
321c			 
321c			 
321c				; TODO add floating point number detection 
321c					; v5 FORTH_DSP_VALUE 
321c					FORTH_DSP 
321c cd 67 1a			call macro_forth_dsp 
321f				endm 
# End of macro FORTH_DSP
321f 7e					ld a,(hl)	; get type of value on TOS 
3220 fe 02				cp DS_TYPE_INUM  
3222 28 06				jr z, .neg_inum 
3224			 
3224					NEXTW 
3224 cd 68 ee			call parse_vector 
3227 c3 46 1c			jp macro_next 
322a				endm 
# End of macro NEXTW
322a			 
322a			; float maths 
322a			 
322a				if FORTH_ENABLE_FLOATMATH 
322a					jr .neg_done 
322a			 
322a				endif 
322a					 
322a			 
322a			.neg_inum: 
322a					FORTH_DSP_VALUEHL     			; TODO skip type check and assume number.... lol 
322a				if BASE_CPM=1 
322a cd 96 1a			call macro_dsp_valuehl 
322d				endif 
322d				if BASE_KEV=1 
322d					rst $18 
322d				endif 
322d				endm 
# End of macro FORTH_DSP_VALUEHL
322d			 
322d e5					push hl 
322e			 
322e					; destroy value TOS 
322e			 
322e					FORTH_DSP_POP  ; TODO add stock underflow checks and throws  
322e				if BASE_CPM=1 
322e cd 2d 1b			call macro_forth_dsp_pop 
3231				endif 
3231				if BASE_KEV=1 
3231					rst $10 
3231				endif 
3231				endm 
# End of macro FORTH_DSP_POP
3231			 
3231			 
3231					FORTH_DSP_VALUEHL     			; TODO skip type check and assume number.... lol 
3231				if BASE_CPM=1 
3231 cd 96 1a			call macro_dsp_valuehl 
3234				endif 
3234				if BASE_KEV=1 
3234					rst $18 
3234				endif 
3234				endm 
# End of macro FORTH_DSP_VALUEHL
3234			 
3234					; one value on hl get other one back 
3234			 
3234 d1					pop de 
3235			 
3235					; do the sub 
3235			;		ex de, hl 
3235			 
3235 ed 52				sbc hl,de 
3237			 
3237					; save it 
3237			 
3237			;		push hl	 
3237			 
3237					; 
3237			 
3237					; destroy value TOS 
3237			 
3237					FORTH_DSP_POP  ; TODO add stock underflow checks and throws  
3237				if BASE_CPM=1 
3237 cd 2d 1b			call macro_forth_dsp_pop 
323a				endif 
323a				if BASE_KEV=1 
323a					rst $10 
323a				endif 
323a				endm 
# End of macro FORTH_DSP_POP
323a			 
323a					; TODO push value back onto stack for another op etc 
323a			 
323a			;		pop hl 
323a			 
323a					;call forth_push_numhl 
323a					FORTH_PUSH_VALUEHL 
323a				if BASE_CPM=1 
323a cd 08 19				call forth_push_numhl 
323d				endif 
323d				if BASE_KEV=1 
323d					rst $20 
323d				endif 
323d				endm 
# End of macro FORTH_PUSH_VALUEHL
323d			.neg_done: 
323d			 
323d					NEXTW 
323d cd 68 ee			call parse_vector 
3240 c3 46 1c			jp macro_next 
3243				endm 
# End of macro NEXTW
3243			.DIV: 
3243				CWHEAD .MUL 4 "/" 1 WORD_FLAG_CODE 
3243 18				db WORD_SYS_CORE+4             
3244 8b 32			dw .MUL            
3246 02				db 1 + 1 
3247 .. 00			db "/",0              
3249				endm 
# End of macro CWHEAD
3249			; | / ( u1 u2 -- result remainder )     Divide u1 by u2 and push result | INT DONE 
3249					if DEBUG_FORTH_WORDS_KEY 
3249						DMARK "DIV" 
3249				if DEMARK_VERSION = 1  
3249 e5					push hl  
324a 21 52 32				ld hl, .dmark  
324d 22 60 ee				ld (debug_mark), hl  
3250				endif  
3250				if DEMARK_VERSION = 0  
3250					push af  
3250					ld a, (.dmark)  
3250					ld (debug_mark),a  
3250					ld a, (.dmark+1)  
3250					ld (debug_mark+1),a  
3250					ld a, (.dmark+2)  
3250					ld (debug_mark+2),a  
3250				endif  
3250 18 04			jr .pastdmark  
3252 ..			.dmark: db "DIV"  
3255				if DEMARK_VERSION = 1  
3255 00					db 0  
3256				endif  
3256				if DEMARK_VERSION = 1  
3256 e1			.pastdmark: pop hl  
3257				endif  
3257				if DEMARK_VERSION = 0  
3257			.pastdmark: pop af  
3257				endif  
3257			endm  
# End of macro DMARK
3257						CALLMONITOR 
3257				if BASE_CPM=1  
3257 cd 6b ee				call debug_vector  
325a				endif  
325a				if BASE_KEV=1  
325a					rst 8  
325a				endif  
325a				endm  
# End of macro CALLMONITOR
325a					endif 
325a				; TODO add floating point number detection 
325a					; v5 FORTH_DSP_VALUE 
325a					FORTH_DSP 
325a cd 67 1a			call macro_forth_dsp 
325d				endm 
# End of macro FORTH_DSP
325d 7e					ld a,(hl)	; get type of value on TOS 
325e fe 02				cp DS_TYPE_INUM  
3260 28 06				jr z, .div_inum 
3262			 
3262				if FORTH_ENABLE_FLOATMATH 
3262					jr .div_done 
3262			 
3262				endif 
3262					NEXTW 
3262 cd 68 ee			call parse_vector 
3265 c3 46 1c			jp macro_next 
3268				endm 
# End of macro NEXTW
3268			.div_inum: 
3268			 
3268					FORTH_DSP_VALUEHL     			; TODO skip type check and assume number.... lol 
3268				if BASE_CPM=1 
3268 cd 96 1a			call macro_dsp_valuehl 
326b				endif 
326b				if BASE_KEV=1 
326b					rst $18 
326b				endif 
326b				endm 
# End of macro FORTH_DSP_VALUEHL
326b			 
326b e5					push hl    ; to go to bc 
326c			 
326c					; destroy value TOS 
326c			 
326c					FORTH_DSP_POP  ; TODO add stock underflow checks and throws  
326c				if BASE_CPM=1 
326c cd 2d 1b			call macro_forth_dsp_pop 
326f				endif 
326f				if BASE_KEV=1 
326f					rst $10 
326f				endif 
326f				endm 
# End of macro FORTH_DSP_POP
326f			 
326f			 
326f					FORTH_DSP_VALUEHL     			; TODO skip type check and assume number.... lol 
326f				if BASE_CPM=1 
326f cd 96 1a			call macro_dsp_valuehl 
3272				endif 
3272				if BASE_KEV=1 
3272					rst $18 
3272				endif 
3272				endm 
# End of macro FORTH_DSP_VALUEHL
3272			 
3272					; hl to go to de 
3272			 
3272 e5					push hl 
3273			 
3273 c1					pop bc 
3274 d1					pop de		 
3275			 
3275			 
3275					if DEBUG_FORTH_MATHS 
3275						DMARK "DIV" 
3275				CALLMONITOR 
3275					endif 
3275					; one value on hl but move to a get other one back 
3275			 
3275			        
3275 cd 56 0b			call Div16 
3278			 
3278			;	push af	 
3278 e5				push hl 
3279 c5				push bc 
327a			 
327a					if DEBUG_FORTH_MATHS 
327a						DMARK "DI1" 
327a				CALLMONITOR 
327a					endif 
327a			 
327a					FORTH_DSP_POP  ; TODO add stock underflow checks and throws  
327a				if BASE_CPM=1 
327a cd 2d 1b			call macro_forth_dsp_pop 
327d				endif 
327d				if BASE_KEV=1 
327d					rst $10 
327d				endif 
327d				endm 
# End of macro FORTH_DSP_POP
327d			 
327d			 
327d			 
327d e1					pop hl    ; result 
327e			 
327e					;call forth_push_numhl 
327e					FORTH_PUSH_VALUEHL 
327e				if BASE_CPM=1 
327e cd 08 19				call forth_push_numhl 
3281				endif 
3281				if BASE_KEV=1 
3281					rst $20 
3281				endif 
3281				endm 
# End of macro FORTH_PUSH_VALUEHL
3281			 
3281 e1					pop hl    ; reminder 
3282			;		ld h,0 
3282			;		ld l,d 
3282			 
3282					;call forth_push_numhl 
3282					FORTH_PUSH_VALUEHL 
3282				if BASE_CPM=1 
3282 cd 08 19				call forth_push_numhl 
3285				endif 
3285				if BASE_KEV=1 
3285					rst $20 
3285				endif 
3285				endm 
# End of macro FORTH_PUSH_VALUEHL
3285			.div_done: 
3285					NEXTW 
3285 cd 68 ee			call parse_vector 
3288 c3 46 1c			jp macro_next 
328b				endm 
# End of macro NEXTW
328b			.MUL: 
328b				CWHEAD .MIN 5 "*" 1 WORD_FLAG_CODE 
328b 19				db WORD_SYS_CORE+5             
328c cb 32			dw .MIN            
328e 02				db 1 + 1 
328f .. 00			db "*",0              
3291				endm 
# End of macro CWHEAD
3291			; | * ( u1 u2 -- u )     Multiply TOS and push result | INT DONE 
3291				; TODO add floating point number detection 
3291					if DEBUG_FORTH_WORDS_KEY 
3291						DMARK "MUL" 
3291				if DEMARK_VERSION = 1  
3291 e5					push hl  
3292 21 9a 32				ld hl, .dmark  
3295 22 60 ee				ld (debug_mark), hl  
3298				endif  
3298				if DEMARK_VERSION = 0  
3298					push af  
3298					ld a, (.dmark)  
3298					ld (debug_mark),a  
3298					ld a, (.dmark+1)  
3298					ld (debug_mark+1),a  
3298					ld a, (.dmark+2)  
3298					ld (debug_mark+2),a  
3298				endif  
3298 18 04			jr .pastdmark  
329a ..			.dmark: db "MUL"  
329d				if DEMARK_VERSION = 1  
329d 00					db 0  
329e				endif  
329e				if DEMARK_VERSION = 1  
329e e1			.pastdmark: pop hl  
329f				endif  
329f				if DEMARK_VERSION = 0  
329f			.pastdmark: pop af  
329f				endif  
329f			endm  
# End of macro DMARK
329f						CALLMONITOR 
329f				if BASE_CPM=1  
329f cd 6b ee				call debug_vector  
32a2				endif  
32a2				if BASE_KEV=1  
32a2					rst 8  
32a2				endif  
32a2				endm  
# End of macro CALLMONITOR
32a2					endif 
32a2					FORTH_DSP 
32a2 cd 67 1a			call macro_forth_dsp 
32a5				endm 
# End of macro FORTH_DSP
32a5					; v5 FORTH_DSP_VALUE 
32a5 7e					ld a,(hl)	; get type of value on TOS 
32a6 fe 02				cp DS_TYPE_INUM  
32a8 28 06				jr z, .mul_inum 
32aa			 
32aa				if FORTH_ENABLE_FLOATMATH 
32aa					jr .mul_done 
32aa			 
32aa				endif 
32aa			 
32aa					NEXTW 
32aa cd 68 ee			call parse_vector 
32ad c3 46 1c			jp macro_next 
32b0				endm 
# End of macro NEXTW
32b0			.mul_inum:	 
32b0			 
32b0					FORTH_DSP_VALUEHL     			; TODO skip type check and assume number.... lol 
32b0				if BASE_CPM=1 
32b0 cd 96 1a			call macro_dsp_valuehl 
32b3				endif 
32b3				if BASE_KEV=1 
32b3					rst $18 
32b3				endif 
32b3				endm 
# End of macro FORTH_DSP_VALUEHL
32b3			 
32b3 e5					push hl 
32b4			 
32b4					; destroy value TOS 
32b4			 
32b4					FORTH_DSP_POP  ; TODO add stock underflow checks and throws  
32b4				if BASE_CPM=1 
32b4 cd 2d 1b			call macro_forth_dsp_pop 
32b7				endif 
32b7				if BASE_KEV=1 
32b7					rst $10 
32b7				endif 
32b7				endm 
# End of macro FORTH_DSP_POP
32b7			 
32b7			 
32b7					FORTH_DSP_VALUEHL     			; TODO skip type check and assume number.... lol 
32b7				if BASE_CPM=1 
32b7 cd 96 1a			call macro_dsp_valuehl 
32ba				endif 
32ba				if BASE_KEV=1 
32ba					rst $18 
32ba				endif 
32ba				endm 
# End of macro FORTH_DSP_VALUEHL
32ba			 
32ba					; one value on hl but move to a get other one back 
32ba			 
32ba 7d					ld a, l 
32bb			 
32bb d1					pop de 
32bc			 
32bc					; do the mull 
32bc			;		ex de, hl 
32bc			 
32bc cd 7c 0b				call Mult16 
32bf					; save it 
32bf			 
32bf			;		push hl	 
32bf			 
32bf					; 
32bf			 
32bf					; destroy value TOS 
32bf			 
32bf					FORTH_DSP_POP  ; TODO add stock underflow checks and throws  
32bf				if BASE_CPM=1 
32bf cd 2d 1b			call macro_forth_dsp_pop 
32c2				endif 
32c2				if BASE_KEV=1 
32c2					rst $10 
32c2				endif 
32c2				endm 
# End of macro FORTH_DSP_POP
32c2			 
32c2					; TODO push value back onto stack for another op etc 
32c2			 
32c2			;		pop hl 
32c2			 
32c2					;call forth_push_numhl 
32c2					FORTH_PUSH_VALUEHL 
32c2				if BASE_CPM=1 
32c2 cd 08 19				call forth_push_numhl 
32c5				endif 
32c5				if BASE_KEV=1 
32c5					rst $20 
32c5				endif 
32c5				endm 
# End of macro FORTH_PUSH_VALUEHL
32c5			 
32c5			.mul_done: 
32c5					NEXTW 
32c5 cd 68 ee			call parse_vector 
32c8 c3 46 1c			jp macro_next 
32cb				endm 
# End of macro NEXTW
32cb			 
32cb			 
32cb			 
32cb			 
32cb			.MIN: 
32cb				CWHEAD .MAX 53 "MIN" 3 WORD_FLAG_CODE 
32cb 49				db WORD_SYS_CORE+53             
32cc 31 33			dw .MAX            
32ce 04				db 3 + 1 
32cf .. 00			db "MIN",0              
32d3				endm 
# End of macro CWHEAD
32d3			; | MIN (  u1 u2 -- u3 ) Whichever is the smallest value is pushed back onto the stack | DONE 
32d3					if DEBUG_FORTH_WORDS_KEY 
32d3						DMARK "MIN" 
32d3				if DEMARK_VERSION = 1  
32d3 e5					push hl  
32d4 21 dc 32				ld hl, .dmark  
32d7 22 60 ee				ld (debug_mark), hl  
32da				endif  
32da				if DEMARK_VERSION = 0  
32da					push af  
32da					ld a, (.dmark)  
32da					ld (debug_mark),a  
32da					ld a, (.dmark+1)  
32da					ld (debug_mark+1),a  
32da					ld a, (.dmark+2)  
32da					ld (debug_mark+2),a  
32da				endif  
32da 18 04			jr .pastdmark  
32dc ..			.dmark: db "MIN"  
32df				if DEMARK_VERSION = 1  
32df 00					db 0  
32e0				endif  
32e0				if DEMARK_VERSION = 1  
32e0 e1			.pastdmark: pop hl  
32e1				endif  
32e1				if DEMARK_VERSION = 0  
32e1			.pastdmark: pop af  
32e1				endif  
32e1			endm  
# End of macro DMARK
32e1						CALLMONITOR 
32e1				if BASE_CPM=1  
32e1 cd 6b ee				call debug_vector  
32e4				endif  
32e4				if BASE_KEV=1  
32e4					rst 8  
32e4				endif  
32e4				endm  
# End of macro CALLMONITOR
32e4					endif 
32e4					; get u2 
32e4			 
32e4					FORTH_DSP_VALUEHL     			; TODO skip type check and assume number.... lol 
32e4				if BASE_CPM=1 
32e4 cd 96 1a			call macro_dsp_valuehl 
32e7				endif 
32e7				if BASE_KEV=1 
32e7					rst $18 
32e7				endif 
32e7				endm 
# End of macro FORTH_DSP_VALUEHL
32e7			 
32e7 e5					push hl   ; u2 
32e8			 
32e8					; destroy value TOS 
32e8			 
32e8					FORTH_DSP_POP  ; TODO add stock underflow checks and throws  
32e8				if BASE_CPM=1 
32e8 cd 2d 1b			call macro_forth_dsp_pop 
32eb				endif 
32eb				if BASE_KEV=1 
32eb					rst $10 
32eb				endif 
32eb				endm 
# End of macro FORTH_DSP_POP
32eb			 
32eb					; get u1 
32eb			 
32eb					FORTH_DSP_VALUEHL     			; TODO skip type check and assume number.... lol 
32eb				if BASE_CPM=1 
32eb cd 96 1a			call macro_dsp_valuehl 
32ee				endif 
32ee				if BASE_KEV=1 
32ee					rst $18 
32ee				endif 
32ee				endm 
# End of macro FORTH_DSP_VALUEHL
32ee			 
32ee e5					push hl  ; u1 
32ef			 
32ef					; destroy value TOS 
32ef			 
32ef					FORTH_DSP_POP  ; TODO add stock underflow checks and throws  
32ef				if BASE_CPM=1 
32ef cd 2d 1b			call macro_forth_dsp_pop 
32f2				endif 
32f2				if BASE_KEV=1 
32f2					rst $10 
32f2				endif 
32f2				endm 
# End of macro FORTH_DSP_POP
32f2			 
32f2 b7			 or a      ;clear carry flag 
32f3 e1			  pop hl    ; u1 
32f4 d1			  pop de    ; u2 
32f5 e5				push hl   ; saved in case hl is lowest 
32f6 ed 52		  sbc hl,de 
32f8 30 1b		  jr nc,.mincont   	;	if hl >= de, carry flag will be cleared 
32fa			 
32fa e1				pop hl 
32fb					if DEBUG_FORTH_WORDS 
32fb						DMARK "MIN" 
32fb				if DEMARK_VERSION = 1  
32fb e5					push hl  
32fc 21 04 33				ld hl, .dmark  
32ff 22 60 ee				ld (debug_mark), hl  
3302				endif  
3302				if DEMARK_VERSION = 0  
3302					push af  
3302					ld a, (.dmark)  
3302					ld (debug_mark),a  
3302					ld a, (.dmark+1)  
3302					ld (debug_mark+1),a  
3302					ld a, (.dmark+2)  
3302					ld (debug_mark+2),a  
3302				endif  
3302 18 04			jr .pastdmark  
3304 ..			.dmark: db "MIN"  
3307				if DEMARK_VERSION = 1  
3307 00					db 0  
3308				endif  
3308				if DEMARK_VERSION = 1  
3308 e1			.pastdmark: pop hl  
3309				endif  
3309				if DEMARK_VERSION = 0  
3309			.pastdmark: pop af  
3309				endif  
3309			endm  
# End of macro DMARK
3309						CALLMONITOR 
3309				if BASE_CPM=1  
3309 cd 6b ee				call debug_vector  
330c				endif  
330c				if BASE_KEV=1  
330c					rst 8  
330c				endif  
330c				endm  
# End of macro CALLMONITOR
330c					endif 
330c					;call forth_push_numhl 
330c					FORTH_PUSH_VALUEHL 
330c				if BASE_CPM=1 
330c cd 08 19				call forth_push_numhl 
330f				endif 
330f				if BASE_KEV=1 
330f					rst $20 
330f				endif 
330f				endm 
# End of macro FORTH_PUSH_VALUEHL
330f			 
330f				       NEXTW 
330f cd 68 ee			call parse_vector 
3312 c3 46 1c			jp macro_next 
3315				endm 
# End of macro NEXTW
3315			 
3315			.mincont:  
3315 c1				pop bc   ; tidy up 
3316 eb				ex de , hl  
3317					if DEBUG_FORTH_WORDS 
3317						DMARK "MI1" 
3317				if DEMARK_VERSION = 1  
3317 e5					push hl  
3318 21 20 33				ld hl, .dmark  
331b 22 60 ee				ld (debug_mark), hl  
331e				endif  
331e				if DEMARK_VERSION = 0  
331e					push af  
331e					ld a, (.dmark)  
331e					ld (debug_mark),a  
331e					ld a, (.dmark+1)  
331e					ld (debug_mark+1),a  
331e					ld a, (.dmark+2)  
331e					ld (debug_mark+2),a  
331e				endif  
331e 18 04			jr .pastdmark  
3320 ..			.dmark: db "MI1"  
3323				if DEMARK_VERSION = 1  
3323 00					db 0  
3324				endif  
3324				if DEMARK_VERSION = 1  
3324 e1			.pastdmark: pop hl  
3325				endif  
3325				if DEMARK_VERSION = 0  
3325			.pastdmark: pop af  
3325				endif  
3325			endm  
# End of macro DMARK
3325						CALLMONITOR 
3325				if BASE_CPM=1  
3325 cd 6b ee				call debug_vector  
3328				endif  
3328				if BASE_KEV=1  
3328					rst 8  
3328				endif  
3328				endm  
# End of macro CALLMONITOR
3328					endif 
3328					;call forth_push_numhl 
3328					FORTH_PUSH_VALUEHL 
3328				if BASE_CPM=1 
3328 cd 08 19				call forth_push_numhl 
332b				endif 
332b				if BASE_KEV=1 
332b					rst $20 
332b				endif 
332b				endm 
# End of macro FORTH_PUSH_VALUEHL
332b			 
332b				       NEXTW 
332b cd 68 ee			call parse_vector 
332e c3 46 1c			jp macro_next 
3331				endm 
# End of macro NEXTW
3331			.MAX: 
3331				CWHEAD .RND16 54 "MAX" 3 WORD_FLAG_CODE 
3331 4a				db WORD_SYS_CORE+54             
3332 97 33			dw .RND16            
3334 04				db 3 + 1 
3335 .. 00			db "MAX",0              
3339				endm 
# End of macro CWHEAD
3339			; | MAX (  u1 u2 -- u3 )  Whichever is the largest value is pushed back onto the stack | DONE 
3339					if DEBUG_FORTH_WORDS_KEY 
3339						DMARK "MAX" 
3339				if DEMARK_VERSION = 1  
3339 e5					push hl  
333a 21 42 33				ld hl, .dmark  
333d 22 60 ee				ld (debug_mark), hl  
3340				endif  
3340				if DEMARK_VERSION = 0  
3340					push af  
3340					ld a, (.dmark)  
3340					ld (debug_mark),a  
3340					ld a, (.dmark+1)  
3340					ld (debug_mark+1),a  
3340					ld a, (.dmark+2)  
3340					ld (debug_mark+2),a  
3340				endif  
3340 18 04			jr .pastdmark  
3342 ..			.dmark: db "MAX"  
3345				if DEMARK_VERSION = 1  
3345 00					db 0  
3346				endif  
3346				if DEMARK_VERSION = 1  
3346 e1			.pastdmark: pop hl  
3347				endif  
3347				if DEMARK_VERSION = 0  
3347			.pastdmark: pop af  
3347				endif  
3347			endm  
# End of macro DMARK
3347						CALLMONITOR 
3347				if BASE_CPM=1  
3347 cd 6b ee				call debug_vector  
334a				endif  
334a				if BASE_KEV=1  
334a					rst 8  
334a				endif  
334a				endm  
# End of macro CALLMONITOR
334a					endif 
334a					; get u2 
334a			 
334a					FORTH_DSP_VALUEHL     			; TODO skip type check and assume number.... lol 
334a				if BASE_CPM=1 
334a cd 96 1a			call macro_dsp_valuehl 
334d				endif 
334d				if BASE_KEV=1 
334d					rst $18 
334d				endif 
334d				endm 
# End of macro FORTH_DSP_VALUEHL
334d			 
334d e5					push hl   ; u2 
334e			 
334e					; destroy value TOS 
334e			 
334e					FORTH_DSP_POP  ; TODO add stock underflow checks and throws  
334e				if BASE_CPM=1 
334e cd 2d 1b			call macro_forth_dsp_pop 
3351				endif 
3351				if BASE_KEV=1 
3351					rst $10 
3351				endif 
3351				endm 
# End of macro FORTH_DSP_POP
3351			 
3351					; get u1 
3351			 
3351					FORTH_DSP_VALUEHL     			; TODO skip type check and assume number.... lol 
3351				if BASE_CPM=1 
3351 cd 96 1a			call macro_dsp_valuehl 
3354				endif 
3354				if BASE_KEV=1 
3354					rst $18 
3354				endif 
3354				endm 
# End of macro FORTH_DSP_VALUEHL
3354			 
3354 e5					push hl  ; u1 
3355			 
3355					; destroy value TOS 
3355			 
3355					FORTH_DSP_POP  ; TODO add stock underflow checks and throws  
3355				if BASE_CPM=1 
3355 cd 2d 1b			call macro_forth_dsp_pop 
3358				endif 
3358				if BASE_KEV=1 
3358					rst $10 
3358				endif 
3358				endm 
# End of macro FORTH_DSP_POP
3358			 
3358 b7			 or a      ;clear carry flag 
3359 e1			  pop hl    ; u1 
335a d1			  pop de    ; u2 
335b e5				push hl   ; saved in case hl is lowest 
335c ed 52		  sbc hl,de 
335e 38 1b		  jr c,.maxcont   	;	if hl <= de, carry flag will be cleared 
3360			 
3360 e1				pop hl 
3361					if DEBUG_FORTH_WORDS 
3361						DMARK "MAX" 
3361				if DEMARK_VERSION = 1  
3361 e5					push hl  
3362 21 6a 33				ld hl, .dmark  
3365 22 60 ee				ld (debug_mark), hl  
3368				endif  
3368				if DEMARK_VERSION = 0  
3368					push af  
3368					ld a, (.dmark)  
3368					ld (debug_mark),a  
3368					ld a, (.dmark+1)  
3368					ld (debug_mark+1),a  
3368					ld a, (.dmark+2)  
3368					ld (debug_mark+2),a  
3368				endif  
3368 18 04			jr .pastdmark  
336a ..			.dmark: db "MAX"  
336d				if DEMARK_VERSION = 1  
336d 00					db 0  
336e				endif  
336e				if DEMARK_VERSION = 1  
336e e1			.pastdmark: pop hl  
336f				endif  
336f				if DEMARK_VERSION = 0  
336f			.pastdmark: pop af  
336f				endif  
336f			endm  
# End of macro DMARK
336f						CALLMONITOR 
336f				if BASE_CPM=1  
336f cd 6b ee				call debug_vector  
3372				endif  
3372				if BASE_KEV=1  
3372					rst 8  
3372				endif  
3372				endm  
# End of macro CALLMONITOR
3372					endif 
3372					;call forth_push_numhl 
3372					FORTH_PUSH_VALUEHL 
3372				if BASE_CPM=1 
3372 cd 08 19				call forth_push_numhl 
3375				endif 
3375				if BASE_KEV=1 
3375					rst $20 
3375				endif 
3375				endm 
# End of macro FORTH_PUSH_VALUEHL
3375			 
3375				       NEXTW 
3375 cd 68 ee			call parse_vector 
3378 c3 46 1c			jp macro_next 
337b				endm 
# End of macro NEXTW
337b			 
337b			.maxcont:  
337b c1				pop bc   ; tidy up 
337c eb				ex de , hl  
337d					if DEBUG_FORTH_WORDS 
337d						DMARK "MA1" 
337d				if DEMARK_VERSION = 1  
337d e5					push hl  
337e 21 86 33				ld hl, .dmark  
3381 22 60 ee				ld (debug_mark), hl  
3384				endif  
3384				if DEMARK_VERSION = 0  
3384					push af  
3384					ld a, (.dmark)  
3384					ld (debug_mark),a  
3384					ld a, (.dmark+1)  
3384					ld (debug_mark+1),a  
3384					ld a, (.dmark+2)  
3384					ld (debug_mark+2),a  
3384				endif  
3384 18 04			jr .pastdmark  
3386 ..			.dmark: db "MA1"  
3389				if DEMARK_VERSION = 1  
3389 00					db 0  
338a				endif  
338a				if DEMARK_VERSION = 1  
338a e1			.pastdmark: pop hl  
338b				endif  
338b				if DEMARK_VERSION = 0  
338b			.pastdmark: pop af  
338b				endif  
338b			endm  
# End of macro DMARK
338b						CALLMONITOR 
338b				if BASE_CPM=1  
338b cd 6b ee				call debug_vector  
338e				endif  
338e				if BASE_KEV=1  
338e					rst 8  
338e				endif  
338e				endm  
# End of macro CALLMONITOR
338e					endif 
338e					;call forth_push_numhl 
338e					FORTH_PUSH_VALUEHL 
338e				if BASE_CPM=1 
338e cd 08 19				call forth_push_numhl 
3391				endif 
3391				if BASE_KEV=1 
3391					rst $20 
3391				endif 
3391				endm 
# End of macro FORTH_PUSH_VALUEHL
3391				       NEXTW 
3391 cd 68 ee			call parse_vector 
3394 c3 46 1c			jp macro_next 
3397				endm 
# End of macro NEXTW
3397			 
3397			.RND16: 
3397				CWHEAD .RND8 58 "RND16" 5 WORD_FLAG_CODE 
3397 4e				db WORD_SYS_CORE+58             
3398 be 33			dw .RND8            
339a 06				db 5 + 1 
339b .. 00			db "RND16",0              
33a1				endm 
# End of macro CWHEAD
33a1			; | RND16 (  -- n ) Generate a random 16bit number and push to stack | DONE 
33a1					if DEBUG_FORTH_WORDS_KEY 
33a1						DMARK "R16" 
33a1				if DEMARK_VERSION = 1  
33a1 e5					push hl  
33a2 21 aa 33				ld hl, .dmark  
33a5 22 60 ee				ld (debug_mark), hl  
33a8				endif  
33a8				if DEMARK_VERSION = 0  
33a8					push af  
33a8					ld a, (.dmark)  
33a8					ld (debug_mark),a  
33a8					ld a, (.dmark+1)  
33a8					ld (debug_mark+1),a  
33a8					ld a, (.dmark+2)  
33a8					ld (debug_mark+2),a  
33a8				endif  
33a8 18 04			jr .pastdmark  
33aa ..			.dmark: db "R16"  
33ad				if DEMARK_VERSION = 1  
33ad 00					db 0  
33ae				endif  
33ae				if DEMARK_VERSION = 1  
33ae e1			.pastdmark: pop hl  
33af				endif  
33af				if DEMARK_VERSION = 0  
33af			.pastdmark: pop af  
33af				endif  
33af			endm  
# End of macro DMARK
33af						CALLMONITOR 
33af				if BASE_CPM=1  
33af cd 6b ee				call debug_vector  
33b2				endif  
33b2				if BASE_KEV=1  
33b2					rst 8  
33b2				endif  
33b2				endm  
# End of macro CALLMONITOR
33b2					endif 
33b2 cd 20 0b				call prng16  
33b5					;call forth_push_numhl 
33b5					FORTH_PUSH_VALUEHL 
33b5				if BASE_CPM=1 
33b5 cd 08 19				call forth_push_numhl 
33b8				endif 
33b8				if BASE_KEV=1 
33b8					rst $20 
33b8				endif 
33b8				endm 
# End of macro FORTH_PUSH_VALUEHL
33b8				       NEXTW 
33b8 cd 68 ee			call parse_vector 
33bb c3 46 1c			jp macro_next 
33be				endm 
# End of macro NEXTW
33be			.RND8: 
33be				CWHEAD .RND 76 "RND8" 4 WORD_FLAG_CODE 
33be 60				db WORD_SYS_CORE+76             
33bf eb 33			dw .RND            
33c1 05				db 4 + 1 
33c2 .. 00			db "RND8",0              
33c7				endm 
# End of macro CWHEAD
33c7			; | RND8 (  -- n ) Generate a random 8bit number and push to stack | DONE 
33c7					if DEBUG_FORTH_WORDS_KEY 
33c7						DMARK "RN8" 
33c7				if DEMARK_VERSION = 1  
33c7 e5					push hl  
33c8 21 d0 33				ld hl, .dmark  
33cb 22 60 ee				ld (debug_mark), hl  
33ce				endif  
33ce				if DEMARK_VERSION = 0  
33ce					push af  
33ce					ld a, (.dmark)  
33ce					ld (debug_mark),a  
33ce					ld a, (.dmark+1)  
33ce					ld (debug_mark+1),a  
33ce					ld a, (.dmark+2)  
33ce					ld (debug_mark+2),a  
33ce				endif  
33ce 18 04			jr .pastdmark  
33d0 ..			.dmark: db "RN8"  
33d3				if DEMARK_VERSION = 1  
33d3 00					db 0  
33d4				endif  
33d4				if DEMARK_VERSION = 1  
33d4 e1			.pastdmark: pop hl  
33d5				endif  
33d5				if DEMARK_VERSION = 0  
33d5			.pastdmark: pop af  
33d5				endif  
33d5			endm  
# End of macro DMARK
33d5						CALLMONITOR 
33d5				if BASE_CPM=1  
33d5 cd 6b ee				call debug_vector  
33d8				endif  
33d8				if BASE_KEV=1  
33d8					rst 8  
33d8				endif  
33d8				endm  
# End of macro CALLMONITOR
33d8					endif 
33d8 2a 9e eb				ld hl,(xrandc) 
33db 23					inc hl 
33dc cd 3a 0b				call xrnd 
33df 6f					ld l,a	 
33e0 26 00				ld h,0 
33e2					;call forth_push_numhl 
33e2					FORTH_PUSH_VALUEHL 
33e2				if BASE_CPM=1 
33e2 cd 08 19				call forth_push_numhl 
33e5				endif 
33e5				if BASE_KEV=1 
33e5					rst $20 
33e5				endif 
33e5				endm 
# End of macro FORTH_PUSH_VALUEHL
33e5				       NEXTW 
33e5 cd 68 ee			call parse_vector 
33e8 c3 46 1c			jp macro_next 
33eb				endm 
# End of macro NEXTW
33eb			.RND: 
33eb				CWHEAD .ENDMATHS 76 "RND" 3 WORD_FLAG_CODE 
33eb 60				db WORD_SYS_CORE+76             
33ec a7 34			dw .ENDMATHS            
33ee 04				db 3 + 1 
33ef .. 00			db "RND",0              
33f3				endm 
# End of macro CWHEAD
33f3			; | RND ( u1 u2 -- u ) Generate a random number no lower than u1 and no higher than u2 and push to stack | DONE 
33f3			 
33f3					if DEBUG_FORTH_WORDS_KEY 
33f3						DMARK "RND" 
33f3				if DEMARK_VERSION = 1  
33f3 e5					push hl  
33f4 21 fc 33				ld hl, .dmark  
33f7 22 60 ee				ld (debug_mark), hl  
33fa				endif  
33fa				if DEMARK_VERSION = 0  
33fa					push af  
33fa					ld a, (.dmark)  
33fa					ld (debug_mark),a  
33fa					ld a, (.dmark+1)  
33fa					ld (debug_mark+1),a  
33fa					ld a, (.dmark+2)  
33fa					ld (debug_mark+2),a  
33fa				endif  
33fa 18 04			jr .pastdmark  
33fc ..			.dmark: db "RND"  
33ff				if DEMARK_VERSION = 1  
33ff 00					db 0  
3400				endif  
3400				if DEMARK_VERSION = 1  
3400 e1			.pastdmark: pop hl  
3401				endif  
3401				if DEMARK_VERSION = 0  
3401			.pastdmark: pop af  
3401				endif  
3401			endm  
# End of macro DMARK
3401						CALLMONITOR 
3401				if BASE_CPM=1  
3401 cd 6b ee				call debug_vector  
3404				endif  
3404				if BASE_KEV=1  
3404					rst 8  
3404				endif  
3404				endm  
# End of macro CALLMONITOR
3404					endif 
3404					 
3404					FORTH_DSP_VALUEHL    ; upper range 
3404				if BASE_CPM=1 
3404 cd 96 1a			call macro_dsp_valuehl 
3407				endif 
3407				if BASE_KEV=1 
3407					rst $18 
3407				endif 
3407				endm 
# End of macro FORTH_DSP_VALUEHL
3407			 
3407 22 a2 eb				ld (LFSRSeed), hl	 
340a			 
340a					if DEBUG_FORTH_WORDS 
340a						DMARK "RN1" 
340a				if DEMARK_VERSION = 1  
340a e5					push hl  
340b 21 13 34				ld hl, .dmark  
340e 22 60 ee				ld (debug_mark), hl  
3411				endif  
3411				if DEMARK_VERSION = 0  
3411					push af  
3411					ld a, (.dmark)  
3411					ld (debug_mark),a  
3411					ld a, (.dmark+1)  
3411					ld (debug_mark+1),a  
3411					ld a, (.dmark+2)  
3411					ld (debug_mark+2),a  
3411				endif  
3411 18 04			jr .pastdmark  
3413 ..			.dmark: db "RN1"  
3416				if DEMARK_VERSION = 1  
3416 00					db 0  
3417				endif  
3417				if DEMARK_VERSION = 1  
3417 e1			.pastdmark: pop hl  
3418				endif  
3418				if DEMARK_VERSION = 0  
3418			.pastdmark: pop af  
3418				endif  
3418			endm  
# End of macro DMARK
3418						CALLMONITOR 
3418				if BASE_CPM=1  
3418 cd 6b ee				call debug_vector  
341b				endif  
341b				if BASE_KEV=1  
341b					rst 8  
341b				endif  
341b				endm  
# End of macro CALLMONITOR
341b					endif 
341b					FORTH_DSP_POP 
341b				if BASE_CPM=1 
341b cd 2d 1b			call macro_forth_dsp_pop 
341e				endif 
341e				if BASE_KEV=1 
341e					rst $10 
341e				endif 
341e				endm 
# End of macro FORTH_DSP_POP
341e			 
341e					FORTH_DSP_VALUEHL    ; low range 
341e				if BASE_CPM=1 
341e cd 96 1a			call macro_dsp_valuehl 
3421				endif 
3421				if BASE_KEV=1 
3421					rst $18 
3421				endif 
3421				endm 
# End of macro FORTH_DSP_VALUEHL
3421			 
3421					if DEBUG_FORTH_WORDS 
3421						DMARK "RN2" 
3421				if DEMARK_VERSION = 1  
3421 e5					push hl  
3422 21 2a 34				ld hl, .dmark  
3425 22 60 ee				ld (debug_mark), hl  
3428				endif  
3428				if DEMARK_VERSION = 0  
3428					push af  
3428					ld a, (.dmark)  
3428					ld (debug_mark),a  
3428					ld a, (.dmark+1)  
3428					ld (debug_mark+1),a  
3428					ld a, (.dmark+2)  
3428					ld (debug_mark+2),a  
3428				endif  
3428 18 04			jr .pastdmark  
342a ..			.dmark: db "RN2"  
342d				if DEMARK_VERSION = 1  
342d 00					db 0  
342e				endif  
342e				if DEMARK_VERSION = 1  
342e e1			.pastdmark: pop hl  
342f				endif  
342f				if DEMARK_VERSION = 0  
342f			.pastdmark: pop af  
342f				endif  
342f			endm  
# End of macro DMARK
342f						CALLMONITOR 
342f				if BASE_CPM=1  
342f cd 6b ee				call debug_vector  
3432				endif  
3432				if BASE_KEV=1  
3432					rst 8  
3432				endif  
3432				endm  
# End of macro CALLMONITOR
3432					endif 
3432 22 a4 eb				ld (LFSRSeed+2), hl 
3435			 
3435					FORTH_DSP_POP 
3435				if BASE_CPM=1 
3435 cd 2d 1b			call macro_forth_dsp_pop 
3438				endif 
3438				if BASE_KEV=1 
3438					rst $10 
3438				endif 
3438				endm 
# End of macro FORTH_DSP_POP
3438			 
3438 e5					push hl 
3439			 
3439 e1			.inrange:	pop hl 
343a cd 20 0b				call prng16  
343d					if DEBUG_FORTH_WORDS 
343d						DMARK "RN3" 
343d				if DEMARK_VERSION = 1  
343d e5					push hl  
343e 21 46 34				ld hl, .dmark  
3441 22 60 ee				ld (debug_mark), hl  
3444				endif  
3444				if DEMARK_VERSION = 0  
3444					push af  
3444					ld a, (.dmark)  
3444					ld (debug_mark),a  
3444					ld a, (.dmark+1)  
3444					ld (debug_mark+1),a  
3444					ld a, (.dmark+2)  
3444					ld (debug_mark+2),a  
3444				endif  
3444 18 04			jr .pastdmark  
3446 ..			.dmark: db "RN3"  
3449				if DEMARK_VERSION = 1  
3449 00					db 0  
344a				endif  
344a				if DEMARK_VERSION = 1  
344a e1			.pastdmark: pop hl  
344b				endif  
344b				if DEMARK_VERSION = 0  
344b			.pastdmark: pop af  
344b				endif  
344b			endm  
# End of macro DMARK
344b						CALLMONITOR 
344b				if BASE_CPM=1  
344b cd 6b ee				call debug_vector  
344e				endif  
344e				if BASE_KEV=1  
344e					rst 8  
344e				endif  
344e				endm  
# End of macro CALLMONITOR
344e					endif 
344e					 
344e					; if the range is 8bit knock out the high byte 
344e			 
344e ed 5b a2 eb			ld de, (LFSRSeed)     ; check high level 
3452			 
3452 3e 00				ld a, 0 
3454 ba					cp d  
3455 20 13				jr nz, .hirange 
3457 26 00				ld h, 0   ; knock it down to 8bit 
3459			 
3459					if DEBUG_FORTH_WORDS 
3459						DMARK "RNk" 
3459				if DEMARK_VERSION = 1  
3459 e5					push hl  
345a 21 62 34				ld hl, .dmark  
345d 22 60 ee				ld (debug_mark), hl  
3460				endif  
3460				if DEMARK_VERSION = 0  
3460					push af  
3460					ld a, (.dmark)  
3460					ld (debug_mark),a  
3460					ld a, (.dmark+1)  
3460					ld (debug_mark+1),a  
3460					ld a, (.dmark+2)  
3460					ld (debug_mark+2),a  
3460				endif  
3460 18 04			jr .pastdmark  
3462 ..			.dmark: db "RNk"  
3465				if DEMARK_VERSION = 1  
3465 00					db 0  
3466				endif  
3466				if DEMARK_VERSION = 1  
3466 e1			.pastdmark: pop hl  
3467				endif  
3467				if DEMARK_VERSION = 0  
3467			.pastdmark: pop af  
3467				endif  
3467			endm  
# End of macro DMARK
3467						CALLMONITOR 
3467				if BASE_CPM=1  
3467 cd 6b ee				call debug_vector  
346a				endif  
346a				if BASE_KEV=1  
346a					rst 8  
346a				endif  
346a				endm  
# End of macro CALLMONITOR
346a					endif 
346a			.hirange:   
346a e5					push hl  
346b b7					or a  
346c ed 52		                sbc hl, de 
346e			 
346e					;call cmp16 
346e			 
346e 30 c9				jr nc, .inrange      ; if hl >= de, carry flag is cleared 
3470 e1					pop hl 
3471 e5					push hl 
3472			 
3472					if DEBUG_FORTH_WORDS 
3472						DMARK "RN4" 
3472				if DEMARK_VERSION = 1  
3472 e5					push hl  
3473 21 7b 34				ld hl, .dmark  
3476 22 60 ee				ld (debug_mark), hl  
3479				endif  
3479				if DEMARK_VERSION = 0  
3479					push af  
3479					ld a, (.dmark)  
3479					ld (debug_mark),a  
3479					ld a, (.dmark+1)  
3479					ld (debug_mark+1),a  
3479					ld a, (.dmark+2)  
3479					ld (debug_mark+2),a  
3479				endif  
3479 18 04			jr .pastdmark  
347b ..			.dmark: db "RN4"  
347e				if DEMARK_VERSION = 1  
347e 00					db 0  
347f				endif  
347f				if DEMARK_VERSION = 1  
347f e1			.pastdmark: pop hl  
3480				endif  
3480				if DEMARK_VERSION = 0  
3480			.pastdmark: pop af  
3480				endif  
3480			endm  
# End of macro DMARK
3480						CALLMONITOR 
3480				if BASE_CPM=1  
3480 cd 6b ee				call debug_vector  
3483				endif  
3483				if BASE_KEV=1  
3483					rst 8  
3483				endif  
3483				endm  
# End of macro CALLMONITOR
3483					endif 
3483 ed 5b a4 eb			ld de, (LFSRSeed+2)   ; check low range 
3487					;call cmp16 
3487				 
3487 b7					or a  
3488 ed 52		                sbc hl, de 
348a 38 ad				jr c, .inrange 
348c			 
348c e1					pop hl 
348d					 
348d					if DEBUG_FORTH_WORDS 
348d						DMARK "RNd" 
348d				if DEMARK_VERSION = 1  
348d e5					push hl  
348e 21 96 34				ld hl, .dmark  
3491 22 60 ee				ld (debug_mark), hl  
3494				endif  
3494				if DEMARK_VERSION = 0  
3494					push af  
3494					ld a, (.dmark)  
3494					ld (debug_mark),a  
3494					ld a, (.dmark+1)  
3494					ld (debug_mark+1),a  
3494					ld a, (.dmark+2)  
3494					ld (debug_mark+2),a  
3494				endif  
3494 18 04			jr .pastdmark  
3496 ..			.dmark: db "RNd"  
3499				if DEMARK_VERSION = 1  
3499 00					db 0  
349a				endif  
349a				if DEMARK_VERSION = 1  
349a e1			.pastdmark: pop hl  
349b				endif  
349b				if DEMARK_VERSION = 0  
349b			.pastdmark: pop af  
349b				endif  
349b			endm  
# End of macro DMARK
349b						CALLMONITOR 
349b				if BASE_CPM=1  
349b cd 6b ee				call debug_vector  
349e				endif  
349e				if BASE_KEV=1  
349e					rst 8  
349e				endif  
349e				endm  
# End of macro CALLMONITOR
349e					endif 
349e			 
349e			 
349e					;call forth_push_numhl 
349e					FORTH_PUSH_VALUEHL 
349e				if BASE_CPM=1 
349e cd 08 19				call forth_push_numhl 
34a1				endif 
34a1				if BASE_KEV=1 
34a1					rst $20 
34a1				endif 
34a1				endm 
# End of macro FORTH_PUSH_VALUEHL
34a1				       NEXTW 
34a1 cd 68 ee			call parse_vector 
34a4 c3 46 1c			jp macro_next 
34a7				endm 
# End of macro NEXTW
34a7			 
34a7			.ENDMATHS: 
34a7			 
34a7			; eof 
34a7			 
# End of file forth_words_maths.asm
34a7			include "forth_words_display.asm" 
34a7			 
34a7			; | ## Display Words 
34a7			 
34a7			.ACT: 
34a7			 
34a7				CWHEAD .INFO 78 "ACTIVE" 6 WORD_FLAG_CODE 
34a7 62				db WORD_SYS_CORE+78             
34a8 e0 34			dw .INFO            
34aa 07				db 6 + 1 
34ab .. 00			db "ACTIVE",0              
34b2				endm 
# End of macro CWHEAD
34b2			; | ACTIVE ( -- s ) Push the next char for an activity indicator to TOS | DONE 
34b2			;  
34b2			; | | To display a pulsing activity indicator in a processing loop do this... 
34b2			; | | e.g. $ff $00 do active . ..... Your code ..... loop 
34b2			 
34b2					if DEBUG_FORTH_WORDS_KEY 
34b2						DMARK "ACT" 
34b2				if DEMARK_VERSION = 1  
34b2 e5					push hl  
34b3 21 bb 34				ld hl, .dmark  
34b6 22 60 ee				ld (debug_mark), hl  
34b9				endif  
34b9				if DEMARK_VERSION = 0  
34b9					push af  
34b9					ld a, (.dmark)  
34b9					ld (debug_mark),a  
34b9					ld a, (.dmark+1)  
34b9					ld (debug_mark+1),a  
34b9					ld a, (.dmark+2)  
34b9					ld (debug_mark+2),a  
34b9				endif  
34b9 18 04			jr .pastdmark  
34bb ..			.dmark: db "ACT"  
34be				if DEMARK_VERSION = 1  
34be 00					db 0  
34bf				endif  
34bf				if DEMARK_VERSION = 1  
34bf e1			.pastdmark: pop hl  
34c0				endif  
34c0				if DEMARK_VERSION = 0  
34c0			.pastdmark: pop af  
34c0				endif  
34c0			endm  
# End of macro DMARK
34c0						CALLMONITOR 
34c0				if BASE_CPM=1  
34c0 cd 6b ee				call debug_vector  
34c3				endif  
34c3				if BASE_KEV=1  
34c3					rst 8  
34c3				endif  
34c3				endm  
# End of macro CALLMONITOR
34c3					endif 
34c3 cd 11 09				call active 
34c6					if DEBUG_FORTH_WORDS 
34c6						DMARK "ACp" 
34c6				if DEMARK_VERSION = 1  
34c6 e5					push hl  
34c7 21 cf 34				ld hl, .dmark  
34ca 22 60 ee				ld (debug_mark), hl  
34cd				endif  
34cd				if DEMARK_VERSION = 0  
34cd					push af  
34cd					ld a, (.dmark)  
34cd					ld (debug_mark),a  
34cd					ld a, (.dmark+1)  
34cd					ld (debug_mark+1),a  
34cd					ld a, (.dmark+2)  
34cd					ld (debug_mark+2),a  
34cd				endif  
34cd 18 04			jr .pastdmark  
34cf ..			.dmark: db "ACp"  
34d2				if DEMARK_VERSION = 1  
34d2 00					db 0  
34d3				endif  
34d3				if DEMARK_VERSION = 1  
34d3 e1			.pastdmark: pop hl  
34d4				endif  
34d4				if DEMARK_VERSION = 0  
34d4			.pastdmark: pop af  
34d4				endif  
34d4			endm  
# End of macro DMARK
34d4						CALLMONITOR 
34d4				if BASE_CPM=1  
34d4 cd 6b ee				call debug_vector  
34d7				endif  
34d7				if BASE_KEV=1  
34d7					rst 8  
34d7				endif  
34d7				endm  
# End of macro CALLMONITOR
34d7					endif 
34d7 cd 67 19				call forth_push_str 
34da			 
34da					NEXTW 
34da cd 68 ee			call parse_vector 
34dd c3 46 1c			jp macro_next 
34e0				endm 
# End of macro NEXTW
34e0			.INFO: 
34e0			 
34e0				CWHEAD .ATP 78 "INFO" 4 WORD_FLAG_CODE 
34e0 62				db WORD_SYS_CORE+78             
34e1 00 35			dw .ATP            
34e3 05				db 4 + 1 
34e4 .. 00			db "INFO",0              
34e9				endm 
# End of macro CWHEAD
34e9			; | INFO ( u1 u2 -- )  Use the top two strings on stack to fill in an info window over two lines. Causes a wait for key press to continue. | DONE 
34e9					FORTH_DSP_VALUEHL 
34e9				if BASE_CPM=1 
34e9 cd 96 1a			call macro_dsp_valuehl 
34ec				endif 
34ec				if BASE_KEV=1 
34ec					rst $18 
34ec				endif 
34ec				endm 
# End of macro FORTH_DSP_VALUEHL
34ec			 
34ec					FORTH_DSP_POP 
34ec				if BASE_CPM=1 
34ec cd 2d 1b			call macro_forth_dsp_pop 
34ef				endif 
34ef				if BASE_KEV=1 
34ef					rst $10 
34ef				endif 
34ef				endm 
# End of macro FORTH_DSP_POP
34ef			 
34ef e5					push hl 
34f0			 
34f0					FORTH_DSP_VALUEHL 
34f0				if BASE_CPM=1 
34f0 cd 96 1a			call macro_dsp_valuehl 
34f3				endif 
34f3				if BASE_KEV=1 
34f3					rst $18 
34f3				endif 
34f3				endm 
# End of macro FORTH_DSP_VALUEHL
34f3			 
34f3					FORTH_DSP_POP 
34f3				if BASE_CPM=1 
34f3 cd 2d 1b			call macro_forth_dsp_pop 
34f6				endif 
34f6				if BASE_KEV=1 
34f6					rst $10 
34f6				endif 
34f6				endm 
# End of macro FORTH_DSP_POP
34f6			 
34f6 d1					pop de 
34f7			 
34f7 cd 4b 09				call info_panel 
34fa			 
34fa			 
34fa					NEXTW 
34fa cd 68 ee			call parse_vector 
34fd c3 46 1c			jp macro_next 
3500				endm 
# End of macro NEXTW
3500			.ATP: 
3500				CWHEAD .FB 78 "AT?" 3 WORD_FLAG_CODE 
3500 62				db WORD_SYS_CORE+78             
3501 59 35			dw .FB            
3503 04				db 3 + 1 
3504 .. 00			db "AT?",0              
3508				endm 
# End of macro CWHEAD
3508			; | AT? ( -- c r )  Push to stack the current position of the next print | TO TEST 
3508					if DEBUG_FORTH_WORDS_KEY 
3508						DMARK "AT?" 
3508				if DEMARK_VERSION = 1  
3508 e5					push hl  
3509 21 11 35				ld hl, .dmark  
350c 22 60 ee				ld (debug_mark), hl  
350f				endif  
350f				if DEMARK_VERSION = 0  
350f					push af  
350f					ld a, (.dmark)  
350f					ld (debug_mark),a  
350f					ld a, (.dmark+1)  
350f					ld (debug_mark+1),a  
350f					ld a, (.dmark+2)  
350f					ld (debug_mark+2),a  
350f				endif  
350f 18 04			jr .pastdmark  
3511 ..			.dmark: db "AT?"  
3514				if DEMARK_VERSION = 1  
3514 00					db 0  
3515				endif  
3515				if DEMARK_VERSION = 1  
3515 e1			.pastdmark: pop hl  
3516				endif  
3516				if DEMARK_VERSION = 0  
3516			.pastdmark: pop af  
3516				endif  
3516			endm  
# End of macro DMARK
3516						CALLMONITOR 
3516				if BASE_CPM=1  
3516 cd 6b ee				call debug_vector  
3519				endif  
3519				if BASE_KEV=1  
3519					rst 8  
3519				endif  
3519				endm  
# End of macro CALLMONITOR
3519					endif 
3519 3a 3a ea				ld a, (f_cursor_ptr) 
351c			 
351c			if DEBUG_FORTH_WORDS 
351c				DMARK "AT?" 
351c				if DEMARK_VERSION = 1  
351c e5					push hl  
351d 21 25 35				ld hl, .dmark  
3520 22 60 ee				ld (debug_mark), hl  
3523				endif  
3523				if DEMARK_VERSION = 0  
3523					push af  
3523					ld a, (.dmark)  
3523					ld (debug_mark),a  
3523					ld a, (.dmark+1)  
3523					ld (debug_mark+1),a  
3523					ld a, (.dmark+2)  
3523					ld (debug_mark+2),a  
3523				endif  
3523 18 04			jr .pastdmark  
3525 ..			.dmark: db "AT?"  
3528				if DEMARK_VERSION = 1  
3528 00					db 0  
3529				endif  
3529				if DEMARK_VERSION = 1  
3529 e1			.pastdmark: pop hl  
352a				endif  
352a				if DEMARK_VERSION = 0  
352a			.pastdmark: pop af  
352a				endif  
352a			endm  
# End of macro DMARK
352a				CALLMONITOR 
352a				if BASE_CPM=1  
352a cd 6b ee				call debug_vector  
352d				endif  
352d				if BASE_KEV=1  
352d					rst 8  
352d				endif  
352d				endm  
# End of macro CALLMONITOR
352d			endif	 
352d					; count the number of rows 
352d			 
352d 06 00				ld b, 0 
352f 4f			.atpr:		ld c, a    ; save in case we go below zero 
3530 d6 28				sub display_cols 
3532 f2 38 35				jp p, .atprunder 
3535 04					inc b 
3536 18 f7				jr .atpr 
3538			.atprunder:	 
3538			if DEBUG_FORTH_WORDS 
3538				DMARK "A?2" 
3538				if DEMARK_VERSION = 1  
3538 e5					push hl  
3539 21 41 35				ld hl, .dmark  
353c 22 60 ee				ld (debug_mark), hl  
353f				endif  
353f				if DEMARK_VERSION = 0  
353f					push af  
353f					ld a, (.dmark)  
353f					ld (debug_mark),a  
353f					ld a, (.dmark+1)  
353f					ld (debug_mark+1),a  
353f					ld a, (.dmark+2)  
353f					ld (debug_mark+2),a  
353f				endif  
353f 18 04			jr .pastdmark  
3541 ..			.dmark: db "A?2"  
3544				if DEMARK_VERSION = 1  
3544 00					db 0  
3545				endif  
3545				if DEMARK_VERSION = 1  
3545 e1			.pastdmark: pop hl  
3546				endif  
3546				if DEMARK_VERSION = 0  
3546			.pastdmark: pop af  
3546				endif  
3546			endm  
# End of macro DMARK
3546				CALLMONITOR 
3546				if BASE_CPM=1  
3546 cd 6b ee				call debug_vector  
3549				endif  
3549				if BASE_KEV=1  
3549					rst 8  
3549				endif  
3549				endm  
# End of macro CALLMONITOR
3549			endif	 
3549 26 00				ld h, 0 
354b 69					ld l, c 
354c					;call forth_push_numhl 
354c					FORTH_PUSH_VALUEHL 
354c				if BASE_CPM=1 
354c cd 08 19				call forth_push_numhl 
354f				endif 
354f				if BASE_KEV=1 
354f					rst $20 
354f				endif 
354f				endm 
# End of macro FORTH_PUSH_VALUEHL
354f 68					ld l, b  
3550					;call forth_push_numhl 
3550					FORTH_PUSH_VALUEHL 
3550				if BASE_CPM=1 
3550 cd 08 19				call forth_push_numhl 
3553				endif 
3553				if BASE_KEV=1 
3553					rst $20 
3553				endif 
3553				endm 
# End of macro FORTH_PUSH_VALUEHL
3553			 
3553			 
3553				NEXTW 
3553 cd 68 ee			call parse_vector 
3556 c3 46 1c			jp macro_next 
3559				endm 
# End of macro NEXTW
3559			 
3559			.FB: 
3559				CWHEAD .EMIT 7 "FB" 2 WORD_FLAG_CODE 
3559 1b				db WORD_SYS_CORE+7             
355a 9f 35			dw .EMIT            
355c 03				db 2 + 1 
355d .. 00			db "FB",0              
3560				endm 
# End of macro CWHEAD
3560			; | FB ( u -- ) Select frame buffer ID u (1-3)  |  DONE 
3560			; | | Default frame buffer is 1. System uses 0 which can't be selected for system messages etc. 
3560			; | | Selecting the frame buffer wont display unless automatic display is setup (default). 
3560			; | | If automatic display is off then updates will not be shown until DRAW is used. 
3560					if DEBUG_FORTH_WORDS_KEY 
3560						DMARK "FB." 
3560				if DEMARK_VERSION = 1  
3560 e5					push hl  
3561 21 69 35				ld hl, .dmark  
3564 22 60 ee				ld (debug_mark), hl  
3567				endif  
3567				if DEMARK_VERSION = 0  
3567					push af  
3567					ld a, (.dmark)  
3567					ld (debug_mark),a  
3567					ld a, (.dmark+1)  
3567					ld (debug_mark+1),a  
3567					ld a, (.dmark+2)  
3567					ld (debug_mark+2),a  
3567				endif  
3567 18 04			jr .pastdmark  
3569 ..			.dmark: db "FB."  
356c				if DEMARK_VERSION = 1  
356c 00					db 0  
356d				endif  
356d				if DEMARK_VERSION = 1  
356d e1			.pastdmark: pop hl  
356e				endif  
356e				if DEMARK_VERSION = 0  
356e			.pastdmark: pop af  
356e				endif  
356e			endm  
# End of macro DMARK
356e						CALLMONITOR 
356e				if BASE_CPM=1  
356e cd 6b ee				call debug_vector  
3571				endif  
3571				if BASE_KEV=1  
3571					rst 8  
3571				endif  
3571				endm  
# End of macro CALLMONITOR
3571					endif 
3571			 
3571					FORTH_DSP_VALUEHL 
3571				if BASE_CPM=1 
3571 cd 96 1a			call macro_dsp_valuehl 
3574				endif 
3574				if BASE_KEV=1 
3574					rst $18 
3574				endif 
3574				endm 
# End of macro FORTH_DSP_VALUEHL
3574			 
3574 7d					ld a, l 
3575 fe 01				cp 1 
3577 20 05				jr nz, .fbn1 
3579 21 05 ed				ld hl, display_fb1 
357c 18 15				jr .fbset 
357e fe 02		.fbn1:		cp 2 
3580 20 05				jr nz, .fbn2 
3582 21 c3 eb				ld hl, display_fb2 
3585 18 0c				jr .fbset 
3587 fe 03		.fbn2:		cp 3 
3589 20 05				jr nz, .fbn3 
358b 21 64 ec				ld hl, display_fb3 
358e 18 03				jr .fbset 
3590			.fbn3:		 ; if invalid number select first 
3590 21 05 ed				ld hl, display_fb1 
3593 22 c1 eb		.fbset:		ld (display_fb_active), hl 
3596			 
3596					FORTH_DSP_POP 
3596				if BASE_CPM=1 
3596 cd 2d 1b			call macro_forth_dsp_pop 
3599				endif 
3599				if BASE_KEV=1 
3599					rst $10 
3599				endif 
3599				endm 
# End of macro FORTH_DSP_POP
3599			 
3599					NEXTW 
3599 cd 68 ee			call parse_vector 
359c c3 46 1c			jp macro_next 
359f				endm 
# End of macro NEXTW
359f			 
359f			 
359f			.EMIT: 
359f				CWHEAD .DOTH 7 "EMIT" 4 WORD_FLAG_CODE 
359f 1b				db WORD_SYS_CORE+7             
35a0 e7 35			dw .DOTH            
35a2 05				db 4 + 1 
35a3 .. 00			db "EMIT",0              
35a8				endm 
# End of macro CWHEAD
35a8			; |  EMIT ( u -- ) Display ascii character  TOS   | DONE 
35a8					; get value off TOS and display it 
35a8			 
35a8					if DEBUG_FORTH_WORDS_KEY 
35a8						DMARK "EMT" 
35a8				if DEMARK_VERSION = 1  
35a8 e5					push hl  
35a9 21 b1 35				ld hl, .dmark  
35ac 22 60 ee				ld (debug_mark), hl  
35af				endif  
35af				if DEMARK_VERSION = 0  
35af					push af  
35af					ld a, (.dmark)  
35af					ld (debug_mark),a  
35af					ld a, (.dmark+1)  
35af					ld (debug_mark+1),a  
35af					ld a, (.dmark+2)  
35af					ld (debug_mark+2),a  
35af				endif  
35af 18 04			jr .pastdmark  
35b1 ..			.dmark: db "EMT"  
35b4				if DEMARK_VERSION = 1  
35b4 00					db 0  
35b5				endif  
35b5				if DEMARK_VERSION = 1  
35b5 e1			.pastdmark: pop hl  
35b6				endif  
35b6				if DEMARK_VERSION = 0  
35b6			.pastdmark: pop af  
35b6				endif  
35b6			endm  
# End of macro DMARK
35b6						CALLMONITOR 
35b6				if BASE_CPM=1  
35b6 cd 6b ee				call debug_vector  
35b9				endif  
35b9				if BASE_KEV=1  
35b9					rst 8  
35b9				endif  
35b9				endm  
# End of macro CALLMONITOR
35b9					endif 
35b9			 
35b9					FORTH_DSP_VALUEHL 
35b9				if BASE_CPM=1 
35b9 cd 96 1a			call macro_dsp_valuehl 
35bc				endif 
35bc				if BASE_KEV=1 
35bc					rst $18 
35bc				endif 
35bc				endm 
# End of macro FORTH_DSP_VALUEHL
35bc			 
35bc 7d					ld a,l 
35bd			 
35bd					; TODO write to display 
35bd			 
35bd 32 9b e4				ld (os_input), a 
35c0 3e 00				ld a, 0 
35c2 32 9c e4				ld (os_input+1), a 
35c5					 
35c5 3a 3a ea				ld a, (f_cursor_ptr) 
35c8 11 9b e4				ld de, os_input 
35cb cd cb 09				call str_at_display 
35ce			 
35ce			 
35ce 3a 18 ea				ld a,(cli_autodisplay) 
35d1			;		cp 0 
35d1 b7					or a 
35d2 28 03				jr z, .enoupdate 
35d4 cd f1 09						call update_display 
35d7					.enoupdate: 
35d7			 
35d7 3a 3a ea				ld a, (f_cursor_ptr) 
35da 3c					inc a 
35db 32 3a ea				ld (f_cursor_ptr), a   ; save new pos 
35de			 
35de			 
35de					FORTH_DSP_POP  ; TODO add stock underflow checks and throws  
35de				if BASE_CPM=1 
35de cd 2d 1b			call macro_forth_dsp_pop 
35e1				endif 
35e1				if BASE_KEV=1 
35e1					rst $10 
35e1				endif 
35e1				endm 
# End of macro FORTH_DSP_POP
35e1			  
35e1			 
35e1					NEXTW 
35e1 cd 68 ee			call parse_vector 
35e4 c3 46 1c			jp macro_next 
35e7				endm 
# End of macro NEXTW
35e7			.DOTH: 
35e7				CWHEAD .DOTF 8 ".-" 2 WORD_FLAG_CODE 
35e7 1c				db WORD_SYS_CORE+8             
35e8 0f 36			dw .DOTF            
35ea 03				db 2 + 1 
35eb .. 00			db ".-",0              
35ee				endm 
# End of macro CWHEAD
35ee			        ; | .- ( u -- ) Display TOS replacing any dashes with spaces. Means you dont need to wrap strings in double quotes!   | DONE 
35ee					; get value off TOS and display it 
35ee					if DEBUG_FORTH_WORDS_KEY 
35ee						DMARK "DTD" 
35ee				if DEMARK_VERSION = 1  
35ee e5					push hl  
35ef 21 f7 35				ld hl, .dmark  
35f2 22 60 ee				ld (debug_mark), hl  
35f5				endif  
35f5				if DEMARK_VERSION = 0  
35f5					push af  
35f5					ld a, (.dmark)  
35f5					ld (debug_mark),a  
35f5					ld a, (.dmark+1)  
35f5					ld (debug_mark+1),a  
35f5					ld a, (.dmark+2)  
35f5					ld (debug_mark+2),a  
35f5				endif  
35f5 18 04			jr .pastdmark  
35f7 ..			.dmark: db "DTD"  
35fa				if DEMARK_VERSION = 1  
35fa 00					db 0  
35fb				endif  
35fb				if DEMARK_VERSION = 1  
35fb e1			.pastdmark: pop hl  
35fc				endif  
35fc				if DEMARK_VERSION = 0  
35fc			.pastdmark: pop af  
35fc				endif  
35fc			endm  
# End of macro DMARK
35fc						CALLMONITOR 
35fc				if BASE_CPM=1  
35fc cd 6b ee				call debug_vector  
35ff				endif  
35ff				if BASE_KEV=1  
35ff					rst 8  
35ff				endif  
35ff				endm  
# End of macro CALLMONITOR
35ff					endif 
35ff 0e 01			ld c, 1	  ; flag for removal of '-' enabled 
3601 3e 00			ld a, 0 
3603 32 19 ea			ld (cli_mvdot), a 
3606 c3 53 36			jp .dotgo 
3609				NEXTW 
3609 cd 68 ee			call parse_vector 
360c c3 46 1c			jp macro_next 
360f				endm 
# End of macro NEXTW
360f			.DOTF: 
360f				CWHEAD .DOT 8 ".>" 2 WORD_FLAG_CODE 
360f 1c				db WORD_SYS_CORE+8             
3610 35 36			dw .DOT            
3612 03				db 2 + 1 
3613 .. 00			db ".>",0              
3616				endm 
# End of macro CWHEAD
3616			        ; | .> ( u -- ) Display TOS and move the next display point with display  | DONE 
3616					; get value off TOS and display it 
3616			        ; TODO BUG adds extra spaces 
3616			        ; TODO BUG handle numerics? 
3616					if DEBUG_FORTH_WORDS_KEY 
3616						DMARK "DTC" 
3616				if DEMARK_VERSION = 1  
3616 e5					push hl  
3617 21 1f 36				ld hl, .dmark  
361a 22 60 ee				ld (debug_mark), hl  
361d				endif  
361d				if DEMARK_VERSION = 0  
361d					push af  
361d					ld a, (.dmark)  
361d					ld (debug_mark),a  
361d					ld a, (.dmark+1)  
361d					ld (debug_mark+1),a  
361d					ld a, (.dmark+2)  
361d					ld (debug_mark+2),a  
361d				endif  
361d 18 04			jr .pastdmark  
361f ..			.dmark: db "DTC"  
3622				if DEMARK_VERSION = 1  
3622 00					db 0  
3623				endif  
3623				if DEMARK_VERSION = 1  
3623 e1			.pastdmark: pop hl  
3624				endif  
3624				if DEMARK_VERSION = 0  
3624			.pastdmark: pop af  
3624				endif  
3624			endm  
# End of macro DMARK
3624						CALLMONITOR 
3624				if BASE_CPM=1  
3624 cd 6b ee				call debug_vector  
3627				endif  
3627				if BASE_KEV=1  
3627					rst 8  
3627				endif  
3627				endm  
# End of macro CALLMONITOR
3627					endif 
3627 3e 01			ld a, 1 
3629 32 19 ea			ld (cli_mvdot), a 
362c c3 53 36			jp .dotgo 
362f				NEXTW 
362f cd 68 ee			call parse_vector 
3632 c3 46 1c			jp macro_next 
3635				endm 
# End of macro NEXTW
3635			 
3635			.DOT: 
3635				CWHEAD .CLS 8 "." 1 WORD_FLAG_CODE 
3635 1c				db WORD_SYS_CORE+8             
3636 81 37			dw .CLS            
3638 02				db 1 + 1 
3639 .. 00			db ".",0              
363b				endm 
# End of macro CWHEAD
363b			        ; | . ( u -- ) Display TOS. Does not move next print position. Use .> if you want that. | DONE 
363b					; get value off TOS and display it 
363b			 
363b					if DEBUG_FORTH_WORDS_KEY 
363b						DMARK "DOT" 
363b				if DEMARK_VERSION = 1  
363b e5					push hl  
363c 21 44 36				ld hl, .dmark  
363f 22 60 ee				ld (debug_mark), hl  
3642				endif  
3642				if DEMARK_VERSION = 0  
3642					push af  
3642					ld a, (.dmark)  
3642					ld (debug_mark),a  
3642					ld a, (.dmark+1)  
3642					ld (debug_mark+1),a  
3642					ld a, (.dmark+2)  
3642					ld (debug_mark+2),a  
3642				endif  
3642 18 04			jr .pastdmark  
3644 ..			.dmark: db "DOT"  
3647				if DEMARK_VERSION = 1  
3647 00					db 0  
3648				endif  
3648				if DEMARK_VERSION = 1  
3648 e1			.pastdmark: pop hl  
3649				endif  
3649				if DEMARK_VERSION = 0  
3649			.pastdmark: pop af  
3649				endif  
3649			endm  
# End of macro DMARK
3649						CALLMONITOR 
3649				if BASE_CPM=1  
3649 cd 6b ee				call debug_vector  
364c				endif  
364c				if BASE_KEV=1  
364c					rst 8  
364c				endif  
364c				endm  
# End of macro CALLMONITOR
364c					endif 
364c 3e 00			ld a, 0 
364e 32 19 ea			ld (cli_mvdot), a 
3651 0e 00		ld c, 0	  ; flag for removal of '-' disabled 
3653				 
3653			 
3653			.dotgo: 
3653			 
3653			; move up type to on stack for parserv5 
3653					FORTH_DSP 
3653 cd 67 1a			call macro_forth_dsp 
3656				endm 
# End of macro FORTH_DSP
3656				;FORTH_DSP_VALUE  
3656			 
3656			if DEBUG_FORTH_DOT 
3656				DMARK "DOT" 
3656				if DEMARK_VERSION = 1  
3656 e5					push hl  
3657 21 5f 36				ld hl, .dmark  
365a 22 60 ee				ld (debug_mark), hl  
365d				endif  
365d				if DEMARK_VERSION = 0  
365d					push af  
365d					ld a, (.dmark)  
365d					ld (debug_mark),a  
365d					ld a, (.dmark+1)  
365d					ld (debug_mark+1),a  
365d					ld a, (.dmark+2)  
365d					ld (debug_mark+2),a  
365d				endif  
365d 18 04			jr .pastdmark  
365f ..			.dmark: db "DOT"  
3662				if DEMARK_VERSION = 1  
3662 00					db 0  
3663				endif  
3663				if DEMARK_VERSION = 1  
3663 e1			.pastdmark: pop hl  
3664				endif  
3664				if DEMARK_VERSION = 0  
3664			.pastdmark: pop af  
3664				endif  
3664			endm  
# End of macro DMARK
3664				CALLMONITOR 
3664				if BASE_CPM=1  
3664 cd 6b ee				call debug_vector  
3667				endif  
3667				if BASE_KEV=1  
3667					rst 8  
3667				endif  
3667				endm  
# End of macro CALLMONITOR
3667			endif	 
3667			;		.print: 
3667			 
3667 7e				ld a,(hl)  ; work out what type of value is on the TOS 
3668 23				inc hl   ; position to the actual value 
3669 fe 01			cp DS_TYPE_STR 
366b 20 06			jr nz, .dotnum1  
366d			 
366d			; display string 
366d				FORTH_DSP_VALUE  
366d cd 7f 1a			call macro_forth_dsp_value 
3670				endm 
# End of macro FORTH_DSP_VALUE
3670 eb				ex de,hl 
3671 18 33			jr .dotwrite 
3673			 
3673			.dotnum1: 
3673 fe 02			cp DS_TYPE_INUM 
3675 20 2e			jr nz, .dotflot 
3677			 
3677			 
3677			; display number 
3677			 
3677			;	push hl 
3677			;	call clear_display 
3677			;	pop hl 
3677			 
3677 5e				ld e, (hl) 
3678 23				inc hl 
3679 56				ld d, (hl) 
367a 21 9d e2			ld hl, scratch 
367d			if DEBUG_FORTH_DOT 
367d				DMARK "DT1" 
367d				if DEMARK_VERSION = 1  
367d e5					push hl  
367e 21 86 36				ld hl, .dmark  
3681 22 60 ee				ld (debug_mark), hl  
3684				endif  
3684				if DEMARK_VERSION = 0  
3684					push af  
3684					ld a, (.dmark)  
3684					ld (debug_mark),a  
3684					ld a, (.dmark+1)  
3684					ld (debug_mark+1),a  
3684					ld a, (.dmark+2)  
3684					ld (debug_mark+2),a  
3684				endif  
3684 18 04			jr .pastdmark  
3686 ..			.dmark: db "DT1"  
3689				if DEMARK_VERSION = 1  
3689 00					db 0  
368a				endif  
368a				if DEMARK_VERSION = 1  
368a e1			.pastdmark: pop hl  
368b				endif  
368b				if DEMARK_VERSION = 0  
368b			.pastdmark: pop af  
368b				endif  
368b			endm  
# End of macro DMARK
368b				CALLMONITOR 
368b				if BASE_CPM=1  
368b cd 6b ee				call debug_vector  
368e				endif  
368e				if BASE_KEV=1  
368e					rst 8  
368e				endif  
368e				endm  
# End of macro CALLMONITOR
368e			endif	 
368e			 
368e cd 00 0f			call uitoa_16 
3691 eb				ex de,hl 
3692			 
3692			if DEBUG_FORTH_DOT 
3692				DMARK "DT2" 
3692				if DEMARK_VERSION = 1  
3692 e5					push hl  
3693 21 9b 36				ld hl, .dmark  
3696 22 60 ee				ld (debug_mark), hl  
3699				endif  
3699				if DEMARK_VERSION = 0  
3699					push af  
3699					ld a, (.dmark)  
3699					ld (debug_mark),a  
3699					ld a, (.dmark+1)  
3699					ld (debug_mark+1),a  
3699					ld a, (.dmark+2)  
3699					ld (debug_mark+2),a  
3699				endif  
3699 18 04			jr .pastdmark  
369b ..			.dmark: db "DT2"  
369e				if DEMARK_VERSION = 1  
369e 00					db 0  
369f				endif  
369f				if DEMARK_VERSION = 1  
369f e1			.pastdmark: pop hl  
36a0				endif  
36a0				if DEMARK_VERSION = 0  
36a0			.pastdmark: pop af  
36a0				endif  
36a0			endm  
# End of macro DMARK
36a0				CALLMONITOR 
36a0				if BASE_CPM=1  
36a0 cd 6b ee				call debug_vector  
36a3				endif  
36a3				if BASE_KEV=1  
36a3					rst 8  
36a3				endif  
36a3				endm  
# End of macro CALLMONITOR
36a3			endif	 
36a3			 
36a3			;	ld de, os_word_scratch 
36a3 18 01			jr .dotwrite 
36a5			 
36a5 00			.dotflot:   nop 
36a6			; TODO print floating point number 
36a6			 
36a6			.dotwrite:		 
36a6			 
36a6					; if c is set then set all '-' to spaces 
36a6					; need to also take into account .>  
36a6			 
36a6 3e 01				ld a, 1 
36a8 b9					cp c 
36a9 20 44				jr nz, .nodashswap 
36ab			 
36ab					; DE has the string to write, working with HL 
36ab			 
36ab 06 ff				ld b, 255 
36ad d5					push de 
36ae e1					pop hl 
36af			 
36af			if DEBUG_FORTH_DOT 
36af				DMARK "DT-" 
36af				if DEMARK_VERSION = 1  
36af e5					push hl  
36b0 21 b8 36				ld hl, .dmark  
36b3 22 60 ee				ld (debug_mark), hl  
36b6				endif  
36b6				if DEMARK_VERSION = 0  
36b6					push af  
36b6					ld a, (.dmark)  
36b6					ld (debug_mark),a  
36b6					ld a, (.dmark+1)  
36b6					ld (debug_mark+1),a  
36b6					ld a, (.dmark+2)  
36b6					ld (debug_mark+2),a  
36b6				endif  
36b6 18 04			jr .pastdmark  
36b8 ..			.dmark: db "DT-"  
36bb				if DEMARK_VERSION = 1  
36bb 00					db 0  
36bc				endif  
36bc				if DEMARK_VERSION = 1  
36bc e1			.pastdmark: pop hl  
36bd				endif  
36bd				if DEMARK_VERSION = 0  
36bd			.pastdmark: pop af  
36bd				endif  
36bd			endm  
# End of macro DMARK
36bd				CALLMONITOR 
36bd				if BASE_CPM=1  
36bd cd 6b ee				call debug_vector  
36c0				endif  
36c0				if BASE_KEV=1  
36c0					rst 8  
36c0				endif  
36c0				endm  
# End of macro CALLMONITOR
36c0			endif	 
36c0 7e			.dashscan:	ld a, (hl) 
36c1			;		cp 0 
36c1 b7					or a 
36c2 28 2b				jr z, .nodashswap 
36c4 fe 2d				cp '-' 
36c6 20 02				jr nz, .dashskip 
36c8			;		ld a, ' ' 
36c8 36 20				ld (hl), ' ' 
36ca 23			.dashskip:	inc hl 
36cb			if DEBUG_FORTH_DOT 
36cb				DMARK "D-2" 
36cb				if DEMARK_VERSION = 1  
36cb e5					push hl  
36cc 21 d4 36				ld hl, .dmark  
36cf 22 60 ee				ld (debug_mark), hl  
36d2				endif  
36d2				if DEMARK_VERSION = 0  
36d2					push af  
36d2					ld a, (.dmark)  
36d2					ld (debug_mark),a  
36d2					ld a, (.dmark+1)  
36d2					ld (debug_mark+1),a  
36d2					ld a, (.dmark+2)  
36d2					ld (debug_mark+2),a  
36d2				endif  
36d2 18 04			jr .pastdmark  
36d4 ..			.dmark: db "D-2"  
36d7				if DEMARK_VERSION = 1  
36d7 00					db 0  
36d8				endif  
36d8				if DEMARK_VERSION = 1  
36d8 e1			.pastdmark: pop hl  
36d9				endif  
36d9				if DEMARK_VERSION = 0  
36d9			.pastdmark: pop af  
36d9				endif  
36d9			endm  
# End of macro DMARK
36d9				CALLMONITOR 
36d9				if BASE_CPM=1  
36d9 cd 6b ee				call debug_vector  
36dc				endif  
36dc				if BASE_KEV=1  
36dc					rst 8  
36dc				endif  
36dc				endm  
# End of macro CALLMONITOR
36dc			endif	 
36dc 10 e2				djnz .dashscan 
36de			 
36de			if DEBUG_FORTH_DOT 
36de				DMARK "D-1" 
36de				if DEMARK_VERSION = 1  
36de e5					push hl  
36df 21 e7 36				ld hl, .dmark  
36e2 22 60 ee				ld (debug_mark), hl  
36e5				endif  
36e5				if DEMARK_VERSION = 0  
36e5					push af  
36e5					ld a, (.dmark)  
36e5					ld (debug_mark),a  
36e5					ld a, (.dmark+1)  
36e5					ld (debug_mark+1),a  
36e5					ld a, (.dmark+2)  
36e5					ld (debug_mark+2),a  
36e5				endif  
36e5 18 04			jr .pastdmark  
36e7 ..			.dmark: db "D-1"  
36ea				if DEMARK_VERSION = 1  
36ea 00					db 0  
36eb				endif  
36eb				if DEMARK_VERSION = 1  
36eb e1			.pastdmark: pop hl  
36ec				endif  
36ec				if DEMARK_VERSION = 0  
36ec			.pastdmark: pop af  
36ec				endif  
36ec			endm  
# End of macro DMARK
36ec				CALLMONITOR 
36ec				if BASE_CPM=1  
36ec cd 6b ee				call debug_vector  
36ef				endif  
36ef				if BASE_KEV=1  
36ef					rst 8  
36ef				endif  
36ef				endm  
# End of macro CALLMONITOR
36ef			endif	 
36ef			 
36ef			.nodashswap: 
36ef			 
36ef			if DEBUG_FORTH_DOT 
36ef				DMARK "D-o" 
36ef				if DEMARK_VERSION = 1  
36ef e5					push hl  
36f0 21 f8 36				ld hl, .dmark  
36f3 22 60 ee				ld (debug_mark), hl  
36f6				endif  
36f6				if DEMARK_VERSION = 0  
36f6					push af  
36f6					ld a, (.dmark)  
36f6					ld (debug_mark),a  
36f6					ld a, (.dmark+1)  
36f6					ld (debug_mark+1),a  
36f6					ld a, (.dmark+2)  
36f6					ld (debug_mark+2),a  
36f6				endif  
36f6 18 04			jr .pastdmark  
36f8 ..			.dmark: db "D-o"  
36fb				if DEMARK_VERSION = 1  
36fb 00					db 0  
36fc				endif  
36fc				if DEMARK_VERSION = 1  
36fc e1			.pastdmark: pop hl  
36fd				endif  
36fd				if DEMARK_VERSION = 0  
36fd			.pastdmark: pop af  
36fd				endif  
36fd			endm  
# End of macro DMARK
36fd				CALLMONITOR 
36fd				if BASE_CPM=1  
36fd cd 6b ee				call debug_vector  
3700				endif  
3700				if BASE_KEV=1  
3700					rst 8  
3700				endif  
3700				endm  
# End of macro CALLMONITOR
3700			endif	 
3700			 
3700 d5					push de   ; save string start in case we need to advance print 
3701			 
3701			 
3701			; TODO intercept here for hardware config switch to redirect to ESP UART 
3701			 
3701 3a 3a ea				ld a, (f_cursor_ptr) 
3704 cd cb 09				call str_at_display 
3707 3a 18 ea				ld a,(cli_autodisplay) 
370a			;		cp 0 
370a b7					or a 
370b 28 03				jr z, .noupdate 
370d cd f1 09						call update_display 
3710					.noupdate: 
3710			 
3710			 
3710					; see if we need to advance the print position 
3710			 
3710 e1					pop hl   ; get back string 
3711			;		ex de,hl 
3711			 
3711 3a 19 ea				ld a, (cli_mvdot) 
3714			if DEBUG_FORTH_DOT 
3714			;		ld e,a 
3714				DMARK "D>1" 
3714				if DEMARK_VERSION = 1  
3714 e5					push hl  
3715 21 1d 37				ld hl, .dmark  
3718 22 60 ee				ld (debug_mark), hl  
371b				endif  
371b				if DEMARK_VERSION = 0  
371b					push af  
371b					ld a, (.dmark)  
371b					ld (debug_mark),a  
371b					ld a, (.dmark+1)  
371b					ld (debug_mark+1),a  
371b					ld a, (.dmark+2)  
371b					ld (debug_mark+2),a  
371b				endif  
371b 18 04			jr .pastdmark  
371d ..			.dmark: db "D>1"  
3720				if DEMARK_VERSION = 1  
3720 00					db 0  
3721				endif  
3721				if DEMARK_VERSION = 1  
3721 e1			.pastdmark: pop hl  
3722				endif  
3722				if DEMARK_VERSION = 0  
3722			.pastdmark: pop af  
3722				endif  
3722			endm  
# End of macro DMARK
3722				CALLMONITOR 
3722				if BASE_CPM=1  
3722 cd 6b ee				call debug_vector  
3725				endif  
3725				if BASE_KEV=1  
3725					rst 8  
3725				endif  
3725				endm  
# End of macro CALLMONITOR
3725			endif	 
3725			;		cp 0 
3725 b7					or a 
3726 28 2e				jr z, .noadv 
3728					; yes, lets advance the print position 
3728 3e 00				ld a, 0 
372a cd 5c 0f				call strlent 
372d			if DEBUG_FORTH_DOT 
372d				DMARK "D-?" 
372d				if DEMARK_VERSION = 1  
372d e5					push hl  
372e 21 36 37				ld hl, .dmark  
3731 22 60 ee				ld (debug_mark), hl  
3734				endif  
3734				if DEMARK_VERSION = 0  
3734					push af  
3734					ld a, (.dmark)  
3734					ld (debug_mark),a  
3734					ld a, (.dmark+1)  
3734					ld (debug_mark+1),a  
3734					ld a, (.dmark+2)  
3734					ld (debug_mark+2),a  
3734				endif  
3734 18 04			jr .pastdmark  
3736 ..			.dmark: db "D-?"  
3739				if DEMARK_VERSION = 1  
3739 00					db 0  
373a				endif  
373a				if DEMARK_VERSION = 1  
373a e1			.pastdmark: pop hl  
373b				endif  
373b				if DEMARK_VERSION = 0  
373b			.pastdmark: pop af  
373b				endif  
373b			endm  
# End of macro DMARK
373b				CALLMONITOR 
373b				if BASE_CPM=1  
373b cd 6b ee				call debug_vector  
373e				endif  
373e				if BASE_KEV=1  
373e					rst 8  
373e				endif  
373e				endm  
# End of macro CALLMONITOR
373e			endif	 
373e 3a 3a ea				ld a, (f_cursor_ptr) 
3741 85					add a,l 
3742					;call addatohl 
3742					;ld a, l 
3742 32 3a ea				ld (f_cursor_ptr), a   ; save new pos 
3745			 
3745			if DEBUG_FORTH_DOT 
3745				DMARK "D->" 
3745				if DEMARK_VERSION = 1  
3745 e5					push hl  
3746 21 4e 37				ld hl, .dmark  
3749 22 60 ee				ld (debug_mark), hl  
374c				endif  
374c				if DEMARK_VERSION = 0  
374c					push af  
374c					ld a, (.dmark)  
374c					ld (debug_mark),a  
374c					ld a, (.dmark+1)  
374c					ld (debug_mark+1),a  
374c					ld a, (.dmark+2)  
374c					ld (debug_mark+2),a  
374c				endif  
374c 18 04			jr .pastdmark  
374e ..			.dmark: db "D->"  
3751				if DEMARK_VERSION = 1  
3751 00					db 0  
3752				endif  
3752				if DEMARK_VERSION = 1  
3752 e1			.pastdmark: pop hl  
3753				endif  
3753				if DEMARK_VERSION = 0  
3753			.pastdmark: pop af  
3753				endif  
3753			endm  
# End of macro DMARK
3753				CALLMONITOR 
3753				if BASE_CPM=1  
3753 cd 6b ee				call debug_vector  
3756				endif  
3756				if BASE_KEV=1  
3756					rst 8  
3756				endif  
3756				endm  
# End of macro CALLMONITOR
3756			endif	 
3756			 
3756			.noadv:	 
3756			 
3756					if DEBUG_FORTH_DOT_WAIT 
3756							call next_page_prompt 
3756					endif	 
3756			; TODO this pop off the stack causes a crash. i dont know why 
3756			 
3756			 
3756			if DEBUG_FORTH_DOT 
3756				DMARK "DTh" 
3756				if DEMARK_VERSION = 1  
3756 e5					push hl  
3757 21 5f 37				ld hl, .dmark  
375a 22 60 ee				ld (debug_mark), hl  
375d				endif  
375d				if DEMARK_VERSION = 0  
375d					push af  
375d					ld a, (.dmark)  
375d					ld (debug_mark),a  
375d					ld a, (.dmark+1)  
375d					ld (debug_mark+1),a  
375d					ld a, (.dmark+2)  
375d					ld (debug_mark+2),a  
375d				endif  
375d 18 04			jr .pastdmark  
375f ..			.dmark: db "DTh"  
3762				if DEMARK_VERSION = 1  
3762 00					db 0  
3763				endif  
3763				if DEMARK_VERSION = 1  
3763 e1			.pastdmark: pop hl  
3764				endif  
3764				if DEMARK_VERSION = 0  
3764			.pastdmark: pop af  
3764				endif  
3764			endm  
# End of macro DMARK
3764				CALLMONITOR 
3764				if BASE_CPM=1  
3764 cd 6b ee				call debug_vector  
3767				endif  
3767				if BASE_KEV=1  
3767					rst 8  
3767				endif  
3767				endm  
# End of macro CALLMONITOR
3767			endif	 
3767			 
3767					FORTH_DSP_POP  ; TODO add stock underflow checks and throws  
3767				if BASE_CPM=1 
3767 cd 2d 1b			call macro_forth_dsp_pop 
376a				endif 
376a				if BASE_KEV=1 
376a					rst $10 
376a				endif 
376a				endm 
# End of macro FORTH_DSP_POP
376a			 
376a			if DEBUG_FORTH_DOT 
376a				DMARK "DTi" 
376a				if DEMARK_VERSION = 1  
376a e5					push hl  
376b 21 73 37				ld hl, .dmark  
376e 22 60 ee				ld (debug_mark), hl  
3771				endif  
3771				if DEMARK_VERSION = 0  
3771					push af  
3771					ld a, (.dmark)  
3771					ld (debug_mark),a  
3771					ld a, (.dmark+1)  
3771					ld (debug_mark+1),a  
3771					ld a, (.dmark+2)  
3771					ld (debug_mark+2),a  
3771				endif  
3771 18 04			jr .pastdmark  
3773 ..			.dmark: db "DTi"  
3776				if DEMARK_VERSION = 1  
3776 00					db 0  
3777				endif  
3777				if DEMARK_VERSION = 1  
3777 e1			.pastdmark: pop hl  
3778				endif  
3778				if DEMARK_VERSION = 0  
3778			.pastdmark: pop af  
3778				endif  
3778			endm  
# End of macro DMARK
3778				CALLMONITOR 
3778				if BASE_CPM=1  
3778 cd 6b ee				call debug_vector  
377b				endif  
377b				if BASE_KEV=1  
377b					rst 8  
377b				endif  
377b				endm  
# End of macro CALLMONITOR
377b			endif	 
377b			 
377b			 
377b					NEXTW 
377b cd 68 ee			call parse_vector 
377e c3 46 1c			jp macro_next 
3781				endm 
# End of macro NEXTW
3781			 
3781			.CLS: 
3781				CWHEAD .DRAW 33 "CLS" 3 WORD_FLAG_CODE 
3781 35				db WORD_SYS_CORE+33             
3782 a6 37			dw .DRAW            
3784 04				db 3 + 1 
3785 .. 00			db "CLS",0              
3789				endm 
# End of macro CWHEAD
3789			; | CLS ( -- ) Clear current frame buffer and set next print position to top left corner  | DONE 
3789					if DEBUG_FORTH_WORDS_KEY 
3789						DMARK "CLS" 
3789				if DEMARK_VERSION = 1  
3789 e5					push hl  
378a 21 92 37				ld hl, .dmark  
378d 22 60 ee				ld (debug_mark), hl  
3790				endif  
3790				if DEMARK_VERSION = 0  
3790					push af  
3790					ld a, (.dmark)  
3790					ld (debug_mark),a  
3790					ld a, (.dmark+1)  
3790					ld (debug_mark+1),a  
3790					ld a, (.dmark+2)  
3790					ld (debug_mark+2),a  
3790				endif  
3790 18 04			jr .pastdmark  
3792 ..			.dmark: db "CLS"  
3795				if DEMARK_VERSION = 1  
3795 00					db 0  
3796				endif  
3796				if DEMARK_VERSION = 1  
3796 e1			.pastdmark: pop hl  
3797				endif  
3797				if DEMARK_VERSION = 0  
3797			.pastdmark: pop af  
3797				endif  
3797			endm  
# End of macro DMARK
3797						CALLMONITOR 
3797				if BASE_CPM=1  
3797 cd 6b ee				call debug_vector  
379a				endif  
379a				if BASE_KEV=1  
379a					rst 8  
379a				endif  
379a				endm  
# End of macro CALLMONITOR
379a					endif 
379a cd b9 09				call clear_display 
379d c3 89 38				jp .home		; and home cursor 
37a0					NEXTW 
37a0 cd 68 ee			call parse_vector 
37a3 c3 46 1c			jp macro_next 
37a6				endm 
# End of macro NEXTW
37a6			 
37a6			.DRAW: 
37a6				CWHEAD .DUMP 34 "DRAW" 4 WORD_FLAG_CODE 
37a6 36				db WORD_SYS_CORE+34             
37a7 c9 37			dw .DUMP            
37a9 05				db 4 + 1 
37aa .. 00			db "DRAW",0              
37af				endm 
# End of macro CWHEAD
37af			; | DRAW ( -- ) Draw contents of current frame buffer  | DONE 
37af					if DEBUG_FORTH_WORDS_KEY 
37af						DMARK "DRW" 
37af				if DEMARK_VERSION = 1  
37af e5					push hl  
37b0 21 b8 37				ld hl, .dmark  
37b3 22 60 ee				ld (debug_mark), hl  
37b6				endif  
37b6				if DEMARK_VERSION = 0  
37b6					push af  
37b6					ld a, (.dmark)  
37b6					ld (debug_mark),a  
37b6					ld a, (.dmark+1)  
37b6					ld (debug_mark+1),a  
37b6					ld a, (.dmark+2)  
37b6					ld (debug_mark+2),a  
37b6				endif  
37b6 18 04			jr .pastdmark  
37b8 ..			.dmark: db "DRW"  
37bb				if DEMARK_VERSION = 1  
37bb 00					db 0  
37bc				endif  
37bc				if DEMARK_VERSION = 1  
37bc e1			.pastdmark: pop hl  
37bd				endif  
37bd				if DEMARK_VERSION = 0  
37bd			.pastdmark: pop af  
37bd				endif  
37bd			endm  
# End of macro DMARK
37bd						CALLMONITOR 
37bd				if BASE_CPM=1  
37bd cd 6b ee				call debug_vector  
37c0				endif  
37c0				if BASE_KEV=1  
37c0					rst 8  
37c0				endif  
37c0				endm  
# End of macro CALLMONITOR
37c0					endif 
37c0 cd f1 09				call update_display 
37c3					NEXTW 
37c3 cd 68 ee			call parse_vector 
37c6 c3 46 1c			jp macro_next 
37c9				endm 
# End of macro NEXTW
37c9			 
37c9			.DUMP: 
37c9				CWHEAD .CDUMP 35 "DUMP" 4 WORD_FLAG_CODE 
37c9 37				db WORD_SYS_CORE+35             
37ca f9 37			dw .CDUMP            
37cc 05				db 4 + 1 
37cd .. 00			db "DUMP",0              
37d2				endm 
# End of macro CWHEAD
37d2			; | DUMP ( x -- ) With address x display dump   | DONE 
37d2			; TODO pop address to use off of the stack 
37d2					if DEBUG_FORTH_WORDS_KEY 
37d2						DMARK "DUM" 
37d2				if DEMARK_VERSION = 1  
37d2 e5					push hl  
37d3 21 db 37				ld hl, .dmark  
37d6 22 60 ee				ld (debug_mark), hl  
37d9				endif  
37d9				if DEMARK_VERSION = 0  
37d9					push af  
37d9					ld a, (.dmark)  
37d9					ld (debug_mark),a  
37d9					ld a, (.dmark+1)  
37d9					ld (debug_mark+1),a  
37d9					ld a, (.dmark+2)  
37d9					ld (debug_mark+2),a  
37d9				endif  
37d9 18 04			jr .pastdmark  
37db ..			.dmark: db "DUM"  
37de				if DEMARK_VERSION = 1  
37de 00					db 0  
37df				endif  
37df				if DEMARK_VERSION = 1  
37df e1			.pastdmark: pop hl  
37e0				endif  
37e0				if DEMARK_VERSION = 0  
37e0			.pastdmark: pop af  
37e0				endif  
37e0			endm  
# End of macro DMARK
37e0						CALLMONITOR 
37e0				if BASE_CPM=1  
37e0 cd 6b ee				call debug_vector  
37e3				endif  
37e3				if BASE_KEV=1  
37e3					rst 8  
37e3				endif  
37e3				endm  
# End of macro CALLMONITOR
37e3					endif 
37e3 cd b9 09				call clear_display 
37e6			 
37e6					; get address 
37e6			 
37e6					FORTH_DSP_VALUEHL     			; TODO skip type check and assume number.... lol 
37e6				if BASE_CPM=1 
37e6 cd 96 1a			call macro_dsp_valuehl 
37e9				endif 
37e9				if BASE_KEV=1 
37e9					rst $18 
37e9				endif 
37e9				endm 
# End of macro FORTH_DSP_VALUEHL
37e9				 
37e9					; save it for cdump 
37e9			 
37e9 22 c0 e5				ld (os_cur_ptr),hl 
37ec			 
37ec					; destroy value TOS 
37ec			 
37ec					FORTH_DSP_POP  ; TODO add stock underflow checks and throws  
37ec				if BASE_CPM=1 
37ec cd 2d 1b			call macro_forth_dsp_pop 
37ef				endif 
37ef				if BASE_KEV=1 
37ef					rst $10 
37ef				endif 
37ef				endm 
# End of macro FORTH_DSP_POP
37ef			 
37ef cd 8c 17				call dumpcont	; skip old style of param parsing	 
37f2 c9					ret			; TODO command causes end of remaining parsing so cant do: $0000 DUMP $8000 DUMP 
37f3					NEXTW 
37f3 cd 68 ee			call parse_vector 
37f6 c3 46 1c			jp macro_next 
37f9				endm 
# End of macro NEXTW
37f9			.CDUMP: 
37f9				CWHEAD .DAT 36 "CDUMP" 5 WORD_FLAG_CODE 
37f9 38				db WORD_SYS_CORE+36             
37fa 21 38			dw .DAT            
37fc 06				db 5 + 1 
37fd .. 00			db "CDUMP",0              
3803				endm 
# End of macro CWHEAD
3803			; | CDUMP ( -- ) Continue dump of memory from DUMP | DONE 
3803					if DEBUG_FORTH_WORDS_KEY 
3803						DMARK "CDP" 
3803				if DEMARK_VERSION = 1  
3803 e5					push hl  
3804 21 0c 38				ld hl, .dmark  
3807 22 60 ee				ld (debug_mark), hl  
380a				endif  
380a				if DEMARK_VERSION = 0  
380a					push af  
380a					ld a, (.dmark)  
380a					ld (debug_mark),a  
380a					ld a, (.dmark+1)  
380a					ld (debug_mark+1),a  
380a					ld a, (.dmark+2)  
380a					ld (debug_mark+2),a  
380a				endif  
380a 18 04			jr .pastdmark  
380c ..			.dmark: db "CDP"  
380f				if DEMARK_VERSION = 1  
380f 00					db 0  
3810				endif  
3810				if DEMARK_VERSION = 1  
3810 e1			.pastdmark: pop hl  
3811				endif  
3811				if DEMARK_VERSION = 0  
3811			.pastdmark: pop af  
3811				endif  
3811			endm  
# End of macro DMARK
3811						CALLMONITOR 
3811				if BASE_CPM=1  
3811 cd 6b ee				call debug_vector  
3814				endif  
3814				if BASE_KEV=1  
3814					rst 8  
3814				endif  
3814				endm  
# End of macro CALLMONITOR
3814					endif 
3814 cd b9 09				call clear_display 
3817 cd 8c 17				call dumpcont	 
381a c9					ret			; TODO command causes end of remaining parsing so cant do: $0000 DUMP CDUMP $8000 DUMP 
381b					NEXTW 
381b cd 68 ee			call parse_vector 
381e c3 46 1c			jp macro_next 
3821				endm 
# End of macro NEXTW
3821			 
3821			 
3821			 
3821			 
3821			.DAT: 
3821				CWHEAD .HOME 41 "AT" 2 WORD_FLAG_CODE 
3821 3d				db WORD_SYS_CORE+41             
3822 6f 38			dw .HOME            
3824 03				db 2 + 1 
3825 .. 00			db "AT",0              
3828				endm 
# End of macro CWHEAD
3828			; | AT ( u1 u2 -- ) Set next output via . or emit at row u2 col u1 | DONE 
3828					if DEBUG_FORTH_WORDS_KEY 
3828						DMARK "AT." 
3828				if DEMARK_VERSION = 1  
3828 e5					push hl  
3829 21 31 38				ld hl, .dmark  
382c 22 60 ee				ld (debug_mark), hl  
382f				endif  
382f				if DEMARK_VERSION = 0  
382f					push af  
382f					ld a, (.dmark)  
382f					ld (debug_mark),a  
382f					ld a, (.dmark+1)  
382f					ld (debug_mark+1),a  
382f					ld a, (.dmark+2)  
382f					ld (debug_mark+2),a  
382f				endif  
382f 18 04			jr .pastdmark  
3831 ..			.dmark: db "AT."  
3834				if DEMARK_VERSION = 1  
3834 00					db 0  
3835				endif  
3835				if DEMARK_VERSION = 1  
3835 e1			.pastdmark: pop hl  
3836				endif  
3836				if DEMARK_VERSION = 0  
3836			.pastdmark: pop af  
3836				endif  
3836			endm  
# End of macro DMARK
3836						CALLMONITOR 
3836				if BASE_CPM=1  
3836 cd 6b ee				call debug_vector  
3839				endif  
3839				if BASE_KEV=1  
3839					rst 8  
3839				endif  
3839				endm  
# End of macro CALLMONITOR
3839					endif 
3839					FORTH_DSP_VALUEHL     			; TODO skip type check and assume number.... lol 
3839				if BASE_CPM=1 
3839 cd 96 1a			call macro_dsp_valuehl 
383c				endif 
383c				if BASE_KEV=1 
383c					rst $18 
383c				endif 
383c				endm 
# End of macro FORTH_DSP_VALUEHL
383c			 
383c			 
383c					; TODO save cursor row 
383c 7d					ld a,l 
383d fe 02				cp 2 
383f 20 04				jr nz, .crow3 
3841 3e 28				ld a, display_row_2 
3843 18 12				jr .ccol1 
3845 fe 03		.crow3:		cp 3 
3847 20 04				jr nz, .crow4 
3849 3e 50				ld a, display_row_3 
384b 18 0a				jr .ccol1 
384d fe 04		.crow4:		cp 4 
384f 20 04				jr nz, .crow1 
3851 3e 78				ld a, display_row_4 
3853 18 02				jr .ccol1 
3855 3e 00		.crow1:		ld a,display_row_1 
3857 f5			.ccol1:		push af			; got row offset 
3858 6f					ld l,a 
3859 26 00				ld h,0 
385b					FORTH_DSP_POP  ; TODO add stock underflow checks and throws  
385b				if BASE_CPM=1 
385b cd 2d 1b			call macro_forth_dsp_pop 
385e				endif 
385e				if BASE_KEV=1 
385e					rst $10 
385e				endif 
385e				endm 
# End of macro FORTH_DSP_POP
385e					FORTH_DSP_VALUEHL     			; TODO skip type check and assume number.... lol 
385e				if BASE_CPM=1 
385e cd 96 1a			call macro_dsp_valuehl 
3861				endif 
3861				if BASE_KEV=1 
3861					rst $18 
3861				endif 
3861				endm 
# End of macro FORTH_DSP_VALUEHL
3861					; TODO save cursor col 
3861 f1					pop af 
3862 85					add l		; add col offset 
3863 32 3a ea				ld (f_cursor_ptr), a 
3866					FORTH_DSP_POP  ; TODO add stock underflow checks and throws  
3866				if BASE_CPM=1 
3866 cd 2d 1b			call macro_forth_dsp_pop 
3869				endif 
3869				if BASE_KEV=1 
3869					rst $10 
3869				endif 
3869				endm 
# End of macro FORTH_DSP_POP
3869			 
3869					; calculate  
3869			 
3869					NEXTW 
3869 cd 68 ee			call parse_vector 
386c c3 46 1c			jp macro_next 
386f				endm 
# End of macro NEXTW
386f			 
386f			 
386f			.HOME: 
386f				CWHEAD .CR 45 "HOME" 4 WORD_FLAG_CODE 
386f 41				db WORD_SYS_CORE+45             
3870 94 38			dw .CR            
3872 05				db 4 + 1 
3873 .. 00			db "HOME",0              
3878				endm 
# End of macro CWHEAD
3878			; | HOME ( -- ) Reset the current cursor for output to home | DONE 
3878					if DEBUG_FORTH_WORDS_KEY 
3878						DMARK "HOM" 
3878				if DEMARK_VERSION = 1  
3878 e5					push hl  
3879 21 81 38				ld hl, .dmark  
387c 22 60 ee				ld (debug_mark), hl  
387f				endif  
387f				if DEMARK_VERSION = 0  
387f					push af  
387f					ld a, (.dmark)  
387f					ld (debug_mark),a  
387f					ld a, (.dmark+1)  
387f					ld (debug_mark+1),a  
387f					ld a, (.dmark+2)  
387f					ld (debug_mark+2),a  
387f				endif  
387f 18 04			jr .pastdmark  
3881 ..			.dmark: db "HOM"  
3884				if DEMARK_VERSION = 1  
3884 00					db 0  
3885				endif  
3885				if DEMARK_VERSION = 1  
3885 e1			.pastdmark: pop hl  
3886				endif  
3886				if DEMARK_VERSION = 0  
3886			.pastdmark: pop af  
3886				endif  
3886			endm  
# End of macro DMARK
3886						CALLMONITOR 
3886				if BASE_CPM=1  
3886 cd 6b ee				call debug_vector  
3889				endif  
3889				if BASE_KEV=1  
3889					rst 8  
3889				endif  
3889				endm  
# End of macro CALLMONITOR
3889					endif 
3889 3e 00		.home:		ld a, 0		; and home cursor 
388b 32 3a ea				ld (f_cursor_ptr), a 
388e					NEXTW 
388e cd 68 ee			call parse_vector 
3891 c3 46 1c			jp macro_next 
3894				endm 
# End of macro NEXTW
3894			 
3894			 
3894			.CR: 
3894				CWHEAD .SPACE 50 "CR" 2 WORD_FLAG_CODE 
3894 46				db WORD_SYS_CORE+50             
3895 c7 38			dw .SPACE            
3897 03				db 2 + 1 
3898 .. 00			db "CR",0              
389b				endm 
# End of macro CWHEAD
389b			; | CR (  -- s ) Push CR/LF pair onto the stack as a string  | DONE 
389b					if DEBUG_FORTH_WORDS_KEY 
389b						DMARK "CR." 
389b				if DEMARK_VERSION = 1  
389b e5					push hl  
389c 21 a4 38				ld hl, .dmark  
389f 22 60 ee				ld (debug_mark), hl  
38a2				endif  
38a2				if DEMARK_VERSION = 0  
38a2					push af  
38a2					ld a, (.dmark)  
38a2					ld (debug_mark),a  
38a2					ld a, (.dmark+1)  
38a2					ld (debug_mark+1),a  
38a2					ld a, (.dmark+2)  
38a2					ld (debug_mark+2),a  
38a2				endif  
38a2 18 04			jr .pastdmark  
38a4 ..			.dmark: db "CR."  
38a7				if DEMARK_VERSION = 1  
38a7 00					db 0  
38a8				endif  
38a8				if DEMARK_VERSION = 1  
38a8 e1			.pastdmark: pop hl  
38a9				endif  
38a9				if DEMARK_VERSION = 0  
38a9			.pastdmark: pop af  
38a9				endif  
38a9			endm  
# End of macro DMARK
38a9						CALLMONITOR 
38a9				if BASE_CPM=1  
38a9 cd 6b ee				call debug_vector  
38ac				endif  
38ac				if BASE_KEV=1  
38ac					rst 8  
38ac				endif  
38ac				endm  
# End of macro CALLMONITOR
38ac					endif 
38ac 3e 0d				ld a, 13 
38ae 32 9d e2				ld (scratch),a 
38b1 3e 0a				ld a, 10 
38b3 32 9e e2				ld (scratch+1),a 
38b6 3e 00				ld a, 0 
38b8 32 9f e2				ld (scratch+2),a 
38bb 21 9d e2				ld hl, scratch 
38be cd 67 19				call forth_push_str 
38c1					 
38c1				       NEXTW 
38c1 cd 68 ee			call parse_vector 
38c4 c3 46 1c			jp macro_next 
38c7				endm 
# End of macro NEXTW
38c7			.SPACE: 
38c7				CWHEAD .SPACES 50 "BL" 2 WORD_FLAG_CODE 
38c7 46				db WORD_SYS_CORE+50             
38c8 f5 38			dw .SPACES            
38ca 03				db 2 + 1 
38cb .. 00			db "BL",0              
38ce				endm 
# End of macro CWHEAD
38ce			; | BL (  -- c ) Push the value of space onto the stack as a string  | DONE 
38ce					if DEBUG_FORTH_WORDS_KEY 
38ce						DMARK "BL." 
38ce				if DEMARK_VERSION = 1  
38ce e5					push hl  
38cf 21 d7 38				ld hl, .dmark  
38d2 22 60 ee				ld (debug_mark), hl  
38d5				endif  
38d5				if DEMARK_VERSION = 0  
38d5					push af  
38d5					ld a, (.dmark)  
38d5					ld (debug_mark),a  
38d5					ld a, (.dmark+1)  
38d5					ld (debug_mark+1),a  
38d5					ld a, (.dmark+2)  
38d5					ld (debug_mark+2),a  
38d5				endif  
38d5 18 04			jr .pastdmark  
38d7 ..			.dmark: db "BL."  
38da				if DEMARK_VERSION = 1  
38da 00					db 0  
38db				endif  
38db				if DEMARK_VERSION = 1  
38db e1			.pastdmark: pop hl  
38dc				endif  
38dc				if DEMARK_VERSION = 0  
38dc			.pastdmark: pop af  
38dc				endif  
38dc			endm  
# End of macro DMARK
38dc						CALLMONITOR 
38dc				if BASE_CPM=1  
38dc cd 6b ee				call debug_vector  
38df				endif  
38df				if BASE_KEV=1  
38df					rst 8  
38df				endif  
38df				endm  
# End of macro CALLMONITOR
38df					endif 
38df 3e 20				ld a, " " 
38e1 32 9d e2				ld (scratch),a 
38e4 3e 00				ld a, 0 
38e6 32 9e e2				ld (scratch+1),a 
38e9 21 9d e2				ld hl, scratch 
38ec cd 67 19				call forth_push_str 
38ef					 
38ef				       NEXTW 
38ef cd 68 ee			call parse_vector 
38f2 c3 46 1c			jp macro_next 
38f5				endm 
# End of macro NEXTW
38f5			 
38f5			;.blstr: db " ", 0 
38f5			 
38f5			.SPACES: 
38f5				CWHEAD .SCROLL 51 "SPACES" 6 WORD_FLAG_CODE 
38f5 47				db WORD_SYS_CORE+51             
38f6 65 39			dw .SCROLL            
38f8 07				db 6 + 1 
38f9 .. 00			db "SPACES",0              
3900				endm 
# End of macro CWHEAD
3900			; | SPACES ( u -- str ) A string of u spaces is pushed onto the stack | DONE 
3900					if DEBUG_FORTH_WORDS_KEY 
3900						DMARK "SPS" 
3900				if DEMARK_VERSION = 1  
3900 e5					push hl  
3901 21 09 39				ld hl, .dmark  
3904 22 60 ee				ld (debug_mark), hl  
3907				endif  
3907				if DEMARK_VERSION = 0  
3907					push af  
3907					ld a, (.dmark)  
3907					ld (debug_mark),a  
3907					ld a, (.dmark+1)  
3907					ld (debug_mark+1),a  
3907					ld a, (.dmark+2)  
3907					ld (debug_mark+2),a  
3907				endif  
3907 18 04			jr .pastdmark  
3909 ..			.dmark: db "SPS"  
390c				if DEMARK_VERSION = 1  
390c 00					db 0  
390d				endif  
390d				if DEMARK_VERSION = 1  
390d e1			.pastdmark: pop hl  
390e				endif  
390e				if DEMARK_VERSION = 0  
390e			.pastdmark: pop af  
390e				endif  
390e			endm  
# End of macro DMARK
390e						CALLMONITOR 
390e				if BASE_CPM=1  
390e cd 6b ee				call debug_vector  
3911				endif  
3911				if BASE_KEV=1  
3911					rst 8  
3911				endif  
3911				endm  
# End of macro CALLMONITOR
3911					endif 
3911			 
3911			 
3911					FORTH_DSP_VALUEHL     			; TODO skip type check and assume number.... lol 
3911				if BASE_CPM=1 
3911 cd 96 1a			call macro_dsp_valuehl 
3914				endif 
3914				if BASE_KEV=1 
3914					rst $18 
3914				endif 
3914				endm 
# End of macro FORTH_DSP_VALUEHL
3914			 
3914 e5					push hl    ; u 
3915					if DEBUG_FORTH_WORDS 
3915						DMARK "SPA" 
3915				if DEMARK_VERSION = 1  
3915 e5					push hl  
3916 21 1e 39				ld hl, .dmark  
3919 22 60 ee				ld (debug_mark), hl  
391c				endif  
391c				if DEMARK_VERSION = 0  
391c					push af  
391c					ld a, (.dmark)  
391c					ld (debug_mark),a  
391c					ld a, (.dmark+1)  
391c					ld (debug_mark+1),a  
391c					ld a, (.dmark+2)  
391c					ld (debug_mark+2),a  
391c				endif  
391c 18 04			jr .pastdmark  
391e ..			.dmark: db "SPA"  
3921				if DEMARK_VERSION = 1  
3921 00					db 0  
3922				endif  
3922				if DEMARK_VERSION = 1  
3922 e1			.pastdmark: pop hl  
3923				endif  
3923				if DEMARK_VERSION = 0  
3923			.pastdmark: pop af  
3923				endif  
3923			endm  
# End of macro DMARK
3923						CALLMONITOR 
3923				if BASE_CPM=1  
3923 cd 6b ee				call debug_vector  
3926				endif  
3926				if BASE_KEV=1  
3926					rst 8  
3926				endif  
3926				endm  
# End of macro CALLMONITOR
3926					endif 
3926			 
3926					FORTH_DSP_POP  ; TODO add stock underflow checks and throws  
3926				if BASE_CPM=1 
3926 cd 2d 1b			call macro_forth_dsp_pop 
3929				endif 
3929				if BASE_KEV=1 
3929					rst $10 
3929				endif 
3929				endm 
# End of macro FORTH_DSP_POP
3929 e1					pop hl 
392a 0e 00				ld c, 0 
392c 45					ld b, l 
392d 21 9d e2				ld hl, scratch  
3930			 
3930					if DEBUG_FORTH_WORDS 
3930						DMARK "SP2" 
3930				if DEMARK_VERSION = 1  
3930 e5					push hl  
3931 21 39 39				ld hl, .dmark  
3934 22 60 ee				ld (debug_mark), hl  
3937				endif  
3937				if DEMARK_VERSION = 0  
3937					push af  
3937					ld a, (.dmark)  
3937					ld (debug_mark),a  
3937					ld a, (.dmark+1)  
3937					ld (debug_mark+1),a  
3937					ld a, (.dmark+2)  
3937					ld (debug_mark+2),a  
3937				endif  
3937 18 04			jr .pastdmark  
3939 ..			.dmark: db "SP2"  
393c				if DEMARK_VERSION = 1  
393c 00					db 0  
393d				endif  
393d				if DEMARK_VERSION = 1  
393d e1			.pastdmark: pop hl  
393e				endif  
393e				if DEMARK_VERSION = 0  
393e			.pastdmark: pop af  
393e				endif  
393e			endm  
# End of macro DMARK
393e						CALLMONITOR 
393e				if BASE_CPM=1  
393e cd 6b ee				call debug_vector  
3941				endif  
3941				if BASE_KEV=1  
3941					rst 8  
3941				endif  
3941				endm  
# End of macro CALLMONITOR
3941					endif 
3941			;		ld a, ' ' 
3941			.spaces1:	 
3941 36 20				ld (hl),' ' 
3943 23					inc hl 
3944					 
3944 10 fb				djnz .spaces1 
3946			;		ld a,0 
3946 36 00				ld (hl),0 
3948 21 9d e2				ld hl, scratch 
394b					if DEBUG_FORTH_WORDS 
394b						DMARK "SP3" 
394b				if DEMARK_VERSION = 1  
394b e5					push hl  
394c 21 54 39				ld hl, .dmark  
394f 22 60 ee				ld (debug_mark), hl  
3952				endif  
3952				if DEMARK_VERSION = 0  
3952					push af  
3952					ld a, (.dmark)  
3952					ld (debug_mark),a  
3952					ld a, (.dmark+1)  
3952					ld (debug_mark+1),a  
3952					ld a, (.dmark+2)  
3952					ld (debug_mark+2),a  
3952				endif  
3952 18 04			jr .pastdmark  
3954 ..			.dmark: db "SP3"  
3957				if DEMARK_VERSION = 1  
3957 00					db 0  
3958				endif  
3958				if DEMARK_VERSION = 1  
3958 e1			.pastdmark: pop hl  
3959				endif  
3959				if DEMARK_VERSION = 0  
3959			.pastdmark: pop af  
3959				endif  
3959			endm  
# End of macro DMARK
3959						CALLMONITOR 
3959				if BASE_CPM=1  
3959 cd 6b ee				call debug_vector  
395c				endif  
395c				if BASE_KEV=1  
395c					rst 8  
395c				endif  
395c				endm  
# End of macro CALLMONITOR
395c					endif 
395c cd 67 19				call forth_push_str 
395f			 
395f				       NEXTW 
395f cd 68 ee			call parse_vector 
3962 c3 46 1c			jp macro_next 
3965				endm 
# End of macro NEXTW
3965			 
3965			 
3965			 
3965			.SCROLL: 
3965				CWHEAD .SCROLLD 63 "SCROLL" 6 WORD_FLAG_CODE 
3965 53				db WORD_SYS_CORE+63             
3966 8a 39			dw .SCROLLD            
3968 07				db 6 + 1 
3969 .. 00			db "SCROLL",0              
3970				endm 
# End of macro CWHEAD
3970			; | SCROLL ( -- ) Scroll up one line - next write will update if required | DONE 
3970					if DEBUG_FORTH_WORDS_KEY 
3970						DMARK "SCR" 
3970				if DEMARK_VERSION = 1  
3970 e5					push hl  
3971 21 79 39				ld hl, .dmark  
3974 22 60 ee				ld (debug_mark), hl  
3977				endif  
3977				if DEMARK_VERSION = 0  
3977					push af  
3977					ld a, (.dmark)  
3977					ld (debug_mark),a  
3977					ld a, (.dmark+1)  
3977					ld (debug_mark+1),a  
3977					ld a, (.dmark+2)  
3977					ld (debug_mark+2),a  
3977				endif  
3977 18 04			jr .pastdmark  
3979 ..			.dmark: db "SCR"  
397c				if DEMARK_VERSION = 1  
397c 00					db 0  
397d				endif  
397d				if DEMARK_VERSION = 1  
397d e1			.pastdmark: pop hl  
397e				endif  
397e				if DEMARK_VERSION = 0  
397e			.pastdmark: pop af  
397e				endif  
397e			endm  
# End of macro DMARK
397e						CALLMONITOR 
397e				if BASE_CPM=1  
397e cd 6b ee				call debug_vector  
3981				endif  
3981				if BASE_KEV=1  
3981					rst 8  
3981				endif  
3981				endm  
# End of macro CALLMONITOR
3981					endif 
3981			 
3981 cd 7c 09			call scroll_up 
3984			;	call update_display 
3984			 
3984					NEXTW 
3984 cd 68 ee			call parse_vector 
3987 c3 46 1c			jp macro_next 
398a				endm 
# End of macro NEXTW
398a			 
398a			 
398a			 
398a			;		; get dir 
398a			; 
398a			;		FORTH_DSP_VALUEHL     			; TODO skip type check and assume number.... lol 
398a			; 
398a			;		push hl 
398a			; 
398a			;		; destroy value TOS 
398a			; 
398a			;		FORTH_DSP_POP  ; TODO add stock underflow checks and throws  
398a			; 
398a			;		; get count 
398a			; 
398a			;		FORTH_DSP_VALUEHL     			; TODO skip type check and assume number.... lol 
398a			; 
398a			;		push hl 
398a			; 
398a			;		; destroy value TOS 
398a			; 
398a			;		FORTH_DSP_POP  ; TODO add stock underflow checks and throws  
398a			; 
398a			;		; one value on hl get other one back 
398a			; 
398a			;		pop bc    ; count 
398a			; 
398a			;		pop de   ; dir 
398a			; 
398a			; 
398a			;		ld b, c 
398a			; 
398a			;.scrolldir:     push bc 
398a			;		push de 
398a			; 
398a			;		ld a, 0 
398a			;		cp e 
398a			;		jr z, .scrollup  
398a			;		call scroll_down 
398a			;		jr .scrollnext 
398a			;.scrollup:	call scroll_up 
398a			; 
398a			;		 
398a			;.scrollnext: 
398a			;		pop de 
398a			;		pop bc 
398a			;		djnz .scrolldir 
398a			; 
398a			; 
398a			; 
398a			; 
398a			; 
398a			;		NEXTW 
398a			 
398a			.SCROLLD: 
398a				CWHEAD .ATQ 63 "SCROLLD" 7 WORD_FLAG_CODE 
398a 53				db WORD_SYS_CORE+63             
398b b0 39			dw .ATQ            
398d 08				db 7 + 1 
398e .. 00			db "SCROLLD",0              
3996				endm 
# End of macro CWHEAD
3996			; | SCROLLD ( -- ) Scroll down one line - next write will update if required | TO DO 
3996					if DEBUG_FORTH_WORDS_KEY 
3996						DMARK "SCD" 
3996				if DEMARK_VERSION = 1  
3996 e5					push hl  
3997 21 9f 39				ld hl, .dmark  
399a 22 60 ee				ld (debug_mark), hl  
399d				endif  
399d				if DEMARK_VERSION = 0  
399d					push af  
399d					ld a, (.dmark)  
399d					ld (debug_mark),a  
399d					ld a, (.dmark+1)  
399d					ld (debug_mark+1),a  
399d					ld a, (.dmark+2)  
399d					ld (debug_mark+2),a  
399d				endif  
399d 18 04			jr .pastdmark  
399f ..			.dmark: db "SCD"  
39a2				if DEMARK_VERSION = 1  
39a2 00					db 0  
39a3				endif  
39a3				if DEMARK_VERSION = 1  
39a3 e1			.pastdmark: pop hl  
39a4				endif  
39a4				if DEMARK_VERSION = 0  
39a4			.pastdmark: pop af  
39a4				endif  
39a4			endm  
# End of macro DMARK
39a4						CALLMONITOR 
39a4				if BASE_CPM=1  
39a4 cd 6b ee				call debug_vector  
39a7				endif  
39a7				if BASE_KEV=1  
39a7					rst 8  
39a7				endif  
39a7				endm  
# End of macro CALLMONITOR
39a7					endif 
39a7			 
39a7 cd 9f 09			call scroll_down 
39aa			;	call update_display 
39aa			 
39aa					NEXTW 
39aa cd 68 ee			call parse_vector 
39ad c3 46 1c			jp macro_next 
39b0				endm 
# End of macro NEXTW
39b0			 
39b0			 
39b0			.ATQ: 
39b0				CWHEAD .AUTODSP 78 "AT@" 3 WORD_FLAG_CODE 
39b0 62				db WORD_SYS_CORE+78             
39b1 06 3a			dw .AUTODSP            
39b3 04				db 3 + 1 
39b4 .. 00			db "AT@",0              
39b8				endm 
# End of macro CWHEAD
39b8			; | AT@ ( u1 u2 -- n ) Push to stack ASCII value at row u2 col u1 | DONE 
39b8					if DEBUG_FORTH_WORDS_KEY 
39b8						DMARK "ATA" 
39b8				if DEMARK_VERSION = 1  
39b8 e5					push hl  
39b9 21 c1 39				ld hl, .dmark  
39bc 22 60 ee				ld (debug_mark), hl  
39bf				endif  
39bf				if DEMARK_VERSION = 0  
39bf					push af  
39bf					ld a, (.dmark)  
39bf					ld (debug_mark),a  
39bf					ld a, (.dmark+1)  
39bf					ld (debug_mark+1),a  
39bf					ld a, (.dmark+2)  
39bf					ld (debug_mark+2),a  
39bf				endif  
39bf 18 04			jr .pastdmark  
39c1 ..			.dmark: db "ATA"  
39c4				if DEMARK_VERSION = 1  
39c4 00					db 0  
39c5				endif  
39c5				if DEMARK_VERSION = 1  
39c5 e1			.pastdmark: pop hl  
39c6				endif  
39c6				if DEMARK_VERSION = 0  
39c6			.pastdmark: pop af  
39c6				endif  
39c6			endm  
# End of macro DMARK
39c6						CALLMONITOR 
39c6				if BASE_CPM=1  
39c6 cd 6b ee				call debug_vector  
39c9				endif  
39c9				if BASE_KEV=1  
39c9					rst 8  
39c9				endif  
39c9				endm  
# End of macro CALLMONITOR
39c9					endif 
39c9			 
39c9			 
39c9					FORTH_DSP_VALUEHL     			; TODO skip type check and assume number.... lol 
39c9				if BASE_CPM=1 
39c9 cd 96 1a			call macro_dsp_valuehl 
39cc				endif 
39cc				if BASE_KEV=1 
39cc					rst $18 
39cc				endif 
39cc				endm 
# End of macro FORTH_DSP_VALUEHL
39cc			 
39cc					; TODO save cursor row 
39cc 7d					ld a,l 
39cd fe 02				cp 2 
39cf 20 04				jr nz, .crow3aq 
39d1 3e 28				ld a, display_row_2 
39d3 18 12				jr .ccol1aq 
39d5 fe 03		.crow3aq:		cp 3 
39d7 20 04				jr nz, .crow4aq 
39d9 3e 50				ld a, display_row_3 
39db 18 0a				jr .ccol1aq 
39dd fe 04		.crow4aq:		cp 4 
39df 20 04				jr nz, .crow1aq 
39e1 3e 78				ld a, display_row_4 
39e3 18 02				jr .ccol1aq 
39e5 3e 00		.crow1aq:		ld a,display_row_1 
39e7 f5			.ccol1aq:		push af			; got row offset 
39e8 6f					ld l,a 
39e9 26 00				ld h,0 
39eb					FORTH_DSP_POP  ; TODO add stock underflow checks and throws  
39eb				if BASE_CPM=1 
39eb cd 2d 1b			call macro_forth_dsp_pop 
39ee				endif 
39ee				if BASE_KEV=1 
39ee					rst $10 
39ee				endif 
39ee				endm 
# End of macro FORTH_DSP_POP
39ee					FORTH_DSP_VALUEHL     			; TODO skip type check and assume number.... lol 
39ee				if BASE_CPM=1 
39ee cd 96 1a			call macro_dsp_valuehl 
39f1				endif 
39f1				if BASE_KEV=1 
39f1					rst $18 
39f1				endif 
39f1				endm 
# End of macro FORTH_DSP_VALUEHL
39f1					; TODO save cursor col 
39f1 f1					pop af 
39f2 85					add l		; add col offset 
39f3			 
39f3					; add current frame buffer address 
39f3 2a c1 eb				ld hl, (display_fb_active) 
39f6 cd f9 0b				call addatohl 
39f9			 
39f9			 
39f9			 
39f9			 
39f9					; get char frame buffer location offset in hl 
39f9			 
39f9 7e					ld a,(hl) 
39fa 26 00				ld h, 0 
39fc 6f					ld l, a 
39fd			 
39fd					;call forth_push_numhl 
39fd					FORTH_PUSH_VALUEHL 
39fd				if BASE_CPM=1 
39fd cd 08 19				call forth_push_numhl 
3a00				endif 
3a00				if BASE_KEV=1 
3a00					rst $20 
3a00				endif 
3a00				endm 
# End of macro FORTH_PUSH_VALUEHL
3a00			 
3a00			 
3a00					NEXTW 
3a00 cd 68 ee			call parse_vector 
3a03 c3 46 1c			jp macro_next 
3a06				endm 
# End of macro NEXTW
3a06			 
3a06			.AUTODSP: 
3a06				CWHEAD .MENU 79 "ADSP" 4 WORD_FLAG_CODE 
3a06 63				db WORD_SYS_CORE+79             
3a07 1f 3a			dw .MENU            
3a09 05				db 4 + 1 
3a0a .. 00			db "ADSP",0              
3a0f				endm 
# End of macro CWHEAD
3a0f			; | ADSP ( u1 --  ) Enable/Disable Auto screen updates (SLOW). | DONE 
3a0f			; | | If off, use DRAW to refresh. Default is on. $0003 will enable direct screen writes (TODO)  
3a0f			 
3a0f					FORTH_DSP_VALUEHL     			; TODO skip type check and assume number.... lol 
3a0f				if BASE_CPM=1 
3a0f cd 96 1a			call macro_dsp_valuehl 
3a12				endif 
3a12				if BASE_KEV=1 
3a12					rst $18 
3a12				endif 
3a12				endm 
# End of macro FORTH_DSP_VALUEHL
3a12			 
3a12			;		push hl 
3a12			 
3a12					; destroy value TOS 
3a12			 
3a12					FORTH_DSP_POP  ; TODO add stock underflow checks and throws  
3a12				if BASE_CPM=1 
3a12 cd 2d 1b			call macro_forth_dsp_pop 
3a15				endif 
3a15				if BASE_KEV=1 
3a15					rst $10 
3a15				endif 
3a15				endm 
# End of macro FORTH_DSP_POP
3a15			 
3a15			;		pop hl 
3a15			 
3a15 7d					ld a,l 
3a16 32 18 ea				ld (cli_autodisplay), a 
3a19				       NEXTW 
3a19 cd 68 ee			call parse_vector 
3a1c c3 46 1c			jp macro_next 
3a1f				endm 
# End of macro NEXTW
3a1f			 
3a1f			.MENU: 
3a1f				CWHEAD .ENDDISPLAY 92 "MENU" 4 WORD_FLAG_CODE 
3a1f 70				db WORD_SYS_CORE+92             
3a20 9f 3a			dw .ENDDISPLAY            
3a22 05				db 4 + 1 
3a23 .. 00			db "MENU",0              
3a28				endm 
# End of macro CWHEAD
3a28			; | MENU ( u1....ux n -- n ) Create a menu. n is the number of menu items on stack. Push number selection to TOS | DONE 
3a28			 
3a28			;		; get number of items on the stack 
3a28			; 
3a28				 
3a28					FORTH_DSP_VALUEHL 
3a28				if BASE_CPM=1 
3a28 cd 96 1a			call macro_dsp_valuehl 
3a2b				endif 
3a2b				if BASE_KEV=1 
3a2b					rst $18 
3a2b				endif 
3a2b				endm 
# End of macro FORTH_DSP_VALUEHL
3a2b				 
3a2b					if DEBUG_FORTH_WORDS_KEY 
3a2b						DMARK "MNU" 
3a2b				if DEMARK_VERSION = 1  
3a2b e5					push hl  
3a2c 21 34 3a				ld hl, .dmark  
3a2f 22 60 ee				ld (debug_mark), hl  
3a32				endif  
3a32				if DEMARK_VERSION = 0  
3a32					push af  
3a32					ld a, (.dmark)  
3a32					ld (debug_mark),a  
3a32					ld a, (.dmark+1)  
3a32					ld (debug_mark+1),a  
3a32					ld a, (.dmark+2)  
3a32					ld (debug_mark+2),a  
3a32				endif  
3a32 18 04			jr .pastdmark  
3a34 ..			.dmark: db "MNU"  
3a37				if DEMARK_VERSION = 1  
3a37 00					db 0  
3a38				endif  
3a38				if DEMARK_VERSION = 1  
3a38 e1			.pastdmark: pop hl  
3a39				endif  
3a39				if DEMARK_VERSION = 0  
3a39			.pastdmark: pop af  
3a39				endif  
3a39			endm  
# End of macro DMARK
3a39						CALLMONITOR 
3a39				if BASE_CPM=1  
3a39 cd 6b ee				call debug_vector  
3a3c				endif  
3a3c				if BASE_KEV=1  
3a3c					rst 8  
3a3c				endif  
3a3c				endm  
# End of macro CALLMONITOR
3a3c					endif 
3a3c			 
3a3c 45					ld b, l	 
3a3d 05					dec b 
3a3e			 
3a3e					FORTH_DSP_POP  ; TODO add stock underflow checks and throws  
3a3e				if BASE_CPM=1 
3a3e cd 2d 1b			call macro_forth_dsp_pop 
3a41				endif 
3a41				if BASE_KEV=1 
3a41					rst $10 
3a41				endif 
3a41				endm 
# End of macro FORTH_DSP_POP
3a41			 
3a41			 
3a41					; go directly through the stack to pluck out the string pointers and build an array 
3a41			 
3a41			;		FORTH_DSP 
3a41			 
3a41					; hl contains top most stack item 
3a41				 
3a41 11 9d e2				ld de, scratch 
3a44			 
3a44			.mbuild: 
3a44			 
3a44					FORTH_DSP_VALUEHL 
3a44				if BASE_CPM=1 
3a44 cd 96 1a			call macro_dsp_valuehl 
3a47				endif 
3a47				if BASE_KEV=1 
3a47					rst $18 
3a47				endif 
3a47				endm 
# End of macro FORTH_DSP_VALUEHL
3a47			 
3a47					if DEBUG_FORTH_WORDS 
3a47						DMARK "MN3" 
3a47				if DEMARK_VERSION = 1  
3a47 e5					push hl  
3a48 21 50 3a				ld hl, .dmark  
3a4b 22 60 ee				ld (debug_mark), hl  
3a4e				endif  
3a4e				if DEMARK_VERSION = 0  
3a4e					push af  
3a4e					ld a, (.dmark)  
3a4e					ld (debug_mark),a  
3a4e					ld a, (.dmark+1)  
3a4e					ld (debug_mark+1),a  
3a4e					ld a, (.dmark+2)  
3a4e					ld (debug_mark+2),a  
3a4e				endif  
3a4e 18 04			jr .pastdmark  
3a50 ..			.dmark: db "MN3"  
3a53				if DEMARK_VERSION = 1  
3a53 00					db 0  
3a54				endif  
3a54				if DEMARK_VERSION = 1  
3a54 e1			.pastdmark: pop hl  
3a55				endif  
3a55				if DEMARK_VERSION = 0  
3a55			.pastdmark: pop af  
3a55				endif  
3a55			endm  
# End of macro DMARK
3a55						CALLMONITOR 
3a55				if BASE_CPM=1  
3a55 cd 6b ee				call debug_vector  
3a58				endif  
3a58				if BASE_KEV=1  
3a58					rst 8  
3a58				endif  
3a58				endm  
# End of macro CALLMONITOR
3a58					endif 
3a58 eb					ex de, hl 
3a59 73					ld (hl), e 
3a5a 23					inc hl 
3a5b 72					ld (hl), d 
3a5c 23					inc hl 
3a5d eb					ex de, hl 
3a5e			 
3a5e					FORTH_DSP_POP  ; TODO add stock underflow checks and throws  
3a5e				if BASE_CPM=1 
3a5e cd 2d 1b			call macro_forth_dsp_pop 
3a61				endif 
3a61				if BASE_KEV=1 
3a61					rst $10 
3a61				endif 
3a61				endm 
# End of macro FORTH_DSP_POP
3a61			 
3a61 10 e1				djnz .mbuild 
3a63			 
3a63					; done add term 
3a63			 
3a63 eb					ex de, hl 
3a64 36 00				ld (hl), 0 
3a66 23					inc hl 
3a67 36 00				ld (hl), 0 
3a69			 
3a69				 
3a69					 
3a69 21 9d e2				ld hl, scratch 
3a6c			 
3a6c					if DEBUG_FORTH_WORDS 
3a6c						DMARK "MNx" 
3a6c				if DEMARK_VERSION = 1  
3a6c e5					push hl  
3a6d 21 75 3a				ld hl, .dmark  
3a70 22 60 ee				ld (debug_mark), hl  
3a73				endif  
3a73				if DEMARK_VERSION = 0  
3a73					push af  
3a73					ld a, (.dmark)  
3a73					ld (debug_mark),a  
3a73					ld a, (.dmark+1)  
3a73					ld (debug_mark+1),a  
3a73					ld a, (.dmark+2)  
3a73					ld (debug_mark+2),a  
3a73				endif  
3a73 18 04			jr .pastdmark  
3a75 ..			.dmark: db "MNx"  
3a78				if DEMARK_VERSION = 1  
3a78 00					db 0  
3a79				endif  
3a79				if DEMARK_VERSION = 1  
3a79 e1			.pastdmark: pop hl  
3a7a				endif  
3a7a				if DEMARK_VERSION = 0  
3a7a			.pastdmark: pop af  
3a7a				endif  
3a7a			endm  
# End of macro DMARK
3a7a						CALLMONITOR 
3a7a				if BASE_CPM=1  
3a7a cd 6b ee				call debug_vector  
3a7d				endif  
3a7d				if BASE_KEV=1  
3a7d					rst 8  
3a7d				endif  
3a7d				endm  
# End of macro CALLMONITOR
3a7d					endif 
3a7d			 
3a7d			 
3a7d			 
3a7d 3e 00				ld a, 0 
3a7f cd ff 09				call menu 
3a82			 
3a82			 
3a82 6f					ld l, a 
3a83 26 00				ld h, 0 
3a85			 
3a85					if DEBUG_FORTH_WORDS 
3a85						DMARK "MNr" 
3a85				if DEMARK_VERSION = 1  
3a85 e5					push hl  
3a86 21 8e 3a				ld hl, .dmark  
3a89 22 60 ee				ld (debug_mark), hl  
3a8c				endif  
3a8c				if DEMARK_VERSION = 0  
3a8c					push af  
3a8c					ld a, (.dmark)  
3a8c					ld (debug_mark),a  
3a8c					ld a, (.dmark+1)  
3a8c					ld (debug_mark+1),a  
3a8c					ld a, (.dmark+2)  
3a8c					ld (debug_mark+2),a  
3a8c				endif  
3a8c 18 04			jr .pastdmark  
3a8e ..			.dmark: db "MNr"  
3a91				if DEMARK_VERSION = 1  
3a91 00					db 0  
3a92				endif  
3a92				if DEMARK_VERSION = 1  
3a92 e1			.pastdmark: pop hl  
3a93				endif  
3a93				if DEMARK_VERSION = 0  
3a93			.pastdmark: pop af  
3a93				endif  
3a93			endm  
# End of macro DMARK
3a93						CALLMONITOR 
3a93				if BASE_CPM=1  
3a93 cd 6b ee				call debug_vector  
3a96				endif  
3a96				if BASE_KEV=1  
3a96					rst 8  
3a96				endif  
3a96				endm  
# End of macro CALLMONITOR
3a96					endif 
3a96			 
3a96					;call forth_push_numhl 
3a96					FORTH_PUSH_VALUEHL 
3a96				if BASE_CPM=1 
3a96 cd 08 19				call forth_push_numhl 
3a99				endif 
3a99				if BASE_KEV=1 
3a99					rst $20 
3a99				endif 
3a99				endm 
# End of macro FORTH_PUSH_VALUEHL
3a99			 
3a99			 
3a99			 
3a99			 
3a99				       NEXTW 
3a99 cd 68 ee			call parse_vector 
3a9c c3 46 1c			jp macro_next 
3a9f				endm 
# End of macro NEXTW
3a9f			 
3a9f			 
3a9f			.ENDDISPLAY: 
3a9f			 
3a9f			; eof 
# End of file forth_words_display.asm
3a9f			include "forth_words_str.asm" 
3a9f			 
3a9f			; | ## String Words 
3a9f			 
3a9f			.CONST: 
3a9f				 
3a9f				CWHEAD .MOVE 52 "CONST" 5 WORD_FLAG_CODE 
3a9f 48				db WORD_SYS_CORE+52             
3aa0 b4 3a			dw .MOVE            
3aa2 06				db 5 + 1 
3aa3 .. 00			db "CONST",0              
3aa9				endm 
# End of macro CWHEAD
3aa9			; | CONST ( u -- u ) Change the type of var on TOS to a constant. i.e. if a string it won't be freed on consuption, | TODO 
3aa9					FORTH_DSP 
3aa9 cd 67 1a			call macro_forth_dsp 
3aac				endm 
# End of macro FORTH_DSP
3aac 36 04				ld (hl), DS_TYPE_CONST 
3aae					NEXTW 
3aae cd 68 ee			call parse_vector 
3ab1 c3 46 1c			jp macro_next 
3ab4				endm 
# End of macro NEXTW
3ab4			 
3ab4			.MOVE:   
3ab4			 
3ab4				CWHEAD .ZMOVE 52 "MOVE" 4 WORD_FLAG_CODE 
3ab4 48				db WORD_SYS_CORE+52             
3ab5 db 3a			dw .ZMOVE            
3ab7 05				db 4 + 1 
3ab8 .. 00			db "MOVE",0              
3abd				endm 
# End of macro CWHEAD
3abd			; | MOVE ( a1 a2 c -- ) Copy from address a1 to address a2 for the length of c | DONE 
3abd			 
3abd					FORTH_DSP_VALUEHL 
3abd				if BASE_CPM=1 
3abd cd 96 1a			call macro_dsp_valuehl 
3ac0				endif 
3ac0				if BASE_KEV=1 
3ac0					rst $18 
3ac0				endif 
3ac0				endm 
# End of macro FORTH_DSP_VALUEHL
3ac0 e5					push hl    ; push count 
3ac1			 
3ac1					FORTH_DSP_POP 
3ac1				if BASE_CPM=1 
3ac1 cd 2d 1b			call macro_forth_dsp_pop 
3ac4				endif 
3ac4				if BASE_KEV=1 
3ac4					rst $10 
3ac4				endif 
3ac4				endm 
# End of macro FORTH_DSP_POP
3ac4			 
3ac4					FORTH_DSP_VALUEHL 
3ac4				if BASE_CPM=1 
3ac4 cd 96 1a			call macro_dsp_valuehl 
3ac7				endif 
3ac7				if BASE_KEV=1 
3ac7					rst $18 
3ac7				endif 
3ac7				endm 
# End of macro FORTH_DSP_VALUEHL
3ac7 e5					push hl    ; dest 
3ac8			 
3ac8					FORTH_DSP_POP 
3ac8				if BASE_CPM=1 
3ac8 cd 2d 1b			call macro_forth_dsp_pop 
3acb				endif 
3acb				if BASE_KEV=1 
3acb					rst $10 
3acb				endif 
3acb				endm 
# End of macro FORTH_DSP_POP
3acb			 
3acb					FORTH_DSP_VALUEHL 
3acb				if BASE_CPM=1 
3acb cd 96 1a			call macro_dsp_valuehl 
3ace				endif 
3ace				if BASE_KEV=1 
3ace					rst $18 
3ace				endif 
3ace				endm 
# End of macro FORTH_DSP_VALUEHL
3ace			 
3ace					FORTH_DSP_POP 
3ace				if BASE_CPM=1 
3ace cd 2d 1b			call macro_forth_dsp_pop 
3ad1				endif 
3ad1				if BASE_KEV=1 
3ad1					rst $10 
3ad1				endif 
3ad1				endm 
# End of macro FORTH_DSP_POP
3ad1			 
3ad1 d1					pop de 
3ad2 c1					pop bc 
3ad3				 
3ad3 ed b0				ldir 
3ad5				NEXTW 
3ad5 cd 68 ee			call parse_vector 
3ad8 c3 46 1c			jp macro_next 
3adb				endm 
# End of macro NEXTW
3adb			.ZMOVE:   
3adb			 
3adb				CWHEAD .TABLE 52 "ZMOVE" 5 WORD_FLAG_CODE 
3adb 48				db WORD_SYS_CORE+52             
3adc 04 3b			dw .TABLE            
3ade 06				db 5 + 1 
3adf .. 00			db "ZMOVE",0              
3ae5				endm 
# End of macro CWHEAD
3ae5					 
3ae5			; | ZMOVE ( a1 a2 -- ) Copy from address a1 to address a2 until a1 hits zero term string | DONE 
3ae5			; | | Ensure you have enough space! 
3ae5			 
3ae5			 
3ae5					FORTH_DSP_VALUEHL 
3ae5				if BASE_CPM=1 
3ae5 cd 96 1a			call macro_dsp_valuehl 
3ae8				endif 
3ae8				if BASE_KEV=1 
3ae8					rst $18 
3ae8				endif 
3ae8				endm 
# End of macro FORTH_DSP_VALUEHL
3ae8 e5					push hl    ; dest 
3ae9			 
3ae9					FORTH_DSP_POP 
3ae9				if BASE_CPM=1 
3ae9 cd 2d 1b			call macro_forth_dsp_pop 
3aec				endif 
3aec				if BASE_KEV=1 
3aec					rst $10 
3aec				endif 
3aec				endm 
# End of macro FORTH_DSP_POP
3aec			 
3aec					FORTH_DSP_VALUEHL 
3aec				if BASE_CPM=1 
3aec cd 96 1a			call macro_dsp_valuehl 
3aef				endif 
3aef				if BASE_KEV=1 
3aef					rst $18 
3aef				endif 
3aef				endm 
# End of macro FORTH_DSP_VALUEHL
3aef			 
3aef					FORTH_DSP_POP 
3aef				if BASE_CPM=1 
3aef cd 2d 1b			call macro_forth_dsp_pop 
3af2				endif 
3af2				if BASE_KEV=1 
3af2					rst $10 
3af2				endif 
3af2				endm 
# End of macro FORTH_DSP_POP
3af2			 
3af2 d1					pop de 
3af3			 
3af3 01 ff 00				ld bc, 255 
3af6 ed a0		.zmovel:	ldi 
3af8 2b					dec hl 
3af9 7e					ld a,(hl) 
3afa 23					inc hl 
3afb b7					or a  
3afc 20 f8				jr nz, .zmovel    
3afe					 
3afe			 
3afe				NEXTW 
3afe cd 68 ee			call parse_vector 
3b01 c3 46 1c			jp macro_next 
3b04				endm 
# End of macro NEXTW
3b04			 
3b04			.TABLE:   
3b04			 
3b04				CWHEAD .SPLIT 52 "TABLE" 5 WORD_FLAG_CODE 
3b04 48				db WORD_SYS_CORE+52             
3b05 69 3b			dw .SPLIT            
3b07 06				db 5 + 1 
3b08 .. 00			db "TABLE",0              
3b0e				endm 
# End of macro CWHEAD
3b0e					 
3b0e			; | TABLE ( s .. sx c -- a) For the number c of strings s on the stack. Generate a look up table array a | DONE 
3b0e			; | | Takes a list of strings and creates a block of pointers to each string which can then be used 
3b0e			; | | in any kind of lookup or iteration.  
3b0e			; | | Last item in the array will be a zero pointer for ease of iteration 
3b0e			 
3b0e			 
3b0e				; get the count of strings 
3b0e			 
3b0e					FORTH_DSP_VALUEHL 
3b0e				if BASE_CPM=1 
3b0e cd 96 1a			call macro_dsp_valuehl 
3b11				endif 
3b11				if BASE_KEV=1 
3b11					rst $18 
3b11				endif 
3b11				endm 
# End of macro FORTH_DSP_VALUEHL
3b11			 
3b11					FORTH_DSP_POP 
3b11				if BASE_CPM=1 
3b11 cd 2d 1b			call macro_forth_dsp_pop 
3b14				endif 
3b14				if BASE_KEV=1 
3b14					rst $10 
3b14				endif 
3b14				endm 
# End of macro FORTH_DSP_POP
3b14			 
3b14				; allocate memory for (count + 1 ) * 2 for word array plus zero pointer 
3b14			 
3b14					; l contains count 
3b14			 
3b14 7d					ld a,l 
3b15 32 9d e2				ld (scratch), a     ; save it for the loading loop 
3b18			 
3b18 2c					inc l  ; for zero pointer 
3b19 eb					ex de, hl 
3b1a 3e 02				ld a, 2 
3b1c cd 7c 0b				call Mult16 
3b1f			 
3b1f					; hl is the size of block to allocate 
3b1f			 
3b1f cd c5 0f				call malloc 
3b22				if DEBUG_FORTH_MALLOC_GUARD 
3b22 cc d5 46				call z,malloc_error 
3b25				endif 
3b25					; hl is the pointer to the array block 
3b25						 
3b25 22 9e e2				ld (scratch+1), hl    ; save the base for later push to stack 
3b28 22 a0 e2				ld (scratch+3), hl    ; save the base for current string to push 
3b2b			 
3b2b 3a 9d e2				ld a, (scratch) 
3b2e 47					ld b, a 
3b2f			 
3b2f				; for each string 
3b2f			 
3b2f			.tablelop: 
3b2f			 
3b2f c5					push bc 
3b30			 
3b30				;     get string pointer 
3b30			 
3b30					FORTH_DSP_VALUEHL 
3b30				if BASE_CPM=1 
3b30 cd 96 1a			call macro_dsp_valuehl 
3b33				endif 
3b33				if BASE_KEV=1 
3b33					rst $18 
3b33				endif 
3b33				endm 
# End of macro FORTH_DSP_VALUEHL
3b33			 
3b33 e5					push hl 
3b34			 
3b34				;     get string length 
3b34			 
3b34 3e 00				ld a,0 
3b36 cd 5c 0f				call strlent 
3b39			 
3b39 23					inc hl 
3b3a e5					push hl 
3b3b			 
3b3b				;     allocate string length 
3b3b			 
3b3b cd c5 0f				call malloc 
3b3e			 
3b3e			        ;     copy string to block 
3b3e			 
3b3e c1					pop bc 
3b3f eb					ex de, hl 
3b40 e1					pop hl 
3b41 d5					push de 
3b42			 
3b42 ed b0				ldir 
3b44			 
3b44			 
3b44			        ;     add pointer to string to array block 
3b44			 
3b44 2a a0 e2				ld hl, (scratch+3)    ; save the base for current string to push 
3b47			 
3b47 d1					pop de     ; the pointer to the newly copied string to add to the array 
3b48 73					ld (hl), e 
3b49 23					inc hl 
3b4a 72					ld (hl), d	 
3b4b 23					inc hl 
3b4c				 
3b4c 22 a0 e2				ld (scratch+3), hl    ; save the base for current string to push 
3b4f			 
3b4f					FORTH_DSP_POP 
3b4f				if BASE_CPM=1 
3b4f cd 2d 1b			call macro_forth_dsp_pop 
3b52				endif 
3b52				if BASE_KEV=1 
3b52					rst $10 
3b52				endif 
3b52				endm 
# End of macro FORTH_DSP_POP
3b52			 
3b52 c1					pop bc 
3b53 10 da				djnz .tablelop 
3b55			 
3b55			        ;  push array block pointer 
3b55			 
3b55 2a a0 e2				ld hl, (scratch+3)    ; save the base for current string to push 
3b58 36 00				ld (hl), 0 
3b5a 23					inc hl 
3b5b 36 00				ld (hl), 0 
3b5d			 
3b5d			 
3b5d				 
3b5d 2a 9e e2				ld hl, (scratch+1)    ; save the base for current string to push 
3b60					;call forth_push_numhl 
3b60					FORTH_PUSH_VALUEHL 
3b60				if BASE_CPM=1 
3b60 cd 08 19				call forth_push_numhl 
3b63				endif 
3b63				if BASE_KEV=1 
3b63					rst $20 
3b63				endif 
3b63				endm 
# End of macro FORTH_PUSH_VALUEHL
3b63			 
3b63				NEXTW 
3b63 cd 68 ee			call parse_vector 
3b66 c3 46 1c			jp macro_next 
3b69				endm 
# End of macro NEXTW
3b69			 
3b69			.SPLIT:   
3b69			 
3b69				CWHEAD .PTR 52 "SPLIT" 5 WORD_FLAG_CODE 
3b69 48				db WORD_SYS_CORE+52             
3b6a 1e 3c			dw .PTR            
3b6c 06				db 5 + 1 
3b6d .. 00			db "SPLIT",0              
3b73				endm 
# End of macro CWHEAD
3b73			; | SPLIT ( s d -- s s...sn c ) Using delimter d, add strings found in s to stack pushing item count c | DONE 
3b73					if DEBUG_FORTH_WORDS_KEY 
3b73						DMARK "SPT" 
3b73				if DEMARK_VERSION = 1  
3b73 e5					push hl  
3b74 21 7c 3b				ld hl, .dmark  
3b77 22 60 ee				ld (debug_mark), hl  
3b7a				endif  
3b7a				if DEMARK_VERSION = 0  
3b7a					push af  
3b7a					ld a, (.dmark)  
3b7a					ld (debug_mark),a  
3b7a					ld a, (.dmark+1)  
3b7a					ld (debug_mark+1),a  
3b7a					ld a, (.dmark+2)  
3b7a					ld (debug_mark+2),a  
3b7a				endif  
3b7a 18 04			jr .pastdmark  
3b7c ..			.dmark: db "SPT"  
3b7f				if DEMARK_VERSION = 1  
3b7f 00					db 0  
3b80				endif  
3b80				if DEMARK_VERSION = 1  
3b80 e1			.pastdmark: pop hl  
3b81				endif  
3b81				if DEMARK_VERSION = 0  
3b81			.pastdmark: pop af  
3b81				endif  
3b81			endm  
# End of macro DMARK
3b81						CALLMONITOR 
3b81				if BASE_CPM=1  
3b81 cd 6b ee				call debug_vector  
3b84				endif  
3b84				if BASE_KEV=1  
3b84					rst 8  
3b84				endif  
3b84				endm  
# End of macro CALLMONITOR
3b84					endif 
3b84			 
3b84					; get delim 
3b84					FORTH_DSP_VALUEHL 
3b84				if BASE_CPM=1 
3b84 cd 96 1a			call macro_dsp_valuehl 
3b87				endif 
3b87				if BASE_KEV=1 
3b87					rst $18 
3b87				endif 
3b87				endm 
# End of macro FORTH_DSP_VALUEHL
3b87			 
3b87					FORTH_DSP_POP 
3b87				if BASE_CPM=1 
3b87 cd 2d 1b			call macro_forth_dsp_pop 
3b8a				endif 
3b8a				if BASE_KEV=1 
3b8a					rst $10 
3b8a				endif 
3b8a				endm 
# End of macro FORTH_DSP_POP
3b8a					 
3b8a			 
3b8a 45					ld b, l    ; move delim to b 
3b8b 0e 01				ld c, 1   ; count of poritions 
3b8d			 
3b8d c5					push bc 
3b8e			 
3b8e					if DEBUG_FORTH_WORDS 
3b8e						DMARK "SPa" 
3b8e				if DEMARK_VERSION = 1  
3b8e e5					push hl  
3b8f 21 97 3b				ld hl, .dmark  
3b92 22 60 ee				ld (debug_mark), hl  
3b95				endif  
3b95				if DEMARK_VERSION = 0  
3b95					push af  
3b95					ld a, (.dmark)  
3b95					ld (debug_mark),a  
3b95					ld a, (.dmark+1)  
3b95					ld (debug_mark+1),a  
3b95					ld a, (.dmark+2)  
3b95					ld (debug_mark+2),a  
3b95				endif  
3b95 18 04			jr .pastdmark  
3b97 ..			.dmark: db "SPa"  
3b9a				if DEMARK_VERSION = 1  
3b9a 00					db 0  
3b9b				endif  
3b9b				if DEMARK_VERSION = 1  
3b9b e1			.pastdmark: pop hl  
3b9c				endif  
3b9c				if DEMARK_VERSION = 0  
3b9c			.pastdmark: pop af  
3b9c				endif  
3b9c			endm  
# End of macro DMARK
3b9c						CALLMONITOR 
3b9c				if BASE_CPM=1  
3b9c cd 6b ee				call debug_vector  
3b9f				endif  
3b9f				if BASE_KEV=1  
3b9f					rst 8  
3b9f				endif  
3b9f				endm  
# End of macro CALLMONITOR
3b9f					endif 
3b9f					; get pointer to string to chop up 
3b9f					FORTH_DSP_VALUEHL 
3b9f				if BASE_CPM=1 
3b9f cd 96 1a			call macro_dsp_valuehl 
3ba2				endif 
3ba2				if BASE_KEV=1 
3ba2					rst $18 
3ba2				endif 
3ba2				endm 
# End of macro FORTH_DSP_VALUEHL
3ba2			 
3ba2			;		push hl 
3ba2 11 9d e2				ld de, scratch 
3ba5			.spllop: 
3ba5 c1					pop bc 
3ba6 c5					push bc 
3ba7			;		pop hl 
3ba7					if DEBUG_FORTH_WORDS 
3ba7						DMARK "SPl" 
3ba7				if DEMARK_VERSION = 1  
3ba7 e5					push hl  
3ba8 21 b0 3b				ld hl, .dmark  
3bab 22 60 ee				ld (debug_mark), hl  
3bae				endif  
3bae				if DEMARK_VERSION = 0  
3bae					push af  
3bae					ld a, (.dmark)  
3bae					ld (debug_mark),a  
3bae					ld a, (.dmark+1)  
3bae					ld (debug_mark+1),a  
3bae					ld a, (.dmark+2)  
3bae					ld (debug_mark+2),a  
3bae				endif  
3bae 18 04			jr .pastdmark  
3bb0 ..			.dmark: db "SPl"  
3bb3				if DEMARK_VERSION = 1  
3bb3 00					db 0  
3bb4				endif  
3bb4				if DEMARK_VERSION = 1  
3bb4 e1			.pastdmark: pop hl  
3bb5				endif  
3bb5				if DEMARK_VERSION = 0  
3bb5			.pastdmark: pop af  
3bb5				endif  
3bb5			endm  
# End of macro DMARK
3bb5						CALLMONITOR 
3bb5				if BASE_CPM=1  
3bb5 cd 6b ee				call debug_vector  
3bb8				endif  
3bb8				if BASE_KEV=1  
3bb8					rst 8  
3bb8				endif  
3bb8				endm  
# End of macro CALLMONITOR
3bb8					endif 
3bb8 7e					ld a, (hl) 
3bb9 b8					cp b 
3bba 28 07				jr z, .splnxt 
3bbc			;		cp 0 
3bbc b7					or a 
3bbd 28 29				jr z, .splend 
3bbf ed a0				ldi 
3bc1 18 e2				jr .spllop 
3bc3			 
3bc3					; hit dlim 
3bc3			 
3bc3			.splnxt: 
3bc3					if DEBUG_FORTH_WORDS 
3bc3						DMARK "SPx" 
3bc3				if DEMARK_VERSION = 1  
3bc3 e5					push hl  
3bc4 21 cc 3b				ld hl, .dmark  
3bc7 22 60 ee				ld (debug_mark), hl  
3bca				endif  
3bca				if DEMARK_VERSION = 0  
3bca					push af  
3bca					ld a, (.dmark)  
3bca					ld (debug_mark),a  
3bca					ld a, (.dmark+1)  
3bca					ld (debug_mark+1),a  
3bca					ld a, (.dmark+2)  
3bca					ld (debug_mark+2),a  
3bca				endif  
3bca 18 04			jr .pastdmark  
3bcc ..			.dmark: db "SPx"  
3bcf				if DEMARK_VERSION = 1  
3bcf 00					db 0  
3bd0				endif  
3bd0				if DEMARK_VERSION = 1  
3bd0 e1			.pastdmark: pop hl  
3bd1				endif  
3bd1				if DEMARK_VERSION = 0  
3bd1			.pastdmark: pop af  
3bd1				endif  
3bd1			endm  
# End of macro DMARK
3bd1						CALLMONITOR 
3bd1				if BASE_CPM=1  
3bd1 cd 6b ee				call debug_vector  
3bd4				endif  
3bd4				if BASE_KEV=1  
3bd4					rst 8  
3bd4				endif  
3bd4				endm  
# End of macro CALLMONITOR
3bd4					endif 
3bd4 3e 00				ld a, 0 
3bd6 12					ld (de), a 
3bd7					;ex de, hl 
3bd7 e5					push hl 
3bd8 21 9d e2				ld hl, scratch 
3bdb cd 67 19				call forth_push_str 
3bde e1					pop hl 
3bdf					;ex de, hl 
3bdf 23					inc hl 
3be0 c1					pop bc 
3be1 0c					inc c 
3be2 c5					push bc 
3be3 11 9d e2				ld de, scratch 
3be6 18 bd				jr .spllop 
3be8			 
3be8			.splend:		 
3be8					if DEBUG_FORTH_WORDS 
3be8						DMARK "SPe" 
3be8				if DEMARK_VERSION = 1  
3be8 e5					push hl  
3be9 21 f1 3b				ld hl, .dmark  
3bec 22 60 ee				ld (debug_mark), hl  
3bef				endif  
3bef				if DEMARK_VERSION = 0  
3bef					push af  
3bef					ld a, (.dmark)  
3bef					ld (debug_mark),a  
3bef					ld a, (.dmark+1)  
3bef					ld (debug_mark+1),a  
3bef					ld a, (.dmark+2)  
3bef					ld (debug_mark+2),a  
3bef				endif  
3bef 18 04			jr .pastdmark  
3bf1 ..			.dmark: db "SPe"  
3bf4				if DEMARK_VERSION = 1  
3bf4 00					db 0  
3bf5				endif  
3bf5				if DEMARK_VERSION = 1  
3bf5 e1			.pastdmark: pop hl  
3bf6				endif  
3bf6				if DEMARK_VERSION = 0  
3bf6			.pastdmark: pop af  
3bf6				endif  
3bf6			endm  
# End of macro DMARK
3bf6						CALLMONITOR 
3bf6				if BASE_CPM=1  
3bf6 cd 6b ee				call debug_vector  
3bf9				endif  
3bf9				if BASE_KEV=1  
3bf9					rst 8  
3bf9				endif  
3bf9				endm  
# End of macro CALLMONITOR
3bf9					endif 
3bf9 12					ld (de), a 
3bfa eb					ex de, hl 
3bfb			;		push hl 
3bfb 21 9d e2				ld hl, scratch 
3bfe cd 67 19				call forth_push_str 
3c01					 
3c01					if DEBUG_FORTH_WORDS 
3c01						DMARK "SPc" 
3c01				if DEMARK_VERSION = 1  
3c01 e5					push hl  
3c02 21 0a 3c				ld hl, .dmark  
3c05 22 60 ee				ld (debug_mark), hl  
3c08				endif  
3c08				if DEMARK_VERSION = 0  
3c08					push af  
3c08					ld a, (.dmark)  
3c08					ld (debug_mark),a  
3c08					ld a, (.dmark+1)  
3c08					ld (debug_mark+1),a  
3c08					ld a, (.dmark+2)  
3c08					ld (debug_mark+2),a  
3c08				endif  
3c08 18 04			jr .pastdmark  
3c0a ..			.dmark: db "SPc"  
3c0d				if DEMARK_VERSION = 1  
3c0d 00					db 0  
3c0e				endif  
3c0e				if DEMARK_VERSION = 1  
3c0e e1			.pastdmark: pop hl  
3c0f				endif  
3c0f				if DEMARK_VERSION = 0  
3c0f			.pastdmark: pop af  
3c0f				endif  
3c0f			endm  
# End of macro DMARK
3c0f						CALLMONITOR 
3c0f				if BASE_CPM=1  
3c0f cd 6b ee				call debug_vector  
3c12				endif  
3c12				if BASE_KEV=1  
3c12					rst 8  
3c12				endif  
3c12				endm  
# End of macro CALLMONITOR
3c12					endif 
3c12			 
3c12 e1					pop hl    ; get counter from bc which has been push 
3c13 26 00				ld h, 0 
3c15			;		ld l, c 
3c15					;call forth_push_numhl 
3c15					FORTH_PUSH_VALUEHL 
3c15				if BASE_CPM=1 
3c15 cd 08 19				call forth_push_numhl 
3c18				endif 
3c18				if BASE_KEV=1 
3c18					rst $20 
3c18				endif 
3c18				endm 
# End of macro FORTH_PUSH_VALUEHL
3c18			 
3c18			 
3c18				NEXTW 
3c18 cd 68 ee			call parse_vector 
3c1b c3 46 1c			jp macro_next 
3c1e				endm 
# End of macro NEXTW
3c1e			.PTR:   
3c1e			 
3c1e				CWHEAD .STYPE 52 "PTR" 3 WORD_FLAG_CODE 
3c1e 48				db WORD_SYS_CORE+52             
3c1f 43 3c			dw .STYPE            
3c21 04				db 3 + 1 
3c22 .. 00			db "PTR",0              
3c26				endm 
# End of macro CWHEAD
3c26			; | PTR ( -- addr ) Low level push pointer to the value on TOS | DONE 
3c26			; | | If a string will give the address of the string without dropping it. Handy for direct string access 
3c26			; | | If a number can then use 2@ and 2! for direct value update without using stack words  
3c26			 
3c26					if DEBUG_FORTH_WORDS_KEY 
3c26						DMARK "PTR" 
3c26				if DEMARK_VERSION = 1  
3c26 e5					push hl  
3c27 21 2f 3c				ld hl, .dmark  
3c2a 22 60 ee				ld (debug_mark), hl  
3c2d				endif  
3c2d				if DEMARK_VERSION = 0  
3c2d					push af  
3c2d					ld a, (.dmark)  
3c2d					ld (debug_mark),a  
3c2d					ld a, (.dmark+1)  
3c2d					ld (debug_mark+1),a  
3c2d					ld a, (.dmark+2)  
3c2d					ld (debug_mark+2),a  
3c2d				endif  
3c2d 18 04			jr .pastdmark  
3c2f ..			.dmark: db "PTR"  
3c32				if DEMARK_VERSION = 1  
3c32 00					db 0  
3c33				endif  
3c33				if DEMARK_VERSION = 1  
3c33 e1			.pastdmark: pop hl  
3c34				endif  
3c34				if DEMARK_VERSION = 0  
3c34			.pastdmark: pop af  
3c34				endif  
3c34			endm  
# End of macro DMARK
3c34						CALLMONITOR 
3c34				if BASE_CPM=1  
3c34 cd 6b ee				call debug_vector  
3c37				endif  
3c37				if BASE_KEV=1  
3c37					rst 8  
3c37				endif  
3c37				endm  
# End of macro CALLMONITOR
3c37					endif 
3c37					FORTH_DSP_VALUEHL 
3c37				if BASE_CPM=1 
3c37 cd 96 1a			call macro_dsp_valuehl 
3c3a				endif 
3c3a				if BASE_KEV=1 
3c3a					rst $18 
3c3a				endif 
3c3a				endm 
# End of macro FORTH_DSP_VALUEHL
3c3a					;call forth_push_numhl 
3c3a					FORTH_PUSH_VALUEHL 
3c3a				if BASE_CPM=1 
3c3a cd 08 19				call forth_push_numhl 
3c3d				endif 
3c3d				if BASE_KEV=1 
3c3d					rst $20 
3c3d				endif 
3c3d				endm 
# End of macro FORTH_PUSH_VALUEHL
3c3d			 
3c3d			 
3c3d					NEXTW 
3c3d cd 68 ee			call parse_vector 
3c40 c3 46 1c			jp macro_next 
3c43				endm 
# End of macro NEXTW
3c43			.STYPE: 
3c43				CWHEAD .UPPER 52 "STYPE" 5 WORD_FLAG_CODE 
3c43 48				db WORD_SYS_CORE+52             
3c44 95 3c			dw .UPPER            
3c46 06				db 5 + 1 
3c47 .. 00			db "STYPE",0              
3c4d				endm 
# End of macro CWHEAD
3c4d			; | STYPE ( u -- u type ) Push type of value on TOS  | DONE 
3c4d			; | | 's' string or 'i' integer or 'c' const 
3c4d					if DEBUG_FORTH_WORDS_KEY 
3c4d						DMARK "STY" 
3c4d				if DEMARK_VERSION = 1  
3c4d e5					push hl  
3c4e 21 56 3c				ld hl, .dmark  
3c51 22 60 ee				ld (debug_mark), hl  
3c54				endif  
3c54				if DEMARK_VERSION = 0  
3c54					push af  
3c54					ld a, (.dmark)  
3c54					ld (debug_mark),a  
3c54					ld a, (.dmark+1)  
3c54					ld (debug_mark+1),a  
3c54					ld a, (.dmark+2)  
3c54					ld (debug_mark+2),a  
3c54				endif  
3c54 18 04			jr .pastdmark  
3c56 ..			.dmark: db "STY"  
3c59				if DEMARK_VERSION = 1  
3c59 00					db 0  
3c5a				endif  
3c5a				if DEMARK_VERSION = 1  
3c5a e1			.pastdmark: pop hl  
3c5b				endif  
3c5b				if DEMARK_VERSION = 0  
3c5b			.pastdmark: pop af  
3c5b				endif  
3c5b			endm  
# End of macro DMARK
3c5b						CALLMONITOR 
3c5b				if BASE_CPM=1  
3c5b cd 6b ee				call debug_vector  
3c5e				endif  
3c5e				if BASE_KEV=1  
3c5e					rst 8  
3c5e				endif  
3c5e				endm  
# End of macro CALLMONITOR
3c5e					endif 
3c5e					FORTH_DSP 
3c5e cd 67 1a			call macro_forth_dsp 
3c61				endm 
# End of macro FORTH_DSP
3c61					;v5 FORTH_DSP_VALUE 
3c61			 
3c61 7e					ld a, (hl) 
3c62			 
3c62 f5					push af 
3c63			 
3c63			; Dont destroy TOS		FORTH_DSP_POP 
3c63			 
3c63 f1					pop af 
3c64			 
3c64 fe 01				cp DS_TYPE_STR 
3c66 28 12				jr z, .typestr 
3c68 fe 04				cp DS_TYPE_CONST 
3c6a 28 09				jr z, .typeconst 
3c6c			 
3c6c fe 02				cp DS_TYPE_INUM 
3c6e 28 0f				jr z, .typeinum 
3c70			 
3c70 21 93 3c				ld hl, .tna 
3c73 18 0f				jr .tpush 
3c75			 
3c75 21 8f 3c		.typeconst:	ld hl, .tconst 
3c78 18 0a				jr .tpush 
3c7a 21 8d 3c		.typestr:	ld hl, .tstr 
3c7d 18 05				jr .tpush 
3c7f 21 91 3c		.typeinum:	ld hl, .tinum 
3c82 18 00				jr .tpush 
3c84			 
3c84			.tpush: 
3c84			 
3c84 cd 67 19				call forth_push_str 
3c87			 
3c87					NEXTW 
3c87 cd 68 ee			call parse_vector 
3c8a c3 46 1c			jp macro_next 
3c8d				endm 
# End of macro NEXTW
3c8d .. 00		.tstr:	db "s",0 
3c8f .. 00		.tconst:	db "c",0 
3c91 .. 00		.tinum:  db "i",0 
3c93 .. 00		.tna:   db "?", 0 
3c95			 
3c95			 
3c95			.UPPER: 
3c95				CWHEAD .LOWER 52 "UPPER" 5 WORD_FLAG_CODE 
3c95 48				db WORD_SYS_CORE+52             
3c96 c7 3c			dw .LOWER            
3c98 06				db 5 + 1 
3c99 .. 00			db "UPPER",0              
3c9f				endm 
# End of macro CWHEAD
3c9f			; | UPPER ( s -- s ) Upper case string s  | DONE 
3c9f					if DEBUG_FORTH_WORDS_KEY 
3c9f						DMARK "UPR" 
3c9f				if DEMARK_VERSION = 1  
3c9f e5					push hl  
3ca0 21 a8 3c				ld hl, .dmark  
3ca3 22 60 ee				ld (debug_mark), hl  
3ca6				endif  
3ca6				if DEMARK_VERSION = 0  
3ca6					push af  
3ca6					ld a, (.dmark)  
3ca6					ld (debug_mark),a  
3ca6					ld a, (.dmark+1)  
3ca6					ld (debug_mark+1),a  
3ca6					ld a, (.dmark+2)  
3ca6					ld (debug_mark+2),a  
3ca6				endif  
3ca6 18 04			jr .pastdmark  
3ca8 ..			.dmark: db "UPR"  
3cab				if DEMARK_VERSION = 1  
3cab 00					db 0  
3cac				endif  
3cac				if DEMARK_VERSION = 1  
3cac e1			.pastdmark: pop hl  
3cad				endif  
3cad				if DEMARK_VERSION = 0  
3cad			.pastdmark: pop af  
3cad				endif  
3cad			endm  
# End of macro DMARK
3cad						CALLMONITOR 
3cad				if BASE_CPM=1  
3cad cd 6b ee				call debug_vector  
3cb0				endif  
3cb0				if BASE_KEV=1  
3cb0					rst 8  
3cb0				endif  
3cb0				endm  
# End of macro CALLMONITOR
3cb0					endif 
3cb0			 
3cb0					FORTH_DSP 
3cb0 cd 67 1a			call macro_forth_dsp 
3cb3				endm 
# End of macro FORTH_DSP
3cb3					 
3cb3			; TODO check is string type 
3cb3			 
3cb3					FORTH_DSP_VALUEHL 
3cb3				if BASE_CPM=1 
3cb3 cd 96 1a			call macro_dsp_valuehl 
3cb6				endif 
3cb6				if BASE_KEV=1 
3cb6					rst $18 
3cb6				endif 
3cb6				endm 
# End of macro FORTH_DSP_VALUEHL
3cb6			; get pointer to string in hl 
3cb6			 
3cb6 7e			.toup:		ld a, (hl) 
3cb7			;		cp 0 
3cb7 b7					or a 
3cb8 28 07				jr z, .toupdone 
3cba			 
3cba cd 61 0e				call to_upper 
3cbd			 
3cbd 77					ld (hl), a 
3cbe 23					inc hl 
3cbf 18 f5				jr .toup 
3cc1			 
3cc1					 
3cc1			 
3cc1			 
3cc1			; for each char convert to upper 
3cc1					 
3cc1			.toupdone: 
3cc1			 
3cc1			 
3cc1					NEXTW 
3cc1 cd 68 ee			call parse_vector 
3cc4 c3 46 1c			jp macro_next 
3cc7				endm 
# End of macro NEXTW
3cc7			.LOWER: 
3cc7				CWHEAD .TCASE 52 "LOWER" 5 WORD_FLAG_CODE 
3cc7 48				db WORD_SYS_CORE+52             
3cc8 f9 3c			dw .TCASE            
3cca 06				db 5 + 1 
3ccb .. 00			db "LOWER",0              
3cd1				endm 
# End of macro CWHEAD
3cd1			; | LOWER ( s -- s ) Lower case string s  | DONE 
3cd1					if DEBUG_FORTH_WORDS_KEY 
3cd1						DMARK "LWR" 
3cd1				if DEMARK_VERSION = 1  
3cd1 e5					push hl  
3cd2 21 da 3c				ld hl, .dmark  
3cd5 22 60 ee				ld (debug_mark), hl  
3cd8				endif  
3cd8				if DEMARK_VERSION = 0  
3cd8					push af  
3cd8					ld a, (.dmark)  
3cd8					ld (debug_mark),a  
3cd8					ld a, (.dmark+1)  
3cd8					ld (debug_mark+1),a  
3cd8					ld a, (.dmark+2)  
3cd8					ld (debug_mark+2),a  
3cd8				endif  
3cd8 18 04			jr .pastdmark  
3cda ..			.dmark: db "LWR"  
3cdd				if DEMARK_VERSION = 1  
3cdd 00					db 0  
3cde				endif  
3cde				if DEMARK_VERSION = 1  
3cde e1			.pastdmark: pop hl  
3cdf				endif  
3cdf				if DEMARK_VERSION = 0  
3cdf			.pastdmark: pop af  
3cdf				endif  
3cdf			endm  
# End of macro DMARK
3cdf						CALLMONITOR 
3cdf				if BASE_CPM=1  
3cdf cd 6b ee				call debug_vector  
3ce2				endif  
3ce2				if BASE_KEV=1  
3ce2					rst 8  
3ce2				endif  
3ce2				endm  
# End of macro CALLMONITOR
3ce2					endif 
3ce2			 
3ce2					FORTH_DSP 
3ce2 cd 67 1a			call macro_forth_dsp 
3ce5				endm 
# End of macro FORTH_DSP
3ce5					 
3ce5			; TODO check is string type 
3ce5			 
3ce5					FORTH_DSP_VALUEHL 
3ce5				if BASE_CPM=1 
3ce5 cd 96 1a			call macro_dsp_valuehl 
3ce8				endif 
3ce8				if BASE_KEV=1 
3ce8					rst $18 
3ce8				endif 
3ce8				endm 
# End of macro FORTH_DSP_VALUEHL
3ce8			; get pointer to string in hl 
3ce8			 
3ce8 7e			.tolow:		ld a, (hl) 
3ce9			;		cp 0 
3ce9 b7					or a 
3cea 28 07				jr z, .tolowdone 
3cec			 
3cec cd 6a 0e				call to_lower 
3cef			 
3cef 77					ld (hl), a 
3cf0 23					inc hl 
3cf1 18 f5				jr .tolow 
3cf3			 
3cf3					 
3cf3			 
3cf3			 
3cf3			; for each char convert to low 
3cf3					 
3cf3			.tolowdone: 
3cf3					NEXTW 
3cf3 cd 68 ee			call parse_vector 
3cf6 c3 46 1c			jp macro_next 
3cf9				endm 
# End of macro NEXTW
3cf9			.TCASE: 
3cf9				CWHEAD .SUBSTR 52 "TCASE" 5 WORD_FLAG_CODE 
3cf9 48				db WORD_SYS_CORE+52             
3cfa cd 3d			dw .SUBSTR            
3cfc 06				db 5 + 1 
3cfd .. 00			db "TCASE",0              
3d03				endm 
# End of macro CWHEAD
3d03			; | TCASE ( s -- s ) Title case string s  | DONE 
3d03					if DEBUG_FORTH_WORDS_KEY 
3d03						DMARK "TCS" 
3d03				if DEMARK_VERSION = 1  
3d03 e5					push hl  
3d04 21 0c 3d				ld hl, .dmark  
3d07 22 60 ee				ld (debug_mark), hl  
3d0a				endif  
3d0a				if DEMARK_VERSION = 0  
3d0a					push af  
3d0a					ld a, (.dmark)  
3d0a					ld (debug_mark),a  
3d0a					ld a, (.dmark+1)  
3d0a					ld (debug_mark+1),a  
3d0a					ld a, (.dmark+2)  
3d0a					ld (debug_mark+2),a  
3d0a				endif  
3d0a 18 04			jr .pastdmark  
3d0c ..			.dmark: db "TCS"  
3d0f				if DEMARK_VERSION = 1  
3d0f 00					db 0  
3d10				endif  
3d10				if DEMARK_VERSION = 1  
3d10 e1			.pastdmark: pop hl  
3d11				endif  
3d11				if DEMARK_VERSION = 0  
3d11			.pastdmark: pop af  
3d11				endif  
3d11			endm  
# End of macro DMARK
3d11						CALLMONITOR 
3d11				if BASE_CPM=1  
3d11 cd 6b ee				call debug_vector  
3d14				endif  
3d14				if BASE_KEV=1  
3d14					rst 8  
3d14				endif  
3d14				endm  
# End of macro CALLMONITOR
3d14					endif 
3d14			 
3d14					FORTH_DSP 
3d14 cd 67 1a			call macro_forth_dsp 
3d17				endm 
# End of macro FORTH_DSP
3d17					 
3d17			; TODO check is string type 
3d17			 
3d17					FORTH_DSP_VALUEHL 
3d17				if BASE_CPM=1 
3d17 cd 96 1a			call macro_dsp_valuehl 
3d1a				endif 
3d1a				if BASE_KEV=1 
3d1a					rst $18 
3d1a				endif 
3d1a				endm 
# End of macro FORTH_DSP_VALUEHL
3d1a			; get pointer to string in hl 
3d1a			 
3d1a					if DEBUG_FORTH_WORDS 
3d1a						DMARK "TC1" 
3d1a				if DEMARK_VERSION = 1  
3d1a e5					push hl  
3d1b 21 23 3d				ld hl, .dmark  
3d1e 22 60 ee				ld (debug_mark), hl  
3d21				endif  
3d21				if DEMARK_VERSION = 0  
3d21					push af  
3d21					ld a, (.dmark)  
3d21					ld (debug_mark),a  
3d21					ld a, (.dmark+1)  
3d21					ld (debug_mark+1),a  
3d21					ld a, (.dmark+2)  
3d21					ld (debug_mark+2),a  
3d21				endif  
3d21 18 04			jr .pastdmark  
3d23 ..			.dmark: db "TC1"  
3d26				if DEMARK_VERSION = 1  
3d26 00					db 0  
3d27				endif  
3d27				if DEMARK_VERSION = 1  
3d27 e1			.pastdmark: pop hl  
3d28				endif  
3d28				if DEMARK_VERSION = 0  
3d28			.pastdmark: pop af  
3d28				endif  
3d28			endm  
# End of macro DMARK
3d28						CALLMONITOR 
3d28				if BASE_CPM=1  
3d28 cd 6b ee				call debug_vector  
3d2b				endif  
3d2b				if BASE_KEV=1  
3d2b					rst 8  
3d2b				endif  
3d2b				endm  
# End of macro CALLMONITOR
3d2b					endif 
3d2b			 
3d2b					; first time in turn to upper case first char 
3d2b			 
3d2b 7e					ld a, (hl) 
3d2c c3 89 3d				jp .totsiptou 
3d2f			 
3d2f			 
3d2f 7e			.tot:		ld a, (hl) 
3d30			;		cp 0 
3d30 b7					or a 
3d31 ca b6 3d				jp z, .totdone 
3d34			 
3d34					if DEBUG_FORTH_WORDS 
3d34						DMARK "TC2" 
3d34				if DEMARK_VERSION = 1  
3d34 e5					push hl  
3d35 21 3d 3d				ld hl, .dmark  
3d38 22 60 ee				ld (debug_mark), hl  
3d3b				endif  
3d3b				if DEMARK_VERSION = 0  
3d3b					push af  
3d3b					ld a, (.dmark)  
3d3b					ld (debug_mark),a  
3d3b					ld a, (.dmark+1)  
3d3b					ld (debug_mark+1),a  
3d3b					ld a, (.dmark+2)  
3d3b					ld (debug_mark+2),a  
3d3b				endif  
3d3b 18 04			jr .pastdmark  
3d3d ..			.dmark: db "TC2"  
3d40				if DEMARK_VERSION = 1  
3d40 00					db 0  
3d41				endif  
3d41				if DEMARK_VERSION = 1  
3d41 e1			.pastdmark: pop hl  
3d42				endif  
3d42				if DEMARK_VERSION = 0  
3d42			.pastdmark: pop af  
3d42				endif  
3d42			endm  
# End of macro DMARK
3d42						CALLMONITOR 
3d42				if BASE_CPM=1  
3d42 cd 6b ee				call debug_vector  
3d45				endif  
3d45				if BASE_KEV=1  
3d45					rst 8  
3d45				endif  
3d45				endm  
# End of macro CALLMONITOR
3d45					endif 
3d45					; check to see if current char is a space 
3d45			 
3d45 fe 20				cp ' ' 
3d47 28 16				jr z, .totsp 
3d49 cd 6a 0e				call to_lower 
3d4c					if DEBUG_FORTH_WORDS 
3d4c						DMARK "TC3" 
3d4c				if DEMARK_VERSION = 1  
3d4c e5					push hl  
3d4d 21 55 3d				ld hl, .dmark  
3d50 22 60 ee				ld (debug_mark), hl  
3d53				endif  
3d53				if DEMARK_VERSION = 0  
3d53					push af  
3d53					ld a, (.dmark)  
3d53					ld (debug_mark),a  
3d53					ld a, (.dmark+1)  
3d53					ld (debug_mark+1),a  
3d53					ld a, (.dmark+2)  
3d53					ld (debug_mark+2),a  
3d53				endif  
3d53 18 04			jr .pastdmark  
3d55 ..			.dmark: db "TC3"  
3d58				if DEMARK_VERSION = 1  
3d58 00					db 0  
3d59				endif  
3d59				if DEMARK_VERSION = 1  
3d59 e1			.pastdmark: pop hl  
3d5a				endif  
3d5a				if DEMARK_VERSION = 0  
3d5a			.pastdmark: pop af  
3d5a				endif  
3d5a			endm  
# End of macro DMARK
3d5a						CALLMONITOR 
3d5a				if BASE_CPM=1  
3d5a cd 6b ee				call debug_vector  
3d5d				endif  
3d5d				if BASE_KEV=1  
3d5d					rst 8  
3d5d				endif  
3d5d				endm  
# End of macro CALLMONITOR
3d5d					endif 
3d5d 18 41				jr .totnxt 
3d5f			 
3d5f			.totsp:         ; on a space, find next char which should be upper 
3d5f			 
3d5f					if DEBUG_FORTH_WORDS 
3d5f						DMARK "TC4" 
3d5f				if DEMARK_VERSION = 1  
3d5f e5					push hl  
3d60 21 68 3d				ld hl, .dmark  
3d63 22 60 ee				ld (debug_mark), hl  
3d66				endif  
3d66				if DEMARK_VERSION = 0  
3d66					push af  
3d66					ld a, (.dmark)  
3d66					ld (debug_mark),a  
3d66					ld a, (.dmark+1)  
3d66					ld (debug_mark+1),a  
3d66					ld a, (.dmark+2)  
3d66					ld (debug_mark+2),a  
3d66				endif  
3d66 18 04			jr .pastdmark  
3d68 ..			.dmark: db "TC4"  
3d6b				if DEMARK_VERSION = 1  
3d6b 00					db 0  
3d6c				endif  
3d6c				if DEMARK_VERSION = 1  
3d6c e1			.pastdmark: pop hl  
3d6d				endif  
3d6d				if DEMARK_VERSION = 0  
3d6d			.pastdmark: pop af  
3d6d				endif  
3d6d			endm  
# End of macro DMARK
3d6d						CALLMONITOR 
3d6d				if BASE_CPM=1  
3d6d cd 6b ee				call debug_vector  
3d70				endif  
3d70				if BASE_KEV=1  
3d70					rst 8  
3d70				endif  
3d70				endm  
# End of macro CALLMONITOR
3d70					endif 
3d70					;; 
3d70			 
3d70 fe 20				cp ' ' 
3d72 20 15				jr nz, .totsiptou 
3d74 23					inc hl 
3d75 7e					ld a, (hl) 
3d76					if DEBUG_FORTH_WORDS 
3d76						DMARK "TC5" 
3d76				if DEMARK_VERSION = 1  
3d76 e5					push hl  
3d77 21 7f 3d				ld hl, .dmark  
3d7a 22 60 ee				ld (debug_mark), hl  
3d7d				endif  
3d7d				if DEMARK_VERSION = 0  
3d7d					push af  
3d7d					ld a, (.dmark)  
3d7d					ld (debug_mark),a  
3d7d					ld a, (.dmark+1)  
3d7d					ld (debug_mark+1),a  
3d7d					ld a, (.dmark+2)  
3d7d					ld (debug_mark+2),a  
3d7d				endif  
3d7d 18 04			jr .pastdmark  
3d7f ..			.dmark: db "TC5"  
3d82				if DEMARK_VERSION = 1  
3d82 00					db 0  
3d83				endif  
3d83				if DEMARK_VERSION = 1  
3d83 e1			.pastdmark: pop hl  
3d84				endif  
3d84				if DEMARK_VERSION = 0  
3d84			.pastdmark: pop af  
3d84				endif  
3d84			endm  
# End of macro DMARK
3d84						CALLMONITOR 
3d84				if BASE_CPM=1  
3d84 cd 6b ee				call debug_vector  
3d87				endif  
3d87				if BASE_KEV=1  
3d87					rst 8  
3d87				endif  
3d87				endm  
# End of macro CALLMONITOR
3d87					endif 
3d87 18 d6				jr .totsp 
3d89			.totsiptou:     
3d89					;cp 0 
3d89 b7					or a 
3d8a 28 2a				jr z, .totdone 
3d8c					; not space and not zero term so upper case it 
3d8c cd 61 0e				call to_upper 
3d8f			 
3d8f					if DEBUG_FORTH_WORDS 
3d8f						DMARK "TC6" 
3d8f				if DEMARK_VERSION = 1  
3d8f e5					push hl  
3d90 21 98 3d				ld hl, .dmark  
3d93 22 60 ee				ld (debug_mark), hl  
3d96				endif  
3d96				if DEMARK_VERSION = 0  
3d96					push af  
3d96					ld a, (.dmark)  
3d96					ld (debug_mark),a  
3d96					ld a, (.dmark+1)  
3d96					ld (debug_mark+1),a  
3d96					ld a, (.dmark+2)  
3d96					ld (debug_mark+2),a  
3d96				endif  
3d96 18 04			jr .pastdmark  
3d98 ..			.dmark: db "TC6"  
3d9b				if DEMARK_VERSION = 1  
3d9b 00					db 0  
3d9c				endif  
3d9c				if DEMARK_VERSION = 1  
3d9c e1			.pastdmark: pop hl  
3d9d				endif  
3d9d				if DEMARK_VERSION = 0  
3d9d			.pastdmark: pop af  
3d9d				endif  
3d9d			endm  
# End of macro DMARK
3d9d						CALLMONITOR 
3d9d				if BASE_CPM=1  
3d9d cd 6b ee				call debug_vector  
3da0				endif  
3da0				if BASE_KEV=1  
3da0					rst 8  
3da0				endif  
3da0				endm  
# End of macro CALLMONITOR
3da0					endif 
3da0			 
3da0			 
3da0			.totnxt: 
3da0			 
3da0 77					ld (hl), a 
3da1 23					inc hl 
3da2					if DEBUG_FORTH_WORDS 
3da2						DMARK "TC7" 
3da2				if DEMARK_VERSION = 1  
3da2 e5					push hl  
3da3 21 ab 3d				ld hl, .dmark  
3da6 22 60 ee				ld (debug_mark), hl  
3da9				endif  
3da9				if DEMARK_VERSION = 0  
3da9					push af  
3da9					ld a, (.dmark)  
3da9					ld (debug_mark),a  
3da9					ld a, (.dmark+1)  
3da9					ld (debug_mark+1),a  
3da9					ld a, (.dmark+2)  
3da9					ld (debug_mark+2),a  
3da9				endif  
3da9 18 04			jr .pastdmark  
3dab ..			.dmark: db "TC7"  
3dae				if DEMARK_VERSION = 1  
3dae 00					db 0  
3daf				endif  
3daf				if DEMARK_VERSION = 1  
3daf e1			.pastdmark: pop hl  
3db0				endif  
3db0				if DEMARK_VERSION = 0  
3db0			.pastdmark: pop af  
3db0				endif  
3db0			endm  
# End of macro DMARK
3db0						CALLMONITOR 
3db0				if BASE_CPM=1  
3db0 cd 6b ee				call debug_vector  
3db3				endif  
3db3				if BASE_KEV=1  
3db3					rst 8  
3db3				endif  
3db3				endm  
# End of macro CALLMONITOR
3db3					endif 
3db3 c3 2f 3d				jp .tot 
3db6			 
3db6					 
3db6			 
3db6			 
3db6			; for each char convert to low 
3db6					 
3db6			.totdone: 
3db6					if DEBUG_FORTH_WORDS 
3db6						DMARK "TCd" 
3db6				if DEMARK_VERSION = 1  
3db6 e5					push hl  
3db7 21 bf 3d				ld hl, .dmark  
3dba 22 60 ee				ld (debug_mark), hl  
3dbd				endif  
3dbd				if DEMARK_VERSION = 0  
3dbd					push af  
3dbd					ld a, (.dmark)  
3dbd					ld (debug_mark),a  
3dbd					ld a, (.dmark+1)  
3dbd					ld (debug_mark+1),a  
3dbd					ld a, (.dmark+2)  
3dbd					ld (debug_mark+2),a  
3dbd				endif  
3dbd 18 04			jr .pastdmark  
3dbf ..			.dmark: db "TCd"  
3dc2				if DEMARK_VERSION = 1  
3dc2 00					db 0  
3dc3				endif  
3dc3				if DEMARK_VERSION = 1  
3dc3 e1			.pastdmark: pop hl  
3dc4				endif  
3dc4				if DEMARK_VERSION = 0  
3dc4			.pastdmark: pop af  
3dc4				endif  
3dc4			endm  
# End of macro DMARK
3dc4						CALLMONITOR 
3dc4				if BASE_CPM=1  
3dc4 cd 6b ee				call debug_vector  
3dc7				endif  
3dc7				if BASE_KEV=1  
3dc7					rst 8  
3dc7				endif  
3dc7				endm  
# End of macro CALLMONITOR
3dc7					endif 
3dc7					NEXTW 
3dc7 cd 68 ee			call parse_vector 
3dca c3 46 1c			jp macro_next 
3dcd				endm 
# End of macro NEXTW
3dcd			 
3dcd			.SUBSTR: 
3dcd				CWHEAD .LEFT 52 "SUBSTR" 6 WORD_FLAG_CODE 
3dcd 48				db WORD_SYS_CORE+52             
3dce 22 3e			dw .LEFT            
3dd0 07				db 6 + 1 
3dd1 .. 00			db "SUBSTR",0              
3dd8				endm 
# End of macro CWHEAD
3dd8			; | SUBSTR ( s u1 u2 -- s sb ) Push to TOS chars starting at position u1 and with length u2 from string s  | DONE 
3dd8			 
3dd8					if DEBUG_FORTH_WORDS_KEY 
3dd8						DMARK "SST" 
3dd8				if DEMARK_VERSION = 1  
3dd8 e5					push hl  
3dd9 21 e1 3d				ld hl, .dmark  
3ddc 22 60 ee				ld (debug_mark), hl  
3ddf				endif  
3ddf				if DEMARK_VERSION = 0  
3ddf					push af  
3ddf					ld a, (.dmark)  
3ddf					ld (debug_mark),a  
3ddf					ld a, (.dmark+1)  
3ddf					ld (debug_mark+1),a  
3ddf					ld a, (.dmark+2)  
3ddf					ld (debug_mark+2),a  
3ddf				endif  
3ddf 18 04			jr .pastdmark  
3de1 ..			.dmark: db "SST"  
3de4				if DEMARK_VERSION = 1  
3de4 00					db 0  
3de5				endif  
3de5				if DEMARK_VERSION = 1  
3de5 e1			.pastdmark: pop hl  
3de6				endif  
3de6				if DEMARK_VERSION = 0  
3de6			.pastdmark: pop af  
3de6				endif  
3de6			endm  
# End of macro DMARK
3de6						CALLMONITOR 
3de6				if BASE_CPM=1  
3de6 cd 6b ee				call debug_vector  
3de9				endif  
3de9				if BASE_KEV=1  
3de9					rst 8  
3de9				endif  
3de9				endm  
# End of macro CALLMONITOR
3de9					endif 
3de9			; TODO check string type 
3de9					FORTH_DSP_VALUEHL 
3de9				if BASE_CPM=1 
3de9 cd 96 1a			call macro_dsp_valuehl 
3dec				endif 
3dec				if BASE_KEV=1 
3dec					rst $18 
3dec				endif 
3dec				endm 
# End of macro FORTH_DSP_VALUEHL
3dec			 
3dec e5					push hl      ; string length 
3ded			 
3ded					FORTH_DSP_POP 
3ded				if BASE_CPM=1 
3ded cd 2d 1b			call macro_forth_dsp_pop 
3df0				endif 
3df0				if BASE_KEV=1 
3df0					rst $10 
3df0				endif 
3df0				endm 
# End of macro FORTH_DSP_POP
3df0			 
3df0					FORTH_DSP_VALUEHL 
3df0				if BASE_CPM=1 
3df0 cd 96 1a			call macro_dsp_valuehl 
3df3				endif 
3df3				if BASE_KEV=1 
3df3					rst $18 
3df3				endif 
3df3				endm 
# End of macro FORTH_DSP_VALUEHL
3df3			 
3df3 e5					push hl     ; start char 
3df4			 
3df4					FORTH_DSP_POP 
3df4				if BASE_CPM=1 
3df4 cd 2d 1b			call macro_forth_dsp_pop 
3df7				endif 
3df7				if BASE_KEV=1 
3df7					rst $10 
3df7				endif 
3df7				endm 
# End of macro FORTH_DSP_POP
3df7			 
3df7			 
3df7					FORTH_DSP_VALUE 
3df7 cd 7f 1a			call macro_forth_dsp_value 
3dfa				endm 
# End of macro FORTH_DSP_VALUE
3dfa			 
3dfa d1					pop de    ; get start post offset 
3dfb			 
3dfb 19					add hl, de    ; starting offset 
3dfc			 
3dfc c1					pop bc 
3dfd c5					push bc      ; grab size of string 
3dfe			 
3dfe e5					push hl    ; save string start  
3dff			 
3dff 26 00				ld h, 0 
3e01 69					ld l, c 
3e02 23					inc hl 
3e03 23					inc hl 
3e04			 
3e04 cd c5 0f				call malloc 
3e07				if DEBUG_FORTH_MALLOC_GUARD 
3e07 cc d5 46				call z,malloc_error 
3e0a				endif 
3e0a			 
3e0a eb					ex de, hl      ; save malloc area for string copy 
3e0b e1					pop hl    ; get back source 
3e0c c1					pop bc    ; get length of string back 
3e0d			 
3e0d d5					push de    ; save malloc area for after we push 
3e0e ed b0				ldir     ; copy substr 
3e10			 
3e10			 
3e10 eb					ex de, hl 
3e11			;		ld a, 0 
3e11 36 00				ld (hl), 0   ; term substr 
3e13			 
3e13					 
3e13 e1					pop hl    ; get malloc so we can push it 
3e14 e5					push hl   ; save so we can free it afterwards 
3e15			 
3e15 cd 67 19				call forth_push_str 
3e18			 
3e18 e1					pop hl 
3e19 cd 8f 10				call free 
3e1c			 
3e1c					 
3e1c					 
3e1c			 
3e1c			 
3e1c					NEXTW 
3e1c cd 68 ee			call parse_vector 
3e1f c3 46 1c			jp macro_next 
3e22				endm 
# End of macro NEXTW
3e22			 
3e22			.LEFT: 
3e22				CWHEAD .RIGHT 52 "LEFT" 4 WORD_FLAG_CODE 
3e22 48				db WORD_SYS_CORE+52             
3e23 5b 3e			dw .RIGHT            
3e25 05				db 4 + 1 
3e26 .. 00			db "LEFT",0              
3e2b				endm 
# End of macro CWHEAD
3e2b			; | LEFT ( s u -- s sub ) Push to TOS string u long starting from left of s  | DONE 
3e2b					if DEBUG_FORTH_WORDS_KEY 
3e2b						DMARK "LEF" 
3e2b				if DEMARK_VERSION = 1  
3e2b e5					push hl  
3e2c 21 34 3e				ld hl, .dmark  
3e2f 22 60 ee				ld (debug_mark), hl  
3e32				endif  
3e32				if DEMARK_VERSION = 0  
3e32					push af  
3e32					ld a, (.dmark)  
3e32					ld (debug_mark),a  
3e32					ld a, (.dmark+1)  
3e32					ld (debug_mark+1),a  
3e32					ld a, (.dmark+2)  
3e32					ld (debug_mark+2),a  
3e32				endif  
3e32 18 04			jr .pastdmark  
3e34 ..			.dmark: db "LEF"  
3e37				if DEMARK_VERSION = 1  
3e37 00					db 0  
3e38				endif  
3e38				if DEMARK_VERSION = 1  
3e38 e1			.pastdmark: pop hl  
3e39				endif  
3e39				if DEMARK_VERSION = 0  
3e39			.pastdmark: pop af  
3e39				endif  
3e39			endm  
# End of macro DMARK
3e39						CALLMONITOR 
3e39				if BASE_CPM=1  
3e39 cd 6b ee				call debug_vector  
3e3c				endif  
3e3c				if BASE_KEV=1  
3e3c					rst 8  
3e3c				endif  
3e3c				endm  
# End of macro CALLMONITOR
3e3c					endif 
3e3c			 
3e3c					 
3e3c			; TODO check string type 
3e3c					FORTH_DSP_VALUEHL 
3e3c				if BASE_CPM=1 
3e3c cd 96 1a			call macro_dsp_valuehl 
3e3f				endif 
3e3f				if BASE_KEV=1 
3e3f					rst $18 
3e3f				endif 
3e3f				endm 
# End of macro FORTH_DSP_VALUEHL
3e3f			 
3e3f e5					push hl      ; string length 
3e40			 
3e40					FORTH_DSP_POP 
3e40				if BASE_CPM=1 
3e40 cd 2d 1b			call macro_forth_dsp_pop 
3e43				endif 
3e43				if BASE_KEV=1 
3e43					rst $10 
3e43				endif 
3e43				endm 
# End of macro FORTH_DSP_POP
3e43			 
3e43					FORTH_DSP_VALUEHL 
3e43				if BASE_CPM=1 
3e43 cd 96 1a			call macro_dsp_valuehl 
3e46				endif 
3e46				if BASE_KEV=1 
3e46					rst $18 
3e46				endif 
3e46				endm 
# End of macro FORTH_DSP_VALUEHL
3e46			 
3e46 c1					pop bc 
3e47			 
3e47 11 9d e2				ld de, scratch 
3e4a ed b0				ldir 
3e4c 3e 00				ld a, 0 
3e4e 12					ld (de), a 
3e4f					 
3e4f 21 9d e2				ld hl, scratch 
3e52 cd 67 19				call forth_push_str 
3e55			 
3e55					NEXTW 
3e55 cd 68 ee			call parse_vector 
3e58 c3 46 1c			jp macro_next 
3e5b				endm 
# End of macro NEXTW
3e5b			.RIGHT: 
3e5b				CWHEAD .STR2NUM 52 "RIGHT" 5 WORD_FLAG_CODE 
3e5b 48				db WORD_SYS_CORE+52             
3e5c e5 3e			dw .STR2NUM            
3e5e 06				db 5 + 1 
3e5f .. 00			db "RIGHT",0              
3e65				endm 
# End of macro CWHEAD
3e65			; | RIGHT ( s u -- s sub ) Push to TOS string u long starting from right of s  | DONE 
3e65					if DEBUG_FORTH_WORDS_KEY 
3e65						DMARK "RIG" 
3e65				if DEMARK_VERSION = 1  
3e65 e5					push hl  
3e66 21 6e 3e				ld hl, .dmark  
3e69 22 60 ee				ld (debug_mark), hl  
3e6c				endif  
3e6c				if DEMARK_VERSION = 0  
3e6c					push af  
3e6c					ld a, (.dmark)  
3e6c					ld (debug_mark),a  
3e6c					ld a, (.dmark+1)  
3e6c					ld (debug_mark+1),a  
3e6c					ld a, (.dmark+2)  
3e6c					ld (debug_mark+2),a  
3e6c				endif  
3e6c 18 04			jr .pastdmark  
3e6e ..			.dmark: db "RIG"  
3e71				if DEMARK_VERSION = 1  
3e71 00					db 0  
3e72				endif  
3e72				if DEMARK_VERSION = 1  
3e72 e1			.pastdmark: pop hl  
3e73				endif  
3e73				if DEMARK_VERSION = 0  
3e73			.pastdmark: pop af  
3e73				endif  
3e73			endm  
# End of macro DMARK
3e73						CALLMONITOR 
3e73				if BASE_CPM=1  
3e73 cd 6b ee				call debug_vector  
3e76				endif  
3e76				if BASE_KEV=1  
3e76					rst 8  
3e76				endif  
3e76				endm  
# End of macro CALLMONITOR
3e76					endif 
3e76			 
3e76			; TODO check string type 
3e76					FORTH_DSP_VALUEHL 
3e76				if BASE_CPM=1 
3e76 cd 96 1a			call macro_dsp_valuehl 
3e79				endif 
3e79				if BASE_KEV=1 
3e79					rst $18 
3e79				endif 
3e79				endm 
# End of macro FORTH_DSP_VALUEHL
3e79			 
3e79 e5					push hl      ; string length 
3e7a			 
3e7a					FORTH_DSP_POP 
3e7a				if BASE_CPM=1 
3e7a cd 2d 1b			call macro_forth_dsp_pop 
3e7d				endif 
3e7d				if BASE_KEV=1 
3e7d					rst $10 
3e7d				endif 
3e7d				endm 
# End of macro FORTH_DSP_POP
3e7d			 
3e7d					FORTH_DSP_VALUEHL 
3e7d				if BASE_CPM=1 
3e7d cd 96 1a			call macro_dsp_valuehl 
3e80				endif 
3e80				if BASE_KEV=1 
3e80					rst $18 
3e80				endif 
3e80				endm 
# End of macro FORTH_DSP_VALUEHL
3e80			 
3e80					if DEBUG_FORTH_WORDS 
3e80						DMARK "RI1" 
3e80				if DEMARK_VERSION = 1  
3e80 e5					push hl  
3e81 21 89 3e				ld hl, .dmark  
3e84 22 60 ee				ld (debug_mark), hl  
3e87				endif  
3e87				if DEMARK_VERSION = 0  
3e87					push af  
3e87					ld a, (.dmark)  
3e87					ld (debug_mark),a  
3e87					ld a, (.dmark+1)  
3e87					ld (debug_mark+1),a  
3e87					ld a, (.dmark+2)  
3e87					ld (debug_mark+2),a  
3e87				endif  
3e87 18 04			jr .pastdmark  
3e89 ..			.dmark: db "RI1"  
3e8c				if DEMARK_VERSION = 1  
3e8c 00					db 0  
3e8d				endif  
3e8d				if DEMARK_VERSION = 1  
3e8d e1			.pastdmark: pop hl  
3e8e				endif  
3e8e				if DEMARK_VERSION = 0  
3e8e			.pastdmark: pop af  
3e8e				endif  
3e8e			endm  
# End of macro DMARK
3e8e						CALLMONITOR 
3e8e				if BASE_CPM=1  
3e8e cd 6b ee				call debug_vector  
3e91				endif  
3e91				if BASE_KEV=1  
3e91					rst 8  
3e91				endif  
3e91				endm  
# End of macro CALLMONITOR
3e91					endif 
3e91					; from the pointer to string get to the end of string 
3e91			 
3e91 01 ff 00				ld bc, 255 
3e94 3e 00				ld a, 0 
3e96 ed b1				cpir 
3e98 2b					dec hl 
3e99			 
3e99					;  
3e99			 
3e99					if DEBUG_FORTH_WORDS 
3e99						DMARK "RI2" 
3e99				if DEMARK_VERSION = 1  
3e99 e5					push hl  
3e9a 21 a2 3e				ld hl, .dmark  
3e9d 22 60 ee				ld (debug_mark), hl  
3ea0				endif  
3ea0				if DEMARK_VERSION = 0  
3ea0					push af  
3ea0					ld a, (.dmark)  
3ea0					ld (debug_mark),a  
3ea0					ld a, (.dmark+1)  
3ea0					ld (debug_mark+1),a  
3ea0					ld a, (.dmark+2)  
3ea0					ld (debug_mark+2),a  
3ea0				endif  
3ea0 18 04			jr .pastdmark  
3ea2 ..			.dmark: db "RI2"  
3ea5				if DEMARK_VERSION = 1  
3ea5 00					db 0  
3ea6				endif  
3ea6				if DEMARK_VERSION = 1  
3ea6 e1			.pastdmark: pop hl  
3ea7				endif  
3ea7				if DEMARK_VERSION = 0  
3ea7			.pastdmark: pop af  
3ea7				endif  
3ea7			endm  
# End of macro DMARK
3ea7						CALLMONITOR 
3ea7				if BASE_CPM=1  
3ea7 cd 6b ee				call debug_vector  
3eaa				endif  
3eaa				if BASE_KEV=1  
3eaa					rst 8  
3eaa				endif  
3eaa				endm  
# End of macro CALLMONITOR
3eaa					endif 
3eaa			 
3eaa c1					pop bc    ;  length of string to copy 
3eab			 
3eab 79					ld a, c 
3eac eb					ex de, hl 
3ead 21 9d e2				ld hl, scratch  
3eb0 cd f9 0b				call addatohl 
3eb3			 
3eb3 eb					ex de, hl 
3eb4			 
3eb4					if DEBUG_FORTH_WORDS 
3eb4						DMARK "RI3" 
3eb4				if DEMARK_VERSION = 1  
3eb4 e5					push hl  
3eb5 21 bd 3e				ld hl, .dmark  
3eb8 22 60 ee				ld (debug_mark), hl  
3ebb				endif  
3ebb				if DEMARK_VERSION = 0  
3ebb					push af  
3ebb					ld a, (.dmark)  
3ebb					ld (debug_mark),a  
3ebb					ld a, (.dmark+1)  
3ebb					ld (debug_mark+1),a  
3ebb					ld a, (.dmark+2)  
3ebb					ld (debug_mark+2),a  
3ebb				endif  
3ebb 18 04			jr .pastdmark  
3ebd ..			.dmark: db "RI3"  
3ec0				if DEMARK_VERSION = 1  
3ec0 00					db 0  
3ec1				endif  
3ec1				if DEMARK_VERSION = 1  
3ec1 e1			.pastdmark: pop hl  
3ec2				endif  
3ec2				if DEMARK_VERSION = 0  
3ec2			.pastdmark: pop af  
3ec2				endif  
3ec2			endm  
# End of macro DMARK
3ec2						CALLMONITOR 
3ec2				if BASE_CPM=1  
3ec2 cd 6b ee				call debug_vector  
3ec5				endif  
3ec5				if BASE_KEV=1  
3ec5					rst 8  
3ec5				endif  
3ec5				endm  
# End of macro CALLMONITOR
3ec5					endif 
3ec5			 
3ec5 03					inc bc 
3ec6 ed b8				lddr 
3ec8					 
3ec8 21 9d e2				ld hl, scratch 
3ecb					if DEBUG_FORTH_WORDS 
3ecb						DMARK "RI4" 
3ecb				if DEMARK_VERSION = 1  
3ecb e5					push hl  
3ecc 21 d4 3e				ld hl, .dmark  
3ecf 22 60 ee				ld (debug_mark), hl  
3ed2				endif  
3ed2				if DEMARK_VERSION = 0  
3ed2					push af  
3ed2					ld a, (.dmark)  
3ed2					ld (debug_mark),a  
3ed2					ld a, (.dmark+1)  
3ed2					ld (debug_mark+1),a  
3ed2					ld a, (.dmark+2)  
3ed2					ld (debug_mark+2),a  
3ed2				endif  
3ed2 18 04			jr .pastdmark  
3ed4 ..			.dmark: db "RI4"  
3ed7				if DEMARK_VERSION = 1  
3ed7 00					db 0  
3ed8				endif  
3ed8				if DEMARK_VERSION = 1  
3ed8 e1			.pastdmark: pop hl  
3ed9				endif  
3ed9				if DEMARK_VERSION = 0  
3ed9			.pastdmark: pop af  
3ed9				endif  
3ed9			endm  
# End of macro DMARK
3ed9						CALLMONITOR 
3ed9				if BASE_CPM=1  
3ed9 cd 6b ee				call debug_vector  
3edc				endif  
3edc				if BASE_KEV=1  
3edc					rst 8  
3edc				endif  
3edc				endm  
# End of macro CALLMONITOR
3edc					endif 
3edc cd 67 19				call forth_push_str 
3edf			 
3edf			 
3edf					NEXTW 
3edf cd 68 ee			call parse_vector 
3ee2 c3 46 1c			jp macro_next 
3ee5				endm 
# End of macro NEXTW
3ee5			 
3ee5			 
3ee5			.STR2NUM: 
3ee5				CWHEAD .NUM2STR 52 "STR2NUM" 7 WORD_FLAG_CODE 
3ee5 48				db WORD_SYS_CORE+52             
3ee6 48 3f			dw .NUM2STR            
3ee8 08				db 7 + 1 
3ee9 .. 00			db "STR2NUM",0              
3ef1				endm 
# End of macro CWHEAD
3ef1			; | STR2NUM ( s -- n ) Convert a string on TOS to number | DONE 
3ef1			 
3ef1			 
3ef1			; TODO STR type check to do 
3ef1					if DEBUG_FORTH_WORDS_KEY 
3ef1						DMARK "S2N" 
3ef1				if DEMARK_VERSION = 1  
3ef1 e5					push hl  
3ef2 21 fa 3e				ld hl, .dmark  
3ef5 22 60 ee				ld (debug_mark), hl  
3ef8				endif  
3ef8				if DEMARK_VERSION = 0  
3ef8					push af  
3ef8					ld a, (.dmark)  
3ef8					ld (debug_mark),a  
3ef8					ld a, (.dmark+1)  
3ef8					ld (debug_mark+1),a  
3ef8					ld a, (.dmark+2)  
3ef8					ld (debug_mark+2),a  
3ef8				endif  
3ef8 18 04			jr .pastdmark  
3efa ..			.dmark: db "S2N"  
3efd				if DEMARK_VERSION = 1  
3efd 00					db 0  
3efe				endif  
3efe				if DEMARK_VERSION = 1  
3efe e1			.pastdmark: pop hl  
3eff				endif  
3eff				if DEMARK_VERSION = 0  
3eff			.pastdmark: pop af  
3eff				endif  
3eff			endm  
# End of macro DMARK
3eff						CALLMONITOR 
3eff				if BASE_CPM=1  
3eff cd 6b ee				call debug_vector  
3f02				endif  
3f02				if BASE_KEV=1  
3f02					rst 8  
3f02				endif  
3f02				endm  
# End of macro CALLMONITOR
3f02					endif 
3f02			 
3f02					;FORTH_DSP 
3f02					FORTH_DSP_VALUE 
3f02 cd 7f 1a			call macro_forth_dsp_value 
3f05				endm 
# End of macro FORTH_DSP_VALUE
3f05					;inc hl 
3f05			 
3f05 eb					ex de, hl 
3f06					if DEBUG_FORTH_WORDS 
3f06						DMARK "S2a" 
3f06				if DEMARK_VERSION = 1  
3f06 e5					push hl  
3f07 21 0f 3f				ld hl, .dmark  
3f0a 22 60 ee				ld (debug_mark), hl  
3f0d				endif  
3f0d				if DEMARK_VERSION = 0  
3f0d					push af  
3f0d					ld a, (.dmark)  
3f0d					ld (debug_mark),a  
3f0d					ld a, (.dmark+1)  
3f0d					ld (debug_mark+1),a  
3f0d					ld a, (.dmark+2)  
3f0d					ld (debug_mark+2),a  
3f0d				endif  
3f0d 18 04			jr .pastdmark  
3f0f ..			.dmark: db "S2a"  
3f12				if DEMARK_VERSION = 1  
3f12 00					db 0  
3f13				endif  
3f13				if DEMARK_VERSION = 1  
3f13 e1			.pastdmark: pop hl  
3f14				endif  
3f14				if DEMARK_VERSION = 0  
3f14			.pastdmark: pop af  
3f14				endif  
3f14			endm  
# End of macro DMARK
3f14						CALLMONITOR 
3f14				if BASE_CPM=1  
3f14 cd 6b ee				call debug_vector  
3f17				endif  
3f17				if BASE_KEV=1  
3f17					rst 8  
3f17				endif  
3f17				endm  
# End of macro CALLMONITOR
3f17					endif 
3f17 cd e8 0e				call string_to_uint16 
3f1a			 
3f1a					if DEBUG_FORTH_WORDS 
3f1a						DMARK "S2b" 
3f1a				if DEMARK_VERSION = 1  
3f1a e5					push hl  
3f1b 21 23 3f				ld hl, .dmark  
3f1e 22 60 ee				ld (debug_mark), hl  
3f21				endif  
3f21				if DEMARK_VERSION = 0  
3f21					push af  
3f21					ld a, (.dmark)  
3f21					ld (debug_mark),a  
3f21					ld a, (.dmark+1)  
3f21					ld (debug_mark+1),a  
3f21					ld a, (.dmark+2)  
3f21					ld (debug_mark+2),a  
3f21				endif  
3f21 18 04			jr .pastdmark  
3f23 ..			.dmark: db "S2b"  
3f26				if DEMARK_VERSION = 1  
3f26 00					db 0  
3f27				endif  
3f27				if DEMARK_VERSION = 1  
3f27 e1			.pastdmark: pop hl  
3f28				endif  
3f28				if DEMARK_VERSION = 0  
3f28			.pastdmark: pop af  
3f28				endif  
3f28			endm  
# End of macro DMARK
3f28						CALLMONITOR 
3f28				if BASE_CPM=1  
3f28 cd 6b ee				call debug_vector  
3f2b				endif  
3f2b				if BASE_KEV=1  
3f2b					rst 8  
3f2b				endif  
3f2b				endm  
# End of macro CALLMONITOR
3f2b					endif 
3f2b			;		push hl 
3f2b					FORTH_DSP_POP 
3f2b				if BASE_CPM=1 
3f2b cd 2d 1b			call macro_forth_dsp_pop 
3f2e				endif 
3f2e				if BASE_KEV=1 
3f2e					rst $10 
3f2e				endif 
3f2e				endm 
# End of macro FORTH_DSP_POP
3f2e			;		pop hl 
3f2e					 
3f2e					if DEBUG_FORTH_WORDS 
3f2e						DMARK "S2b" 
3f2e				if DEMARK_VERSION = 1  
3f2e e5					push hl  
3f2f 21 37 3f				ld hl, .dmark  
3f32 22 60 ee				ld (debug_mark), hl  
3f35				endif  
3f35				if DEMARK_VERSION = 0  
3f35					push af  
3f35					ld a, (.dmark)  
3f35					ld (debug_mark),a  
3f35					ld a, (.dmark+1)  
3f35					ld (debug_mark+1),a  
3f35					ld a, (.dmark+2)  
3f35					ld (debug_mark+2),a  
3f35				endif  
3f35 18 04			jr .pastdmark  
3f37 ..			.dmark: db "S2b"  
3f3a				if DEMARK_VERSION = 1  
3f3a 00					db 0  
3f3b				endif  
3f3b				if DEMARK_VERSION = 1  
3f3b e1			.pastdmark: pop hl  
3f3c				endif  
3f3c				if DEMARK_VERSION = 0  
3f3c			.pastdmark: pop af  
3f3c				endif  
3f3c			endm  
# End of macro DMARK
3f3c						CALLMONITOR 
3f3c				if BASE_CPM=1  
3f3c cd 6b ee				call debug_vector  
3f3f				endif  
3f3f				if BASE_KEV=1  
3f3f					rst 8  
3f3f				endif  
3f3f				endm  
# End of macro CALLMONITOR
3f3f					endif 
3f3f					;call forth_push_numhl	 
3f3f					FORTH_PUSH_VALUEHL 
3f3f				if BASE_CPM=1 
3f3f cd 08 19				call forth_push_numhl 
3f42				endif 
3f42				if BASE_KEV=1 
3f42					rst $20 
3f42				endif 
3f42				endm 
# End of macro FORTH_PUSH_VALUEHL
3f42			 
3f42				 
3f42				       NEXTW 
3f42 cd 68 ee			call parse_vector 
3f45 c3 46 1c			jp macro_next 
3f48				endm 
# End of macro NEXTW
3f48			.NUM2STR: 
3f48				CWHEAD .CONCAT 52 "NUM2STR" 7 WORD_FLAG_CODE 
3f48 48				db WORD_SYS_CORE+52             
3f49 b1 3f			dw .CONCAT            
3f4b 08				db 7 + 1 
3f4c .. 00			db "NUM2STR",0              
3f54				endm 
# End of macro CWHEAD
3f54			; | NUM2STR ( n -- s ) Convert a number on TOS to zero padded string | DONE 
3f54			 
3f54			;		; malloc a string to target 
3f54			;		ld hl, 10     ; TODO max string size should be fine 
3f54			;		call malloc 
3f54			;		push hl    ; save malloc location 
3f54			; 
3f54			; 
3f54			;; TODO check int type 
3f54					if DEBUG_FORTH_WORDS_KEY 
3f54						DMARK "N2S" 
3f54				if DEMARK_VERSION = 1  
3f54 e5					push hl  
3f55 21 5d 3f				ld hl, .dmark  
3f58 22 60 ee				ld (debug_mark), hl  
3f5b				endif  
3f5b				if DEMARK_VERSION = 0  
3f5b					push af  
3f5b					ld a, (.dmark)  
3f5b					ld (debug_mark),a  
3f5b					ld a, (.dmark+1)  
3f5b					ld (debug_mark+1),a  
3f5b					ld a, (.dmark+2)  
3f5b					ld (debug_mark+2),a  
3f5b				endif  
3f5b 18 04			jr .pastdmark  
3f5d ..			.dmark: db "N2S"  
3f60				if DEMARK_VERSION = 1  
3f60 00					db 0  
3f61				endif  
3f61				if DEMARK_VERSION = 1  
3f61 e1			.pastdmark: pop hl  
3f62				endif  
3f62				if DEMARK_VERSION = 0  
3f62			.pastdmark: pop af  
3f62				endif  
3f62			endm  
# End of macro DMARK
3f62						CALLMONITOR 
3f62				if BASE_CPM=1  
3f62 cd 6b ee				call debug_vector  
3f65				endif  
3f65				if BASE_KEV=1  
3f65					rst 8  
3f65				endif  
3f65				endm  
# End of macro CALLMONITOR
3f65					endif 
3f65			 
3f65					FORTH_DSP_VALUEHL 
3f65				if BASE_CPM=1 
3f65 cd 96 1a			call macro_dsp_valuehl 
3f68				endif 
3f68				if BASE_KEV=1 
3f68					rst $18 
3f68				endif 
3f68				endm 
# End of macro FORTH_DSP_VALUEHL
3f68			 
3f68					if DEBUG_FORTH_WORDS 
3f68						DMARK "NS1" 
3f68				if DEMARK_VERSION = 1  
3f68 e5					push hl  
3f69 21 71 3f				ld hl, .dmark  
3f6c 22 60 ee				ld (debug_mark), hl  
3f6f				endif  
3f6f				if DEMARK_VERSION = 0  
3f6f					push af  
3f6f					ld a, (.dmark)  
3f6f					ld (debug_mark),a  
3f6f					ld a, (.dmark+1)  
3f6f					ld (debug_mark+1),a  
3f6f					ld a, (.dmark+2)  
3f6f					ld (debug_mark+2),a  
3f6f				endif  
3f6f 18 04			jr .pastdmark  
3f71 ..			.dmark: db "NS1"  
3f74				if DEMARK_VERSION = 1  
3f74 00					db 0  
3f75				endif  
3f75				if DEMARK_VERSION = 1  
3f75 e1			.pastdmark: pop hl  
3f76				endif  
3f76				if DEMARK_VERSION = 0  
3f76			.pastdmark: pop af  
3f76				endif  
3f76			endm  
# End of macro DMARK
3f76						CALLMONITOR 
3f76				if BASE_CPM=1  
3f76 cd 6b ee				call debug_vector  
3f79				endif  
3f79				if BASE_KEV=1  
3f79					rst 8  
3f79				endif  
3f79				endm  
# End of macro CALLMONITOR
3f79					endif 
3f79					FORTH_DSP_POP 
3f79				if BASE_CPM=1 
3f79 cd 2d 1b			call macro_forth_dsp_pop 
3f7c				endif 
3f7c				if BASE_KEV=1 
3f7c					rst $10 
3f7c				endif 
3f7c				endm 
# End of macro FORTH_DSP_POP
3f7c			 
3f7c eb					ex de, hl 
3f7d 21 9d e2				ld hl, scratch 
3f80					if DEBUG_FORTH_WORDS 
3f80						DMARK "NS2" 
3f80				if DEMARK_VERSION = 1  
3f80 e5					push hl  
3f81 21 89 3f				ld hl, .dmark  
3f84 22 60 ee				ld (debug_mark), hl  
3f87				endif  
3f87				if DEMARK_VERSION = 0  
3f87					push af  
3f87					ld a, (.dmark)  
3f87					ld (debug_mark),a  
3f87					ld a, (.dmark+1)  
3f87					ld (debug_mark+1),a  
3f87					ld a, (.dmark+2)  
3f87					ld (debug_mark+2),a  
3f87				endif  
3f87 18 04			jr .pastdmark  
3f89 ..			.dmark: db "NS2"  
3f8c				if DEMARK_VERSION = 1  
3f8c 00					db 0  
3f8d				endif  
3f8d				if DEMARK_VERSION = 1  
3f8d e1			.pastdmark: pop hl  
3f8e				endif  
3f8e				if DEMARK_VERSION = 0  
3f8e			.pastdmark: pop af  
3f8e				endif  
3f8e			endm  
# End of macro DMARK
3f8e						CALLMONITOR 
3f8e				if BASE_CPM=1  
3f8e cd 6b ee				call debug_vector  
3f91				endif  
3f91				if BASE_KEV=1  
3f91					rst 8  
3f91				endif  
3f91				endm  
# End of macro CALLMONITOR
3f91					endif 
3f91 cd 00 0f				call uitoa_16 
3f94 21 9d e2				ld hl, scratch 
3f97					if DEBUG_FORTH_WORDS 
3f97						DMARK "NS3" 
3f97				if DEMARK_VERSION = 1  
3f97 e5					push hl  
3f98 21 a0 3f				ld hl, .dmark  
3f9b 22 60 ee				ld (debug_mark), hl  
3f9e				endif  
3f9e				if DEMARK_VERSION = 0  
3f9e					push af  
3f9e					ld a, (.dmark)  
3f9e					ld (debug_mark),a  
3f9e					ld a, (.dmark+1)  
3f9e					ld (debug_mark+1),a  
3f9e					ld a, (.dmark+2)  
3f9e					ld (debug_mark+2),a  
3f9e				endif  
3f9e 18 04			jr .pastdmark  
3fa0 ..			.dmark: db "NS3"  
3fa3				if DEMARK_VERSION = 1  
3fa3 00					db 0  
3fa4				endif  
3fa4				if DEMARK_VERSION = 1  
3fa4 e1			.pastdmark: pop hl  
3fa5				endif  
3fa5				if DEMARK_VERSION = 0  
3fa5			.pastdmark: pop af  
3fa5				endif  
3fa5			endm  
# End of macro DMARK
3fa5						CALLMONITOR 
3fa5				if BASE_CPM=1  
3fa5 cd 6b ee				call debug_vector  
3fa8				endif  
3fa8				if BASE_KEV=1  
3fa8					rst 8  
3fa8				endif  
3fa8				endm  
# End of macro CALLMONITOR
3fa8					endif 
3fa8 cd 67 19				call forth_push_str 
3fab			;		ld a, l 
3fab			;		call DispAToASCII   
3fab			;;TODO need to chage above call to dump into string 
3fab			; 
3fab			; 
3fab			 
3fab				       NEXTW 
3fab cd 68 ee			call parse_vector 
3fae c3 46 1c			jp macro_next 
3fb1				endm 
# End of macro NEXTW
3fb1			 
3fb1			.CONCAT: 
3fb1				CWHEAD .FIND 52 "CONCAT" 6 WORD_FLAG_CODE 
3fb1 48				db WORD_SYS_CORE+52             
3fb2 3b 40			dw .FIND            
3fb4 07				db 6 + 1 
3fb5 .. 00			db "CONCAT",0              
3fbc				endm 
# End of macro CWHEAD
3fbc			; | CONCAT ( s1 s2 -- s3 ) A s1 + s2 is pushed onto the stack | DONE 
3fbc			 
3fbc			; TODO check string type 
3fbc			; TODO create macro to get pointer for next item on stack. Handy for lots of things 
3fbc			 
3fbc					if DEBUG_FORTH_WORDS_KEY 
3fbc						DMARK "CON" 
3fbc				if DEMARK_VERSION = 1  
3fbc e5					push hl  
3fbd 21 c5 3f				ld hl, .dmark  
3fc0 22 60 ee				ld (debug_mark), hl  
3fc3				endif  
3fc3				if DEMARK_VERSION = 0  
3fc3					push af  
3fc3					ld a, (.dmark)  
3fc3					ld (debug_mark),a  
3fc3					ld a, (.dmark+1)  
3fc3					ld (debug_mark+1),a  
3fc3					ld a, (.dmark+2)  
3fc3					ld (debug_mark+2),a  
3fc3				endif  
3fc3 18 04			jr .pastdmark  
3fc5 ..			.dmark: db "CON"  
3fc8				if DEMARK_VERSION = 1  
3fc8 00					db 0  
3fc9				endif  
3fc9				if DEMARK_VERSION = 1  
3fc9 e1			.pastdmark: pop hl  
3fca				endif  
3fca				if DEMARK_VERSION = 0  
3fca			.pastdmark: pop af  
3fca				endif  
3fca			endm  
# End of macro DMARK
3fca						CALLMONITOR 
3fca				if BASE_CPM=1  
3fca cd 6b ee				call debug_vector  
3fcd				endif  
3fcd				if BASE_KEV=1  
3fcd					rst 8  
3fcd				endif  
3fcd				endm  
# End of macro CALLMONITOR
3fcd					endif 
3fcd			 
3fcd			 
3fcd					FORTH_DSP_VALUE 
3fcd cd 7f 1a			call macro_forth_dsp_value 
3fd0				endm 
# End of macro FORTH_DSP_VALUE
3fd0 e5					push hl   ; s2 
3fd1			 
3fd1					FORTH_DSP_POP 
3fd1				if BASE_CPM=1 
3fd1 cd 2d 1b			call macro_forth_dsp_pop 
3fd4				endif 
3fd4				if BASE_KEV=1 
3fd4					rst $10 
3fd4				endif 
3fd4				endm 
# End of macro FORTH_DSP_POP
3fd4			 
3fd4					FORTH_DSP_VALUE 
3fd4 cd 7f 1a			call macro_forth_dsp_value 
3fd7				endm 
# End of macro FORTH_DSP_VALUE
3fd7			 
3fd7 e5					push hl   ; s1 
3fd8			 
3fd8					FORTH_DSP_POP 
3fd8				if BASE_CPM=1 
3fd8 cd 2d 1b			call macro_forth_dsp_pop 
3fdb				endif 
3fdb				if BASE_KEV=1 
3fdb					rst $10 
3fdb				endif 
3fdb				endm 
# End of macro FORTH_DSP_POP
3fdb					 
3fdb			 
3fdb					; copy s1 
3fdb			 
3fdb				 
3fdb					; save ptr 
3fdb e1					pop hl  
3fdc e5					push hl 
3fdd 3e 00				ld a, 0 
3fdf cd 5c 0f				call strlent 
3fe2					;inc hl    ; zer0 
3fe2 06 00				ld b, 0 
3fe4 4d					ld c, l 
3fe5 e1					pop hl		 
3fe6 11 9d e2				ld de, scratch	 
3fe9					if DEBUG_FORTH_WORDS 
3fe9						DMARK "CO1" 
3fe9				if DEMARK_VERSION = 1  
3fe9 e5					push hl  
3fea 21 f2 3f				ld hl, .dmark  
3fed 22 60 ee				ld (debug_mark), hl  
3ff0				endif  
3ff0				if DEMARK_VERSION = 0  
3ff0					push af  
3ff0					ld a, (.dmark)  
3ff0					ld (debug_mark),a  
3ff0					ld a, (.dmark+1)  
3ff0					ld (debug_mark+1),a  
3ff0					ld a, (.dmark+2)  
3ff0					ld (debug_mark+2),a  
3ff0				endif  
3ff0 18 04			jr .pastdmark  
3ff2 ..			.dmark: db "CO1"  
3ff5				if DEMARK_VERSION = 1  
3ff5 00					db 0  
3ff6				endif  
3ff6				if DEMARK_VERSION = 1  
3ff6 e1			.pastdmark: pop hl  
3ff7				endif  
3ff7				if DEMARK_VERSION = 0  
3ff7			.pastdmark: pop af  
3ff7				endif  
3ff7			endm  
# End of macro DMARK
3ff7						CALLMONITOR 
3ff7				if BASE_CPM=1  
3ff7 cd 6b ee				call debug_vector  
3ffa				endif  
3ffa				if BASE_KEV=1  
3ffa					rst 8  
3ffa				endif  
3ffa				endm  
# End of macro CALLMONITOR
3ffa					endif 
3ffa ed b0				ldir 
3ffc			 
3ffc e1					pop hl 
3ffd e5					push hl 
3ffe d5					push de 
3fff			 
3fff			 
3fff 3e 00				ld a, 0 
4001 cd 5c 0f				call strlent 
4004 23					inc hl    ; zer0 
4005 23					inc hl 
4006 06 00				ld b, 0 
4008 4d					ld c, l 
4009 d1					pop de 
400a e1					pop hl		 
400b					if DEBUG_FORTH_WORDS 
400b						DMARK "CO2" 
400b				if DEMARK_VERSION = 1  
400b e5					push hl  
400c 21 14 40				ld hl, .dmark  
400f 22 60 ee				ld (debug_mark), hl  
4012				endif  
4012				if DEMARK_VERSION = 0  
4012					push af  
4012					ld a, (.dmark)  
4012					ld (debug_mark),a  
4012					ld a, (.dmark+1)  
4012					ld (debug_mark+1),a  
4012					ld a, (.dmark+2)  
4012					ld (debug_mark+2),a  
4012				endif  
4012 18 04			jr .pastdmark  
4014 ..			.dmark: db "CO2"  
4017				if DEMARK_VERSION = 1  
4017 00					db 0  
4018				endif  
4018				if DEMARK_VERSION = 1  
4018 e1			.pastdmark: pop hl  
4019				endif  
4019				if DEMARK_VERSION = 0  
4019			.pastdmark: pop af  
4019				endif  
4019			endm  
# End of macro DMARK
4019						CALLMONITOR 
4019				if BASE_CPM=1  
4019 cd 6b ee				call debug_vector  
401c				endif  
401c				if BASE_KEV=1  
401c					rst 8  
401c				endif  
401c				endm  
# End of macro CALLMONITOR
401c					endif 
401c ed b0				ldir 
401e			 
401e			 
401e			 
401e 21 9d e2				ld hl, scratch 
4021					if DEBUG_FORTH_WORDS 
4021						DMARK "CO5" 
4021				if DEMARK_VERSION = 1  
4021 e5					push hl  
4022 21 2a 40				ld hl, .dmark  
4025 22 60 ee				ld (debug_mark), hl  
4028				endif  
4028				if DEMARK_VERSION = 0  
4028					push af  
4028					ld a, (.dmark)  
4028					ld (debug_mark),a  
4028					ld a, (.dmark+1)  
4028					ld (debug_mark+1),a  
4028					ld a, (.dmark+2)  
4028					ld (debug_mark+2),a  
4028				endif  
4028 18 04			jr .pastdmark  
402a ..			.dmark: db "CO5"  
402d				if DEMARK_VERSION = 1  
402d 00					db 0  
402e				endif  
402e				if DEMARK_VERSION = 1  
402e e1			.pastdmark: pop hl  
402f				endif  
402f				if DEMARK_VERSION = 0  
402f			.pastdmark: pop af  
402f				endif  
402f			endm  
# End of macro DMARK
402f						CALLMONITOR 
402f				if BASE_CPM=1  
402f cd 6b ee				call debug_vector  
4032				endif  
4032				if BASE_KEV=1  
4032					rst 8  
4032				endif  
4032				endm  
# End of macro CALLMONITOR
4032					endif 
4032			 
4032 cd 67 19				call forth_push_str 
4035			 
4035			 
4035			 
4035			 
4035				       NEXTW 
4035 cd 68 ee			call parse_vector 
4038 c3 46 1c			jp macro_next 
403b				endm 
# End of macro NEXTW
403b			 
403b			 
403b			.FIND: 
403b				CWHEAD .LEN 55 "FIND" 4 WORD_FLAG_CODE 
403b 4b				db WORD_SYS_CORE+55             
403c c4 40			dw .LEN            
403e 05				db 4 + 1 
403f .. 00			db "FIND",0              
4044				endm 
# End of macro CWHEAD
4044			; | FIND ( s c -- s u ) Search the string s for the char c and push the position of the first occurance to TOS | DONE 
4044			 
4044					if DEBUG_FORTH_WORDS_KEY 
4044						DMARK "FND" 
4044				if DEMARK_VERSION = 1  
4044 e5					push hl  
4045 21 4d 40				ld hl, .dmark  
4048 22 60 ee				ld (debug_mark), hl  
404b				endif  
404b				if DEMARK_VERSION = 0  
404b					push af  
404b					ld a, (.dmark)  
404b					ld (debug_mark),a  
404b					ld a, (.dmark+1)  
404b					ld (debug_mark+1),a  
404b					ld a, (.dmark+2)  
404b					ld (debug_mark+2),a  
404b				endif  
404b 18 04			jr .pastdmark  
404d ..			.dmark: db "FND"  
4050				if DEMARK_VERSION = 1  
4050 00					db 0  
4051				endif  
4051				if DEMARK_VERSION = 1  
4051 e1			.pastdmark: pop hl  
4052				endif  
4052				if DEMARK_VERSION = 0  
4052			.pastdmark: pop af  
4052				endif  
4052			endm  
# End of macro DMARK
4052						CALLMONITOR 
4052				if BASE_CPM=1  
4052 cd 6b ee				call debug_vector  
4055				endif  
4055				if BASE_KEV=1  
4055					rst 8  
4055				endif  
4055				endm  
# End of macro CALLMONITOR
4055					endif 
4055			 
4055			; TODO check string type 
4055					FORTH_DSP_VALUE 
4055 cd 7f 1a			call macro_forth_dsp_value 
4058				endm 
# End of macro FORTH_DSP_VALUE
4058			 
4058 e5					push hl    
4059 7e					ld a,(hl)    ; char to find   
405a			; TODO change char to substr 
405a			 
405a f5					push af 
405b					 
405b			 
405b			 
405b					if DEBUG_FORTH_WORDS 
405b						DMARK "FN1" 
405b				if DEMARK_VERSION = 1  
405b e5					push hl  
405c 21 64 40				ld hl, .dmark  
405f 22 60 ee				ld (debug_mark), hl  
4062				endif  
4062				if DEMARK_VERSION = 0  
4062					push af  
4062					ld a, (.dmark)  
4062					ld (debug_mark),a  
4062					ld a, (.dmark+1)  
4062					ld (debug_mark+1),a  
4062					ld a, (.dmark+2)  
4062					ld (debug_mark+2),a  
4062				endif  
4062 18 04			jr .pastdmark  
4064 ..			.dmark: db "FN1"  
4067				if DEMARK_VERSION = 1  
4067 00					db 0  
4068				endif  
4068				if DEMARK_VERSION = 1  
4068 e1			.pastdmark: pop hl  
4069				endif  
4069				if DEMARK_VERSION = 0  
4069			.pastdmark: pop af  
4069				endif  
4069			endm  
# End of macro DMARK
4069						CALLMONITOR 
4069				if BASE_CPM=1  
4069 cd 6b ee				call debug_vector  
406c				endif  
406c				if BASE_KEV=1  
406c					rst 8  
406c				endif  
406c				endm  
# End of macro CALLMONITOR
406c					endif 
406c			 
406c					FORTH_DSP_POP 
406c				if BASE_CPM=1 
406c cd 2d 1b			call macro_forth_dsp_pop 
406f				endif 
406f				if BASE_KEV=1 
406f					rst $10 
406f				endif 
406f				endm 
# End of macro FORTH_DSP_POP
406f			 
406f					; string to search 
406f			 
406f					FORTH_DSP_VALUE 
406f cd 7f 1a			call macro_forth_dsp_value 
4072				endm 
# End of macro FORTH_DSP_VALUE
4072			 
4072 d1					pop de  ; d is char to find  
4073			 
4073					if DEBUG_FORTH_WORDS 
4073						DMARK "FN2" 
4073				if DEMARK_VERSION = 1  
4073 e5					push hl  
4074 21 7c 40				ld hl, .dmark  
4077 22 60 ee				ld (debug_mark), hl  
407a				endif  
407a				if DEMARK_VERSION = 0  
407a					push af  
407a					ld a, (.dmark)  
407a					ld (debug_mark),a  
407a					ld a, (.dmark+1)  
407a					ld (debug_mark+1),a  
407a					ld a, (.dmark+2)  
407a					ld (debug_mark+2),a  
407a				endif  
407a 18 04			jr .pastdmark  
407c ..			.dmark: db "FN2"  
407f				if DEMARK_VERSION = 1  
407f 00					db 0  
4080				endif  
4080				if DEMARK_VERSION = 1  
4080 e1			.pastdmark: pop hl  
4081				endif  
4081				if DEMARK_VERSION = 0  
4081			.pastdmark: pop af  
4081				endif  
4081			endm  
# End of macro DMARK
4081						CALLMONITOR 
4081				if BASE_CPM=1  
4081 cd 6b ee				call debug_vector  
4084				endif  
4084				if BASE_KEV=1  
4084					rst 8  
4084				endif  
4084				endm  
# End of macro CALLMONITOR
4084					endif 
4084					 
4084 01 00 00				ld bc, 0 
4087 7e			.findchar:      ld a,(hl) 
4088			;		cp 0   		 
4088 b7					or a 
4089 28 1c				jr z, .finddone     
408b ba					cp d 
408c 28 15				jr z, .foundchar 
408e 03					inc bc 
408f 23					inc hl 
4090					if DEBUG_FORTH_WORDS 
4090						DMARK "FN3" 
4090				if DEMARK_VERSION = 1  
4090 e5					push hl  
4091 21 99 40				ld hl, .dmark  
4094 22 60 ee				ld (debug_mark), hl  
4097				endif  
4097				if DEMARK_VERSION = 0  
4097					push af  
4097					ld a, (.dmark)  
4097					ld (debug_mark),a  
4097					ld a, (.dmark+1)  
4097					ld (debug_mark+1),a  
4097					ld a, (.dmark+2)  
4097					ld (debug_mark+2),a  
4097				endif  
4097 18 04			jr .pastdmark  
4099 ..			.dmark: db "FN3"  
409c				if DEMARK_VERSION = 1  
409c 00					db 0  
409d				endif  
409d				if DEMARK_VERSION = 1  
409d e1			.pastdmark: pop hl  
409e				endif  
409e				if DEMARK_VERSION = 0  
409e			.pastdmark: pop af  
409e				endif  
409e			endm  
# End of macro DMARK
409e						CALLMONITOR 
409e				if BASE_CPM=1  
409e cd 6b ee				call debug_vector  
40a1				endif  
40a1				if BASE_KEV=1  
40a1					rst 8  
40a1				endif  
40a1				endm  
# End of macro CALLMONITOR
40a1					endif 
40a1 18 e4				jr .findchar 
40a3			 
40a3			 
40a3 c5			.foundchar:	push bc 
40a4 e1					pop hl 
40a5 18 03				jr .findexit 
40a7			 
40a7			 
40a7							 
40a7			 
40a7			.finddone:     ; got to end of string with no find 
40a7 21 00 00				ld hl, 0 
40aa			.findexit: 
40aa			 
40aa					if DEBUG_FORTH_WORDS 
40aa						DMARK "FNd" 
40aa				if DEMARK_VERSION = 1  
40aa e5					push hl  
40ab 21 b3 40				ld hl, .dmark  
40ae 22 60 ee				ld (debug_mark), hl  
40b1				endif  
40b1				if DEMARK_VERSION = 0  
40b1					push af  
40b1					ld a, (.dmark)  
40b1					ld (debug_mark),a  
40b1					ld a, (.dmark+1)  
40b1					ld (debug_mark+1),a  
40b1					ld a, (.dmark+2)  
40b1					ld (debug_mark+2),a  
40b1				endif  
40b1 18 04			jr .pastdmark  
40b3 ..			.dmark: db "FNd"  
40b6				if DEMARK_VERSION = 1  
40b6 00					db 0  
40b7				endif  
40b7				if DEMARK_VERSION = 1  
40b7 e1			.pastdmark: pop hl  
40b8				endif  
40b8				if DEMARK_VERSION = 0  
40b8			.pastdmark: pop af  
40b8				endif  
40b8			endm  
# End of macro DMARK
40b8						CALLMONITOR 
40b8				if BASE_CPM=1  
40b8 cd 6b ee				call debug_vector  
40bb				endif  
40bb				if BASE_KEV=1  
40bb					rst 8  
40bb				endif  
40bb				endm  
# End of macro CALLMONITOR
40bb					endif 
40bb			;	call forth_push_numhl 
40bb					FORTH_PUSH_VALUEHL 
40bb				if BASE_CPM=1 
40bb cd 08 19				call forth_push_numhl 
40be				endif 
40be				if BASE_KEV=1 
40be					rst $20 
40be				endif 
40be				endm 
# End of macro FORTH_PUSH_VALUEHL
40be			 
40be				       NEXTW 
40be cd 68 ee			call parse_vector 
40c1 c3 46 1c			jp macro_next 
40c4				endm 
# End of macro NEXTW
40c4			 
40c4			.LEN: 
40c4				CWHEAD .ASC 56 "COUNT" 5 WORD_FLAG_CODE 
40c4 4c				db WORD_SYS_CORE+56             
40c5 10 41			dw .ASC            
40c7 06				db 5 + 1 
40c8 .. 00			db "COUNT",0              
40ce				endm 
# End of macro CWHEAD
40ce			; | COUNT (  str -- str u1 ) Push the length of the string str on TOS as u1 | DONE 
40ce			 
40ce					if DEBUG_FORTH_WORDS_KEY 
40ce						DMARK "CNT" 
40ce				if DEMARK_VERSION = 1  
40ce e5					push hl  
40cf 21 d7 40				ld hl, .dmark  
40d2 22 60 ee				ld (debug_mark), hl  
40d5				endif  
40d5				if DEMARK_VERSION = 0  
40d5					push af  
40d5					ld a, (.dmark)  
40d5					ld (debug_mark),a  
40d5					ld a, (.dmark+1)  
40d5					ld (debug_mark+1),a  
40d5					ld a, (.dmark+2)  
40d5					ld (debug_mark+2),a  
40d5				endif  
40d5 18 04			jr .pastdmark  
40d7 ..			.dmark: db "CNT"  
40da				if DEMARK_VERSION = 1  
40da 00					db 0  
40db				endif  
40db				if DEMARK_VERSION = 1  
40db e1			.pastdmark: pop hl  
40dc				endif  
40dc				if DEMARK_VERSION = 0  
40dc			.pastdmark: pop af  
40dc				endif  
40dc			endm  
# End of macro DMARK
40dc						CALLMONITOR 
40dc				if BASE_CPM=1  
40dc cd 6b ee				call debug_vector  
40df				endif  
40df				if BASE_KEV=1  
40df					rst 8  
40df				endif  
40df				endm  
# End of macro CALLMONITOR
40df					endif 
40df			; TODO check string type 
40df					FORTH_DSP_VALUE 
40df cd 7f 1a			call macro_forth_dsp_value 
40e2				endm 
# End of macro FORTH_DSP_VALUE
40e2			 
40e2			 
40e2					if DEBUG_FORTH_WORDS 
40e2						DMARK "CN?" 
40e2				if DEMARK_VERSION = 1  
40e2 e5					push hl  
40e3 21 eb 40				ld hl, .dmark  
40e6 22 60 ee				ld (debug_mark), hl  
40e9				endif  
40e9				if DEMARK_VERSION = 0  
40e9					push af  
40e9					ld a, (.dmark)  
40e9					ld (debug_mark),a  
40e9					ld a, (.dmark+1)  
40e9					ld (debug_mark+1),a  
40e9					ld a, (.dmark+2)  
40e9					ld (debug_mark+2),a  
40e9				endif  
40e9 18 04			jr .pastdmark  
40eb ..			.dmark: db "CN?"  
40ee				if DEMARK_VERSION = 1  
40ee 00					db 0  
40ef				endif  
40ef				if DEMARK_VERSION = 1  
40ef e1			.pastdmark: pop hl  
40f0				endif  
40f0				if DEMARK_VERSION = 0  
40f0			.pastdmark: pop af  
40f0				endif  
40f0			endm  
# End of macro DMARK
40f0						CALLMONITOR 
40f0				if BASE_CPM=1  
40f0 cd 6b ee				call debug_vector  
40f3				endif  
40f3				if BASE_KEV=1  
40f3					rst 8  
40f3				endif  
40f3				endm  
# End of macro CALLMONITOR
40f3					endif 
40f3 cd 51 0f				call strlenz 
40f6					if DEBUG_FORTH_WORDS 
40f6						DMARK "CNl" 
40f6				if DEMARK_VERSION = 1  
40f6 e5					push hl  
40f7 21 ff 40				ld hl, .dmark  
40fa 22 60 ee				ld (debug_mark), hl  
40fd				endif  
40fd				if DEMARK_VERSION = 0  
40fd					push af  
40fd					ld a, (.dmark)  
40fd					ld (debug_mark),a  
40fd					ld a, (.dmark+1)  
40fd					ld (debug_mark+1),a  
40fd					ld a, (.dmark+2)  
40fd					ld (debug_mark+2),a  
40fd				endif  
40fd 18 04			jr .pastdmark  
40ff ..			.dmark: db "CNl"  
4102				if DEMARK_VERSION = 1  
4102 00					db 0  
4103				endif  
4103				if DEMARK_VERSION = 1  
4103 e1			.pastdmark: pop hl  
4104				endif  
4104				if DEMARK_VERSION = 0  
4104			.pastdmark: pop af  
4104				endif  
4104			endm  
# End of macro DMARK
4104						CALLMONITOR 
4104				if BASE_CPM=1  
4104 cd 6b ee				call debug_vector  
4107				endif  
4107				if BASE_KEV=1  
4107					rst 8  
4107				endif  
4107				endm  
# End of macro CALLMONITOR
4107					endif 
4107			 
4107					;call forth_push_numhl 
4107					FORTH_PUSH_VALUEHL 
4107				if BASE_CPM=1 
4107 cd 08 19				call forth_push_numhl 
410a				endif 
410a				if BASE_KEV=1 
410a					rst $20 
410a				endif 
410a				endm 
# End of macro FORTH_PUSH_VALUEHL
410a			 
410a			 
410a			 
410a				       NEXTW 
410a cd 68 ee			call parse_vector 
410d c3 46 1c			jp macro_next 
4110				endm 
# End of macro NEXTW
4110			.ASC: 
4110				CWHEAD .CHR 57 "ASC" 3 WORD_FLAG_CODE 
4110 4d				db WORD_SYS_CORE+57             
4111 60 41			dw .CHR            
4113 04				db 3 + 1 
4114 .. 00			db "ASC",0              
4118				endm 
# End of macro CWHEAD
4118			; | ASC ( u -- n ) Get the ASCII value of the first character of the string on TOS | DONE 
4118					if DEBUG_FORTH_WORDS_KEY 
4118						DMARK "ASC" 
4118				if DEMARK_VERSION = 1  
4118 e5					push hl  
4119 21 21 41				ld hl, .dmark  
411c 22 60 ee				ld (debug_mark), hl  
411f				endif  
411f				if DEMARK_VERSION = 0  
411f					push af  
411f					ld a, (.dmark)  
411f					ld (debug_mark),a  
411f					ld a, (.dmark+1)  
411f					ld (debug_mark+1),a  
411f					ld a, (.dmark+2)  
411f					ld (debug_mark+2),a  
411f				endif  
411f 18 04			jr .pastdmark  
4121 ..			.dmark: db "ASC"  
4124				if DEMARK_VERSION = 1  
4124 00					db 0  
4125				endif  
4125				if DEMARK_VERSION = 1  
4125 e1			.pastdmark: pop hl  
4126				endif  
4126				if DEMARK_VERSION = 0  
4126			.pastdmark: pop af  
4126				endif  
4126			endm  
# End of macro DMARK
4126						CALLMONITOR 
4126				if BASE_CPM=1  
4126 cd 6b ee				call debug_vector  
4129				endif  
4129				if BASE_KEV=1  
4129					rst 8  
4129				endif  
4129				endm  
# End of macro CALLMONITOR
4129					endif 
4129					FORTH_DSP_VALUE 
4129 cd 7f 1a			call macro_forth_dsp_value 
412c				endm 
# End of macro FORTH_DSP_VALUE
412c					;v5 FORTH_DSP_VALUE 
412c			;		inc hl      ; now at start of numeric as string 
412c			 
412c e5					push hl 
412d			 
412d					FORTH_DSP_POP  ; TODO add stock underflow checks and throws  
412d				if BASE_CPM=1 
412d cd 2d 1b			call macro_forth_dsp_pop 
4130				endif 
4130				if BASE_KEV=1 
4130					rst $10 
4130				endif 
4130				endm 
# End of macro FORTH_DSP_POP
4130			 
4130 e1					pop hl 
4131			 
4131					if DEBUG_FORTH_WORDS 
4131						DMARK "AS1" 
4131				if DEMARK_VERSION = 1  
4131 e5					push hl  
4132 21 3a 41				ld hl, .dmark  
4135 22 60 ee				ld (debug_mark), hl  
4138				endif  
4138				if DEMARK_VERSION = 0  
4138					push af  
4138					ld a, (.dmark)  
4138					ld (debug_mark),a  
4138					ld a, (.dmark+1)  
4138					ld (debug_mark+1),a  
4138					ld a, (.dmark+2)  
4138					ld (debug_mark+2),a  
4138				endif  
4138 18 04			jr .pastdmark  
413a ..			.dmark: db "AS1"  
413d				if DEMARK_VERSION = 1  
413d 00					db 0  
413e				endif  
413e				if DEMARK_VERSION = 1  
413e e1			.pastdmark: pop hl  
413f				endif  
413f				if DEMARK_VERSION = 0  
413f			.pastdmark: pop af  
413f				endif  
413f			endm  
# End of macro DMARK
413f						CALLMONITOR 
413f				if BASE_CPM=1  
413f cd 6b ee				call debug_vector  
4142				endif  
4142				if BASE_KEV=1  
4142					rst 8  
4142				endif  
4142				endm  
# End of macro CALLMONITOR
4142					endif 
4142					; push the content of a onto the stack as a value 
4142			 
4142 7e					ld a,(hl)   ; get char 
4143 26 00				ld h,0 
4145 6f					ld l,a 
4146					if DEBUG_FORTH_WORDS 
4146						DMARK "AS2" 
4146				if DEMARK_VERSION = 1  
4146 e5					push hl  
4147 21 4f 41				ld hl, .dmark  
414a 22 60 ee				ld (debug_mark), hl  
414d				endif  
414d				if DEMARK_VERSION = 0  
414d					push af  
414d					ld a, (.dmark)  
414d					ld (debug_mark),a  
414d					ld a, (.dmark+1)  
414d					ld (debug_mark+1),a  
414d					ld a, (.dmark+2)  
414d					ld (debug_mark+2),a  
414d				endif  
414d 18 04			jr .pastdmark  
414f ..			.dmark: db "AS2"  
4152				if DEMARK_VERSION = 1  
4152 00					db 0  
4153				endif  
4153				if DEMARK_VERSION = 1  
4153 e1			.pastdmark: pop hl  
4154				endif  
4154				if DEMARK_VERSION = 0  
4154			.pastdmark: pop af  
4154				endif  
4154			endm  
# End of macro DMARK
4154						CALLMONITOR 
4154				if BASE_CPM=1  
4154 cd 6b ee				call debug_vector  
4157				endif  
4157				if BASE_KEV=1  
4157					rst 8  
4157				endif  
4157				endm  
# End of macro CALLMONITOR
4157					endif 
4157					;call forth_push_numhl 
4157					FORTH_PUSH_VALUEHL 
4157				if BASE_CPM=1 
4157 cd 08 19				call forth_push_numhl 
415a				endif 
415a				if BASE_KEV=1 
415a					rst $20 
415a				endif 
415a				endm 
# End of macro FORTH_PUSH_VALUEHL
415a			 
415a				       NEXTW 
415a cd 68 ee			call parse_vector 
415d c3 46 1c			jp macro_next 
4160				endm 
# End of macro NEXTW
4160			 
4160			.CHR: 
4160				CWHEAD .ENDSTR 57 "CHR" 3 WORD_FLAG_CODE 
4160 4d				db WORD_SYS_CORE+57             
4161 94 41			dw .ENDSTR            
4163 04				db 3 + 1 
4164 .. 00			db "CHR",0              
4168				endm 
# End of macro CWHEAD
4168			; | CHR ( u -- n ) The ASCII character value of u is turned into a string n on the stack | DONE 
4168					if DEBUG_FORTH_WORDS_KEY 
4168						DMARK "CHR" 
4168				if DEMARK_VERSION = 1  
4168 e5					push hl  
4169 21 71 41				ld hl, .dmark  
416c 22 60 ee				ld (debug_mark), hl  
416f				endif  
416f				if DEMARK_VERSION = 0  
416f					push af  
416f					ld a, (.dmark)  
416f					ld (debug_mark),a  
416f					ld a, (.dmark+1)  
416f					ld (debug_mark+1),a  
416f					ld a, (.dmark+2)  
416f					ld (debug_mark+2),a  
416f				endif  
416f 18 04			jr .pastdmark  
4171 ..			.dmark: db "CHR"  
4174				if DEMARK_VERSION = 1  
4174 00					db 0  
4175				endif  
4175				if DEMARK_VERSION = 1  
4175 e1			.pastdmark: pop hl  
4176				endif  
4176				if DEMARK_VERSION = 0  
4176			.pastdmark: pop af  
4176				endif  
4176			endm  
# End of macro DMARK
4176						CALLMONITOR 
4176				if BASE_CPM=1  
4176 cd 6b ee				call debug_vector  
4179				endif  
4179				if BASE_KEV=1  
4179					rst 8  
4179				endif  
4179				endm  
# End of macro CALLMONITOR
4179					endif 
4179					FORTH_DSP_VALUEHL 
4179				if BASE_CPM=1 
4179 cd 96 1a			call macro_dsp_valuehl 
417c				endif 
417c				if BASE_KEV=1 
417c					rst $18 
417c				endif 
417c				endm 
# End of macro FORTH_DSP_VALUEHL
417c			 
417c					FORTH_DSP_POP  ; TODO add stock underflow checks and throws  
417c				if BASE_CPM=1 
417c cd 2d 1b			call macro_forth_dsp_pop 
417f				endif 
417f				if BASE_KEV=1 
417f					rst $10 
417f				endif 
417f				endm 
# End of macro FORTH_DSP_POP
417f			 
417f					; save asci byte as a zero term string and push string 
417f			 
417f 7d					ld a,l 
4180 32 9d e2				ld (scratch), a 
4183			 
4183 3e 00				ld a, 0 
4185 32 9e e2				ld (scratch+1), a 
4188			 
4188 21 9d e2				ld hl, scratch 
418b cd 67 19				call forth_push_str 
418e			 
418e			 
418e				       NEXTW 
418e cd 68 ee			call parse_vector 
4191 c3 46 1c			jp macro_next 
4194				endm 
# End of macro NEXTW
4194			 
4194			 
4194			 
4194			 
4194			.ENDSTR: 
4194			; eof 
4194			 
# End of file forth_words_str.asm
4194			include "forth_words_key.asm" 
4194			 
4194			; | ## Keyboard Words 
4194			 
4194			.MACRO: 
4194			 
4194				CWHEAD .KEY 42 "MACRO" 5 WORD_FLAG_CODE 
4194 3e				db WORD_SYS_CORE+42             
4195 b5 41			dw .KEY            
4197 06				db 5 + 1 
4198 .. 00			db "MACRO",0              
419e				endm 
# End of macro CWHEAD
419e			; | MACRO ( s u -- ) Maps a string s against a key code u for use in the editor functions (CLI/EDIT/ACCEPT)  | TODO 
419e			 
419e					if DEBUG_FORTH_WORDS_KEY 
419e						DMARK "MAC" 
419e				if DEMARK_VERSION = 1  
419e e5					push hl  
419f 21 a7 41				ld hl, .dmark  
41a2 22 60 ee				ld (debug_mark), hl  
41a5				endif  
41a5				if DEMARK_VERSION = 0  
41a5					push af  
41a5					ld a, (.dmark)  
41a5					ld (debug_mark),a  
41a5					ld a, (.dmark+1)  
41a5					ld (debug_mark+1),a  
41a5					ld a, (.dmark+2)  
41a5					ld (debug_mark+2),a  
41a5				endif  
41a5 18 04			jr .pastdmark  
41a7 ..			.dmark: db "MAC"  
41aa				if DEMARK_VERSION = 1  
41aa 00					db 0  
41ab				endif  
41ab				if DEMARK_VERSION = 1  
41ab e1			.pastdmark: pop hl  
41ac				endif  
41ac				if DEMARK_VERSION = 0  
41ac			.pastdmark: pop af  
41ac				endif  
41ac			endm  
# End of macro DMARK
41ac						CALLMONITOR 
41ac				if BASE_CPM=1  
41ac cd 6b ee				call debug_vector  
41af				endif  
41af				if BASE_KEV=1  
41af					rst 8  
41af				endif  
41af				endm  
# End of macro CALLMONITOR
41af					endif 
41af			 
41af					; get key code 
41af					; calc string length 
41af					; malloc string size 
41af					; copy string 
41af					; patch keyboard scan 
41af			 
41af					; maintain a linked list?  
41af					; need a structure for root of key mappings 
41af					; hold last defined macro so that link can be made to the next one 
41af					; key_macroroot   is the first one 
41af					; key_macrolast is location of the last macro defined 
41af			 
41af			 
41af					NEXTW 
41af cd 68 ee			call parse_vector 
41b2 c3 46 1c			jp macro_next 
41b5				endm 
# End of macro NEXTW
41b5			 
41b5			.KEY: 
41b5				CWHEAD .KEYDB 42 "KEY" 3 WORD_FLAG_CODE 
41b5 3e				db WORD_SYS_CORE+42             
41b6 dd 41			dw .KEYDB            
41b8 04				db 3 + 1 
41b9 .. 00			db "KEY",0              
41bd				endm 
# End of macro CWHEAD
41bd			; | KEY ( -- u ) A non-blocking read of keypress | DONE 
41bd			; | | The ASCII key (or key code) is pushed to stack. If no key is currently held down then push a 0 
41bd			; | | Can use something like this to process: 
41bd			; | | > repeat active . key ?dup if emit then #1 until  
41bd			 
41bd					if DEBUG_FORTH_WORDS_KEY 
41bd						DMARK "KEY" 
41bd				if DEMARK_VERSION = 1  
41bd e5					push hl  
41be 21 c6 41				ld hl, .dmark  
41c1 22 60 ee				ld (debug_mark), hl  
41c4				endif  
41c4				if DEMARK_VERSION = 0  
41c4					push af  
41c4					ld a, (.dmark)  
41c4					ld (debug_mark),a  
41c4					ld a, (.dmark+1)  
41c4					ld (debug_mark+1),a  
41c4					ld a, (.dmark+2)  
41c4					ld (debug_mark+2),a  
41c4				endif  
41c4 18 04			jr .pastdmark  
41c6 ..			.dmark: db "KEY"  
41c9				if DEMARK_VERSION = 1  
41c9 00					db 0  
41ca				endif  
41ca				if DEMARK_VERSION = 1  
41ca e1			.pastdmark: pop hl  
41cb				endif  
41cb				if DEMARK_VERSION = 0  
41cb			.pastdmark: pop af  
41cb				endif  
41cb			endm  
# End of macro DMARK
41cb						CALLMONITOR 
41cb				if BASE_CPM=1  
41cb cd 6b ee				call debug_vector  
41ce				endif  
41ce				if BASE_KEV=1  
41ce					rst 8  
41ce				endif  
41ce				endm  
# End of macro CALLMONITOR
41ce					endif 
41ce			; TODO currently waits 
41ce cd 35 5b				call cinndb 
41d1					;call cin_wait 
41d1 6f					ld l, a 
41d2 26 00				ld h, 0 
41d4					;call forth_push_numhl 
41d4					FORTH_PUSH_VALUEHL 
41d4				if BASE_CPM=1 
41d4 cd 08 19				call forth_push_numhl 
41d7				endif 
41d7				if BASE_KEV=1 
41d7					rst $20 
41d7				endif 
41d7				endm 
# End of macro FORTH_PUSH_VALUEHL
41d7					NEXTW 
41d7 cd 68 ee			call parse_vector 
41da c3 46 1c			jp macro_next 
41dd				endm 
# End of macro NEXTW
41dd			.KEYDB: 
41dd				CWHEAD .WAITK 42 "KEYDB" 5 WORD_FLAG_CODE 
41dd 3e				db WORD_SYS_CORE+42             
41de 07 42			dw .WAITK            
41e0 06				db 5 + 1 
41e1 .. 00			db "KEYDB",0              
41e7				endm 
# End of macro CWHEAD
41e7			; | KEYDB ( -- u ) A non-blocking read of keypress with key release debounce | DONE 
41e7			; | | The ASCII key (or key code) is pushed to stack. If no key is currently held down then push a 0 
41e7			; | | Can use something like this to process: 
41e7			; | | > repeat active . key ?dup if emit then #1 until  
41e7			 
41e7					if DEBUG_FORTH_WORDS_KEY 
41e7						DMARK "KEB" 
41e7				if DEMARK_VERSION = 1  
41e7 e5					push hl  
41e8 21 f0 41				ld hl, .dmark  
41eb 22 60 ee				ld (debug_mark), hl  
41ee				endif  
41ee				if DEMARK_VERSION = 0  
41ee					push af  
41ee					ld a, (.dmark)  
41ee					ld (debug_mark),a  
41ee					ld a, (.dmark+1)  
41ee					ld (debug_mark+1),a  
41ee					ld a, (.dmark+2)  
41ee					ld (debug_mark+2),a  
41ee				endif  
41ee 18 04			jr .pastdmark  
41f0 ..			.dmark: db "KEB"  
41f3				if DEMARK_VERSION = 1  
41f3 00					db 0  
41f4				endif  
41f4				if DEMARK_VERSION = 1  
41f4 e1			.pastdmark: pop hl  
41f5				endif  
41f5				if DEMARK_VERSION = 0  
41f5			.pastdmark: pop af  
41f5				endif  
41f5			endm  
# End of macro DMARK
41f5						CALLMONITOR 
41f5				if BASE_CPM=1  
41f5 cd 6b ee				call debug_vector  
41f8				endif  
41f8				if BASE_KEV=1  
41f8					rst 8  
41f8				endif  
41f8				endm  
# End of macro CALLMONITOR
41f8					endif 
41f8			; TODO currently waits 
41f8 cd 35 5b				call cin 
41fb					;call cin_wait 
41fb 6f					ld l, a 
41fc 26 00				ld h, 0 
41fe					;call forth_push_numhl 
41fe					FORTH_PUSH_VALUEHL 
41fe				if BASE_CPM=1 
41fe cd 08 19				call forth_push_numhl 
4201				endif 
4201				if BASE_KEV=1 
4201					rst $20 
4201				endif 
4201				endm 
# End of macro FORTH_PUSH_VALUEHL
4201			 
4201					NEXTW 
4201 cd 68 ee			call parse_vector 
4204 c3 46 1c			jp macro_next 
4207				endm 
# End of macro NEXTW
4207			.WAITK: 
4207				CWHEAD .ACCEPT 43 "WAITK" 5 WORD_FLAG_CODE 
4207 3f				db WORD_SYS_CORE+43             
4208 31 42			dw .ACCEPT            
420a 06				db 5 + 1 
420b .. 00			db "WAITK",0              
4211				endm 
# End of macro CWHEAD
4211			; | WAITK ( -- w ) Wait for keypress TOS is key press | DONE 
4211					if DEBUG_FORTH_WORDS_KEY 
4211						DMARK "WAI" 
4211				if DEMARK_VERSION = 1  
4211 e5					push hl  
4212 21 1a 42				ld hl, .dmark  
4215 22 60 ee				ld (debug_mark), hl  
4218				endif  
4218				if DEMARK_VERSION = 0  
4218					push af  
4218					ld a, (.dmark)  
4218					ld (debug_mark),a  
4218					ld a, (.dmark+1)  
4218					ld (debug_mark+1),a  
4218					ld a, (.dmark+2)  
4218					ld (debug_mark+2),a  
4218				endif  
4218 18 04			jr .pastdmark  
421a ..			.dmark: db "WAI"  
421d				if DEMARK_VERSION = 1  
421d 00					db 0  
421e				endif  
421e				if DEMARK_VERSION = 1  
421e e1			.pastdmark: pop hl  
421f				endif  
421f				if DEMARK_VERSION = 0  
421f			.pastdmark: pop af  
421f				endif  
421f			endm  
# End of macro DMARK
421f						CALLMONITOR 
421f				if BASE_CPM=1  
421f cd 6b ee				call debug_vector  
4222				endif  
4222				if BASE_KEV=1  
4222					rst 8  
4222				endif  
4222				endm  
# End of macro CALLMONITOR
4222					endif 
4222 cd 2d 5b				call cin_wait 
4225 6f					ld l, a 
4226 26 00				ld h, 0 
4228					;call forth_push_numhl 
4228					FORTH_PUSH_VALUEHL 
4228				if BASE_CPM=1 
4228 cd 08 19				call forth_push_numhl 
422b				endif 
422b				if BASE_KEV=1 
422b					rst $20 
422b				endif 
422b				endm 
# End of macro FORTH_PUSH_VALUEHL
422b					NEXTW 
422b cd 68 ee			call parse_vector 
422e c3 46 1c			jp macro_next 
4231				endm 
# End of macro NEXTW
4231			.ACCEPT: 
4231				CWHEAD .EDIT 44 "ACCEPT" 6 WORD_FLAG_CODE 
4231 40				db WORD_SYS_CORE+44             
4232 7b 42			dw .EDIT            
4234 07				db 6 + 1 
4235 .. 00			db "ACCEPT",0              
423c				endm 
# End of macro CWHEAD
423c			; | ACCEPT ( -- w ) Prompt for text input and push pointer to string | DONE 
423c					; TODO crashes on push 
423c					if DEBUG_FORTH_WORDS_KEY 
423c						DMARK "ACC" 
423c				if DEMARK_VERSION = 1  
423c e5					push hl  
423d 21 45 42				ld hl, .dmark  
4240 22 60 ee				ld (debug_mark), hl  
4243				endif  
4243				if DEMARK_VERSION = 0  
4243					push af  
4243					ld a, (.dmark)  
4243					ld (debug_mark),a  
4243					ld a, (.dmark+1)  
4243					ld (debug_mark+1),a  
4243					ld a, (.dmark+2)  
4243					ld (debug_mark+2),a  
4243				endif  
4243 18 04			jr .pastdmark  
4245 ..			.dmark: db "ACC"  
4248				if DEMARK_VERSION = 1  
4248 00					db 0  
4249				endif  
4249				if DEMARK_VERSION = 1  
4249 e1			.pastdmark: pop hl  
424a				endif  
424a				if DEMARK_VERSION = 0  
424a			.pastdmark: pop af  
424a				endif  
424a			endm  
# End of macro DMARK
424a						CALLMONITOR 
424a				if BASE_CPM=1  
424a cd 6b ee				call debug_vector  
424d				endif  
424d				if BASE_KEV=1  
424d					rst 8  
424d				endif  
424d				endm  
# End of macro CALLMONITOR
424d					endif 
424d 21 9b e4				ld hl, os_input 
4250			;		ld a, 0 
4250 36 00				ld (hl),0 
4252 3a 3a ea				ld a,(f_cursor_ptr) 
4255 16 64				ld d, 100 
4257 0e 00				ld c, 0 
4259 1e 28				ld e, 40 
425b cd 26 0c				call input_str 
425e					; TODO perhaps do a type check and wrap in quotes if not a number 
425e 21 9b e4				ld hl, os_input 
4261					if DEBUG_FORTH_WORDS 
4261						DMARK "AC1" 
4261				if DEMARK_VERSION = 1  
4261 e5					push hl  
4262 21 6a 42				ld hl, .dmark  
4265 22 60 ee				ld (debug_mark), hl  
4268				endif  
4268				if DEMARK_VERSION = 0  
4268					push af  
4268					ld a, (.dmark)  
4268					ld (debug_mark),a  
4268					ld a, (.dmark+1)  
4268					ld (debug_mark+1),a  
4268					ld a, (.dmark+2)  
4268					ld (debug_mark+2),a  
4268				endif  
4268 18 04			jr .pastdmark  
426a ..			.dmark: db "AC1"  
426d				if DEMARK_VERSION = 1  
426d 00					db 0  
426e				endif  
426e				if DEMARK_VERSION = 1  
426e e1			.pastdmark: pop hl  
426f				endif  
426f				if DEMARK_VERSION = 0  
426f			.pastdmark: pop af  
426f				endif  
426f			endm  
# End of macro DMARK
426f						CALLMONITOR 
426f				if BASE_CPM=1  
426f cd 6b ee				call debug_vector  
4272				endif  
4272				if BASE_KEV=1  
4272					rst 8  
4272				endif  
4272				endm  
# End of macro CALLMONITOR
4272					endif 
4272 cd 67 19				call forth_push_str 
4275					NEXTW 
4275 cd 68 ee			call parse_vector 
4278 c3 46 1c			jp macro_next 
427b				endm 
# End of macro NEXTW
427b			 
427b			.EDIT: 
427b				CWHEAD .DEDIT 44 "EDIT" 4 WORD_FLAG_CODE 
427b 40				db WORD_SYS_CORE+44             
427c f4 42			dw .DEDIT            
427e 05				db 4 + 1 
427f .. 00			db "EDIT",0              
4284				endm 
# End of macro CWHEAD
4284			; | EDIT ( u -- u ) Takes string on TOS and allows editing of it. Pushes it back once done. | DONE 
4284			 
4284					; TODO does not copy from stack 
4284					if DEBUG_FORTH_WORDS_KEY 
4284						DMARK "EDT" 
4284				if DEMARK_VERSION = 1  
4284 e5					push hl  
4285 21 8d 42				ld hl, .dmark  
4288 22 60 ee				ld (debug_mark), hl  
428b				endif  
428b				if DEMARK_VERSION = 0  
428b					push af  
428b					ld a, (.dmark)  
428b					ld (debug_mark),a  
428b					ld a, (.dmark+1)  
428b					ld (debug_mark+1),a  
428b					ld a, (.dmark+2)  
428b					ld (debug_mark+2),a  
428b				endif  
428b 18 04			jr .pastdmark  
428d ..			.dmark: db "EDT"  
4290				if DEMARK_VERSION = 1  
4290 00					db 0  
4291				endif  
4291				if DEMARK_VERSION = 1  
4291 e1			.pastdmark: pop hl  
4292				endif  
4292				if DEMARK_VERSION = 0  
4292			.pastdmark: pop af  
4292				endif  
4292			endm  
# End of macro DMARK
4292						CALLMONITOR 
4292				if BASE_CPM=1  
4292 cd 6b ee				call debug_vector  
4295				endif  
4295				if BASE_KEV=1  
4295					rst 8  
4295				endif  
4295				endm  
# End of macro CALLMONITOR
4295					endif 
4295			 
4295					;FORTH_DSP 
4295					FORTH_DSP_VALUEHL 
4295				if BASE_CPM=1 
4295 cd 96 1a			call macro_dsp_valuehl 
4298				endif 
4298				if BASE_KEV=1 
4298					rst $18 
4298				endif 
4298				endm 
# End of macro FORTH_DSP_VALUEHL
4298			;		inc hl    ; TODO do type check 
4298			 
4298			;		call get_word_hl 
4298 e5					push hl 
4299					if DEBUG_FORTH_WORDS 
4299						DMARK "EDp" 
4299				if DEMARK_VERSION = 1  
4299 e5					push hl  
429a 21 a2 42				ld hl, .dmark  
429d 22 60 ee				ld (debug_mark), hl  
42a0				endif  
42a0				if DEMARK_VERSION = 0  
42a0					push af  
42a0					ld a, (.dmark)  
42a0					ld (debug_mark),a  
42a0					ld a, (.dmark+1)  
42a0					ld (debug_mark+1),a  
42a0					ld a, (.dmark+2)  
42a0					ld (debug_mark+2),a  
42a0				endif  
42a0 18 04			jr .pastdmark  
42a2 ..			.dmark: db "EDp"  
42a5				if DEMARK_VERSION = 1  
42a5 00					db 0  
42a6				endif  
42a6				if DEMARK_VERSION = 1  
42a6 e1			.pastdmark: pop hl  
42a7				endif  
42a7				if DEMARK_VERSION = 0  
42a7			.pastdmark: pop af  
42a7				endif  
42a7			endm  
# End of macro DMARK
42a7						CALLMONITOR 
42a7				if BASE_CPM=1  
42a7 cd 6b ee				call debug_vector  
42aa				endif  
42aa				if BASE_KEV=1  
42aa					rst 8  
42aa				endif  
42aa				endm  
# End of macro CALLMONITOR
42aa					endif 
42aa				;	ld a, 0 
42aa cd 51 0f				call strlenz 
42ad 23					inc hl 
42ae			 
42ae 06 00				ld b, 0 
42b0 4d					ld c, l 
42b1			 
42b1 e1					pop hl 
42b2 11 9b e4				ld de, os_input 
42b5					if DEBUG_FORTH_WORDS_KEY 
42b5						DMARK "EDc" 
42b5				if DEMARK_VERSION = 1  
42b5 e5					push hl  
42b6 21 be 42				ld hl, .dmark  
42b9 22 60 ee				ld (debug_mark), hl  
42bc				endif  
42bc				if DEMARK_VERSION = 0  
42bc					push af  
42bc					ld a, (.dmark)  
42bc					ld (debug_mark),a  
42bc					ld a, (.dmark+1)  
42bc					ld (debug_mark+1),a  
42bc					ld a, (.dmark+2)  
42bc					ld (debug_mark+2),a  
42bc				endif  
42bc 18 04			jr .pastdmark  
42be ..			.dmark: db "EDc"  
42c1				if DEMARK_VERSION = 1  
42c1 00					db 0  
42c2				endif  
42c2				if DEMARK_VERSION = 1  
42c2 e1			.pastdmark: pop hl  
42c3				endif  
42c3				if DEMARK_VERSION = 0  
42c3			.pastdmark: pop af  
42c3				endif  
42c3			endm  
# End of macro DMARK
42c3						CALLMONITOR 
42c3				if BASE_CPM=1  
42c3 cd 6b ee				call debug_vector  
42c6				endif  
42c6				if BASE_KEV=1  
42c6					rst 8  
42c6				endif  
42c6				endm  
# End of macro CALLMONITOR
42c6					endif 
42c6 ed b0				ldir 
42c8			 
42c8			 
42c8 21 9b e4				ld hl, os_input 
42cb					;ld a, 0 
42cb					;ld (hl),a 
42cb 3a 3a ea				ld a,(f_cursor_ptr) 
42ce 16 64				ld d, 100 
42d0 0e 00				ld c, 0 
42d2 1e 28				ld e, 40 
42d4 cd 26 0c				call input_str 
42d7					; TODO perhaps do a type check and wrap in quotes if not a number 
42d7 21 9b e4				ld hl, os_input 
42da					if DEBUG_FORTH_WORDS 
42da						DMARK "ED1" 
42da				if DEMARK_VERSION = 1  
42da e5					push hl  
42db 21 e3 42				ld hl, .dmark  
42de 22 60 ee				ld (debug_mark), hl  
42e1				endif  
42e1				if DEMARK_VERSION = 0  
42e1					push af  
42e1					ld a, (.dmark)  
42e1					ld (debug_mark),a  
42e1					ld a, (.dmark+1)  
42e1					ld (debug_mark+1),a  
42e1					ld a, (.dmark+2)  
42e1					ld (debug_mark+2),a  
42e1				endif  
42e1 18 04			jr .pastdmark  
42e3 ..			.dmark: db "ED1"  
42e6				if DEMARK_VERSION = 1  
42e6 00					db 0  
42e7				endif  
42e7				if DEMARK_VERSION = 1  
42e7 e1			.pastdmark: pop hl  
42e8				endif  
42e8				if DEMARK_VERSION = 0  
42e8			.pastdmark: pop af  
42e8				endif  
42e8			endm  
# End of macro DMARK
42e8						CALLMONITOR 
42e8				if BASE_CPM=1  
42e8 cd 6b ee				call debug_vector  
42eb				endif  
42eb				if BASE_KEV=1  
42eb					rst 8  
42eb				endif  
42eb				endm  
# End of macro CALLMONITOR
42eb					endif 
42eb cd 67 19				call forth_push_str 
42ee					NEXTW 
42ee cd 68 ee			call parse_vector 
42f1 c3 46 1c			jp macro_next 
42f4				endm 
# End of macro NEXTW
42f4			 
42f4			.DEDIT: 
42f4				CWHEAD .ENDKEY 44 "DEDIT" 5 WORD_FLAG_CODE 
42f4 40				db WORD_SYS_CORE+44             
42f5 43 43			dw .ENDKEY            
42f7 06				db 5 + 1 
42f8 .. 00			db "DEDIT",0              
42fe				endm 
# End of macro CWHEAD
42fe			; | DEDIT ( ptr --  ) Takes an address for direct editing in memory. | DONE 
42fe			 
42fe					; TODO does not copy from stack 
42fe					if DEBUG_FORTH_WORDS_KEY 
42fe						DMARK "DED" 
42fe				if DEMARK_VERSION = 1  
42fe e5					push hl  
42ff 21 07 43				ld hl, .dmark  
4302 22 60 ee				ld (debug_mark), hl  
4305				endif  
4305				if DEMARK_VERSION = 0  
4305					push af  
4305					ld a, (.dmark)  
4305					ld (debug_mark),a  
4305					ld a, (.dmark+1)  
4305					ld (debug_mark+1),a  
4305					ld a, (.dmark+2)  
4305					ld (debug_mark+2),a  
4305				endif  
4305 18 04			jr .pastdmark  
4307 ..			.dmark: db "DED"  
430a				if DEMARK_VERSION = 1  
430a 00					db 0  
430b				endif  
430b				if DEMARK_VERSION = 1  
430b e1			.pastdmark: pop hl  
430c				endif  
430c				if DEMARK_VERSION = 0  
430c			.pastdmark: pop af  
430c				endif  
430c			endm  
# End of macro DMARK
430c						CALLMONITOR 
430c				if BASE_CPM=1  
430c cd 6b ee				call debug_vector  
430f				endif  
430f				if BASE_KEV=1  
430f					rst 8  
430f				endif  
430f				endm  
# End of macro CALLMONITOR
430f					endif 
430f			 
430f					;FORTH_DSP 
430f					FORTH_DSP_VALUEHL 
430f				if BASE_CPM=1 
430f cd 96 1a			call macro_dsp_valuehl 
4312				endif 
4312				if BASE_KEV=1 
4312					rst $18 
4312				endif 
4312				endm 
# End of macro FORTH_DSP_VALUEHL
4312			;		inc hl    ; TODO do type check 
4312			 
4312			;		call get_word_hl 
4312 e5					push hl 
4313 e5					push hl 
4314					FORTH_DSP_POP 
4314				if BASE_CPM=1 
4314 cd 2d 1b			call macro_forth_dsp_pop 
4317				endif 
4317				if BASE_KEV=1 
4317					rst $10 
4317				endif 
4317				endm 
# End of macro FORTH_DSP_POP
4317 e1					pop hl 
4318					if DEBUG_FORTH_WORDS 
4318						DMARK "EDp" 
4318				if DEMARK_VERSION = 1  
4318 e5					push hl  
4319 21 21 43				ld hl, .dmark  
431c 22 60 ee				ld (debug_mark), hl  
431f				endif  
431f				if DEMARK_VERSION = 0  
431f					push af  
431f					ld a, (.dmark)  
431f					ld (debug_mark),a  
431f					ld a, (.dmark+1)  
431f					ld (debug_mark+1),a  
431f					ld a, (.dmark+2)  
431f					ld (debug_mark+2),a  
431f				endif  
431f 18 04			jr .pastdmark  
4321 ..			.dmark: db "EDp"  
4324				if DEMARK_VERSION = 1  
4324 00					db 0  
4325				endif  
4325				if DEMARK_VERSION = 1  
4325 e1			.pastdmark: pop hl  
4326				endif  
4326				if DEMARK_VERSION = 0  
4326			.pastdmark: pop af  
4326				endif  
4326			endm  
# End of macro DMARK
4326						CALLMONITOR 
4326				if BASE_CPM=1  
4326 cd 6b ee				call debug_vector  
4329				endif  
4329				if BASE_KEV=1  
4329					rst 8  
4329				endif  
4329				endm  
# End of macro CALLMONITOR
4329					endif 
4329				;	ld a, 0 
4329 cd 51 0f				call strlenz 
432c 23					inc hl 
432d			 
432d 06 00				ld b, 0 
432f 4d					ld c, l 
4330			 
4330 e1					pop hl 
4331			 
4331					;ld a, 0 
4331					;ld (hl),a 
4331 3a 3a ea				ld a,(f_cursor_ptr) 
4334 16 64				ld d, 100 
4336 0e 00				ld c, 0 
4338 1e 28				ld e, 40 
433a cd 26 0c				call input_str 
433d					; TODO perhaps do a type check and wrap in quotes if not a number 
433d					NEXTW 
433d cd 68 ee			call parse_vector 
4340 c3 46 1c			jp macro_next 
4343				endm 
# End of macro NEXTW
4343			 
4343			 
4343			.ENDKEY: 
4343			; eof 
4343			 
# End of file forth_words_key.asm
4343			include "forth_words_const.asm" 
4343			 
4343			; | ## Constants (i.e. Useful memory addresses that can set or get features) 
4343			 
4343			 
4343			.SPITIME: 
4343				CWHEAD .VA 99 "SPITIME" 7 WORD_FLAG_CODE 
4343 77				db WORD_SYS_CORE+99             
4344 5b 43			dw .VA            
4346 08				db 7 + 1 
4347 .. 00			db "SPITIME",0              
434f				endm 
# End of macro CWHEAD
434f			; | SPITIME ( -- u1 )   Pushes address of the SPI pulse counter/delay to stack | DONE 
434f			; 
434f			; | | If using BANK devices then leave as is. 
434f			; | | Only really useful for the CARTDEV where other devices may be far too slow. In particular 
434f			; | | the multiplexing of the PicoSPINet addon which might not be running fast enough for all of the nodes 
434f			 
434f 21 54 ea				ld hl, spi_clktime  
4352			;		call forth_push_numhl 
4352					FORTH_PUSH_VALUEHL 
4352				if BASE_CPM=1 
4352 cd 08 19				call forth_push_numhl 
4355				endif 
4355				if BASE_KEV=1 
4355					rst $20 
4355				endif 
4355				endm 
# End of macro FORTH_PUSH_VALUEHL
4355			 
4355					NEXTW 
4355 cd 68 ee			call parse_vector 
4358 c3 46 1c			jp macro_next 
435b				endm 
# End of macro NEXTW
435b			 
435b			 
435b			.VA: 
435b				CWHEAD .SYMBOL 99 "VA" 2 WORD_FLAG_CODE 
435b 77				db WORD_SYS_CORE+99             
435c 6e 43			dw .SYMBOL            
435e 03				db 2 + 1 
435f .. 00			db "VA",0              
4362				endm 
# End of macro CWHEAD
4362			; | VA ( -- u1 )   Pushes address of block of memory used for v1..5 | DONE 
4362 21 04 ea				ld hl, cli_var_array 
4365					;call forth_push_numhl 
4365					FORTH_PUSH_VALUEHL 
4365				if BASE_CPM=1 
4365 cd 08 19				call forth_push_numhl 
4368				endif 
4368				if BASE_KEV=1 
4368					rst $20 
4368				endif 
4368				endm 
# End of macro FORTH_PUSH_VALUEHL
4368			 
4368					NEXTW 
4368 cd 68 ee			call parse_vector 
436b c3 46 1c			jp macro_next 
436e				endm 
# End of macro NEXTW
436e			 
436e			.SYMBOL: 
436e				CWHEAD .ENDCONST 99 "SYMBOL" 6 WORD_FLAG_CODE 
436e 77				db WORD_SYS_CORE+99             
436f 5e 44			dw .ENDCONST            
4371 07				db 6 + 1 
4372 .. 00			db "SYMBOL",0              
4379				endm 
# End of macro CWHEAD
4379			; | SYMBOL ( u1 -- )  Get the address of a system symbol from a look up table to TOS  | DONE 
4379			; | 
4379			; | | The value is the number reference and the final address is pushed to stack 
4379			 
4379			; | | ``` 
4379			; | | dw sym_table 
4379			; | | dw nmi_vector 
4379			; | | dw cli_autodisplay 
4379			; | | dw cli_data_sp 
4379			; | | dw cli_data_stack 
4379			; | | dw cli_loop_sp 
4379			; | | dw cli_loop_stack 
4379			; | | dw cli_var_array 
4379			; | | dw cursor_col 
4379			; | | dw cursor_ptr 
4379			; | | ; 10 
4379			; | | dw cursor_row 
4379			; | | dw debug_mark 
4379			; | | dw display_fb0 
4379			; | | dw display_fb1 
4379			; | | dw display_fb2 
4379			; | | dw display_fb3 
4379			; | | dw display_fb_active 
4379			; | | dw execscratch 
4379			; | | dw f_cursor_ptr 
4379			; | | dw hardware_word 
4379			; | | ;20 
4379			; | | dw input_at_cursor 
4379			; | | dw input_at_pos 
4379			; | | dw input_cur_flash 
4379			; | | dw input_cur_onoff 
4379			; | | dw input_cursor 
4379			; | | dw input_display_size 
4379			; | | dw input_len 
4379			; | | dw input_ptr 
4379			; | | dw input_size 
4379			; | | dw input_start 
4379			; | | ; 30 
4379			; | | dw input_str 
4379			; | | dw input_under_cursor 
4379			; | | dw os_cli_cmd 
4379			; | | dw os_cur_ptr 
4379			; | | dw os_current_i 
4379			; | | dw os_input 
4379			; | | dw os_last_cmd 
4379			; | | dw os_last_new_uword 
4379			; | | dw debug_vector 
4379			; | | dw os_view_hl 
4379			; | | ;40 
4379			; | | dw os_word_scratch 
4379			; | | dw portbctl 
4379			; | | dw portbdata 
4379			; | | dw spi_cartdev 
4379			; | | dw spi_cartdev2 
4379			; | | dw spi_clktime 
4379			; | | dw spi_device 
4379			; | | dw spi_device_id 
4379			; | | dw spi_portbyte 
4379			; | | dw stackstore 
4379			; | | ; 50 
4379			; | | if STORAGE_SE 
4379			; | | dw storage_actl 
4379			; | | dw storage_adata 
4379			; | | else 
4379			; | | dw 0 
4379			; | | dw 0 
4379			; | | endif 
4379			; | | dw storage_append 
4379			; | | if STORAGE_SE 
4379			; | | dw storage_bctl 
4379			; | | else 
4379			; | | dw 0 
4379			; | | endif 
4379			; | | dw store_bank_active 
4379			; | | dw store_filecache 
4379			; | | dw store_longread 
4379			; | | dw store_openaddr 
4379			; | | dw store_openext 
4379			; | | dw store_openmaxext 
4379			; | | ; 60 
4379			; | | dw store_page 
4379			; | | dw store_readbuf 
4379			; | | dw store_readcont 
4379			; | | dw store_readptr 
4379			; | | dw store_tmpext 
4379			; | | dw store_tmpid 
4379			; | | dw store_tmppageid 
4379			; | | dw malloc 
4379			; | | dw free 
4379			; | | dw cin 
4379			; | | ; 70 
4379			; | | dw cin_wait 
4379			; | | dw forth_push_numhl 
4379			; | | dw forth_push_str 
4379			; | | dw parse_vector 
4379			; | | dw tape_port 
4379			; | | ``` 
4379			 
4379					if DEBUG_FORTH_WORDS_KEY 
4379						DMARK "SYM" 
4379				if DEMARK_VERSION = 1  
4379 e5					push hl  
437a 21 82 43				ld hl, .dmark  
437d 22 60 ee				ld (debug_mark), hl  
4380				endif  
4380				if DEMARK_VERSION = 0  
4380					push af  
4380					ld a, (.dmark)  
4380					ld (debug_mark),a  
4380					ld a, (.dmark+1)  
4380					ld (debug_mark+1),a  
4380					ld a, (.dmark+2)  
4380					ld (debug_mark+2),a  
4380				endif  
4380 18 04			jr .pastdmark  
4382 ..			.dmark: db "SYM"  
4385				if DEMARK_VERSION = 1  
4385 00					db 0  
4386				endif  
4386				if DEMARK_VERSION = 1  
4386 e1			.pastdmark: pop hl  
4387				endif  
4387				if DEMARK_VERSION = 0  
4387			.pastdmark: pop af  
4387				endif  
4387			endm  
# End of macro DMARK
4387						CALLMONITOR 
4387				if BASE_CPM=1  
4387 cd 6b ee				call debug_vector  
438a				endif  
438a				if BASE_KEV=1  
438a					rst 8  
438a				endif  
438a				endm  
# End of macro CALLMONITOR
438a					endif 
438a			 
438a					FORTH_DSP_VALUEHL 
438a				if BASE_CPM=1 
438a cd 96 1a			call macro_dsp_valuehl 
438d				endif 
438d				if BASE_KEV=1 
438d					rst $18 
438d				endif 
438d				endm 
# End of macro FORTH_DSP_VALUEHL
438d			 
438d 7d					ld a, l     
438e			 
438e			 
438e					if DEBUG_FORTH_WORDS 
438e						DMARK "SY1" 
438e				if DEMARK_VERSION = 1  
438e e5					push hl  
438f 21 97 43				ld hl, .dmark  
4392 22 60 ee				ld (debug_mark), hl  
4395				endif  
4395				if DEMARK_VERSION = 0  
4395					push af  
4395					ld a, (.dmark)  
4395					ld (debug_mark),a  
4395					ld a, (.dmark+1)  
4395					ld (debug_mark+1),a  
4395					ld a, (.dmark+2)  
4395					ld (debug_mark+2),a  
4395				endif  
4395 18 04			jr .pastdmark  
4397 ..			.dmark: db "SY1"  
439a				if DEMARK_VERSION = 1  
439a 00					db 0  
439b				endif  
439b				if DEMARK_VERSION = 1  
439b e1			.pastdmark: pop hl  
439c				endif  
439c				if DEMARK_VERSION = 0  
439c			.pastdmark: pop af  
439c				endif  
439c			endm  
# End of macro DMARK
439c						CALLMONITOR 
439c				if BASE_CPM=1  
439c cd 6b ee				call debug_vector  
439f				endif  
439f				if BASE_KEV=1  
439f					rst 8  
439f				endif  
439f				endm  
# End of macro CALLMONITOR
439f					endif 
439f					 
439f f5					push af	 
43a0					FORTH_DSP_POP 
43a0				if BASE_CPM=1 
43a0 cd 2d 1b			call macro_forth_dsp_pop 
43a3				endif 
43a3				if BASE_KEV=1 
43a3					rst $10 
43a3				endif 
43a3				endm 
# End of macro FORTH_DSP_POP
43a3 f1					pop af 
43a4			 
43a4 cb 27				sla a  
43a6				 
43a6					 
43a6					if DEBUG_FORTH_WORDS 
43a6						DMARK "SY" 
43a6				if DEMARK_VERSION = 1  
43a6 e5					push hl  
43a7 21 af 43				ld hl, .dmark  
43aa 22 60 ee				ld (debug_mark), hl  
43ad				endif  
43ad				if DEMARK_VERSION = 0  
43ad					push af  
43ad					ld a, (.dmark)  
43ad					ld (debug_mark),a  
43ad					ld a, (.dmark+1)  
43ad					ld (debug_mark+1),a  
43ad					ld a, (.dmark+2)  
43ad					ld (debug_mark+2),a  
43ad				endif  
43ad 18 03			jr .pastdmark  
43af ..			.dmark: db "SY"  
43b1				if DEMARK_VERSION = 1  
43b1 00					db 0  
43b2				endif  
43b2				if DEMARK_VERSION = 1  
43b2 e1			.pastdmark: pop hl  
43b3				endif  
43b3				if DEMARK_VERSION = 0  
43b3			.pastdmark: pop af  
43b3				endif  
43b3			endm  
# End of macro DMARK
43b3						CALLMONITOR 
43b3				if BASE_CPM=1  
43b3 cd 6b ee				call debug_vector  
43b6				endif  
43b6				if BASE_KEV=1  
43b6					rst 8  
43b6				endif  
43b6				endm  
# End of macro CALLMONITOR
43b6					endif 
43b6			 
43b6 21 c8 43				ld hl, sym_table 
43b9 cd f9 0b				call addatohl 
43bc cd cc 1b				call loadwordinhl 
43bf					;call forth_push_numhl 
43bf					FORTH_PUSH_VALUEHL 
43bf				if BASE_CPM=1 
43bf cd 08 19				call forth_push_numhl 
43c2				endif 
43c2				if BASE_KEV=1 
43c2					rst $20 
43c2				endif 
43c2				endm 
# End of macro FORTH_PUSH_VALUEHL
43c2			 
43c2			 
43c2				       NEXTW 
43c2 cd 68 ee			call parse_vector 
43c5 c3 46 1c			jp macro_next 
43c8				endm 
# End of macro NEXTW
43c8			 
43c8			sym_table: 
43c8			 
43c8			; 0 
43c8 c8 43		dw sym_table 
43ca 6e ee		dw nmi_vector 
43cc 18 ea		dw cli_autodisplay 
43ce ca e9		dw cli_data_sp 
43d0 04 e8		dw cli_data_stack 
43d2 cc e9		dw cli_loop_sp 
43d4 06 e9		dw cli_loop_stack 
43d6 04 ea		dw cli_var_array 
43d8 ba eb		dw cursor_col 
43da b8 eb		dw cursor_ptr 
43dc			; 10 
43dc b9 eb		dw cursor_row 
43de 60 ee		dw debug_mark 
43e0 a6 ed		dw display_fb0 
43e2 05 ed		dw display_fb1 
43e4 c3 eb		dw display_fb2 
43e6 64 ec		dw display_fb3 
43e8 c1 eb		dw display_fb_active 
43ea 9c e3		dw execscratch 
43ec 3a ea		dw f_cursor_ptr 
43ee 71 ee		dw hardware_word 
43f0			;20 
43f0 57 ee		dw input_at_cursor 
43f2 59 ee		dw input_at_pos 
43f4 55 ee		dw input_cur_flash 
43f6 54 ee		dw input_cur_onoff 
43f8 4a ee		dw input_cursor 
43fa 5a ee		dw input_display_size 
43fc 4f ee		dw input_len 
43fe 5e ee		dw input_ptr 
4400 5b ee		dw input_size 
4402 5c ee		dw input_start 
4404			; 30 
4404 26 0c		dw input_str 
4406 58 ee		dw input_under_cursor 
4408 c4 e5		dw os_cli_cmd 
440a c0 e5		dw os_cur_ptr 
440c c2 e5		dw os_current_i 
440e 9b e4		dw os_input 
4410 c3 e6		dw os_last_cmd 
4412 9a e5		dw os_last_new_uword 
4414 6b ee		dw debug_vector 
4416 7f e2		dw os_view_hl 
4418			;40 
4418 a2 e5		dw os_word_scratch 
441a c3 00		dw portbctl 
441c c1 00		dw portbdata 
441e 53 ea		dw spi_cartdev 
4420 52 ea		dw spi_cartdev2 
4422 54 ea		dw spi_clktime 
4424 50 ea		dw spi_device 
4426 4f ea		dw spi_device_id 
4428 51 ea		dw spi_portbyte 
442a 9c eb		dw stackstore 
442c			; 50 
442c			if STORAGE_SE 
442c			dw storage_actl 
442c			dw storage_adata 
442c			else 
442c 00 00		dw 0 
442e 00 00		dw 0 
4430			endif 
4430 b5 07		dw storage_append 
4432			if STORAGE_SE 
4432			dw storage_bctl 
4432			else 
4432 00 00		dw 0 
4434			endif 
4434 88 eb		dw store_bank_active 
4436 5c ea		dw store_filecache 
4438 6a ea		dw store_longread 
443a 60 ea		dw store_openaddr 
443c 5f ea		dw store_openext 
443e 5e ea		dw store_openmaxext 
4440			; 60 
4440 6f ea		dw store_page 
4442 6b ea		dw store_readbuf 
4444 62 ea		dw store_readcont 
4446 6d ea		dw store_readptr 
4448 62 ea		dw store_tmpext 
444a 63 ea		dw store_tmpid 
444c 5a ea		dw store_tmppageid 
444e c5 0f		dw malloc 
4450 8f 10		dw free 
4452 35 5b		dw cin 
4454			; 70 
4454 2d 5b		dw cin_wait 
4456 08 19		dw forth_push_numhl 
4458 67 19		dw forth_push_str 
445a 68 ee		dw parse_vector 
445c 4e ea		dw tape_port 
445e			 
445e			.ENDCONST: 
445e			 
445e			; eof 
445e			 
445e			 
# End of file forth_words_const.asm
445e			 
445e			if STORAGE_SE 
445e			   	include "forth_words_storage.asm" 
445e			endif 
445e				include "forth_words_device.asm" 
445e			; Device related words 
445e			 
445e			; | ## Device Words 
445e			 
445e			 
445e			if BASE_KEV 
445e			 
445e			.SAVDEV:  
445e				CWHEAD .SAVREST 31 "DEVSAV" 6 WORD_FLAG_CODE 
445e			; | DEVSAV ( --  )  Saves the current BANK/CARTDEV settings in case you want to switch device suddenly. i.e. use ESP | DONE 
445e					if DEBUG_FORTH_WORDS_KEY 
445e						DMARK "SDV" 
445e						CALLMONITOR 
445e					endif 
445e			 
445e					call devicesave 
445e			 
445e					NEXTW 
445e			 
445e			 
445e			.SAVREST: 
445e				CWHEAD .SAVEND 31 "DEVREST" 7 WORD_FLAG_CODE 
445e			; | DEVREST ( --  )  Restores the last saved BANK/CARTDEV settings in case you want to switch device suddenly. i.e. use ESP | DONE 
445e					if DEBUG_FORTH_WORDS_KEY 
445e						DMARK "SDV" 
445e						CALLMONITOR 
445e					endif 
445e			 
445e					call devicerestore 
445e			 
445e					NEXTW 
445e			 
445e			.SAVEND: 
445e			 
445e			.SR:     
445e				CWHEAD .SREND 31 "SR" 2 WORD_FLAG_CODE 
445e			; | SR ( u p --  )  Send byte u to shift reg on port p | DONE 
445e					if DEBUG_FORTH_WORDS_KEY 
445e						DMARK "SRA" 
445e						CALLMONITOR 
445e					endif 
445e					 
445e					FORTH_DSP_VALUEHL     			; TODO skip type check and assume number.... lol 
445e					FORTH_DSP_POP  ; TODO add stock underflow checks and throws  
445e					 
445e					push hl 
445e			 
445e					FORTH_DSP_VALUEHL     			; TODO skip type check and assume number.... lol 
445e					FORTH_DSP_POP  ; TODO add stock underflow checks and throws  
445e					 
445e					ld a, l 
445e					pop bc 
445e			 
445e				call shift_byte 
445e					 
445e				NEXTW 
445e			.SREND: 
445e			 
445e			.LED:     
445e				CWHEAD .LEDEND 31 "LED" 3 WORD_FLAG_CODE 
445e			; | LED ( u --  )  Set case LED on or off | DONE 
445e					if DEBUG_FORTH_WORDS_KEY 
445e						DMARK "LED" 
445e						CALLMONITOR 
445e					endif 
445e					 
445e					FORTH_DSP_VALUEHL     			; TODO skip type check and assume number.... lol 
445e					FORTH_DSP_POP  ; TODO add stock underflow checks and throws  
445e					 
445e					ld a, (hardware_word+1) 
445e					ld c, a 
445e			 
445e					ld a, l 
445e					call set_led  
445e					 
445e					NEXTW 
445e			.LEDEND: 
445e			endif 
445e			if SOUND_ENABLE 
445e			.NOTE: 
445e				CWHEAD .NOTEEND 31 "NB" 2 WORD_FLAG_CODE 
445e			; | NB ( u --  )  Sends a note byte to sound card  TODO 
445e					if DEBUG_FORTH_WORDS_KEY 
445e						DMARK "NBE" 
445e						CALLMONITOR 
445e					endif 
445e			 
445e					 
445e					FORTH_DSP_VALUEHL     			; TODO skip type check and assume number.... lol 
445e					FORTH_DSP_POP  ; TODO add stock underflow checks and throws  
445e			 
445e					ld a, l 
445e					call note_byte	 
445e			 
445e					NEXTW 
445e			.NOTEEND: 
445e			endif 
445e			 
445e			;if BASE_KEV 
445e			;.BUZZ: 
445e			; 
445e			;	CWHEAD .BUZZE 31 "BUZZ" 4 WORD_FLAG_CODE 
445e			;;  BUZZ ( dur freq -- )   Sound buzzer for duration dur with osc freq of freq ms  DONE 
445e			; 
445e			;		if DEBUG_FORTH_WORDS_KEY 
445e			;			DMARK "BUZ" 
445e			;			CALLMONITOR 
445e			;		endif 
445e			; 
445e			;		FORTH_DSP_VALUEHL     			; TODO skip type check and assume number.... lol 
445e			;		push hl 
445e			;		FORTH_DSP_POP  ; TODO add stock underflow checks and throws  
445e			; 
445e			;		FORTH_DSP_VALUEHL     			; TODO skip type check and assume number.... lol 
445e			;		FORTH_DSP_POP  ; TODO add stock underflow checks and throws  
445e			; 
445e			;		pop bc 
445e			;		ld b, c 
445e			;		call sound_buzzer 
445e			; 
445e			;		NEXTW 
445e			;.BUZZE: 
445e			;endif 
445e			 
445e			 
445e			if TAPE_SUPPORT 
445e			 
445e			.GP2: 
445e			 
445e				CWHEAD .GPI 31 "SETTAPE" 7 WORD_FLAG_CODE 
445e			; | SETTAPE ( port gap samples hpulse lpulse high low -- )   Set parameters for tape support | DONE 
445e			; | | port - Device address port; default is Device A on 00h 
445e			; | | samples - How many sample cycles to count pulses 
445e			; | | gap - Gap period counter; default is 250 
445e			; | | hpulse - Count of pulses for 1; default is 6 
445e			; | | lpulse - Count of pulses for 0; default is 2 
445e			; | | high - High bit period counter; default is 150 
445e			; | | low - Low bit period counter; default is 50 
445e			 
445e					if DEBUG_FORTH_WORDS_KEY 
445e						DMARK "TSE" 
445e						CALLMONITOR 
445e					endif 
445e			 
445e					FORTH_DSP_VALUEHL     			; TODO skip type check and assume number.... lol 
445e					ld (tape_tm_low), hl 
445e					FORTH_DSP_POP  ; TODO add stock underflow checks and throws  
445e			 
445e					FORTH_DSP_VALUEHL     			; TODO skip type check and assume number.... lol 
445e					ld (tape_tm_high), hl 
445e					FORTH_DSP_POP  ; TODO add stock underflow checks and throws  
445e			 
445e					FORTH_DSP_VALUEHL     			; TODO skip type check and assume number.... lol 
445e					ld a, l 
445e					ld (tape_pulse_low), a 
445e					FORTH_DSP_POP  ; TODO add stock underflow checks and throws  
445e			 
445e					FORTH_DSP_VALUEHL     			; TODO skip type check and assume number.... lol 
445e					ld a, l 
445e					ld (tape_pulse_high), a 
445e					FORTH_DSP_POP  ; TODO add stock underflow checks and throws  
445e			 
445e			 
445e					FORTH_DSP_VALUEHL     			; TODO skip type check and assume number.... lol 
445e					ld (tape_samples), hl 
445e					FORTH_DSP_POP  ; TODO add stock underflow checks and throws  
445e			 
445e					FORTH_DSP_VALUEHL     			; TODO skip type check and assume number.... lol 
445e					ld a, l 
445e					ld (tape_tm_gap), a 
445e					FORTH_DSP_POP  ; TODO add stock underflow checks and throws  
445e			 
445e					FORTH_DSP_VALUEHL     			; TODO skip type check and assume number.... lol 
445e					ld a, l 
445e					ld (tape_port), a 
445e					FORTH_DSP_POP  ; TODO add stock underflow checks and throws  
445e					NEXTW 
445e			 
445e			 
445e			.GPI: 
445e				CWHEAD .GPS 31 "SAVES" 5 WORD_FLAG_CODE 
445e			; | SAVES ( s1 ... sn c n -- )    Save a count of c strings using file name of n to tape | DONE 
445e					if DEBUG_FORTH_WORDS_KEY 
445e						DMARK "SAS" 
445e						CALLMONITOR 
445e					endif 
445e			 
445e					FORTH_DSP_VALUEHL     			; TODO skip type check and assume number.... lol 
445e					push hl    ; file name 
445e					FORTH_DSP_POP  ; TODO add stock underflow checks and throws  
445e			 
445e					FORTH_DSP_VALUEHL     			; TODO skip type check and assume number.... lol 
445e					push hl    ; count 
445e					FORTH_DSP_POP  ; TODO add stock underflow checks and throws  
445e			 
445e					FORTH_DSP_VALUEHL     			; TODO skip type check and assume number.... lol 
445e					  ; top string 
445e					FORTH_DSP_POP  ; TODO add stock underflow checks and throws  
445e			 
445e					pop bc    ; count 
445e					pop de    ; file name 
445e			 
445e			; TODO handle more than one string 
445e					call tape_save 
445e							 
445e					NEXTW 
445e			 
445e			 
445e			.GPS: 
445e				CWHEAD .TLOAD 31 "SAVE" 7 WORD_FLAG_CODE 
445e			; | SAVE ( n -- )    Save all uuser words to tape with given name n | TO DO 
445e					if DEBUG_FORTH_WORDS_KEY 
445e						DMARK "SAV" 
445e						CALLMONITOR 
445e					endif 
445e			 
445e					NEXTW 
445e			 
445e			.TLOAD: 
445e				CWHEAD .TCAL 31 "LOAD" 4 WORD_FLAG_CODE 
445e			; | LOAD ( n -- )    Load file n from tape and exec | TO DO 
445e					if DEBUG_FORTH_WORDS_KEY 
445e						DMARK "LOD" 
445e						CALLMONITOR 
445e					endif 
445e			 
445e					NEXTW 
445e			 
445e			.TCAL: 
445e				CWHEAD .TTEST 31 "TAPECAL" 7 WORD_FLAG_CODE 
445e			; | TAPECAL (  -- )    Listen to a tape header and report on bit detection pulses | TO DO 
445e					if DEBUG_FORTH_WORDS_KEY 
445e						DMARK "TCA" 
445e						CALLMONITOR 
445e					endif 
445e			 
445e					call tape_calibration 
445e			 
445e					NEXTW 
445e			 
445e			.TTEST: 
445e				CWHEAD .TAPEEND 31 "TAPETEST" 8 WORD_FLAG_CODE 
445e			; | TAPETEST (  -- )    Record a repeating stripe pattern of 0 and 1 for testing record and playback via TAPECAL | TO DO 
445e					if DEBUG_FORTH_WORDS_KEY 
445e						DMARK "TTS" 
445e						CALLMONITOR 
445e					endif 
445e			 
445e					call tape_test 
445e			 
445e					NEXTW 
445e			 
445e			.TAPEEND: 
445e			endif 
445e			 
445e			 
445e				CWHEAD .SOUT 31 "IN" 2 WORD_FLAG_CODE 
445e 33				db WORD_SYS_CORE+31             
445f 8b 44			dw .SOUT            
4461 03				db 2 + 1 
4462 .. 00			db "IN",0              
4465				endm 
# End of macro CWHEAD
4465			; | IN ( u1 -- u )    Perform Z80 IN with u1 being the port number. Push result to TOS | DONE 
4465					if DEBUG_FORTH_WORDS_KEY 
4465						DMARK "IN." 
4465				if DEMARK_VERSION = 1  
4465 e5					push hl  
4466 21 6e 44				ld hl, .dmark  
4469 22 60 ee				ld (debug_mark), hl  
446c				endif  
446c				if DEMARK_VERSION = 0  
446c					push af  
446c					ld a, (.dmark)  
446c					ld (debug_mark),a  
446c					ld a, (.dmark+1)  
446c					ld (debug_mark+1),a  
446c					ld a, (.dmark+2)  
446c					ld (debug_mark+2),a  
446c				endif  
446c 18 04			jr .pastdmark  
446e ..			.dmark: db "IN."  
4471				if DEMARK_VERSION = 1  
4471 00					db 0  
4472				endif  
4472				if DEMARK_VERSION = 1  
4472 e1			.pastdmark: pop hl  
4473				endif  
4473				if DEMARK_VERSION = 0  
4473			.pastdmark: pop af  
4473				endif  
4473			endm  
# End of macro DMARK
4473						CALLMONITOR 
4473				if BASE_CPM=1  
4473 cd 6b ee				call debug_vector  
4476				endif  
4476				if BASE_KEV=1  
4476					rst 8  
4476				endif  
4476				endm  
# End of macro CALLMONITOR
4476					endif 
4476					FORTH_DSP_VALUEHL     			; TODO skip type check and assume number.... lol 
4476				if BASE_CPM=1 
4476 cd 96 1a			call macro_dsp_valuehl 
4479				endif 
4479				if BASE_KEV=1 
4479					rst $18 
4479				endif 
4479				endm 
# End of macro FORTH_DSP_VALUEHL
4479			 
4479 e5					push hl 
447a			 
447a					; destroy value TOS 
447a			 
447a					FORTH_DSP_POP  ; TODO add stock underflow checks and throws  
447a				if BASE_CPM=1 
447a cd 2d 1b			call macro_forth_dsp_pop 
447d				endif 
447d				if BASE_KEV=1 
447d					rst $10 
447d				endif 
447d				endm 
# End of macro FORTH_DSP_POP
447d			 
447d					; one value on hl get other one back 
447d			 
447d c1					pop bc 
447e			 
447e					; do the sub 
447e			;		ex de, hl 
447e			 
447e ed 68				in l,(c) 
4480			 
4480					; save it 
4480			 
4480 26 00				ld h,0 
4482			 
4482					; TODO push value back onto stack for another op etc 
4482			 
4482					;call forth_push_numhl 
4482			 
4482					FORTH_PUSH_VALUEHL 
4482				if BASE_CPM=1 
4482 cd 08 19				call forth_push_numhl 
4485				endif 
4485				if BASE_KEV=1 
4485					rst $20 
4485				endif 
4485				endm 
# End of macro FORTH_PUSH_VALUEHL
4485					NEXTW 
4485 cd 68 ee			call parse_vector 
4488 c3 46 1c			jp macro_next 
448b				endm 
# End of macro NEXTW
448b			.SOUT: 
448b				CWHEAD .SPIO 32 "OUT" 3 WORD_FLAG_CODE 
448b 34				db WORD_SYS_CORE+32             
448c cb 44			dw .SPIO            
448e 04				db 3 + 1 
448f .. 00			db "OUT",0              
4493				endm 
# End of macro CWHEAD
4493			; | OUT ( u1 u2 -- ) Perform Z80 OUT to port u2 sending byte u1 | DONE 
4493					if DEBUG_FORTH_WORDS_KEY 
4493						DMARK "OUT" 
4493				if DEMARK_VERSION = 1  
4493 e5					push hl  
4494 21 9c 44				ld hl, .dmark  
4497 22 60 ee				ld (debug_mark), hl  
449a				endif  
449a				if DEMARK_VERSION = 0  
449a					push af  
449a					ld a, (.dmark)  
449a					ld (debug_mark),a  
449a					ld a, (.dmark+1)  
449a					ld (debug_mark+1),a  
449a					ld a, (.dmark+2)  
449a					ld (debug_mark+2),a  
449a				endif  
449a 18 04			jr .pastdmark  
449c ..			.dmark: db "OUT"  
449f				if DEMARK_VERSION = 1  
449f 00					db 0  
44a0				endif  
44a0				if DEMARK_VERSION = 1  
44a0 e1			.pastdmark: pop hl  
44a1				endif  
44a1				if DEMARK_VERSION = 0  
44a1			.pastdmark: pop af  
44a1				endif  
44a1			endm  
# End of macro DMARK
44a1						CALLMONITOR 
44a1				if BASE_CPM=1  
44a1 cd 6b ee				call debug_vector  
44a4				endif  
44a4				if BASE_KEV=1  
44a4					rst 8  
44a4				endif  
44a4				endm  
# End of macro CALLMONITOR
44a4					endif 
44a4			 
44a4					; get port 
44a4			 
44a4					FORTH_DSP_VALUEHL     			; TODO skip type check and assume number.... lol 
44a4				if BASE_CPM=1 
44a4 cd 96 1a			call macro_dsp_valuehl 
44a7				endif 
44a7				if BASE_KEV=1 
44a7					rst $18 
44a7				endif 
44a7				endm 
# End of macro FORTH_DSP_VALUEHL
44a7			 
44a7 e5					push hl 
44a8			 
44a8					; destroy value TOS 
44a8			 
44a8					FORTH_DSP_POP  ; TODO add stock underflow checks and throws  
44a8				if BASE_CPM=1 
44a8 cd 2d 1b			call macro_forth_dsp_pop 
44ab				endif 
44ab				if BASE_KEV=1 
44ab					rst $10 
44ab				endif 
44ab				endm 
# End of macro FORTH_DSP_POP
44ab			 
44ab					; get byte to send 
44ab			 
44ab					FORTH_DSP_VALUEHL     			; TODO skip type check and assume number.... lol 
44ab				if BASE_CPM=1 
44ab cd 96 1a			call macro_dsp_valuehl 
44ae				endif 
44ae				if BASE_KEV=1 
44ae					rst $18 
44ae				endif 
44ae				endm 
# End of macro FORTH_DSP_VALUEHL
44ae			 
44ae			;		push hl 
44ae			 
44ae					; destroy value TOS 
44ae			 
44ae					FORTH_DSP_POP  ; TODO add stock underflow checks and throws  
44ae				if BASE_CPM=1 
44ae cd 2d 1b			call macro_forth_dsp_pop 
44b1				endif 
44b1				if BASE_KEV=1 
44b1					rst $10 
44b1				endif 
44b1				endm 
# End of macro FORTH_DSP_POP
44b1			 
44b1					; one value on hl get other one back 
44b1			 
44b1			;		pop hl 
44b1			 
44b1 c1					pop bc 
44b2			 
44b2					if DEBUG_FORTH_WORDS 
44b2						DMARK "OUT" 
44b2				if DEMARK_VERSION = 1  
44b2 e5					push hl  
44b3 21 bb 44				ld hl, .dmark  
44b6 22 60 ee				ld (debug_mark), hl  
44b9				endif  
44b9				if DEMARK_VERSION = 0  
44b9					push af  
44b9					ld a, (.dmark)  
44b9					ld (debug_mark),a  
44b9					ld a, (.dmark+1)  
44b9					ld (debug_mark+1),a  
44b9					ld a, (.dmark+2)  
44b9					ld (debug_mark+2),a  
44b9				endif  
44b9 18 04			jr .pastdmark  
44bb ..			.dmark: db "OUT"  
44be				if DEMARK_VERSION = 1  
44be 00					db 0  
44bf				endif  
44bf				if DEMARK_VERSION = 1  
44bf e1			.pastdmark: pop hl  
44c0				endif  
44c0				if DEMARK_VERSION = 0  
44c0			.pastdmark: pop af  
44c0				endif  
44c0			endm  
# End of macro DMARK
44c0						CALLMONITOR 
44c0				if BASE_CPM=1  
44c0 cd 6b ee				call debug_vector  
44c3				endif  
44c3				if BASE_KEV=1  
44c3					rst 8  
44c3				endif  
44c3				endm  
# End of macro CALLMONITOR
44c3					endif 
44c3			 
44c3 ed 69				out (c), l 
44c5			 
44c5					NEXTW 
44c5 cd 68 ee			call parse_vector 
44c8 c3 46 1c			jp macro_next 
44cb				endm 
# End of macro NEXTW
44cb			 
44cb			 
44cb			.SPIO: 
44cb			 
44cb			if STORAGE_SE 
44cb				CWHEAD .SPICEH 61 "SPICEL" 6 WORD_FLAG_CODE 
44cb			; | SPICEL ( -- ) Set SPI CE low for the currently selected device |  DONE 
44cb			 
44cb					call spi_ce_low 
44cb			    NEXTW 
44cb			 
44cb			.SPICEH: 
44cb				CWHEAD .SPIBOb 61 "SPICEH" 6 WORD_FLAG_CODE 
44cb			; | SPICEH ( -- ) Set SPI CE high for the currently selected device |  DONE 
44cb			 
44cb					call spi_ce_high 
44cb			    NEXTW 
44cb			 
44cb			.SPIBOb: 
44cb			 
44cb				CWHEAD .SPII 61 "SPIO" 4 WORD_FLAG_CODE 
44cb			; | SPIO ( u1 -- ) Send byte u1 to SPI  |  DONE 
44cb			 
44cb					if DEBUG_FORTH_WORDS_KEY 
44cb						DMARK "SPo" 
44cb						CALLMONITOR 
44cb					endif 
44cb					; get port 
44cb			 
44cb			 
44cb					; get byte to send 
44cb			 
44cb					FORTH_DSP_VALUEHL     			; TODO skip type check and assume number.... lol 
44cb			 
44cb			;		push hl    ; u1  
44cb			 
44cb					; destroy value TOS 
44cb			 
44cb					FORTH_DSP_POP  ; TODO add stock underflow checks and throws  
44cb			 
44cb					; one value on hl get other one back 
44cb			 
44cb			;		pop hl   ; u2 - addr 
44cb			 
44cb					; TODO Send SPI byte 
44cb			 
44cb			;		push hl 
44cb			;		call spi_ce_low 
44cb			;		pop hl 
44cb					ld a, l 
44cb					call spi_send_byte 
44cb			;		call spi_ce_high 
44cb			 
44cb					NEXTW 
44cb			 
44cb			.SPII: 
44cb				CWHEAD .SESEL 62 "SPII" 5 WORD_FLAG_CODE 
44cb			; | SPII ( -- u1 ) Get a byte from SPI  | DONE 
44cb					if DEBUG_FORTH_WORDS_KEY 
44cb						DMARK "SPi" 
44cb						CALLMONITOR 
44cb					endif 
44cb			 
44cb					; TODO Get SPI byte 
44cb			 
44cb					call spi_read_byte 
44cb			 
44cb					if DEBUG_FORTH_WORDS 
44cb						DMARK "Si2" 
44cb						CALLMONITOR 
44cb					endif 
44cb					ld h, 0 
44cb					ld l, a 
44cb					if DEBUG_FORTH_WORDS 
44cb						DMARK "Si3" 
44cb						CALLMONITOR 
44cb					endif 
44cb					;call forth_push_numhl 
44cb					FORTH_PUSH_VALUEHL 
44cb			 
44cb					NEXTW 
44cb			 
44cb			 
44cb			 
44cb			.SESEL: 
44cb				CWHEAD .SESELS 82 "BANK?" 5 WORD_FLAG_CODE 
44cb			; | BANK? ( -- u ) Reports on the serial EEPROM Bank Device at bank address u1 1-5.  | DONE 
44cb			; | | Zero is disabled storage. 
44cb					if DEBUG_FORTH_WORDS_KEY 
44cb						DMARK "BN?" 
44cb						CALLMONITOR 
44cb					endif 
44cb					ld a, (spi_device_id) 
44cb					sub '0' 
44cb					ld h, 0 
44cb					ld l, a 
44cb					FORTH_PUSH_VALUEHL 
44cb					;call forth_push_numhl 
44cb					NEXTW 
44cb			.SESELS: 
44cb				CWHEAD .CARTDEV 82 "BANK" 4 WORD_FLAG_CODE 
44cb			; | BANK ( u1 -- ) Select Serial EEPROM Bank Device at bank address u1 1-5 (disables CARTDEV).  | DONE 
44cb			; | | Set to zero to disable storage. 
44cb					if DEBUG_FORTH_WORDS_KEY 
44cb						DMARK "BNK" 
44cb						CALLMONITOR 
44cb					endif 
44cb			 
44cb					ld a, 255 
44cb					ld (spi_cartdev), a 
44cb			 
44cb					; get bank 
44cb			 
44cb					FORTH_DSP_VALUEHL     			; TODO skip type check and assume number.... lol 
44cb			 
44cb			;		push hl 
44cb			 
44cb					; destroy value TOS 
44cb			 
44cb					FORTH_DSP_POP  ; TODO add stock underflow checks and throws  
44cb			 
44cb					; one value on hl get other one back 
44cb			 
44cb			;		pop hl 
44cb			 
44cb			 
44cb					ld c, SPI_CE_HIGH 
44cb					ld b, '0'    ; human readable bank number 
44cb			 
44cb					ld a, l 
44cb			 
44cb					if DEBUG_FORTH_WORDS 
44cb						DMARK "BNK" 
44cb						CALLMONITOR 
44cb					endif 
44cb			 
44cb					; active low 
44cb			 
44cb			;		cp 0 
44cb					or a 
44cb					jr z, .bset 
44cb					cp 1 
44cb					jr nz, .b2 
44cb					res 0, c 
44cb					ld b, '1'    ; human readable bank number 
44cb			.b2:		cp 2 
44cb					jr nz, .b3 
44cb					res 1, c 
44cb					ld b, '2'    ; human readable bank number 
44cb			.b3:		cp 3 
44cb					jr nz, .b4 
44cb					res 2, c 
44cb					ld b, '3'    ; human readable bank number 
44cb			.b4:		cp 4 
44cb					jr nz, .b5 
44cb					res 3, c 
44cb					ld b, '4'    ; human readable bank number 
44cb			.b5:		cp 5 
44cb					jr nz, .bset 
44cb					res 4, c 
44cb					ld b, '5'    ; human readable bank number 
44cb			 
44cb			.bset: 
44cb					ld a, c 
44cb					ld (spi_device),a 
44cb					ld a, b 
44cb					ld (spi_device_id),a 
44cb					if DEBUG_FORTH_WORDS 
44cb						DMARK "BN2" 
44cb						CALLMONITOR 
44cb					endif 
44cb			 
44cb					; set default SPI clk pulse time as disabled for BANK use 
44cb			 
44cb					ld a, 0 
44cb					ld (spi_clktime), a 
44cb			 
44cb					NEXTW 
44cb			 
44cb			.CARTDEV: 
44cb				CWHEAD .ENDDEVICE 82 "CARTDEV" 7 WORD_FLAG_CODE 
44cb			; | CARTDEV ( u1 -- ) Select cart device 1-8 (Disables BANK). | DONE 
44cb			; | | Set to zero to disable devices. 
44cb					if DEBUG_FORTH_WORDS_KEY 
44cb						DMARK "CDV" 
44cb						CALLMONITOR 
44cb					endif 
44cb			 
44cb					; disable se storage bank selection 
44cb			 
44cb					ld a, SPI_CE_HIGH		; ce high 
44cb					ld (spi_device), a 
44cb			 
44cb					; get bank 
44cb			 
44cb					FORTH_DSP_VALUEHL     			; TODO skip type check and assume number.... lol 
44cb			 
44cb			;		push hl 
44cb			 
44cb					; destroy value TOS 
44cb			 
44cb					FORTH_DSP_POP  ; TODO add stock underflow checks and throws  
44cb			 
44cb					; one value on hl get other one back 
44cb			 
44cb			;		pop hl 
44cb			 
44cb					; active low 
44cb			 
44cb					ld c, 255 
44cb			 
44cb					ld a, l 
44cb					if DEBUG_FORTH_WORDS 
44cb						DMARK "CDV" 
44cb						CALLMONITOR 
44cb					endif 
44cb			;		cp 0 
44cb					or a 
44cb					jr z, .cset 
44cb					cp 1 
44cb					jr nz, .c2 
44cb					res 0, c 
44cb			.c2:		cp 2 
44cb					jr nz, .c3 
44cb					res 1, c 
44cb			.c3:		cp 3 
44cb					jr nz, .c4 
44cb					res 2, c 
44cb			.c4:		cp 4 
44cb					jr nz, .c5 
44cb					res 3, c 
44cb			.c5:		cp 5 
44cb					jr nz, .c6 
44cb					res 4, c 
44cb			.c6:		cp 6 
44cb					jr nz, .c7 
44cb					res 5, c 
44cb			.c7:		cp 7 
44cb					jr nz, .c8 
44cb					res 6, c 
44cb			.c8:		cp 8 
44cb					jr nz, .cset 
44cb					res 7, c 
44cb			.cset:		ld a, c 
44cb					ld (spi_cartdev),a 
44cb			 
44cb					if DEBUG_FORTH_WORDS 
44cb						DMARK "CD2" 
44cb						CALLMONITOR 
44cb					endif 
44cb			 
44cb					; set default SPI clk pulse time as 10ms for CARTDEV use 
44cb			 
44cb					ld a, $0a 
44cb					ld (spi_clktime), a 
44cb					NEXTW 
44cb			endif 
44cb			 
44cb			.ENDDEVICE: 
44cb			; eof 
44cb			 
# End of file forth_words_device.asm
44cb			 
44cb			; var handler 
44cb			 
44cb			 
44cb			.VARS: 
44cb				CWHEAD .V0 99 "VAR" 3 WORD_FLAG_CODE 
44cb 77				db WORD_SYS_CORE+99             
44cc 48 45			dw .V0            
44ce 04				db 3 + 1 
44cf .. 00			db "VAR",0              
44d3				endm 
# End of macro CWHEAD
44d3			; | VAR ( u1 -- )  Get the address of the (word) variable referenced on TOS  | DONE 
44d3			; | 
44d3			; | | The variable name should consist of a single letter (a-z). e.g. "a" 
44d3			; | |  
44d3			; | | e.g. 
44d3			; | |         #30 a var ! 
44d3			; | |         a var @ . 
44d3			; | |   
44d3			; | |     Displays the number 30 
44d3			; | | 
44d3			; | | Each variable pointer is a word so can use for any words that use that:  
44d3			; | |  
44d3			; | | e.g. 
44d3			; | |  
44d3			; | |         #30 a var 2! 
44d3			; | |         a var 2@ . 
44d3			; | |   
44d3			; | |     Displays the number 30 
44d3			; | |  
44d3			; | | > [!NOTE]  
44d3			; ! | > If a full string is passed then only the first char is looked at 
44d3			; | | > Any other char could exceed bounds checks!  
44d3			; | | > 
44d3			; | | > Each variable location follows the previous. Watch you don't clobber any others. 
44d3			 
44d3					if DEBUG_FORTH_WORDS_KEY 
44d3						DMARK "VAR" 
44d3				if DEMARK_VERSION = 1  
44d3 e5					push hl  
44d4 21 dc 44				ld hl, .dmark  
44d7 22 60 ee				ld (debug_mark), hl  
44da				endif  
44da				if DEMARK_VERSION = 0  
44da					push af  
44da					ld a, (.dmark)  
44da					ld (debug_mark),a  
44da					ld a, (.dmark+1)  
44da					ld (debug_mark+1),a  
44da					ld a, (.dmark+2)  
44da					ld (debug_mark+2),a  
44da				endif  
44da 18 04			jr .pastdmark  
44dc ..			.dmark: db "VAR"  
44df				if DEMARK_VERSION = 1  
44df 00					db 0  
44e0				endif  
44e0				if DEMARK_VERSION = 1  
44e0 e1			.pastdmark: pop hl  
44e1				endif  
44e1				if DEMARK_VERSION = 0  
44e1			.pastdmark: pop af  
44e1				endif  
44e1			endm  
# End of macro DMARK
44e1						CALLMONITOR 
44e1				if BASE_CPM=1  
44e1 cd 6b ee				call debug_vector  
44e4				endif  
44e4				if BASE_KEV=1  
44e4					rst 8  
44e4				endif  
44e4				endm  
# End of macro CALLMONITOR
44e4					endif 
44e4			 
44e4					FORTH_DSP_VALUEHL 
44e4				if BASE_CPM=1 
44e4 cd 96 1a			call macro_dsp_valuehl 
44e7				endif 
44e7				if BASE_KEV=1 
44e7					rst $18 
44e7				endif 
44e7				endm 
# End of macro FORTH_DSP_VALUEHL
44e7			 
44e7 7e					ld a, (hl)    ; get first char on of the string 
44e8			 
44e8			 
44e8					if DEBUG_FORTH_WORDS 
44e8						DMARK "VR1" 
44e8				if DEMARK_VERSION = 1  
44e8 e5					push hl  
44e9 21 f1 44				ld hl, .dmark  
44ec 22 60 ee				ld (debug_mark), hl  
44ef				endif  
44ef				if DEMARK_VERSION = 0  
44ef					push af  
44ef					ld a, (.dmark)  
44ef					ld (debug_mark),a  
44ef					ld a, (.dmark+1)  
44ef					ld (debug_mark+1),a  
44ef					ld a, (.dmark+2)  
44ef					ld (debug_mark+2),a  
44ef				endif  
44ef 18 04			jr .pastdmark  
44f1 ..			.dmark: db "VR1"  
44f4				if DEMARK_VERSION = 1  
44f4 00					db 0  
44f5				endif  
44f5				if DEMARK_VERSION = 1  
44f5 e1			.pastdmark: pop hl  
44f6				endif  
44f6				if DEMARK_VERSION = 0  
44f6			.pastdmark: pop af  
44f6				endif  
44f6			endm  
# End of macro DMARK
44f6						CALLMONITOR 
44f6				if BASE_CPM=1  
44f6 cd 6b ee				call debug_vector  
44f9				endif  
44f9				if BASE_KEV=1  
44f9					rst 8  
44f9				endif  
44f9				endm  
# End of macro CALLMONITOR
44f9					endif 
44f9					 
44f9 f5					push af	 
44fa					FORTH_DSP_POP 
44fa				if BASE_CPM=1 
44fa cd 2d 1b			call macro_forth_dsp_pop 
44fd				endif 
44fd				if BASE_KEV=1 
44fd					rst $10 
44fd				endif 
44fd				endm 
# End of macro FORTH_DSP_POP
44fd f1					pop af 
44fe			 
44fe					; convert to upper 
44fe			 
44fe cd 61 0e				call to_upper 
4501					if DEBUG_FORTH_WORDS 
4501						DMARK "Vaa" 
4501				if DEMARK_VERSION = 1  
4501 e5					push hl  
4502 21 0a 45				ld hl, .dmark  
4505 22 60 ee				ld (debug_mark), hl  
4508				endif  
4508				if DEMARK_VERSION = 0  
4508					push af  
4508					ld a, (.dmark)  
4508					ld (debug_mark),a  
4508					ld a, (.dmark+1)  
4508					ld (debug_mark+1),a  
4508					ld a, (.dmark+2)  
4508					ld (debug_mark+2),a  
4508				endif  
4508 18 04			jr .pastdmark  
450a ..			.dmark: db "Vaa"  
450d				if DEMARK_VERSION = 1  
450d 00					db 0  
450e				endif  
450e				if DEMARK_VERSION = 1  
450e e1			.pastdmark: pop hl  
450f				endif  
450f				if DEMARK_VERSION = 0  
450f			.pastdmark: pop af  
450f				endif  
450f			endm  
# End of macro DMARK
450f						CALLMONITOR 
450f				if BASE_CPM=1  
450f cd 6b ee				call debug_vector  
4512				endif  
4512				if BASE_KEV=1  
4512					rst 8  
4512				endif  
4512				endm  
# End of macro CALLMONITOR
4512					endif 
4512 06 41				ld b, 'A' 
4514 90					sub b			; set offset 
4515					if DEBUG_FORTH_WORDS 
4515						DMARK "Vbb" 
4515				if DEMARK_VERSION = 1  
4515 e5					push hl  
4516 21 1e 45				ld hl, .dmark  
4519 22 60 ee				ld (debug_mark), hl  
451c				endif  
451c				if DEMARK_VERSION = 0  
451c					push af  
451c					ld a, (.dmark)  
451c					ld (debug_mark),a  
451c					ld a, (.dmark+1)  
451c					ld (debug_mark+1),a  
451c					ld a, (.dmark+2)  
451c					ld (debug_mark+2),a  
451c				endif  
451c 18 04			jr .pastdmark  
451e ..			.dmark: db "Vbb"  
4521				if DEMARK_VERSION = 1  
4521 00					db 0  
4522				endif  
4522				if DEMARK_VERSION = 1  
4522 e1			.pastdmark: pop hl  
4523				endif  
4523				if DEMARK_VERSION = 0  
4523			.pastdmark: pop af  
4523				endif  
4523			endm  
# End of macro DMARK
4523						CALLMONITOR 
4523				if BASE_CPM=1  
4523 cd 6b ee				call debug_vector  
4526				endif  
4526				if BASE_KEV=1  
4526					rst 8  
4526				endif  
4526				endm  
# End of macro CALLMONITOR
4526					endif 
4526 cb 27				sla a  
4528				 
4528					 
4528					if DEBUG_FORTH_WORDS 
4528						DMARK "VR2" 
4528				if DEMARK_VERSION = 1  
4528 e5					push hl  
4529 21 31 45				ld hl, .dmark  
452c 22 60 ee				ld (debug_mark), hl  
452f				endif  
452f				if DEMARK_VERSION = 0  
452f					push af  
452f					ld a, (.dmark)  
452f					ld (debug_mark),a  
452f					ld a, (.dmark+1)  
452f					ld (debug_mark+1),a  
452f					ld a, (.dmark+2)  
452f					ld (debug_mark+2),a  
452f				endif  
452f 18 04			jr .pastdmark  
4531 ..			.dmark: db "VR2"  
4534				if DEMARK_VERSION = 1  
4534 00					db 0  
4535				endif  
4535				if DEMARK_VERSION = 1  
4535 e1			.pastdmark: pop hl  
4536				endif  
4536				if DEMARK_VERSION = 0  
4536			.pastdmark: pop af  
4536				endif  
4536			endm  
# End of macro DMARK
4536						CALLMONITOR 
4536				if BASE_CPM=1  
4536 cd 6b ee				call debug_vector  
4539				endif  
4539				if BASE_KEV=1  
4539					rst 8  
4539				endif  
4539				endm  
# End of macro CALLMONITOR
4539					endif 
4539			 
4539 21 d0 e9				ld hl, cli_var_array2 
453c cd f9 0b				call addatohl 
453f cd 08 19				call forth_push_numhl 
4542			 
4542			 
4542				       NEXTW 
4542 cd 68 ee			call parse_vector 
4545 c3 46 1c			jp macro_next 
4548				endm 
# End of macro NEXTW
4548			.V0: 
4548				CWHEAD .V0Q 100 "V0!" 3 WORD_FLAG_CODE 
4548 78				db WORD_SYS_CORE+100             
4549 63 45			dw .V0Q            
454b 04				db 3 + 1 
454c .. 00			db "V0!",0              
4550				endm 
# End of macro CWHEAD
4550			;| V0! ( u1 -- )  Store value to v0  | DONE 
4550			 
4550					FORTH_DSP_VALUEHL     			; TODO skip type check and assume number.... lol 
4550				if BASE_CPM=1 
4550 cd 96 1a			call macro_dsp_valuehl 
4553				endif 
4553				if BASE_KEV=1 
4553					rst $18 
4553				endif 
4553				endm 
# End of macro FORTH_DSP_VALUEHL
4553			 
4553 11 04 ea				ld de, cli_var_array 
4556			 
4556 eb					ex de, hl 
4557 73					ld (hl), e 
4558 23					inc hl 
4559 72					ld (hl), d 
455a			 
455a					; destroy value TOS 
455a			 
455a					FORTH_DSP_POP  ; TODO add stock underflow checks and throws  
455a				if BASE_CPM=1 
455a cd 2d 1b			call macro_forth_dsp_pop 
455d				endif 
455d				if BASE_KEV=1 
455d					rst $10 
455d				endif 
455d				endm 
# End of macro FORTH_DSP_POP
455d			 
455d				       NEXTW 
455d cd 68 ee			call parse_vector 
4560 c3 46 1c			jp macro_next 
4563				endm 
# End of macro NEXTW
4563			.V0Q: 
4563				CWHEAD .V1S 101 "V0@" 3 WORD_FLAG_CODE 
4563 79				db WORD_SYS_CORE+101             
4564 77 45			dw .V1S            
4566 04				db 3 + 1 
4567 .. 00			db "V0@",0              
456b				endm 
# End of macro CWHEAD
456b			;| V0@ ( --u )  Put value of v0 onto stack | DONE 
456b 2a 04 ea				ld hl, (cli_var_array) 
456e cd 08 19				call forth_push_numhl 
4571			 
4571				       NEXTW 
4571 cd 68 ee			call parse_vector 
4574 c3 46 1c			jp macro_next 
4577				endm 
# End of macro NEXTW
4577			.V1S: 
4577				CWHEAD .V1Q 102 "V1!" 3 WORD_FLAG_CODE 
4577 7a				db WORD_SYS_CORE+102             
4578 92 45			dw .V1Q            
457a 04				db 3 + 1 
457b .. 00			db "V1!",0              
457f				endm 
# End of macro CWHEAD
457f			;| V1! ( u1 -- )  Store value to v1 | DONE 
457f					FORTH_DSP_VALUEHL     			; TODO skip type check and assume number.... lol 
457f				if BASE_CPM=1 
457f cd 96 1a			call macro_dsp_valuehl 
4582				endif 
4582				if BASE_KEV=1 
4582					rst $18 
4582				endif 
4582				endm 
# End of macro FORTH_DSP_VALUEHL
4582			 
4582 11 06 ea				ld de, cli_var_array+2 
4585				 
4585 eb					ex de, hl 
4586 73					ld (hl), e 
4587 23					inc hl 
4588 72					ld (hl), d 
4589			 
4589					; destroy value TOS 
4589			 
4589					FORTH_DSP_POP  ; TODO add stock underflow checks and throws  
4589				if BASE_CPM=1 
4589 cd 2d 1b			call macro_forth_dsp_pop 
458c				endif 
458c				if BASE_KEV=1 
458c					rst $10 
458c				endif 
458c				endm 
# End of macro FORTH_DSP_POP
458c				       NEXTW 
458c cd 68 ee			call parse_vector 
458f c3 46 1c			jp macro_next 
4592				endm 
# End of macro NEXTW
4592			.V1Q: 
4592				CWHEAD .V2S 103 "V1@" 3 WORD_FLAG_CODE 
4592 7b				db WORD_SYS_CORE+103             
4593 a6 45			dw .V2S            
4595 04				db 3 + 1 
4596 .. 00			db "V1@",0              
459a				endm 
# End of macro CWHEAD
459a			;| V1@ ( --u )  Put value of v1 onto stack | DONE 
459a 2a 06 ea				ld hl, (cli_var_array+2) 
459d cd 08 19				call forth_push_numhl 
45a0				       NEXTW 
45a0 cd 68 ee			call parse_vector 
45a3 c3 46 1c			jp macro_next 
45a6				endm 
# End of macro NEXTW
45a6			.V2S: 
45a6				CWHEAD .V2Q 104 "V2!" 3 WORD_FLAG_CODE 
45a6 7c				db WORD_SYS_CORE+104             
45a7 c1 45			dw .V2Q            
45a9 04				db 3 + 1 
45aa .. 00			db "V2!",0              
45ae				endm 
# End of macro CWHEAD
45ae			;| V2! ( u1 -- )  Store value to v2 | DONE 
45ae					FORTH_DSP_VALUEHL     			; TODO skip type check and assume number.... lol 
45ae				if BASE_CPM=1 
45ae cd 96 1a			call macro_dsp_valuehl 
45b1				endif 
45b1				if BASE_KEV=1 
45b1					rst $18 
45b1				endif 
45b1				endm 
# End of macro FORTH_DSP_VALUEHL
45b1			 
45b1 11 08 ea				ld de, cli_var_array+4 
45b4				 
45b4 eb					ex de, hl 
45b5 73					ld (hl), e 
45b6 23					inc hl 
45b7 72					ld (hl), d 
45b8			 
45b8					; destroy value TOS 
45b8			 
45b8					FORTH_DSP_POP  ; TODO add stock underflow checks and throws  
45b8				if BASE_CPM=1 
45b8 cd 2d 1b			call macro_forth_dsp_pop 
45bb				endif 
45bb				if BASE_KEV=1 
45bb					rst $10 
45bb				endif 
45bb				endm 
# End of macro FORTH_DSP_POP
45bb				       NEXTW 
45bb cd 68 ee			call parse_vector 
45be c3 46 1c			jp macro_next 
45c1				endm 
# End of macro NEXTW
45c1			.V2Q: 
45c1				CWHEAD .V3S 105 "V2@" 3 WORD_FLAG_CODE 
45c1 7d				db WORD_SYS_CORE+105             
45c2 d5 45			dw .V3S            
45c4 04				db 3 + 1 
45c5 .. 00			db "V2@",0              
45c9				endm 
# End of macro CWHEAD
45c9			;| V2@ ( --u )  Put value of v2 onto stack | DONE 
45c9 2a 08 ea				ld hl, (cli_var_array+4) 
45cc cd 08 19				call forth_push_numhl 
45cf				       NEXTW 
45cf cd 68 ee			call parse_vector 
45d2 c3 46 1c			jp macro_next 
45d5				endm 
# End of macro NEXTW
45d5			.V3S: 
45d5				CWHEAD .V3Q 104 "V3!" 3 WORD_FLAG_CODE 
45d5 7c				db WORD_SYS_CORE+104             
45d6 f0 45			dw .V3Q            
45d8 04				db 3 + 1 
45d9 .. 00			db "V3!",0              
45dd				endm 
# End of macro CWHEAD
45dd			;| V3! ( u1 -- )  Store value to v3 | DONE 
45dd					FORTH_DSP_VALUEHL     			; TODO skip type check and assume number.... lol 
45dd				if BASE_CPM=1 
45dd cd 96 1a			call macro_dsp_valuehl 
45e0				endif 
45e0				if BASE_KEV=1 
45e0					rst $18 
45e0				endif 
45e0				endm 
# End of macro FORTH_DSP_VALUEHL
45e0			 
45e0 11 0a ea				ld de, cli_var_array+6 
45e3				 
45e3 eb					ex de, hl 
45e4 73					ld (hl), e 
45e5 23					inc hl 
45e6 72					ld (hl), d 
45e7			 
45e7					; destroy value TOS 
45e7			 
45e7					FORTH_DSP_POP  ; TODO add stock underflow checks and throws  
45e7				if BASE_CPM=1 
45e7 cd 2d 1b			call macro_forth_dsp_pop 
45ea				endif 
45ea				if BASE_KEV=1 
45ea					rst $10 
45ea				endif 
45ea				endm 
# End of macro FORTH_DSP_POP
45ea				       NEXTW 
45ea cd 68 ee			call parse_vector 
45ed c3 46 1c			jp macro_next 
45f0				endm 
# End of macro NEXTW
45f0			.V3Q: 
45f0				CWHEAD .END 105 "V3@" 3 WORD_FLAG_CODE 
45f0 7d				db WORD_SYS_CORE+105             
45f1 04 46			dw .END            
45f3 04				db 3 + 1 
45f4 .. 00			db "V3@",0              
45f8				endm 
# End of macro CWHEAD
45f8			;| V3@ ( --u )  Put value of v3 onto stack | DONE 
45f8 2a 0a ea				ld hl, (cli_var_array+6) 
45fb cd 08 19				call forth_push_numhl 
45fe				       NEXTW 
45fe cd 68 ee			call parse_vector 
4601 c3 46 1c			jp macro_next 
4604				endm 
# End of macro NEXTW
4604			 
4604			 
4604			 
4604			 
4604			 
4604			; end of dict marker 
4604			 
4604 00			.END:    db WORD_SYS_END 
4605 00 00			dw 0 
4607 00				db 0 
4608			 
4608			; use to jp here for user dict words to save on macro expansion  
4608			 
4608			user_dict_next: 
4608				NEXTW 
4608 cd 68 ee			call parse_vector 
460b c3 46 1c			jp macro_next 
460e				endm 
# End of macro NEXTW
460e			 
460e			 
460e			user_exec: 
460e				;    ld hl, <word code> 
460e				;    FORTH_RSP_NEXT - call macro_forth_rsp_next 
460e				;    call forthexec 
460e				;    jp user_dict_next   (NEXT) 
460e			        ;    <word code bytes> 
460e eb				ex de, hl 
460f 2a 9e e5			ld hl,(os_tok_ptr) 
4612				 
4612				FORTH_RSP_NEXT 
4612 cd af 18			call macro_forth_rsp_next 
4615				endm 
# End of macro FORTH_RSP_NEXT
4615			 
4615			if DEBUG_FORTH_UWORD 
4615						DMARK "UEX" 
4615				if DEMARK_VERSION = 1  
4615 e5					push hl  
4616 21 1e 46				ld hl, .dmark  
4619 22 60 ee				ld (debug_mark), hl  
461c				endif  
461c				if DEMARK_VERSION = 0  
461c					push af  
461c					ld a, (.dmark)  
461c					ld (debug_mark),a  
461c					ld a, (.dmark+1)  
461c					ld (debug_mark+1),a  
461c					ld a, (.dmark+2)  
461c					ld (debug_mark+2),a  
461c				endif  
461c 18 04			jr .pastdmark  
461e ..			.dmark: db "UEX"  
4621				if DEMARK_VERSION = 1  
4621 00					db 0  
4622				endif  
4622				if DEMARK_VERSION = 1  
4622 e1			.pastdmark: pop hl  
4623				endif  
4623				if DEMARK_VERSION = 0  
4623			.pastdmark: pop af  
4623				endif  
4623			endm  
# End of macro DMARK
4623				CALLMONITOR 
4623				if BASE_CPM=1  
4623 cd 6b ee				call debug_vector  
4626				endif  
4626				if BASE_KEV=1  
4626					rst 8  
4626				endif  
4626				endm  
# End of macro CALLMONITOR
4626			endif 
4626			 
4626			 
4626			 
4626 eb				ex de, hl 
4627 22 9e e5			ld (os_tok_ptr), hl 
462a				 
462a				; Don't use next - Skips the first word in uword. 
462a			 
462a c3 c7 1c			jp exec1 
462d			;	NEXT 
462d			 
462d			 
462d			; eof 
# End of file forth_wordsv4.asm
462d			endif 
462d			;;;;;;;;;;;;;; Debug code 
462d			 
462d			 
462d			;if DEBUG_FORTH_PARSE 
462d .. 00		.nowordfound: db "No match",0 
4636 .. 00		.compword:	db "Comparing word ",0 
4646 .. 00		.nextwordat:	db "Next word at",0 
4653 .. 00		.charmatch:	db "Char match",0 
465e			;endif 
465e			if DEBUG_FORTH_JP 
465e			.foundword:	db "Word match. Exec..",0 
465e			endif 
465e			;if DEBUG_FORTH_PUSH 
465e .. 00		.enddict:	db "Dict end. Push.",0 
466e .. 00		.push_str:	db "Pushing string",0 
467d .. 00		.push_num:	db "Pushing number",0 
468c .. 00		.data_sp:	db "SP:",0 
4690 .. 00		.wordinhl:	db "Word in HL (2/0):",0 
46a2 .. 00		.wordinde:	db "Word in DE (3/0):",0 
46b4 .. 00		.wordinbc:	db "Word in BC (4/0):",0 
46c6			;endif 
46c6			;if DEBUG_FORTH_MALLOC 
46c6 .. 00		.push_malloc:	db "Malloc address",0 
46d5			;endif 
46d5			 
46d5			 
46d5			 
46d5			; display malloc address and current data stack pointer  
46d5			 
46d5			malloc_error: 
46d5 d5				push de 
46d6 f5				push af 
46d7 e5				push hl 
46d8 cd b9 09			call clear_display 
46db 11 fc 46			ld de, .mallocerr 
46de 3e 00			ld a,0 
46e0			;	ld de,os_word_scratch 
46e0 cd cb 09			call str_at_display 
46e3 3e 11			ld a, display_row_1+17 
46e5			if DEMARK_VERSION = 1 
46e5 ed 5b 60 ee		ld de, (debug_mark) 
46e9			endif 
46e9			 
46e9			if DEMARK_VERSION = 0 
46e9				ld de, debug_mark 
46e9			endif 
46e9			 
46e9 cd cb 09			call str_at_display 
46ec cd f1 09			call update_display 
46ef				;call break_point_state 
46ef cd 2d 5b			call cin_wait 
46f2			 
46f2			;	ld a, ' ' 
46f2			;	ld (os_view_disable), a 
46f2 cd 6a 12			call bp_on 
46f5 e1				pop hl 
46f6 f1				pop af 
46f7 d1				pop de	 
46f8				CALLMONITOR 
46f8				if BASE_CPM=1  
46f8 cd 6b ee				call debug_vector  
46fb				endif  
46fb				if BASE_KEV=1  
46fb					rst 8  
46fb				endif  
46fb				endm  
# End of macro CALLMONITOR
46fb c9				ret 
46fc			 
46fc .. 00		.mallocerr: 	db "Malloc Error",0 
4709			;if DEBUG_FORTH_PUSH 
4709			display_data_sp: 
4709 f5				push af 
470a			 
470a				; see if disabled 
470a			 
470a			 
470a 3a 6b ee			ld a, (debug_vector) 
470d fe c9			cp $C9  ; RET 
470f				;ld a, (os_view_disable) 
470f				;cp '*' 
470f 28 66			jr z, .skipdsp 
4711			 
4711 e5				push hl 
4712 e5				push hl 
4713 e5			push hl 
4714 cd b9 09			call clear_display 
4717 e1			pop hl 
4718 7c				ld a,h 
4719 21 a2 e5			ld hl, os_word_scratch 
471c cd f5 0d			call hexout 
471f e1				pop hl 
4720 7d				ld a,l 
4721 21 a4 e5			ld hl, os_word_scratch+2 
4724 cd f5 0d			call hexout 
4727 21 a6 e5			ld hl, os_word_scratch+4 
472a			;	ld a,0 
472a 36 00			ld (hl),0 
472c 11 a2 e5			ld de,os_word_scratch 
472f 3e 28				ld a, display_row_2 
4731 cd cb 09				call str_at_display 
4734 11 90 46			ld de, .wordinhl 
4737 3e 00			ld a, display_row_1 
4739			 
4739 cd cb 09				call str_at_display 
473c			;	ld de, debug_mark 
473c			if DEMARK_VERSION = 1 
473c ed 5b 60 ee		ld de, (debug_mark) 
4740			endif 
4740			 
4740			if DEMARK_VERSION = 0 
4740				ld de, debug_mark 
4740			endif 
4740 3e 11			ld a, display_row_1+17 
4742			 
4742 cd cb 09				call str_at_display 
4745			 
4745				; display current data stack pointer 
4745 11 8c 46			ld de,.data_sp 
4748 3e 30				ld a, display_row_2 + 8 
474a cd cb 09				call str_at_display 
474d			 
474d 2a ca e9			ld hl,(cli_data_sp) 
4750 e5				push hl 
4751 7c				ld a,h 
4752 21 a2 e5			ld hl, os_word_scratch 
4755 cd f5 0d			call hexout 
4758 e1				pop hl 
4759 7d				ld a,l 
475a 21 a4 e5			ld hl, os_word_scratch+2 
475d cd f5 0d			call hexout 
4760 21 a6 e5			ld hl, os_word_scratch+4 
4763			;	ld a,0 
4763 36 00			ld (hl),0 
4765 11 a2 e5			ld de,os_word_scratch 
4768 3e 33				ld a, display_row_2 + 11 
476a cd cb 09				call str_at_display 
476d			 
476d			 
476d cd f1 09			call update_display 
4770 cd ed 08			call delay1s 
4773 cd ed 08			call delay1s 
4776 e1				pop hl 
4777			.skipdsp: 
4777 f1				pop af 
4778 c9				ret 
4779			 
4779			display_data_malloc: 
4779			 
4779 f5				push af 
477a e5				push hl 
477b e5				push hl 
477c e5			push hl 
477d cd b9 09			call clear_display 
4780 e1			pop hl 
4781 7c				ld a,h 
4782 21 a2 e5			ld hl, os_word_scratch 
4785 cd f5 0d			call hexout 
4788 e1				pop hl 
4789 7d				ld a,l 
478a 21 a4 e5			ld hl, os_word_scratch+2 
478d cd f5 0d			call hexout 
4790 21 a6 e5			ld hl, os_word_scratch+4 
4793			;	ld a,0 
4793 36 00			ld (hl),0 
4795 11 a2 e5			ld de,os_word_scratch 
4798 3e 28				ld a, display_row_2 
479a cd cb 09				call str_at_display 
479d 11 c6 46			ld de, .push_malloc 
47a0 3e 00			ld a, display_row_1 
47a2			 
47a2 cd cb 09				call str_at_display 
47a5			 
47a5				; display current data stack pointer 
47a5 11 8c 46			ld de,.data_sp 
47a8 3e 30				ld a, display_row_2 + 8 
47aa cd cb 09				call str_at_display 
47ad			 
47ad 2a ca e9			ld hl,(cli_data_sp) 
47b0 e5				push hl 
47b1 7c				ld a,h 
47b2 21 a2 e5			ld hl, os_word_scratch 
47b5 cd f5 0d			call hexout 
47b8 e1				pop hl 
47b9 7d				ld a,l 
47ba 21 a4 e5			ld hl, os_word_scratch+2 
47bd cd f5 0d			call hexout 
47c0 21 a6 e5			ld hl, os_word_scratch+4 
47c3			;	ld a,0 
47c3 36 00			ld (hl),0 
47c5 11 a2 e5			ld de,os_word_scratch 
47c8 3e 33				ld a, display_row_2 + 11 
47ca cd cb 09				call str_at_display 
47cd			 
47cd cd f1 09			call update_display 
47d0 cd ed 08			call delay1s 
47d3 cd ed 08			call delay1s 
47d6 e1				pop hl 
47d7 f1				pop af 
47d8 c9				ret 
47d9			;endif 
47d9			 
47d9			include "forth_autostart.asm" 
47d9			; list of commands to perform at system start up 
47d9			 
47d9			startcmds: 
47d9			;	dw test11 
47d9			;	dw test12 
47d9			;	dw test13 
47d9			;	dw test14 
47d9			;	dw test15 
47d9			;	dw test16 
47d9			;	dw test17 
47d9			;	dw ifthtest1 
47d9			;	dw ifthtest2 
47d9			;	dw ifthtest3 
47d9			;	dw mmtest1 
47d9			;	dw mmtest2 
47d9			;	dw mmtest3 
47d9			;	dw mmtest4 
47d9			;	dw mmtest5 
47d9			;	dw mmtest6 
47d9			;	dw iftest1 
47d9			;	dw iftest2 
47d9			;	dw iftest3 
47d9			;	dw looptest1 
47d9			;	dw looptest2 
47d9			;	dw test1 
47d9			;	dw test2 
47d9			;	dw test3 
47d9			;	dw test4 
47d9			;	dw game2r 
47d9			;	dw game2b1 
47d9			;	dw game2b2 
47d9			 
47d9				; start up words that are actually useful 
47d9			 
47d9			;    dw spi1 
47d9			;    dw spi2 
47d9			;    dw spi3 
47d9			;    dw spi4 
47d9			;    dw spi5 
47d9			;    dw spi6 
47d9			;    dw spi7 
47d9			; 
47d9			;    dw spi8 
47d9			;    dw spi9 
47d9			;    dw spi10 
47d9			 
47d9			; file editor 
47d9			;	dw edit1 
47d9			;	dw edit2 
47d9			;	dw edit3 
47d9			 
47d9			;	dw longread 
47d9 b0 4c			dw clrstack 
47db e4 4c			dw type 
47dd 09 4d			dw ztype 
47df b0 4e			dw nip 
47e1 9d 4e			dw tuck 
47e3			;	dw stest 
47e3 40 4d			dw strncpy 
47e5 c2 4e			dw list 
47e7 a1 4d			dw start1 
47e9 b1 4d			dw start2 
47eb			;	dw start3 
47eb			;	dw start3b 
47eb			;	dw start3c 
47eb			 
47eb				; (unit) testing words 
47eb			 
47eb			;	dw mtesta 
47eb			;	dw mtestb 
47eb			;	dw mtestc 
47eb			;	dw mtestd 
47eb			;	dw mteste 
47eb			 
47eb				; demo/game words 
47eb			 
47eb			;        dw game3w 
47eb			;        dw game3p 
47eb			;        dw game3sc 
47eb			;        dw game3vsi 
47eb			;        dw game3vs 
47eb				 
47eb			;	dw game2b 
47eb			;	dw game2bf 
47eb			;	dw game2mba 
47eb			;	dw game2mbas 
47eb			;	dw game2mb 
47eb			 
47eb f3 50			dw game1 
47ed 04 51			dw game1a 
47ef 66 51			dw game1b 
47f1 9b 51			dw game1c 
47f3 d1 51			dw game1d 
47f5 02 52			dw game1s 
47f7 16 52			dw game1t 
47f9 2b 52			dw game1f 
47fb 5f 52			dw game1z 
47fd a3 52			dw game1zz 
47ff			 
47ff 2c 4f			dw test5 
4801 64 4f			dw test6 
4803 9c 4f			dw test7 
4805 b0 4f			dw test8 
4807 dc 4f			dw test9 
4809 f2 4f			dw test10 
480b				 
480b 7a 53		        dw ssv5 
480d 5e 53		        dw ssv4 
480f 42 53		        dw ssv3 
4811 0c 53		        dw ssv2 
4813 93 53		        dw ssv1 
4815 db 53		        dw ssv1cpm 
4817			;	dw keyup 
4817			;	dw keydown 
4817			;	dw keyleft 
4817			;	dw keyright 
4817			;	dw 	keyf1 
4817			;	dw keyf2 
4817			;	dw keyf3 
4817			;	dw keyf4 
4817			;	dw keyf5 
4817			;	dw keyf6 
4817			;	dw keyf7 
4817			;	dw keyf8 
4817			;	dw keyf9 
4817			;	dw keyf10 
4817			;	dw keyf11 
4817			;	dw keyf12 
4817			;	dw keytab 
4817			;	dw keycr 
4817			;	dw keyhome 
4817			;	dw keyend 
4817			;	dw keybs 
4817 00 00			db 0, 0	 
4819			 
4819			 
4819			; File Editor 
4819			 
4819			; ( id - ) use 'e' to edit the displayed line 
4819 .. 00		edit1: db ": edc waitk $65 = if ede then ; ", 0 
483a .. 00		edit2: db ": ede storepage ptr $02 + cls dedit filepage bupd ; ", 0 
486f			;edit2: db ": ede v1@ v0@ record drop storepage ptr $02 + cls dedit filepage bupd ; ", 0 
486f .. 00		edit3: db ": ed dup v0! open $01 do i v0@ record cls . edc loop ; ",0 
48a7			;edit3: db ": ed dup v0! open $01 do i v0@ record cls . i v1! edc loop ; ",0 
48a7			 
48a7			; SPI esp wifi support words 
48a7			 
48a7			; v0! = node to send to 
48a7			; ( str count - ) 
48a7 .. 00		spi1:       db ": uarttype spiceh $00 do dup i + @ spicel $60 spio spio spiceh loop ; ",0 
48ee .. 00		spi1b:      db ": espdebug spicel $14 spio spio spiceh ; ",0 
4918			; spiputc ( char - ) 
4918 .. 00		spi2:       db ": uartputc spicel $60 spio ptr @ spio spiceh ; ",0 
4948			; spipool ( u -- ) 
4948 .. 00		spi2b:       db ": setpool spicel $42 spio spio spiceh ; ",0 
4971			; spiputc ( u node - ) 
4971			;spi2b:       db ": spiputb spicel $10 spio spio spio spiceh ; ",0 
4971			 
4971			; spigetc ( - n ) 
4971 .. 00		spi4:       db ": uartgetc spicel $61 spio spii spiceh ; ", 0 
499b			 
499b			; getnode ( - n ) 
499b .. 00		spi5:       db ": pooltopc spicel $45 spio spiceh  ; ", 0 
49c1			;spi5:       db ": getnode spicel $18 spio spii nop spiceh ; ", 0 
49c1 .. 00		spi3:       db ": poolfrompc spicel $46 spio spiceh ; ", 0 
49e8 .. 00		spi3a:      db ": poolclr spicel $43 spio spiceh ; ",0 
4a0c			; ( str node - )  
4a0c			;spi3:       db ": sendnode v0! count spiceh $00 do dup i + @ v0@ spicel $10 spio spio spio spiceh $01 pause loop ; ; ",0 
4a0c			; store string ( str i - ) 
4a0c			 
4a0c			;spi3:       db ": storestrold spicel $03 spio spio ptr count clkstro spiceh ; ", 0 
4a0c .. 00		spi6:       db ": poolstrz spicel $41 spio spistrz spiceh ; ", 0 
4a39			;spi6:       db ": storestr spicel $12 spio spio count $00 do dup i + @ spio $01 pause loop spiceh ; ", 0 
4a39			 
4a39			; get string ( addr i -  )    TO FIX 
4a39			; TODO causes a crash 
4a39 .. 00		spi7:       db ": getpool spicel $40 spio bot-string repeat spii dup concat #0 = not until spiceh ; ", 0 
4a8e			 
4a8e			 
4a8e			; user word backup 
4a8e			; ubie 
4a8e			; ubiall 
4a8e			 
4a8e .. 00		spib1: db ": uball $01 do cls ptr count type list cr concat poolstrz 2drop loop ; ",0 
4ad6			;spib1: db ": uball $01 do cls ptr count type list cr concat spicel $41 spio spistrz spiceh 2drop loop ; ",0 
4ad6 .. 00		spib2: db ": ub $01 do cls ptr count type waitk $79 = if list cr concat poolstrz drop then 2drop loop ; ", 0 
4b34			;spib2: db ": ubie $01 do cls ptr count type waitk $79 = if list cr concat count soctype drop then 2drop loop ;", 0 
4b34 .. 00		spib3: db ": spistrz ptr count #0 do dup i + @ spio loop ; ",0 
4b65			;spib3: db ": spistrz ptr count $00 do dup i + @ spio $01 pause loop ;",0 
4b65 .. 00		spib4: db ": uballt $01 do cls ptr count type list cr concat count spitype 2drop loop ; ",0 
4bb3 .. 00		spib7: db ": esp devsav #2 cartdev ; ",0 
4bce			;spib4: db ": soccon spicel $22 spio spistrz ;",0 
4bce			;spib5: db ": soctype aa ;",0 
4bce			;spib5: db ": soctype spiceh spicel $00 do dup i + @ $20 spio spio loop ;",0 
4bce			 
4bce			 
4bce			; NETCHAT (TODO) 
4bce			; Program to allow two nodes to chat with eachother 
4bce			; 
4bce			; v0 - target node 
4bce			;  
4bce			; accept input at 0,0 
4bce			; if input is string send spitype to target node 
4bce			; starting at row 2,0 , while spigetchr is not zero ->  
4bce			; 
4bce			; 
4bce			; TODO add paging of get request 
4bce			 
4bce			; ( node - ) 
4bce			;spi8:		db ": netchatp $00 $00 at accept ;", 0 
4bce			;spi9: 		db ": netchatr repeat spigetchr dup dup $00 = not if emit then $00 = not until $02 pause ; ",0 
4bce			;spi10:		db ": netchat v0! repeat netchatp count dup $00 > if spitype $01 pause then cls $00 $03 at \">\" . netchatr true until nop ; ", 0 
4bce			 
4bce .. 00		scancode: 	db ": scancode repeat key dup cls chr .> bl ,> .  until ; ",0 
4c05			 
4c05 .. 00		repstr1:	db "( str ct --- long string ) ",0 
4c21 .. 00		repstr2:	db ": r over swap #1 do over concat loop ; ",0 
4c49			 
4c49 .. 00		execuword: 	db ": exec ( cmd --- ) uptr call ; ",0 
4c69			 
4c69			; Long read of currently open file 
4c69 .. 00		longread:   db ": lread read repeat readcont if read concat then readcont until nop ; ", 0 
4cb0			 
4cb0			; clear stack  
4cb0			 
4cb0 .. 00		clrstack:  db ": clrstk depth ?dup if $01 do drop loop then nop ; ", 0 
4ce4			 
4ce4			; type ( addr count - ) 
4ce4 .. 00		type:     db ": type $00 do dup i + @ emit loop ; ", 0 
4d09 .. 00		ztype:     db ": ztype repeat dup @ emit #1 + dup @ #0 = not until ; ", 0 
4d40			 
4d40			; some direct memory words 
4d40			; strncpy ( len t f -- t ) 
4d40			 
4d40 .. 00		strncpy:   db ": strncpy $00 scratch 2! $02 scratch 2! do $00 scratch 2@ i + @ $02 scratch 2@ i + ! loop nop  ;",0 
4da1			 
4da1 .. 00		start1:     	db ": bpon $00 bp ;",0 
4db1 .. 00		start2:     	db ": bpoff $01 bp ;",0 
4dc2 .. 00		start3b:         db ": ls dir cls drop dup $00 > if $01 do $08 $04 at . $01 $04 at . $04 $04 at . $23 $04 at accept drop scroll loop then nop ;",0 
4e3d .. 00		start3c:         db ": dirlist dir cls drop dup $00 > if $01 do \"/\" .> .> \"Ext:\" .> .> \"Id: \" .> .>  loop then nop ;",0 
4e9d			 
4e9d .. 00		tuck:         db ": tuck swap over ;", 0 
4eb0 .. 00		nip:         db ": nip swap drop ;", 0 
4ec2			 
4ec2			; a handy word to list items on the stack 
4ec2			 
4ec2 .. 00		list:            db ": more cls repeat scroll $01 $04 at depth . $0a $04 at .> $01 $01 at accept drop depth 0= not until nop ;",0 
4f2c			 
4f2c			 
4f2c			; test stack  
4f2c			; rnd8 stest 
4f2c			 
4f2c			;stest:   db ": stest cls  v0! v0@ $00 do rnd8 $01 $01 at i . $01 pause loop v0@ $00 do drop $12 $01 at depth . $01 pause loop nop ;",0  
4f2c			 
4f2c			; random malloc and free cycles 
4f2c			 
4f2c			;mtesta:      db ": mtesta $01 v0! repeat heap cls $01 $01 at v0@ . v0@ $01 + v0! $08 $01 at . $08 $02 at . rnd8 dup $13 $01 at . malloc heap $1f $01 at . $1f $02 at . $01 pause free $01 until nop ;", 0 
4f2c			 
4f2c			; fixed malloc and free cycles 
4f2c			 
4f2c			;mtestb:      db ": mtestb $01 v0! repeat heap cls $01 $01 at v0@ . v0@ $01 + v0! $08 $01 at . $08 $02 at . $80 malloc heap $1f $01 at . $1f $02 at . $01 pause free $01 until nop ;", 0 
4f2c			 
4f2c			; fixed double string push and drop cycle  
4f2c			 
4f2c			;mtestc:      db ": mtestc $01 v0! repeat heap cls $01 $01 at v0@ . v0@ $01 + v0! $08 $01 at . $08 $02 at . $80 spaces $2f spaces  heap $1f $01 at . $1f $02 at . $01 pause drop drop $01 until nop ; ", 0 
4f2c			 
4f2c			; consistent fixed string push and drop cycle  
4f2c			 
4f2c			;mtestd:      db ": mtestd $01 v0! repeat heap cls $01 $01 at v0@ . v0@ $01 + v0! $08 $01 at . $08 $02 at . $80 spaces heap $1f $01 at . $1f $02 at . $01 pause drop $01 until nop ; ", 0 
4f2c			 
4f2c			;mteste:      db ": mteste $01 v0! repeat heap cls $01 $01 at v0@ . v0@ $01 + v0! $08 $01 at . $08 $02 at . rnd8 dup spaces $0f $02 at . heap $1f $01 at . $1f $02 at . $01 pause drop $01 until nop ; ", 0 
4f2c			 
4f2c			;test1:		db ": aa 1 2 3 ;", 0 
4f2c			;test2:     	db "111 aa 888 999",0 
4f2c			;test3:     	db ": bb 77 ;",0 
4f2c			;test4:     	db "$02 $01 do i . loop bb",0 
4f2c			 
4f2c .. 00		test5:     	db ": hline $13 $00 do i $01 at 1 . i $04 at 1 . loop nop ;",0 
4f64 .. 00		test6:     	db ": vline $04 $01 do $00 i at 1 . $13 i at 1 . loop nop ;",0 
4f9c .. 00		test7:     	db ": box hline vline ;",0 
4fb0 .. 00		test8:     	db ": world cls box $03 $03 at Hello-World! . ;",0 
4fdc .. 00		test9:     	db ": sw $01 adsp world ;",0 
4ff2 .. 00		test10:     	db ": fw $00 adsp world draw $05 pause ;",0 
5017			;test11:     	db "hello create .",0 
5017			;test12:     	db "hello2 create .",0 
5017			 
5017			;mmtest1:     	db "cls $0001 $0008 MIN . $0002 pause",0 
5017			;mmtest2:     	db "cls $0101 $0008 MIN . $0002 pause",0 
5017			;mmtest3:     	db "cls $0001 $0008 MAX . $0002 pause",0 
5017			;mmtest4:     	db "cls $0101 $0008 MAX . $0002 pause",0 
5017			;mmtest5:     	db "cls $0001 $0001 MIN . $0002 pause",0 
5017			;mmtest6:     	db "cls $0001 $0001 MAX . $0002 pause",0 
5017			 
5017			;iftest1:     	db "$0001 IF cls .",0 
5017			;iftest2:     	db "$0000 IF cls .",0 
5017			;iftest3:     	db "$0002 $0003 - IF cls .",0 
5017			;looptest1:     	db "$0003 $0001 do i . loop 8",0 
5017			;looptest2:     	db "$0003 $0001 do i . $0001 pause loop 8",0 
5017			 
5017			;ifthtest1:     	db "$0001 IF is-true . $0005 pause THEN next-word . $0005 pause",0 
5017			;ifthtest2:     	db "$0000 IF is-true . $0005 pause THEN next-word . $0005 pause",0 
5017			;ifthtest3:     	db "$0002 $0003 - IF is-true . $0005 pause THEN next-word . $0005 pause",0 
5017			 
5017			 
5017 .. 00		sound1: db ": note spicel spio spiceh spicel ; ",0 
503b .. 00		sound2: db ": slient $9f note $bf note $df note $ff note ; ", 0 
506b .. 00		sound3: db ": sound $01 cartdev $00 spitime ! ; ",0 
5090 .. 00		sound4: db ": cha $00 ; ",0 
509d .. 00		sound5: db ": chb $20 ; ",0 
50aa .. 00		sound6: db ": chc $40 ; ",0 
50b7 .. 00		sound7: db ": chd $60 ; ",0 
50c4 .. 00		sound8: db ": cnote $80 + + note ; ", 0 
50dc .. 00		sound9: db ": cvol $90 + + note ; ", 0 
50f3			 
50f3			 
50f3			 
50f3			 
50f3			; a small guess the number game 
50f3			 
50f3 .. 00		game1:          db ": gsn rnd8 v1! ;",0 
5104 .. 00		game1a:          db ": gs $00 $00 at Enter-a-number .- $00 $02 at between-1-and-255 .- $00 $03 at accept str2num v2! ;",0 
5166			 
5166 .. 00		game1b:          db ": gcb v2@ v1@ < if $00 $00 at Too-low! .- $01 then ;",0 
519b .. 00		game1c:          db ": gcc v2@ v1@ > if $00 $00 at Too-high! .- $01 then ;",0 
51d1 .. 00		game1d:          db ": gcd v2@ v1@ = if $00 $00 at Yes! .- $00 then ;",0 
5202 .. 00		game1s:          db ": gck gcb gcc gcd ;",0 
5216 .. 00		game1t:          db ": sc v3@ $01 + v3! ;",0 
522b .. 00		game1f:          db ": fsc v3@ cls $01 $01 at You-Took .- $02 $03 at . ;",0 
525f .. 00		game1z:         db ": ga $00 v3! gsn repeat cls gs cls gck $02 pause sc until fsc nop ;",0 
52a3			 
52a3			; Using 'ga' save a high score across multiple runs using external storage 
52a3			 
52a3 .. 00		game1zz:         db ": gas ga $01 bank $80 bread $01 $04 at Prev-Score .> storepage ptr $02 + dup 2@ . v3@ swap 2! $80 bupd ;",0 
530c			 
530c			 
530c			;game2r:          db ": m2r rnd8 v1! ;  ",0, 0, 0, FORTH_END_BUFFER 
530c			;game2b1:          db ": m2b1 $1f $00 do i v2@ at rnd8 $30 < if A . then loop nop ;  ",0, 0, 0, FORTH_END_BUFFER 
530c			;game2b2:          db ": m2b cls $04 $01 do i v2! m2b1 loop ;  ",0, 0, 0, FORTH_END_BUFFER 
530c			 
530c			; simple screen saver to test code memory reuse to destruction 
530c			 
530c .. 00		ssv2:            db ": ssvchr $2a $2d rnd dup $2c = if drop $20 then nop ;",0 
5342 .. 00		ssv3:            db ": ssvposx $01 $27 rnd v0! ;",0 
535e .. 00		ssv4:            db ": ssvposy $01 $05 rnd v1! ;",0 
537a .. 00		ssv5:            db ": ssvt ssvposx ssvposy ;",0 
5393 .. 00		ssv1:          db ": ssv cls repeat ssvposx ssvposy v0@ v1@ at ssvchr emit $01 until nop ;",0 
53db .. 00		ssv1cpm:          db ": ssvcpm cls repeat ssvposx ssvposy v0@ v1@ at ssvchr emit $01 pausems $01 until nop ;",0 
5432			;ssv1:          db ": ssv cls repeat ssvt v0@ v1@ at ssvchr emit $01 until nop ;",0 
5432			;ssv1:          db ": ssv ssvposx ssvposy at ssvchr ;",0 
5432			;ssv1:            db ": ssv repeat ssvpos rnd8 $10 if               $01 until nop ;",0 
5432			;ssv2:            db ": ssvchr v0! v1! at? ;",0 
5432			;ssv5:            db ": ssvt ssvposx ssvposy v0@ .> v1@ .> ;",0 
5432			;ssv2:            db ": ssvchr $2a $2d rnd  ;",0 
5432			 
5432			 
5432			 
5432			; minesweeper/battleship finding game 
5432			; draws a game board of random ship/mine positions 
5432			; user enters coords to see if it hits on 
5432			; game ends when all are hit 
5432			; when hit or miss says how many may be in the area 
5432			 
5432			; setup the game board and then hide it 
5432			;game2b:          db ": mbsetup $02 fb cls $04 $01 do i v2! $10 $01 do i v2@ at rnd8 $30 < if A . then loop loop $05 pause $01 fb ;",0 
5432			;game2bf:         db ": mbsetupf cls $04 $01 do i v2! $10 $01 do i v2@ at \"+\" . loop loop nop ;",0 
5432			;; prompt for where to target 
5432			;game2mba:        db ": mbp $12 $04 at Turns .> v3@ . $12 $03 at Score .> v0@ . $12 $01 at Enter-X-__ .- $1a $01 at accept $12 $02 at Enter-Y-__ .- $1a $02 at accept nop ;", 0  
5432			;game2mbas:        db ": mbsv str2num v2! str2num v1! nop ;", 0  
5432			;; TODO see if the entered coords hits or misses pushes char hit of miss 
5432			;game2mbht:      db ": mbckht nop ;",0 
5432			;game2mbms:      db ": mbcms nop ;",0 
5432			; TODO how many might be near by 
5432			;game2mb:          db ": mb $00 v0! $00 v3! mbsetup mbsetupf repeat mbp mbsv $02 fb mbckht mbcms v1@ v2@ at@ $01 fb v1@ v2@ at emit $01 until nop ;",0 
5432			 
5432			; Game 3 
5432			 
5432			; Vert scroller ski game - avoid the trees! 
5432			 
5432			; v0 score (ie turns) 
5432			; v1 player pos 
5432			; v2 left wall 
5432			; v3 right wall 
5432			 
5432			; Draw side walls randomly 
5432			 
5432			;game3w:   db ": vsw v2@ $04 at \"|\" . v3@ $04 at \"|\" . nop ;", 0 
5432			 
5432			; Draw player 
5432			;game3p:   db ": vsp v1@ $01 at \"V\" . nop ; ", 0 
5432			 
5432			; TODO Get Key 
5432			 
5432			; TODO Move left right 
5432			 
5432			; scroll and move walls a bit 
5432			 
5432			;game3sc:  db ": vsscl v2@ $01 + v2! v3@ $01 - v3! scroll nop ;", 0 
5432			 
5432			; main game loop 
5432			 
5432			;game3vsi:    db ": vsi $00 v0! $01 v2! $12 v3! $06 v1! nop ;",0 
5432			;game3vs:    db ": vs vsi repeat vsw vsp vsscl $05 pause scroll $01 until nop ;",0 
5432			 
5432			; key board defs 
5432			 
5432 .. 00		keyup:       db ": keyup $05 ;",0 
5440 .. 00		keydown:       db ": keydown $0a ;",0 
5450 .. 00		keyleft:       db ": keyleft $0b ;",0 
5460 .. 00		keyright:       db ": keyright $0c ;",0 
5471 .. 00		keyf1:       db ": keyf1 $10 ;",0 
547f .. 00		keyf2:       db ": keyf2 $11 ;",0 
548d .. 00		keyf3:       db ": keyf3 $12 ;",0 
549b .. 00		keyf4:       db ": keyf4 $13 ;",0 
54a9 .. 00		keyf5:       db ": keyf5 $14 ;",0 
54b7 .. 00		keyf6:       db ": keyf6 $15 ;",0 
54c5 .. 00		keyf7:       db ": keyf7 $16 ;",0 
54d3 .. 00		keyf8:       db ": keyf8 $17 ;",0 
54e1 .. 00		keyf9:       db ": keyf9 $18 ;",0 
54ef .. 00		keyf10:       db ": keyf10 $19 ;",0 
54fe .. 00		keyf11:       db ": keyf11 $1a ;",0 
550d .. 00		keyf12:       db ": keyf12 $1b ;",0 
551c			 
551c .. 00		keytab:       db ": keytab $09 ;",0 
552b .. 00		keycr:       db ": keycr $0d ;",0 
5539 .. 00		keyhome:       db ": keyhome $0e ;",0 
5549 .. 00		keyend:       db ": keyend $0f ;",0 
5558 .. 00		keybs:       db ": keybs $08 ;",0 
5566			 
5566			; Test tape support 
5566			 
5566			 
5566			   
5566 .. 00		tape1: db ": setto ( gap low high --- ) v0! v1! v2! ; ", 0 
5592 .. 00		tape2a: db ": tosc #0 do #170 spio loop ; ",0  
55b1			;tape2a: db ": tosc #0 do #0 spio #170 spio loop ; ",0  
55b1			;tape2a: db ": tosc #0 do #0 spio #255 spio loop ; ",0  
55b1			;tape2a: db ": tosc #0 do spicel spiceh nop loop ; ",0  
55b1			;tape2a: db ": tosc #0 do spicel nop spiceh nop loop ; ",0  
55b1			;tape2: db ": th spiceh v0@ pause spicel tg ; ",0 
55b1			;tape3: db ": tl spiceh v1@ pause spicel tg ; ",0 
55b1 .. 00		tape2: db ": th v0@ tosc tg ; ",0 
55c5 .. 00		tape3: db ": tl v1@ tosc tg ; ",0 
55d9 .. 00		tape4: db ": tg #0 spio v2@ #0 do nop loop ; ",0 
55fc			;tape4: db ": tg spicel v2@ #0 do nop loop ; ",0 
55fc .. 00		tape5: db ": tohead tg tg tg th tl th tl th tl tg tg tg ; ",0 
562c .. 00		tape6: db ": toinit  tohead ; ",0 
5640 .. 00		tape7a: db ": thc dup if th then ; ", 0 
5658 .. 00		tape7b: db ": tlc not if tl then ; ", 0 
5670			; TODO bit checksum 
5670			; TODO To test. Round the wrong way. Change mask and shift or add RROT etc  
5670 .. 00		tape7: db ": tob ( byte --- ) #8 #1 do dup #128 and thc tlc lshift loop drop ; ",0 
56b5			;tape7: db ": tob ( byte --- ) #8 #1 do dup #1 and thc tlc rshift loop drop ; ",0 
56b5			 
56b5 .. 00		tape8: db ": to ( str --- ) cls tohead ptr count #0 do dup i + @ dup emit tob tg tg tg tg loop ; ",0 
570c			 
570c			 
570c			 
570c			; eof 
# End of file forth_autostart.asm
570c			 
570c			 
570c			 
570c			; stack over and underflow checks 
570c			 
570c			; init the words to detect the under/overflow 
570c			 
570c			chk_stk_init: 
570c				; a vague random number to check so we dont get any "lucky" hits 
570c 3e 2d			ld a, 45 
570e 6f				ld l, a 
570f 00				nop 
5710 3e 17			ld a, 23 
5712 67				ld h, a 
5713			 
5713 22 79 e2			ld (chk_word), hl     ; the word we need to check against 
5716			 
5716			;	ld (chk_stund), hl	; stack points.... 
5716 22 00 ef			ld (chk_stovr), hl 
5719 22 c8 e9			ld (chk_ret_und), hl 
571c 22 86 e9			ld (chk_ret_ovr), hl 
571f 22 04 e9			ld (chk_loop_ovr), hl 
5722 22 02 e8			ld (chk_data_ovr), hl 
5725 c9				ret 
5726				 
5726			check_stacks: 
5726				; check all stack words for corruption 
5726			 
5726				; Stack checks  
5726			 
5726			 
5726				; stack over 
5726				; return under 
5726				; return over 
5726				; loop over 
5726				; data over 
5726			 
5726			 
5726 e5				push hl 
5727 2a 74 ee			ld hl, (hardware_config+1) 
572a cb 7e			bit 7, (hl) 
572c			 
572c 20 02			jr nz, .dochecks 
572e			 
572e e1				pop hl 
572f c9				ret 
5730			 
5730			.dochecks: 
5730			 
5730 d5				push de 
5731			 
5731			;	ld de,(chk_word) 
5731			;	ld hl, (chk_stund)	; stack points.... 
5731			;	if DEBUG_STK_FAULT 
5731			;		DMARK "FAa" 
5731			;		CALLMONITOR 
5731			;	endif 
5731			;	call cmp16 
5731			;	jp z, .chk_faulta 
5731			; 
5731			;	ld de, sfaultsu 
5731			;	jp .chk_fault 
5731			 
5731 2a 00 ef		.chk_faulta: ld hl, (chk_stovr) 
5734 ed 5b 79 e2		ld de,(chk_word) 
5738				if DEBUG_STK_FAULT 
5738					DMARK "FAb" 
5738					CALLMONITOR 
5738				endif 
5738 cd 17 0c			call cmp16 
573b 28 06			jr z, .chk_fault1 
573d 11 e2 57			ld de, sfaultso 
5740 c3 92 57			jp .chk_fault 
5743			.chk_fault1:  
5743 2a c8 e9			ld hl, (chk_ret_und) 
5746 ed 5b 79 e2		ld de,(chk_word) 
574a				if DEBUG_STK_FAULT 
574a					DMARK "FAU" 
574a					CALLMONITOR 
574a				endif 
574a cd 17 0c			call cmp16 
574d ca 56 57			jp z, .chk_fault2 
5750 11 f2 57			ld de, sfaultru 
5753 c3 92 57			jp .chk_fault 
5756			.chk_fault2:  
5756 2a 86 e9			ld hl, (chk_ret_ovr) 
5759 ed 5b 79 e2		ld de,(chk_word) 
575d				if DEBUG_STK_FAULT 
575d					DMARK "FA1" 
575d					CALLMONITOR 
575d				endif 
575d cd 17 0c			call cmp16 
5760 ca 69 57			jp z, .chk_fault3 
5763 11 00 58			ld de, sfaultro 
5766 c3 92 57			jp .chk_fault 
5769			.chk_fault3:  
5769 2a 04 e9			ld hl, (chk_loop_ovr) 
576c ed 5b 79 e2		ld de,(chk_word) 
5770				if DEBUG_STK_FAULT 
5770					DMARK "FA2" 
5770					CALLMONITOR 
5770				endif 
5770 cd 17 0c			call cmp16 
5773 ca 7c 57			jp z, .chk_fault4 
5776 11 1a 58			ld de, sfaultlo 
5779 c3 92 57			jp .chk_fault 
577c			.chk_fault4:  
577c 2a 02 e8			ld hl, (chk_data_ovr) 
577f ed 5b 79 e2		ld de,(chk_word) 
5783				if DEBUG_STK_FAULT 
5783					DMARK "FA3" 
5783					CALLMONITOR 
5783				endif 
5783 cd 17 0c			call cmp16 
5786 ca 8f 57			jp z, .chk_fault5 
5789 11 34 58			ld de, sfaultdo 
578c c3 92 57			jp .chk_fault 
578f			 
578f			 
578f			.chk_fault5:  
578f d1				pop de 
5790 e1				pop hl 
5791			 
5791 c9				ret 
5792			 
5792 cd b9 09		.chk_fault: 	call clear_display 
5795 3e 28				ld a, display_row_2 
5797 cd cb 09				call str_at_display 
579a 11 c4 57				   ld de, .stackfault 
579d 3e 00				ld a, display_row_1 
579f cd cb 09				call str_at_display 
57a2			if DEMARK_VERSION = 1 
57a2 ed 5b 60 ee		ld de, (debug_mark) 
57a6			endif 
57a6			 
57a6			if DEMARK_VERSION = 0 
57a6				ld de, debug_mark 
57a6			endif 
57a6			;		    ld de, debug_mark 
57a6 3e 11				ld a, display_row_1+17 
57a8 cd cb 09				call str_at_display 
57ab cd f1 09				call update_display 
57ae			 
57ae				; prompt before entering montior for investigating issue 
57ae			 
57ae 3e 78			ld a, display_row_4 
57b0 11 ea 15			ld de, endprog 
57b3			 
57b3 cd f1 09			call update_display		 
57b6			 
57b6 cd 80 18			call next_page_prompt 
57b9			 
57b9 d1				pop de 
57ba e1				pop hl 
57bb cd 3e 16				call monitor 
57be cd ec 1b				call forth_warmstart 
57c1 c3 3c 15				jp warmstart_afterauto 
57c4					;jp 0 
57c4					;halt 
57c4			 
57c4			 
57c4			 
57c4 .. 00		.stackfault: 	db "Stack fault:",0 
57d1			 
57d1 .. 00		sfaultsu: 	db	"Stack under flow",0 
57e2 .. 00		sfaultso: 	db	"Stack over flow",0 
57f2 .. 00		sfaultru:	db "RTS underflow",0 
5800 .. 00		sfaultro:	db "RTS overflow/LS underflow", 0 
581a .. 00		sfaultlo:	db "LS overflow/DTS underflow", 0 
5834 .. 00		sfaultdo:	db "DTS overflow", 0 
5841			 
5841			 
5841			fault_dsp_under: 
5841 11 53 58			ld de, .dsp_under 
5844 c3 0b 59			jp .show_fault 
5847			 
5847			fault_rsp_under: 
5847 11 61 58			ld de, .rsp_under 
584a c3 0b 59			jp .show_fault 
584d			fault_loop_under: 
584d 11 6f 58			ld de, .loop_under 
5850 c3 0b 59			jp .show_fault 
5853			 
5853 .. 00		.dsp_under: db "DSP Underflow",0 
5861 .. 00		.rsp_under: db "RSP Underflow",0 
586f .. 00		.loop_under: db "LOOP Underflow",0 
587e			 
587e			 
587e d5			type_faultn: 	push de 
587f e5					push hl 
5880 cd b9 09				call clear_display 
5883 11 ae 58				   ld de, .typefaultn 
5886 3e 00				ld a, display_row_1 
5888 cd cb 09				call str_at_display 
588b			;		    ld de, debug_mark 
588b			if DEMARK_VERSION = 1 
588b ed 5b 60 ee		ld de, (debug_mark) 
588f			endif 
588f			 
588f			if DEMARK_VERSION = 0 
588f				ld de, debug_mark 
588f			endif 
588f 3e 11				ld a, display_row_1+17 
5891 cd cb 09				call str_at_display 
5894 cd f1 09				call update_display 
5897			 
5897				; prompt before entering montior for investigating issue 
5897			 
5897 3e 78			ld a, display_row_4 
5899 11 ea 15			ld de, endprog 
589c			 
589c cd f1 09			call update_display		 
589f			 
589f cd 80 18			call next_page_prompt 
58a2			 
58a2 e5					push hl 
58a3 d5					push de 
58a4 cd 3e 16				call monitor 
58a7 cd ec 1b				call forth_warmstart 
58aa c3 3c 15				jp warmstart_afterauto 
58ad 76					halt 
58ae			 
58ae			 
58ae .. 00		.typefaultn: db "NUM Type Expected TOS!",0 
58c5			 
58c5 d5			type_faults: 	push de 
58c6 e5					push hl 
58c7 cd b9 09				call clear_display 
58ca 11 f4 58				   ld de, .typefaults 
58cd 3e 00				ld a, display_row_1 
58cf cd cb 09				call str_at_display 
58d2			;		    ld de, debug_mark 
58d2			if DEMARK_VERSION = 1 
58d2 ed 5b 60 ee		ld de, (debug_mark) 
58d6			endif 
58d6			 
58d6			if DEMARK_VERSION = 0 
58d6				ld de, debug_mark 
58d6			endif 
58d6 3e 11				ld a, display_row_1+17 
58d8 cd cb 09				call str_at_display 
58db cd f1 09				call update_display 
58de			 
58de				; prompt before entering montior for investigating issue 
58de			 
58de 3e 78			ld a, display_row_4 
58e0 11 ea 15			ld de, endprog 
58e3			 
58e3 cd f1 09			call update_display		 
58e6			 
58e6 cd 80 18			call next_page_prompt 
58e9			 
58e9 e1					pop hl 
58ea d1					pop de 
58eb cd 3e 16				call monitor 
58ee cd ec 1b				call forth_warmstart 
58f1 c3 3c 15				jp warmstart_afterauto 
58f4			 
58f4			 
58f4 .. 00		.typefaults: db "STR Type Expected TOS!",0 
590b			 
590b			.show_fault: 	 
590b d5					push de 
590c cd b9 09				call clear_display 
590f d1					pop de 
5910 3e 00				ld a, display_row_1 
5912 cd cb 09				call str_at_display 
5915			;		    ld de, debug_mark 
5915			if DEMARK_VERSION = 1 
5915 ed 5b 60 ee		ld de, (debug_mark) 
5919			endif 
5919			 
5919			if DEMARK_VERSION = 0 
5919				ld de, debug_mark 
5919			endif 
5919 3e 11				ld a, display_row_1+17 
591b cd cb 09				call str_at_display 
591e cd f1 09				call update_display 
5921			 
5921				; prompt before entering montior for investigating issue 
5921			 
5921 3e 78			ld a, display_row_4 
5923 11 ea 15			ld de, endprog 
5926			 
5926 cd f1 09			call update_display		 
5929			 
5929 cd 80 18			call next_page_prompt 
592c			 
592c e1					pop hl 
592d d1					pop de 
592e cd 3e 16				call monitor 
5931			; do a dump to cli and not warmstart so we preserve all of the uwords.  
5931			; TODO Make optional fault restart to cli or warm boot? 
5931					;jp warmstart 
5931 c3 7f 15				jp cli 
5934 76					halt 
5935			 
5935			 
5935			; handle the auto run of code from files in storage 
5935			 
5935			 
5935			include "forth_startup.asm" 
5935			; Which startup method to use? 
5935			; 
5935			; version 1 - allows for a single stored file to be selected to run at start up (if se storage is enabled) 
5935			; followed by loading of a list of scripts in eeprom 
5935			 
5935			; version 2 - if se storage is enabled then auto load all files which begin with a '*' else use loading 
5935			; from eeprom 
5935			 
5935			; Select with define in main stubs 
5935			 
5935			if STARTUP_V1 
5935				include "forth_startupv1.asm" 
5935			; Startup script loading version 1 
5935			 
5935			; If SE storage is available first stage is to use the selected file 
5935			; then go through the eeprom list 
5935			 
5935 .. 00		sprompt1: db "Startup load...",0 
5945 .. 00		sprompt2: db "Run? 1=No *=End #=All",0 
595b			 
595b			 
595b			 
595b			 
595b			forth_startup: 
595b 21 d9 47			ld hl, startcmds 
595e 3e 00			ld a, 0 
5960 32 c3 e6			ld (os_last_cmd), a    ; tmp var to skip prompts if doing all 
5963			 
5963 e5			.start1:	push hl 
5964 cd b9 09			call clear_display 
5967 11 35 59			ld de, sprompt1 
596a 3e 00		        ld a, display_row_1 
596c cd cb 09			call str_at_display 
596f 11 45 59			ld de, sprompt2 
5972 3e 28		        ld a, display_row_2 
5974 cd cb 09			call str_at_display 
5977 e1				pop hl 
5978 e5				push hl 
5979 5e				ld e,(hl) 
597a 23				inc hl 
597b 56				ld d,(hl) 
597c 3e 50		        ld a, display_row_3 
597e cd cb 09			call str_at_display 
5981 cd f1 09			call update_display 
5984			 
5984			 
5984 3a c3 e6			ld a, (os_last_cmd) 
5987 fe 00			cp 0 
5989 28 05			jr z, .startprompt 
598b cd e1 08			call delay250ms 
598e 18 24			jr .startdo 
5990				 
5990				 
5990			 
5990			.startprompt: 
5990			 
5990 3e 9f			ld a,display_row_4 + display_cols - 1 
5992 11 7e 18		        ld de, endprg 
5995 cd cb 09			call str_at_display 
5998 cd f1 09			call update_display 
599b cd ed 08			call delay1s 
599e cd 2d 5b			call cin_wait 
59a1						 
59a1 fe 2a			cp '*' 
59a3 28 5e			jr z, .startupend1 
59a5 fe 23			cp '#' 
59a7 20 07			jr nz, .startno 
59a9 3e 01			ld a, 1 
59ab 32 c3 e6			ld (os_last_cmd),a 
59ae 18 04			jr .startdo 
59b0 fe 31		.startno:	cp '1' 
59b2 28 3a			jr z,.startnxt  
59b4			 
59b4				; exec startup line 
59b4			.startdo:	 
59b4 e1				pop hl 
59b5 e5				push hl 
59b6				 
59b6 5e				ld e,(hl) 
59b7 23				inc hl 
59b8 56				ld d,(hl) 
59b9 eb				ex de,hl 
59ba			 
59ba e5				push hl 
59bb			 
59bb 3e 00			ld a, 0 
59bd				;ld a, FORTH_END_BUFFER 
59bd cd 5c 0f			call strlent 
59c0 23				inc hl   ; include zero term to copy 
59c1 06 00			ld b,0 
59c3 4d				ld c,l 
59c4 e1				pop hl 
59c5 11 9d e2			ld de, scratch 
59c8 ed b0			ldir 
59ca			 
59ca			 
59ca 21 9d e2			ld hl, scratch 
59cd cd 8c 1c			call forthparse 
59d0 cd c4 1c			call forthexec 
59d3 cd e6 1b			call forthexec_cleanup 
59d6			 
59d6 3e 78			ld a, display_row_4 
59d8 11 ea 15			ld de, endprog 
59db			 
59db cd f1 09			call update_display		 
59de			 
59de 3a c3 e6			ld a, (os_last_cmd) 
59e1 fe 00			cp 0 
59e3 20 09			jr nz, .startnxt 
59e5 cd 80 18			call next_page_prompt 
59e8 cd b9 09		        call clear_display 
59eb cd f1 09			call update_display		 
59ee			 
59ee				; move onto next startup line? 
59ee			.startnxt: 
59ee			 
59ee cd e1 08			call delay250ms 
59f1 e1				pop hl 
59f2			 
59f2 23				inc hl 
59f3 23				inc hl 
59f4			 
59f4 e5				push hl 
59f5 5e				ld e, (hl) 
59f6 23				inc hl 
59f7 56				ld d, (hl) 
59f8 e1				pop hl 
59f9				; TODO replace 0 test 
59f9			 
59f9 eb				ex de, hl 
59fa cd 22 0c			call ishlzero 
59fd			;	ld a,e 
59fd			;	add d 
59fd			;	cp 0    ; any left to do? 
59fd eb				ex de, hl 
59fe c2 63 59			jp nz, .start1 
5a01 18 01			jr .startupend 
5a03			 
5a03 e1			.startupend1: pop hl 
5a04			.startupend: 
5a04			 
5a04 cd b9 09			call clear_display 
5a07 cd f1 09			call update_display 
5a0a c9				ret 
5a0b			if STORAGE_SE 
5a0b			 
5a0b			sprompt3: db "Loading from start-up file?:",0 
5a0b			sprompt4: db "(Y=Any key/N=No)",0 
5a0b			 
5a0b			 
5a0b			forth_autoload: 
5a0b			 
5a0b				; load block 0 of store 1 
5a0b				 
5a0b				ld a, $fe      ; bit 0 clear 
5a0b				ld (spi_device), a 
5a0b			 
5a0b				call storage_get_block_0 
5a0b			 
5a0b				ld a, (store_page+STORE_0_AUTOFILE) 
5a0b			 
5a0b				cp 0 
5a0b				ret z     ; auto start not enabled 
5a0b			 
5a0b				call clear_display 
5a0b			 
5a0b				; set bank 
5a0b			 
5a0b					ld a, (store_page+STORE_0_BANKRUN) 
5a0b					ld (spi_device), a 
5a0b			 
5a0b				; get file id to load from and get the file name to display 
5a0b			 
5a0b					ld a, (store_page+STORE_0_FILERUN) 
5a0b			 
5a0b					ld l, 0 
5a0b					ld h, a 
5a0b					ld de, store_page 
5a0b			 
5a0b					if DEBUG_FORTH_WORDS 
5a0b						DMARK "ASp" 
5a0b						CALLMONITOR 
5a0b					endif 
5a0b					call storage_read 
5a0b			 
5a0b					if DEBUG_FORTH_WORDS 
5a0b						DMARK "ASr" 
5a0b						CALLMONITOR 
5a0b					endif 
5a0b			 
5a0b					call ishlzero 
5a0b					ret z             ; file not found 
5a0b			 
5a0b					ld a, display_row_2 + 10 
5a0b					ld de, store_page+3 
5a0b					call str_at_display 
5a0b				 
5a0b			; 
5a0b			 
5a0b				ld a, display_row_1+5 
5a0b				ld de, sprompt3 
5a0b				call str_at_display 
5a0b				ld a, display_row_3+15 
5a0b				ld de, sprompt4 
5a0b				call str_at_display 
5a0b			 
5a0b				call update_display 
5a0b			 
5a0b				call cin_wait 
5a0b				cp 'n' 
5a0b				ret z 
5a0b				cp 'N' 
5a0b				ret z 
5a0b			 
5a0b				call delay1s 
5a0b			 
5a0b				ld a, (store_page+2) 
5a0b				ld (store_openmaxext), a    ; save count of ext 
5a0b				ld a, 1  
5a0b				ld (store_openext), a    ; save count of ext 
5a0b			 
5a0b			.autof:  
5a0b				ld l , a 
5a0b				 
5a0b				ld a, (store_page) 
5a0b				ld h, a	 
5a0b				ld de, store_page 
5a0b					if DEBUG_FORTH_WORDS 
5a0b						DMARK "ASl" 
5a0b						CALLMONITOR 
5a0b					endif 
5a0b					call storage_read 
5a0b				call ishlzero 
5a0b				ret z 
5a0b			;	jr z, .autoend 
5a0b			 
5a0b					if DEBUG_FORTH_WORDS 
5a0b						DMARK "ASc" 
5a0b						CALLMONITOR 
5a0b					endif 
5a0b				ld de, store_page+2 
5a0b				ld a, display_row_4 
5a0b				call str_at_display 
5a0b			 
5a0b				call update_display 
5a0b				call delay250ms 
5a0b			 
5a0b			 
5a0b			 
5a0b				ld hl, store_page+2 
5a0b				call forthparse 
5a0b				call forthexec 
5a0b				call forthexec_cleanup 
5a0b			 
5a0b				 
5a0b				ld a, (store_openext) 
5a0b				inc a 
5a0b				ld (store_openext), a    ; save count of ext 
5a0b			 
5a0b				jr .autof 
5a0b			;.autofdone: 
5a0b			; 
5a0b			;		if DEBUG_FORTH_WORDS 
5a0b			;			DMARK "ASx" 
5a0b			;			CALLMONITOR 
5a0b			;		endif 
5a0b			;;	call clear_display 
5a0b			;	ret 
5a0b			 
5a0b			 
5a0b			 
5a0b			endif 
# End of file forth_startupv1.asm
5a0b			endif 
5a0b			if STARTUP_V2 
5a0b				include "forth_startupv2.asm" 
5a0b			endif 
5a0b			 
# End of file forth_startup.asm
5a0b			 
5a0b			; eof 
# End of file forth_kernel.asm
5a0b			;include "nascombasic.asm" 
5a0b			;include "basicZ80.asm" 
5a0b			 
5a0b			 
5a0b			 
5a0b			; find out where the code ends if loaded into RAM (for SC114) 
5a0b			;endofcode:  
5a0b			;	nop 
5a0b			 
5a0b			 
5a0b			; jump to nmi vector 
5a0b			 
5a0b			init_nmi: 
5a0b			 
5a0b 3e c9			ld a, $c9   ; RET 
5a0d 32 6e ee			ld (nmi_vector), a 
5a10			if BASE_KEV 
5a10				ld a, $c3   ; jp 
5a10				ld (nmi_vector), a 
5a10				ld hl, led_on 
5a10				ld (nmi_vector+1), hl 
5a10			endif 
5a10 c9				ret 
5a11			 
5a11			; Clear the hardware flag for nmi use 
5a11			 
5a11			clear_nmi: 
5a11 f5				push af 
5a12 3a 72 ee		        ld a, (hardware_word+1) 
5a15 cb bf			res 7,a 
5a17 32 72 ee		        ld (hardware_word+1),a 
5a1a f1				pop af 
5a1b c9				ret 
5a1c			 
5a1c			nmi: 
5a1c e5				push hl 
5a1d d5				push de 
5a1e c5				push bc 
5a1f f5				push af 
5a20			 
5a20				; check to see if already nmi has been set 
5a20			 
5a20 3a 72 ee		        ld a, (hardware_word+1) 
5a23			 
5a23 cb 7f			bit 7, a 
5a25 20 08			jr nz, .rest     ; yes so skip any vector calls	 
5a27				 
5a27			 
5a27				; set the hardware flag for nmi use 
5a27 cb ff			set 7,a 
5a29 32 72 ee		        ld (hardware_word+1),a 
5a2c			 
5a2c				; call user function 
5a2c cd 6e ee			call nmi_vector 
5a2f			 
5a2f f5			.rest:	push af 
5a30 c5				push bc 
5a31 d5				push de 
5a32 e5				push hl 
5a33 ed 45			retn 
5a35			 
5a35			 
5a35			; eof 
5a35			 
# End of file main.asm
5a35			;include "firmware_lcd_4x40.asm" 
5a35			;;include "firmware_lcd_4x20.asm" 
5a35			include "firmware_cpm_display.asm" 
5a35			 
5a35			; Serial display interface for SC114 
5a35			 
5a35			 
5a35			display_row_1: equ 0 
5a35			display_row_2: equ display_row_1+display_cols 
5a35			display_row_3: equ display_row_2 + display_cols 
5a35			display_row_4: equ display_row_3 + display_cols 
5a35			 
5a35			kLCDWidth:  EQU display_cols             ;Width in characters 
5a35			kLCD_Line1: EQU 0x00  
5a35			kLCD_Line2: EQU kLCD_Line1+kLCDWidth 
5a35			; E1 
5a35			kLCD_Line3: EQU kLCD_Line2+kLCDWidth 
5a35			kLCD_Line4: EQU kLCD_Line3+kLCDWidth  
5a35			 
5a35			lcd_init: 
5a35				; no init as handled by the SCM bios 
5a35 c9				ret 
5a36			 
5a36			 
5a36			; low level functions for direct screen writes 
5a36			 
5a36			; output char at pos? 
5a36			fLCD_Str: 
5a36			        ;out (SC114_SIO_1_OUT),a 
5a36 c5				push bc 
5a37 d5				push de 
5a38 5f				ld e, a 
5a39			; TODO Replace with CP/M BIOS call 
5a39 0e 02			ld c, $02 
5a3b cd 05 00			call 5 
5a3e d1				pop de 
5a3f c1				pop bc 
5a40 c9				ret 
5a41			 
5a41			; position the cursor on the screen using A as realtive point in screen buffer (i.e. A=(x+(width/y))) 
5a41			fLCD_Pos: 
5a41				; use ASCII escape to position 
5a41			        ;out (SC114_SIO_1_OUT),a 
5a41 c5				push bc 
5a42 d5				push de 
5a43 5f				ld e, a 
5a44 0e 02			ld c, $02 
5a46			; TODO Replace with CP/M BIOS call 
5a46 cd 05 00			call 5 
5a49 d1				pop de 
5a4a c1				pop bc 
5a4b			 
5a4b c9				ret 
5a4c			 
5a4c			; output char at pos 
5a4c			fLCD_Data: 
5a4c			      ;  out (SC114_SIO_1_OUT),a 
5a4c c5				push bc 
5a4d d5				push de 
5a4e 0e 02			ld c, $02 
5a50 5f				ld e, a 
5a51			; TODO Replace with CP/M BIOS call 
5a51 cd 05 00			call 5 
5a54 d1				pop de 
5a55 c1				pop bc 
5a56			 
5a56 c9				ret 
5a57			 
5a57			; ascii cls  
5a57			 
5a57 1b 5b 48 24	.cls:   db 27, '[', 'H', "$" 
5a5b			 
5a5b 0d 0a 0a 0a 0a 0a 0a 0a 0a 0a 0a 0a 0a 0a 0a 0a 0a 0a 0a 0a 0a 0a ..	.clscpm: db 13, 10, 10, 10, 10, 10, 10, 10, 10, 10, 10, 10, 10, 10, 10, 10, 10,10,10,10,10,10,"$" 
5a72			;.clscpm: db 3, $3c,"$" 
5a72			 
5a72			; write the frame buffer given in hl to hardware  
5a72			write_display: 
5a72			 
5a72			API: equ 0 
5a72			 
5a72			if API 
5a72				push bc 
5a72				ld b, 4 
5a72			 
5a72			        ld (display_write_tmp), hl 	  
5a72			 
5a72				; clear and home cursor 
5a72			 
5a72				ld c, 9 
5a72				ld de, .cls 
5a72			; TODO Replace with CP/M BIOS call 
5a72				call 5 
5a72			 
5a72			 
5a72			.writeln: 
5a72			 
5a72				ld de, (display_write_tmp) 
5a72				ld c, 6 
5a72			; TODO Replace with CP/M BIOS call 
5a72				rst $30 
5a72				ld c, 7 
5a72				rst $30 
5a72			 
5a72				ld hl, (display_write_tmp) 
5a72				ld de, display_cols 
5a72				add hl,de 
5a72				ld (display_write_tmp),hl 
5a72			 
5a72				djnz  .writeln 
5a72			 
5a72				pop bc 
5a72			 
5a72			 
5a72				ret 
5a72			endif 
5a72 e5				push hl 
5a73 c5				push bc 
5a74 d5				push de 
5a75			 
5a75			;	ld c, 2 
5a75			;	;ld de, .cls 
5a75			;	ld a, 27 
5a75			;	rst $30 
5a75			;	ld c, 2 
5a75			;	;ld de, .cls 
5a75			;	ld a, '[' 
5a75			;	rst $30 
5a75			; 
5a75			;	ld c, 2 
5a75			;	;ld de, .cls 
5a75			;	ld a, 'H' 
5a75			;	rst $30 
5a75			; 
5a75			 
5a75			 
5a75			; lots of CR/LF 
5a75			;	ld c, 9 
5a75			;	ld de, .clscpm 
5a75			;	call 5 
5a75			 
5a75			; xterm cls 
5a75 0e 02			ld c, 2 
5a77 1e 1b			ld e, 27 
5a79 cd 05 00			call 5 
5a7c			; cls causes too much flicker 
5a7c			;	ld c, 2 
5a7c			;	ld e, 'c' 
5a7c			;	call 5 
5a7c			 
5a7c			; use xterm home instead 
5a7c 0e 02			ld c, 2 
5a7e 1e 5b			ld e, '[' 
5a80 cd 05 00			call 5 
5a83 0e 02			ld c, 2 
5a85 1e 48			ld e, 'H' 
5a87 cd 05 00			call 5 
5a8a			LLL: equ 0 
5a8a			 
5a8a			if LLL 
5a8a			 
5a8a				ld c, 2 
5a8a				;ld de, .cls 
5a8a				ld e, 27 
5a8a			; TODO Replace with CP/M BIOS call 
5a8a				call 5 
5a8a			 
5a8a			 
5a8a				ld c, 2 
5a8a				;ld de, .cls 
5a8a				ld e, '[' 
5a8a			; TODO Replace with CP/M BIOS call 
5a8a				call 5 
5a8a				ld c, 2 
5a8a				;ld de, .cls 
5a8a				ld e, '2' 
5a8a			; TODO Replace with CP/M BIOS call 
5a8a				call 5 
5a8a				ld c, 2 
5a8a				;ld de, .cls 
5a8a				ld e, 'J' 
5a8a			; TODO Replace with CP/M BIOS call 
5a8a				call 5 
5a8a			 
5a8a			endif 
5a8a			 
5a8a d1				pop de 
5a8b c1				pop bc 
5a8c e1				pop hl 
5a8d			 
5a8d			 
5a8d 22 be eb		        ld (display_write_tmp), hl 	  
5a90 3e 00			ld a, kLCD_Line1 
5a92			        ;    CALL fLCD_Pos       ;Position cursor to location in A 
5a92 06 28			ld b, display_cols 
5a94 ed 5b be eb		ld de, (display_write_tmp) 
5a98 cd 1b 5b			call write_len_string 
5a9b				 
5a9b			 
5a9b e5			push hl 
5a9c d5			push de 
5a9d c5			push bc 
5a9e 0e 02			ld c, 2 
5aa0 1e 0a			ld e, 10 
5aa2 cd 05 00			call 5 
5aa5 0e 02			ld c, 2 
5aa7 1e 0d			ld e, 13 
5aa9 cd 05 00			call 5 
5aac			; TODO Replace with CP/M BIOS call 
5aac				;rst $30 
5aac c1			pop bc 
5aad d1			pop de 
5aae e1			pop hl 
5aaf			 
5aaf				 
5aaf 2a be eb			ld hl, (display_write_tmp) 
5ab2 11 28 00			ld de, display_cols 
5ab5 19				add hl,de 
5ab6 22 be eb			ld (display_write_tmp),hl 
5ab9			 
5ab9				 
5ab9 3e 28			ld a, kLCD_Line2 
5abb			        ;    CALL fLCD_Pos       ;Position cursor to location in A 
5abb 06 28			ld b, display_cols 
5abd ed 5b be eb		ld de, (display_write_tmp) 
5ac1 cd 1b 5b			call write_len_string 
5ac4				 
5ac4 2a be eb			ld hl, (display_write_tmp) 
5ac7 11 28 00			ld de, display_cols 
5aca 19				add hl,de 
5acb 22 be eb			ld (display_write_tmp),hl 
5ace			 
5ace e5			push hl 
5acf d5			push de 
5ad0 c5			push bc 
5ad1 0e 07			ld c, 7 
5ad3			; TODO Replace with CP/M BIOS call 
5ad3				;rst $30 
5ad3 0e 02			ld c, 2 
5ad5 1e 0a			ld e, 10 
5ad7 cd 05 00			call 5 
5ada 0e 02			ld c, 2 
5adc 1e 0d			ld e, 13 
5ade cd 05 00			call 5 
5ae1 c1			pop bc 
5ae2 d1			pop de 
5ae3 e1			pop hl 
5ae4			 
5ae4				 
5ae4 3e 50			ld a, kLCD_Line3 
5ae6			         ;   CALL fLCD_Pos       ;Position cursor to location in A 
5ae6 06 28			ld b, display_cols 
5ae8 ed 5b be eb		ld de, (display_write_tmp) 
5aec cd 1b 5b			call write_len_string 
5aef				 
5aef 2a be eb			ld hl, (display_write_tmp) 
5af2 11 28 00			ld de, display_cols 
5af5 19				add hl,de 
5af6 22 be eb			ld (display_write_tmp),hl 
5af9			 
5af9 e5			push hl 
5afa d5			push de 
5afb c5			push bc 
5afc 0e 07			ld c, 7 
5afe			; TODO Replace with CP/M BIOS call 
5afe				;rst $30 
5afe 0e 02			ld c, 2 
5b00 1e 0a			ld e, 10 
5b02 cd 05 00			call 5 
5b05 0e 02			ld c, 2 
5b07 1e 0d			ld e, 13 
5b09 cd 05 00			call 5 
5b0c c1			pop bc 
5b0d d1			pop de 
5b0e e1			pop hl 
5b0f			 
5b0f				 
5b0f 3e 78			ld a, kLCD_Line4 
5b11			          ;  CALL fLCD_Pos       ;Position cursor to location in A 
5b11 06 28			ld b, display_cols 
5b13 ed 5b be eb		ld de, (display_write_tmp) 
5b17 cd 1b 5b			call write_len_string 
5b1a c9					ret 
5b1b			 
5b1b			 
5b1b				; write out a fixed length string given in b from de 
5b1b			 
5b1b 1a			write_len_string:   LD   A, (DE)        ;Get character from string 
5b1c cd 4c 5a		            CALL fLCD_Data      ;Write character to display 
5b1f 13				inc de 
5b20 10 f9			djnz write_len_string 
5b22 c9				ret 
5b23			 
5b23			 
5b23			; eof 
# End of file firmware_cpm_display.asm
5b23			;include "firmware_key_5x10.asm" 
5b23			;;include "firmware_key_4x10.asm" 
5b23			include "firmware_key_cpm.asm" 
5b23			; Serial keyboard interface for SC114 
5b23			 
5b23			 
5b23			key_init: 
5b23				; init keyboard macro pointers 
5b23 21 00 00			ld hl, 0 
5b26 22 fe ee			ld (key_macroroot), hl 
5b29 22 fc ee			ld (key_macrolast), hl 
5b2c				; no init as handled by the SCM bios 
5b2c c9				ret 
5b2d			 
5b2d			 
5b2d			cin_wait: 
5b2d			;	ld a, 0 
5b2d			;	ret 
5b2d			 
5b2d				;in a,(SC114_SIO_1_IN) 
5b2d			        ; Use SCM API to get from whatever console device we are using 
5b2d			 
5b2d			; TODO Replace with CP/M BIOS call 
5b2d c5				push bc 
5b2e 0e 01			ld c, $01 
5b30 cd 05 00			call 5 
5b33 c1				pop bc 
5b34 c9				ret 
5b35			 
5b35			cinndb:  
5b35			cin: 
5b35			 
5b35			 
5b35 c5				push bc 
5b36			 
5b36				; any key waiting to process? 
5b36			; TODO Replace with CP/M BIOS call 
5b36 0e 06			ld c, $06 
5b38 cd 05 00			call 5 
5b3b 28 0d			jr z, .cin_skip 
5b3d			 
5b3d				; yep, get it 
5b3d			 
5b3d 0e 01			ld c, $01 
5b3f			; TODO Replace with CP/M BIOS call 
5b3f cd 05 00			call 5 
5b42			 
5b42 fe 7f			cp $7f     ; back space 
5b44 20 02			jr nz, .skipbs 
5b46 3e 08			ld a, KEY_BS 
5b48			.skipbs: 
5b48			 
5b48 c1				pop bc 
5b49 c9				ret 
5b4a			.cin_skip: 
5b4a 3e 00			ld a, 0 
5b4c c1				pop bc 
5b4d c9				ret 
5b4e			 
5b4e			 
5b4e			 
5b4e			 
# End of file firmware_key_cpm.asm
5b4e			endofcode:  
5b4e			baseram:  
5b4e 00				nop 
5b4f			 
5b4f			heap_start: equ baseram+15  ; Starting address of heap 
5b4f			free_list:  equ baseram+10      ; Block struct for start of free list (MUST be 4 bytes) 
5b4f			heap_size: equ  heap_end-heap_start      ; Number of bytes available in heap   TODO make all of user ram 
5b4f			;VDU:  EQU     endofcode           ; BASIC Work space 
5b4f			; eof 
5b4f			 
# End of file os_mega_cpm.asm
5b4f
